tree
version=v4
num_class=1
num_tree_per_iteration=1
label_index=0
max_feature_idx=271
objective=binary sigmoid:1
feature_names=numero_de_cliente foto_mes internet cliente_edad cliente_antiguedad mrentabilidad mrentabilidad_annual mcomisiones mactivos_margen mpasivos_margen cproductos mcuenta_corriente mcaja_ahorro cdescubierto_preacordado mcuentas_saldo ctarjeta_visa ctarjeta_visa_transacciones mtarjeta_visa_consumo ctarjeta_master ctarjeta_master_transacciones mtarjeta_master_consumo cprestamos_personales mprestamos_personales cpayroll_trx mpayroll mttarjeta_visa_debitos_automaticos ccomisiones_mantenimiento mcomisiones_mantenimiento ccomisiones_otras mtransferencias_recibidas ccallcenter_transacciones thomebanking chomebanking_transacciones ctrx_quarter Master_status Master_mfinanciacion_limite Master_Fvencimiento Master_msaldototal Master_mlimitecompra Master_fultimo_cierre Master_fechaalta Master_mconsumototal Master_cconsumos Master_mpagominimo Visa_status Visa_mfinanciacion_limite Visa_Fvencimiento Visa_msaldototal Visa_mlimitecompra Visa_fultimo_cierre Visa_fechaalta Visa_mconsumototal Visa_cconsumos Visa_mpagominimo kmes mpayroll_sobre_edad internet_lag1 cliente_edad_lag1 cliente_antiguedad_lag1 mrentabilidad_lag1 mrentabilidad_annual_lag1 mcomisiones_lag1 mactivos_margen_lag1 mpasivos_margen_lag1 cproductos_lag1 mcuenta_corriente_lag1 mcaja_ahorro_lag1 cdescubierto_preacordado_lag1 mcuentas_saldo_lag1 ctarjeta_visa_lag1 ctarjeta_visa_transacciones_lag1 mtarjeta_visa_consumo_lag1 ctarjeta_master_lag1 ctarjeta_master_transacciones_lag1 mtarjeta_master_consumo_lag1 cprestamos_personales_lag1 mprestamos_personales_lag1 cpayroll_trx_lag1 mpayroll_lag1 mttarjeta_visa_debitos_automaticos_lag1 ccomisiones_mantenimiento_lag1 mcomisiones_mantenimiento_lag1 ccomisiones_otras_lag1 mtransferencias_recibidas_lag1 ccallcenter_transacciones_lag1 thomebanking_lag1 chomebanking_transacciones_lag1 ctrx_quarter_lag1 Master_status_lag1 Master_mfinanciacion_limite_lag1 Master_Fvencimiento_lag1 Master_msaldototal_lag1 Master_mlimitecompra_lag1 Master_fultimo_cierre_lag1 Master_fechaalta_lag1 Master_mconsumototal_lag1 Master_cconsumos_lag1 Master_mpagominimo_lag1 Visa_status_lag1 Visa_mfinanciacion_limite_lag1 Visa_Fvencimiento_lag1 Visa_msaldototal_lag1 Visa_mlimitecompra_lag1 Visa_fultimo_cierre_lag1 Visa_fechaalta_lag1 Visa_mconsumototal_lag1 Visa_cconsumos_lag1 Visa_mpagominimo_lag1 kmes_lag1 mpayroll_sobre_edad_lag1 internet_lag2 cliente_edad_lag2 cliente_antiguedad_lag2 mrentabilidad_lag2 mrentabilidad_annual_lag2 mcomisiones_lag2 mactivos_margen_lag2 mpasivos_margen_lag2 cproductos_lag2 mcuenta_corriente_lag2 mcaja_ahorro_lag2 cdescubierto_preacordado_lag2 mcuentas_saldo_lag2 ctarjeta_visa_lag2 ctarjeta_visa_transacciones_lag2 mtarjeta_visa_consumo_lag2 ctarjeta_master_lag2 ctarjeta_master_transacciones_lag2 mtarjeta_master_consumo_lag2 cprestamos_personales_lag2 mprestamos_personales_lag2 cpayroll_trx_lag2 mpayroll_lag2 mttarjeta_visa_debitos_automaticos_lag2 ccomisiones_mantenimiento_lag2 mcomisiones_mantenimiento_lag2 ccomisiones_otras_lag2 mtransferencias_recibidas_lag2 ccallcenter_transacciones_lag2 thomebanking_lag2 chomebanking_transacciones_lag2 ctrx_quarter_lag2 Master_status_lag2 Master_mfinanciacion_limite_lag2 Master_Fvencimiento_lag2 Master_msaldototal_lag2 Master_mlimitecompra_lag2 Master_fultimo_cierre_lag2 Master_fechaalta_lag2 Master_mconsumototal_lag2 Master_cconsumos_lag2 Master_mpagominimo_lag2 Visa_status_lag2 Visa_mfinanciacion_limite_lag2 Visa_Fvencimiento_lag2 Visa_msaldototal_lag2 Visa_mlimitecompra_lag2 Visa_fultimo_cierre_lag2 Visa_fechaalta_lag2 Visa_mconsumototal_lag2 Visa_cconsumos_lag2 Visa_mpagominimo_lag2 kmes_lag2 mpayroll_sobre_edad_lag2 internet_delta1 internet_delta2 cliente_edad_delta1 cliente_edad_delta2 cliente_antiguedad_delta1 cliente_antiguedad_delta2 mrentabilidad_delta1 mrentabilidad_delta2 mrentabilidad_annual_delta1 mrentabilidad_annual_delta2 mcomisiones_delta1 mcomisiones_delta2 mactivos_margen_delta1 mactivos_margen_delta2 mpasivos_margen_delta1 mpasivos_margen_delta2 cproductos_delta1 cproductos_delta2 mcuenta_corriente_delta1 mcuenta_corriente_delta2 mcaja_ahorro_delta1 mcaja_ahorro_delta2 cdescubierto_preacordado_delta1 cdescubierto_preacordado_delta2 mcuentas_saldo_delta1 mcuentas_saldo_delta2 ctarjeta_visa_delta1 ctarjeta_visa_delta2 ctarjeta_visa_transacciones_delta1 ctarjeta_visa_transacciones_delta2 mtarjeta_visa_consumo_delta1 mtarjeta_visa_consumo_delta2 ctarjeta_master_delta1 ctarjeta_master_delta2 ctarjeta_master_transacciones_delta1 ctarjeta_master_transacciones_delta2 mtarjeta_master_consumo_delta1 mtarjeta_master_consumo_delta2 cprestamos_personales_delta1 cprestamos_personales_delta2 mprestamos_personales_delta1 mprestamos_personales_delta2 cpayroll_trx_delta1 cpayroll_trx_delta2 mpayroll_delta1 mpayroll_delta2 mttarjeta_visa_debitos_automaticos_delta1 mttarjeta_visa_debitos_automaticos_delta2 ccomisiones_mantenimiento_delta1 ccomisiones_mantenimiento_delta2 mcomisiones_mantenimiento_delta1 mcomisiones_mantenimiento_delta2 ccomisiones_otras_delta1 ccomisiones_otras_delta2 mtransferencias_recibidas_delta1 mtransferencias_recibidas_delta2 ccallcenter_transacciones_delta1 ccallcenter_transacciones_delta2 thomebanking_delta1 thomebanking_delta2 chomebanking_transacciones_delta1 chomebanking_transacciones_delta2 ctrx_quarter_delta1 ctrx_quarter_delta2 Master_status_delta1 Master_status_delta2 Master_mfinanciacion_limite_delta1 Master_mfinanciacion_limite_delta2 Master_Fvencimiento_delta1 Master_Fvencimiento_delta2 Master_msaldototal_delta1 Master_msaldototal_delta2 Master_mlimitecompra_delta1 Master_mlimitecompra_delta2 Master_fultimo_cierre_delta1 Master_fultimo_cierre_delta2 Master_fechaalta_delta1 Master_fechaalta_delta2 Master_mconsumototal_delta1 Master_mconsumototal_delta2 Master_cconsumos_delta1 Master_cconsumos_delta2 Master_mpagominimo_delta1 Master_mpagominimo_delta2 Visa_status_delta1 Visa_status_delta2 Visa_mfinanciacion_limite_delta1 Visa_mfinanciacion_limite_delta2 Visa_Fvencimiento_delta1 Visa_Fvencimiento_delta2 Visa_msaldototal_delta1 Visa_msaldototal_delta2 Visa_mlimitecompra_delta1 Visa_mlimitecompra_delta2 Visa_fultimo_cierre_delta1 Visa_fultimo_cierre_delta2 Visa_fechaalta_delta1 Visa_fechaalta_delta2 Visa_mconsumototal_delta1 Visa_mconsumototal_delta2 Visa_cconsumos_delta1 Visa_cconsumos_delta2 Visa_mpagominimo_delta1 Visa_mpagominimo_delta2 kmes_delta1 kmes_delta2 mpayroll_sobre_edad_delta1 mpayroll_sobre_edad_delta2
feature_infos=[11675570:74677910] [201901:202105] [0:4] [18:98] [1:377] [-223841.01733379619:629793.57500445505] [-457416.20521056833:4317955.0310631227] [-91610.796856789893:345554.41577337257] [-285353.52681293432:205622.83921853261] [-56551.945786871765:536132.97916877759] [3:18] [-2454622.9402519632:22180730.778144177] [-16183.930299498001:35691699.757189013] [0:1] [-2497378.7964819632:287602037.0903213] [0:3] [0:380] [0:5525828.6175998608] [0:3] [0:173] [0:1639664.6626619915] [0:478] [0:4785051.0646825852] [0:78] [-6639.3773968426731:48007965.129270755] [0:305418.48686456645] [0:38] [-17177.458539671577:9730.2400991025188] [0:278] [0:63191341.986283377] [0:304] [0:1] [0:4147] [0:1510] [0:9] [0:325891450.03154606] [-2251:4414] [-449765.24040359195:2940108.9716681982] [953.8431751825201:17269931.216030583] [-3:4297] [1:7663] [-42237.656245856408:1570806.752642202] [0:102] [0:2175600.2597542265] [0:9] [0:305894010.26159823] [-2914968:4840] [-934739.35418933327:5382349.2523362814] [834.85097302942302:38620096.820520833] [-3:4384] [1:12620] [-94613.135548814709:4588281.3728508484] [0:212] [0:2735056.2708722143] [1:12] [-114.47202408349436:1066843.6695393501] [0:4] [18:98] [1:376] [-223841.01733379619:1227923.3149717553] [-479687.06:4317955.0310631227] [-108130.44593452106:345554.41577337257] [-266588.91708244802:188708.46022655108] [-58324.849999999999:1043745.8984750534] [3:18] [-1260649.387393092:7537194.3400901286] [-14289.961277302831:44985998.060941257] [0:1] [-1721515.1678252635:295112573.93472582] [0:3] [0:318] [0:5525828.6175998608] [0:3] [0:174] [0:1455212.8890692929] [0:483] [0:4785051.0646825852] [0:78] [-6639.3773968426731:25388634.416554064] [0:340725.69491821789] [0:36] [-15665.431839473376:10129.179943265726] [0:275] [0:61611165.357863002] [0:304] [0:1] [0:5865] [0:1493] [0:9] [0:325891450.03154606] [-2251:4415] [-495214.20120858267:2940108.9716681982] [985.32000000000005:17269931.216030583] [-3:4267] [1:7632] [-27450.503311187083:1449371.2101853837] [0:102] [0:1793506.0185026971] [0:9] [0:279335528.5908699] [-2914968:4812] [-934739.35418933327:5382349.2523362814] [863.23590608793995:15344967.425995199] [-3:4375] [1:12589] [-25832.3362566537:4674827.875293687] [0:212] [0:2357545.7787606888] [1:12] [-114.47202408349436:577014.41855804692] [0:3] [18:98] [1:375] [-223841.01733379619:694886.1658228013] [-516698.77247999993:4225266.5006374791] [-108130.44593452106:345554.41577337257] [-266950.78411403374:307337.98837061861] [-39909.857559999997:593181.16097069182] [3:18] [-1590782.0118886414:8332990.8588813683] [-16183.930299498001:35691699.757189013] [0:1] [-1316049.5484883434:297638460.31812578] [0:3] [0:264] [0:3163908.2424271628] [0:3] [0:234] [0:1639664.6626619915] [0:462] [0:4785051.0646825852] [0:52] [0:20190248.802878998] [0:292622.72277811356] [0:38] [-16328.382642622852:6395.403285343511] [0:270] [0:88091989.036485955] [0:101] [0:1] [0:5865] [0:2128] [0:9] [0:325891450.03154606] [-2251:4384] [-586276.47257210698:2547275.568124786] [1021.77684:24623659.278148577] [-3:4236] [1:7602] [-49315.171477537784:1570806.752642202] [0:102] [0:688813.66637088743] [0:9] [0:279335528.5908699] [-2914968:4933] [-934739.35418933327:5145815.9994074339] [699.42538999999999:35106477.255331524] [-3:4688] [1:12559] [-44513.47369941372:2956932.0008113892] [0:197] [0:1363071.365880786] [1:12] [0:517698.68725330767] [-3:3] [-3:3] [-1:6] [-1:8] [-161:3] [-180:28] [-598129.73996730021:319768.39213832619] [-616628.22572017985:444968.65393208282] [-230573.61180971662:584160.50763374008] [-537197.89233360055:694116.6168385332] [-164951.74543508858:344904.31343849783] [-196003.66878857487:451624.31264116522] [-262691.24159425317:169946.83958306123] [-215036.52640236152:204424.31092947925] [-511421.46749549056:253353.4939929214] [-526338.93403340527:256185.25967452841] [-8:5] [-8:5] [-3429846.0507603809:19364943.230516843] [-7769906.6471202243:19961062.977615107] [-21401041.731333897:33191692.298626833] [-14070374.406757774:30582205.878915299] [-1:1] [-1:1] [-77256352.421467036:230255877.9996205] [-132065435.80064858:233536559.44146267] [-2:1] [-2:1] [-298:304] [-246:311] [-5358079.2807333013:4179081.2560033733] [-2866410.5424646051:2940161.3116570096] [-1:1] [-2:1] [-170:135] [-222:102] [-1441571.0870982823:1547288.904575208] [-1431535.3106797487:989295.60059719894] [-48:24] [-49:52] [-1228471.0742643881:2802395.9533416] [-1275152.9750433809:2800558.8555606841] [-29:78] [-45:78] [-25388634.416554064:46965596.550000742] [-20190248.802878998:46354334.56758336] [-241591.00082895186:175003.52924278984] [-176124.69732466066:148217.16621609306] [-19:26] [-38:36] [-19719.714105889227:15665.431839473376] [-19803.608539671579:16328.382642622852] [-75:86] [-116:55] [-60351598.566606596:38147087.574051261] [-59300556.070503004:58792141.083050884] [-94:203] [-90:271] [-1:1] [-1:1] [-2560:2212] [-2934:2148] [-406:266] [-1061:565] [-9:9] [-9:9] [-319091414.61523402:323211581.83941364] [-319538960.17150068:323381094.82083136] [-6241:5114] [-6210:5387] [-1595221.3014479673:1255947.9024300086] [-1254178.4168529341:1255931.3308743655] [-16531328.243433507:4710300.9676402193] [-23565601.419330206:4898648.7245758604] [-3924:3734] [-4139:3989] [-5517:2209] [-5486:2237] [-1441357.2298753618:1507157.2579549756] [-1383041.8541302397:1015665.9479679466] [-94:76] [-76:102] [-1595216.2132642942:1390428.1349692405] [-531397.0340681331:1599790.1769246631] [-9:9] [-9:9] [-273506926.80545956:303060114.93740493] [-273890537.28225958:303069156.59159821] [-2913327:2913935] [-2913297:2914116] [-3773944.9067714489:2881698.9466186822] [-3096887.054612549:4531227.0031368528] [-3753847.6137254955:37941704.460744098] [-34070612.527650714:37921352.689977989] [-4295:3742] [-4229:3989] [-7849:5713] [-7818:5744] [-4480134.493749219:3374237.5691485805] [-2677760.3018285017:2754208.9669622974] [-211:211] [-152:211] [-2352363.8970526601:1957279.0840624524] [-621797.26683139941:2209181.0505524278] [-11:2] [-11:4] [-577014.41855804692:1043679.9233333499] [-517698.68725330767:1030096.3237240746]
tree_sizes=6927 6986 6993 6980 7040 7023 7071 7070 7076 7083 7071 7096 7055 7087 7080 7052 7118 7127 7090 7076 7108 7081 7089 7098 7119 7129 7140 7111 7078 7084 7100 7067 7118 7147 7129 7123 7088 7071 7109 7095 7138 7081 7121 7124 7134 7104 7122 7106 7125 7126 7159 7137 7136 7132 7090 7153 7126 7100 7132 7105 7145 7124 7113 7133 7127 7116 7147 7089 7129 7103 7104 7115 7123 7157 7130 7096 7113 7140 7101 7139 7055 7081 7128 7121 7100 7139 7104 7138 7120 7159 7137 7108 7141 7156 7124 7156 7103 7138 7185 7138 7100 7106 7080 7144 7154 7172 7126 7121 7176 7139 7113 7100 7100 7133 7144 7139 7120 7097 7133 7114 7099 7151 7169 7130 7108 7116 7096 7116 7133 7100 7115 7111

Tree=0
num_leaves=64
num_cat=0
split_feature=187 33 14 14 13 7 34 10 33 197 66 181 202 22 130 33 190 10 14 182 205 14 17 229 248 183 120 181 58 114 17 115 17 23 22 98 40 213 212 172 183 115 174 22 258 182 23 17 114 78 171 181 38 23 10 116 16 0 182 213 39 28 114
split_gain=21405 10245.5 9836.88 6074.63 6754.42 3821.75 3190.26 2225.66 1607.46 1323.63 1234.01 1126.47 1115.9 1061.67 931.604 903.264 875.934 794.99 722.573 680.793 546.117 513.044 471.351 420.708 392.513 390.909 360.102 337.44 310.187 435.675 301.895 297.072 280.272 280.201 308.281 271.818 245.92 240.598 233.641 224.722 220.965 219.568 195.511 192.377 353.625 182.947 174.945 296.989 169.382 164.175 157.853 151.323 148.476 146.386 168.923 136.877 130.858 125.576 155.897 119.114 115.54 111.286 120.997
threshold=-1.0000000180025095e-35 21.500000000000004 -1213.7120436053049 -1213.7120436053049 1.0000000180025095e-35 332.52883551921201 1.0000000180025095e-35 4.5000000000000009 21.500000000000004 -1.0000000180025095e-35 1.0000000180025095e-35 -1.0000000180025095e-35 -1.0000000180025095e-35 16379.165308415812 6381.457457602216 44.500000000000007 -1.0000000180025095e-35 5.5000000000000009 -4982.6333742458692 -450.37792458279802 -6691.6905033743815 318.6550509364651 965.52671810684058 8.0000000000000018 6.5000000000000009 -1085.2486731330057 922.83162545274718 -1.0000000180025095e-35 23.500000000000004 13830.148739957678 3733.2785145112093 945.07963823103557 3733.2785145112093 1.0000000180025095e-35 11048.616865327827 1.0000000180025095e-35 1326.5000000000002 1.0000000180025095e-35 1.0000000180025095e-35 148.78365302570822 -2925.9446405233398 1597.5595699501803 1418.2002093002027 16379.165308415812 -5.4999999999999991 -113.18865982042472 1.0000000180025095e-35 2312.6180892331795 11960.651828539934 1.0000000180025095e-35 921.11803773357781 -1.0000000180025095e-35 78125.329427148929 1.0000000180025095e-35 6.5000000000000009 275.08460931791603 1.5000000000000002 40149470.500000007 -193.05736908891978 1.0000000180025095e-35 2.5000000000000004 2.5000000000000004 10096.015770071705
decision_type=8 2 2 2 2 8 10 2 2 8 10 10 8 2 10 2 10 2 2 10 10 2 2 10 8 8 8 8 10 10 2 10 2 2 2 10 8 10 10 8 8 8 8 2 10 10 2 2 8 8 8 8 10 2 2 10 2 2 8 10 10 10 10
left_child=2 3 10 4 5 11 15 39 -4 -5 19 -2 -11 17 18 21 23 27 -7 24 -10 30 25 -8 -1 28 32 -9 -19 31 33 50 43 34 38 46 -33 -27 52 -6 -29 -20 -39 44 45 -14 47 48 51 -37 -30 -17 56 54 -28 -26 57 -3 -59 -23 -52 62 -54
right_child=1 6 8 9 7 14 16 13 20 12 -12 -13 26 -15 -16 35 -18 22 41 -21 -22 59 -24 -25 55 37 53 40 29 -31 -32 36 -34 -35 -36 49 -38 42 -40 -41 -42 -43 -44 -45 -46 -47 -48 -49 -50 -51 60 -53 61 -55 -56 -57 -58 58 -60 -61 -62 -63 -64
leaf_value=-2.7459005766664926 -2.1667157298892059 -4.3868213978931871 -3.4527618409361231 -3.577411572684249 -3.9222790677556763 -3.1801488781463405 -4.0052343182307082 -3.6076028907376561 -3.8765528243435456 -3.89453957199638 -3.4316244827735618 -3.2593116738097576 -4.0305315863167968 -4.5511737611192586 -4.3056584893767607 -4.2199198370361506 -4.3880980544015271 -4.3893979228463831 -3.7160660684111342 -3.0477968594979536 -4.4925407154171859 -4.599065436705386 -4.4728891774216759 -3.4220363349395475 -1.9308790662900868 -4.4300375788457318 -4.5115736531056312 -3.8924148874298892 -4.4138560045823834 -4.3241065485145436 -4.5668798615421533 -4.0340828626341958 -4.5903288556177122 -4.5977259070218652 -4.537008168770905 -4.1527393345528143 -3.5735250540747288 -3.9751908637039985 -4.0183783295861426 -3.4502397697917275 -4.2421831430916743 -4.2025685814278706 -4.3662125142585486 -4.5466292280603717 -4.4739581874291741 -4.344853094907112 -4.6195621947473029 -4.6113401371216964 -4.5825102572266516 -4.5405540534338886 -3.9010631237570363 -4.5181035305418247 -4.2219763830305386 -4.6109745126321187 -4.5721322312071697 -2.3614302110849423 -4.5001116888568911 -3.9585802999031743 -4.3116513537160532 -4.5168968233262552 -4.2405596299677777 -4.513002154645382 -4.4794244693200644
leaf_weight=1.5182976387441161 1.587762236595154 5.7159440517425519 2.1534025333821765 1.3198273591697216 1.4984506107866753 1.7465384602546672 2.2824082151055336 1.299980331212282 1.6076092645525921 2.4709549807012081 2.0144733376801014 1.8259265720844249 1.9747792817652214 23.806510034948587 3.5923120602965355 1.6373798064887521 2.9373601377010337 6.5495192259550121 1.8854676559567471 1.8854676559567467 6.6686013936996451 329.60951680317521 21.583642903715372 2.1732495613396168 1.3595214150846002 20.521826907992367 74.307272672653198 2.3816433548927307 1.5778387226164321 7.0258478969335547 111.71892037242651 2.2923317290842533 19.281387660652399 17.802784077823162 29.304136779159307 1.7862325161695471 1.9152381978929041 2.0839379355311385 1.3396743871271599 2.3022552430629735 5.1205332130193693 1.4984506107866744 2.5701901204884052 18.854676559567451 48.307666048407555 10.677701041102408 2493.7095982544124 1633.4104008972645 154.1022485755384 2.1831730753183365 1.9946263097226657 23.737045437097553 2.9175131097435978 37.411647699773312 93.767283584922552 1.299980331212282 3.6617766581475726 1.8060795441269872 2.9869777075946331 16.681426998227835 1.6473033204674719 15.818081282079218 3.7610117979347706
leaf_count=153 160 576 217 133 151 176 230 131 162 249 203 184 199 2399 362 165 296 660 190 190 672 33215 2175 219 137 2068 7488 240 159 708 11258 231 1943 1794 2953 180 193 210 135 232 516 151 259 1900 4868 1076 251293 164600 15529 220 201 2392 294 3770 9449 131 369 182 301 1681 166 1594 379
internal_value=-4.5927 -4.59626 -3.57423 -4.45531 -4.27256 -3.60211 -4.60864 -4.3492 -4.18291 -4.52543 -2.78833 -2.75113 -4.5295 -4.37567 -3.93515 -4.60958 -3.98592 -4.32249 -3.67572 -2.5746 -4.37289 -4.57312 -4.35638 -3.72078 -2.36105 -4.30419 -4.53465 -4.05382 -4.21479 -4.14528 -4.53445 -4.01201 -4.48768 -4.49188 -4.46389 -4.61418 -3.82444 -4.38587 -4.40752 -3.63634 -4.13115 -3.9315 -4.19113 -4.46288 -4.43698 -4.29579 -4.61441 -4.60732 -4.57068 -4.36604 -4.16321 -4.49886 -4.42173 -4.55731 -4.54536 -2.14134 -4.34567 -4.29186 -4.17861 -4.59511 -4.05462 -4.46965 -4.36696
internal_weight=5306.27 5287.76 18.5074 426.681 118.308 12.1365 4861.08 106.172 10.4296 308.373 8.07774 3.41369 307.053 102.371 8.72277 4853.69 7.39302 78.5645 5.13046 6.06327 8.27621 543.124 69.7623 4.45566 4.1778 48.1787 304.582 8.80216 23.0027 16.4532 196.833 9.42734 99.0962 85.114 67.3112 4310.57 4.20757 25.176 38.0071 3.80071 7.50218 3.38392 4.65413 79.8148 60.9601 12.6525 4306.6 1812.89 179.477 3.96941 5.21977 25.3744 36.6674 205.486 168.075 2.6595 14.1708 10.509 4.79306 346.291 3.64193 22.4966 6.67852
internal_count=534717 532852 1865 42997 11922 1223 489855 10699 1051 31075 814 344 30942 10316 879 489110 745 7917 517 611 834 54731 7030 449 421 4855 30693 887 2318 1658 19835 950 9986 8577 6783 434379 424 2537 3830 383 756 341 469 8043 6143 1275 433979 182686 18086 400 526 2557 3695 20707 16937 268 1428 1059 483 34896 367 2267 673
is_linear=0
shrinkage=1


Tree=1
num_leaves=64
num_cat=0
split_feature=12 52 191 10 13 141 11 189 22 249 213 267 22 116 203 47 23 11 104 226 12 189 14 22 63 40 22 47 12 22 267 195 251 48 104 226 46 110 111 143 195 2 251 73 141 4 14 226 22 12 122 183 120 230 48 113 111 47 47 23 183 251 41
split_gain=10002.4 4234.83 2004.55 1789.59 793.441 789.418 716.042 470.499 396.638 389.04 384.435 273.482 265.339 212.514 204.476 203.579 347.228 202.886 193.519 192.549 176.204 170.858 168.672 168.031 174.25 182.585 164.949 163.965 155.785 153.74 150.676 150.03 172.447 146.242 149.577 126.264 125.587 125.375 123.329 112.204 108.481 107.823 104.346 101.476 99.9218 97.834 100.571 117.092 93.4254 123.557 93.1203 85.943 104.341 85.842 82.6289 93.6199 102.48 79.5092 79.4008 91.3267 78.8137 77.3451 77.2855
threshold=209.111081612351 1.5000000000000002 -1.0000000180025095e-35 5.5000000000000009 1.0000000180025095e-35 38.500000000000007 -97.040826724983987 -1833.0913483092402 1.0000000180025095e-35 4.0000000000000009 1.0000000180025095e-35 -3781.301290207793 1.0000000180025095e-35 -264.25880472291595 -1.0000000180025095e-35 2358.6269094291715 1.0000000180025095e-35 -289.88156316000897 7911.5000000000009 -1.4999999999999998 5438.1413525310718 5131.7850644511382 9743.5337661955946 22102.248524378836 79.85304406943601 526.50000000000011 28168.660406092054 6562.4501291127372 1689.3715546979363 22102.248524378836 920.77548727073349 423.94728076442431 -23174.767474331016 81429.175677918611 1733.5000000000002 -8.4999999999999982 -1612.4999999999998 1.5000000000000002 46.500000000000007 95931.987971575698 1.0000000180025095e-35 1.0000000180025095e-35 -6089.4958176521895 1.0000000180025095e-35 67.500000000000014 183.50000000000003 9743.5337661955946 -4.4999999999999991 1.0000000180025095e-35 1.0000000180025095e-35 1446.4112360797683 -360.04564789594497 1.0000000180025095e-35 -12851.407082684191 286837.33962950285 1542.3602441695559 41.500000000000007 60722.61038057851 940.12056698103515 1.0000000180025095e-35 -768.02578057047367 -11081.748794682613 1.0000000180025095e-35
decision_type=2 10 8 2 2 8 2 8 2 10 10 10 2 8 10 10 2 2 8 10 2 10 2 2 10 8 2 10 2 2 10 8 8 10 10 8 10 10 8 10 10 2 10 10 8 2 2 8 2 2 8 8 10 8 8 10 10 10 10 2 10 10 10
left_child=1 3 11 6 17 10 8 12 21 27 14 -2 13 -6 18 16 22 -5 -4 -10 26 37 29 24 25 -9 31 -3 -16 -7 -14 32 -12 34 -15 -32 -35 42 41 -19 51 -34 -1 45 -13 46 47 -38 49 -8 53 52 -27 -49 55 56 -55 -25 59 -30 -59 -40 -53
right_child=2 9 5 4 7 15 48 23 19 -11 20 44 30 33 28 -17 -18 39 -20 -21 -22 -23 -24 57 -26 40 -28 -29 58 -31 35 -33 38 36 -36 -37 43 -39 61 -41 -42 -43 -44 -45 -46 -47 -48 50 -50 -51 -52 62 -54 54 -56 -57 -58 60 -60 -61 -62 -63 -64
leaf_value=0.36859833327957653 0.15004229673684311 0.07177453183618189 0.062717338842003367 0.28399561631243281 0.066423426959324072 0.086736358540011493 0.084412402881466439 0.059588909912021606 0.2796038229959914 0.23930526774440733 0.016875772304384057 0.46299177043469142 0.03876143046138085 0.25246799311501711 0.042639363036557347 -0.024011712015317918 -0.022564029942187567 0.056804387186290016 0.3710548969629065 0.076735590995999456 0.045797674395642744 0.55808310205823408 0.0037745307346210471 0.0094530933392401664 0.030577317414199726 0.31617242783898108 -0.0052894890876295031 0.0060107930069726581 0.029965134367212144 0.0034724304683922927 0.46119243960124529 0.057496873950703728 0.55259686925795837 0.14268928976401771 0.51109617580663991 0.071667426247714439 0.45349729222288304 0.1765423533333399 0.37794555734961066 0.33607023638410433 0.013753799273965327 0.25149414264843323 0.23109535275315932 0.071027467164680391 0.28999198172858959 0.45590554872134748 0.034819985963148045 0.45038723247075424 0.049917702293487604 0.27305512818726541 0.053107406095344027 0.15601159405511325 0.1314071092111562 0.22151880855273878 0.12019559634063633 0.12598276781943646 0.49305230418337598 0.33638607145288729 -0.013659028424918873 -0.017829131602008542 0.014294133953464743 0.12570701549340169 0.010973517762974623
leaf_weight=51.798606665804982 10.297244431450965 39.953644909895957 6.1190788522362682 35.186659789644182 8.9906371161341649 55.856275420635939 6.271894530393185 30.358434610068798 10.025362478569152 7.1808622283861032 1.9052993506193159 4.9808983542025063 16.500182023271922 6.6802817955613119 94.967090655118227 3574.7789335260168 387.92934791836888 6.1955454787239423 2.6147553371265539 7.259901692159473 18.126875098794699 3.5644397335126987 139.95046121440828 31.679862257093191 26.103468838147819 6.4054335467517358 3.5835374807938924 233.72503278125077 112.46151539217681 31.053791892714798 1.5258434144780038 3.7575279157608756 2.8815582506358597 18.890176047571 2.8803811073303223 1.470960741862654 2.6038534734398127 3.7580832717940202 1.7632519556209421 1.6369585022330282 4.7633181419223538 1.7028719959780572 5.4937853710725895 2.6630009273067108 7.573642580769957 2.2208223743364206 1.8421140434220422 1.9340163767337797 8.5967477522790414 6.2276412695646286 2.1558090597391191 37.024114525876939 4.8212689077481627 2.3808174459263762 3.7824352802708754 2.1092756595462561 2.6358782630413771 1.3906369507312777 192.82462944183499 52.911402152851224 1.3450426226481784 2.8829333465546401 3.6308253072202197
leaf_count=1936 705 3775 522 911 837 5317 525 2795 473 204 169 210 1571 495 8964 368038 39985 567 175 486 1705 165 13902 3076 2451 513 333 23463 10818 2997 145 357 232 1498 202 147 213 169 147 131 444 144 283 236 357 182 176 136 802 485 181 3269 415 161 256 151 181 131 19326 5367 133 245 332
internal_value=-0.000376908 0.109406 -0.0156565 0.175406 0.135053 -0.0170228 0.281898 0.112827 0.322043 0.0213308 0.0186658 0.264637 0.170791 0.201246 0.0112494 -0.0212692 -0.00532279 0.253257 0.155028 0.194398 0.112251 0.35619 0.0241596 0.0808962 0.0985574 0.118953 0.177446 0.0156115 0.00847837 0.0569854 0.0743037 0.221414 0.276724 0.224213 0.330386 0.269997 0.200725 0.344402 0.330359 0.11517 0.150769 0.440753 0.355413 0.245788 0.358628 0.26727 0.245724 0.267796 0.126043 0.1784 0.235557 0.163349 0.236826 0.266184 0.233525 0.29368 0.364188 0.0228528 -0.000578555 0.0146733 0.178024 0.221433 0.143058
internal_weight=5366.59 655.664 4710.92 374.805 271.808 4688.07 102.996 228.789 81.9002 280.86 498.502 22.8518 81.2665 61.7695 461.898 4189.57 614.79 43.0192 8.73383 17.2853 36.6039 64.6149 226.861 147.522 113.107 87.0034 18.477 273.679 453.165 86.9101 19.497 14.8934 11.1359 52.7789 9.56066 2.9968 43.2182 61.0505 9.23062 7.8325 56.645 4.58443 57.2924 24.328 12.5545 21.665 19.4442 17.6021 21.0963 12.4995 14.9982 51.8816 11.2267 12.8424 10.9084 7.12597 5.0167 34.4155 358.198 165.373 2.73568 4.64619 40.6549
internal_count=534717 54702 480015 27260 21936 478743 5324 20327 3512 27442 48504 1272 6768 4905 45172 430239 62201 1609 697 959 3332 2553 22216 13559 10219 7768 1627 27238 44475 8314 1863 1294 937 4068 697 292 3371 2388 768 698 4973 376 2219 1873 567 1637 1455 1279 1812 1010 1066 4529 928 885 749 493 342 3340 35511 16185 264 392 3601
is_linear=0
shrinkage=0.03


Tree=2
num_leaves=64
num_cat=0
split_feature=66 52 9 190 23 10 10 190 35 190 21 22 182 71 23 52 175 52 187 140 182 22 71 203 21 204 203 107 9 9 76 68 56 9 204 194 22 122 182 267 129 170 219 181 138 179 112 52 4 35 239 170 107 115 135 115 162 162 59 35 209 8 147
split_gain=7070.76 2597 1496.09 898.515 841.368 744.744 515.372 482.732 467.927 404.035 392.916 320.78 308.158 260.955 243.709 369.246 218.931 200.959 164.501 153.951 151.691 138.882 142.43 134.057 183.671 131.286 128.131 127.693 137.308 125.926 125.844 141.185 139.573 116.135 109 107.346 106.588 96.7817 110.676 115.814 113.502 85.4347 103.134 83.0536 82.7634 100.699 79.6391 77.6042 79.8368 74.2055 71.2283 71.087 69.4905 69.465 85.4344 69.2718 76.8427 68.7581 85.3356 67.4442 66.7718 66.1886 61.2779
threshold=236.66287599304505 1.0000000180025095e-35 132.19064573514103 -1.0000000180025095e-35 1.0000000180025095e-35 5.5000000000000009 6.5000000000000009 -1.0000000180025095e-35 1.0000000180025095e-35 -1.0000000180025095e-35 1.0000000180025095e-35 40732.676820775705 -113.18865982042472 6671.7168491915545 1.0000000180025095e-35 inf 358.95637834942289 1.5000000000000002 -1.0000000180025095e-35 4.5000000000000009 -17.129781813305012 16379.165308415812 6671.7168491915545 -1.0000000180025095e-35 1.0000000180025095e-35 -2731.9243627220326 1.0000000180025095e-35 32381.79083585765 26.044188277668002 401.27894944712506 100634.58117463546 -1497.4246352893038 1.5000000000000002 26.044188277668002 -9249.5861002840957 961.47358836270917 22102.248524378836 1446.4112360797683 89.704764596441549 1214.6698409609166 1.0000000180025095e-35 -128.95574960634596 -1.0000000180025095e-35 -1.0000000180025095e-35 1.0000000180025095e-35 -729.96714667787182 14.500000000000002 1.5000000000000002 183.50000000000003 73024.693830150674 4.5000000000000009 922.32881389348188 342.98373246439206 1.0000000180025095e-35 1365.3173127957402 227.14581823880255 3.5000000000000004 8.5000000000000018 1719.4201802102903 86847.903551489042 -66769.952405897799 32.294540174430004 4.5000000000000009
decision_type=8 10 8 8 2 2 2 10 8 8 2 2 10 10 2 8 10 10 8 10 8 2 10 8 2 8 10 10 10 8 10 10 10 10 8 10 2 10 10 10 8 10 10 8 10 10 10 10 2 10 8 10 10 10 10 8 10 8 10 10 8 10 8
left_child=1 5 4 44 6 10 9 -3 -5 -2 30 16 19 35 15 29 17 34 -14 27 26 22 25 24 -17 -8 61 28 36 60 31 32 57 43 -11 37 46 38 39 40 47 -18 -43 -20 45 -4 -7 48 -9 -36 -51 53 -38 -33 -55 56 -27 58 -1 -48 -10 -12 -61
right_child=2 7 3 8 -6 12 21 13 14 11 20 -13 18 -15 -16 23 41 -19 33 -21 -22 -23 -24 -25 -26 55 -28 -29 -30 -31 -32 51 -34 -35 49 -37 52 -39 -40 -41 -42 42 -44 -45 -46 -47 59 -49 -50 50 -52 -53 -54 54 -56 -57 -58 -59 -60 62 -62 -63 -64
leaf_value=0.26371478349449295 0.43407406968856271 0.20722483672722586 0.3378541699707362 0.36011541619591231 -0.019091852026403119 0.11566644519964756 0.27290688228845295 0.17789249282412695 0.1555454863267384 0.33755223488421071 0.33931954983344248 0.01598097483889058 0.22997460187298424 0.0060742594371407735 -0.026552286236530574 0.3391582346062435 0.096109315557102795 0.024562786436013472 0.24457623561123645 0.060251534429186508 0.048157235029861592 -0.0037596854609966545 0.0088090338933684755 0.025550823238910152 -0.0073589592562473593 0.19433675417644919 0.0026211585126663015 0.27813862488626118 0.087396633870893747 -0.019512023027510379 0.39096282894229978 0.10805195411149722 0.098274723363848349 0.027340391957455541 0.15441392129985407 0.0179115937424064 0.054699911996864935 -0.0054894474139948954 0.049584773132482829 0.34770174479831312 0.03813167166109574 0.46566588314605872 0.23479089519414079 0.086909014450562511 0.087778460747137882 0.15797086786723319 0.24501567074737141 0.095793288493516468 0.38534483896931321 0.13259615871752128 0.0281926398107347 0.30662056023205447 0.22496255747095154 0.30058307201867335 0.10032971147387788 0.051509579627286362 0.070833917781151154 0.23171635028159915 0.36788606045046457 0.20754851218191783 0.0021852058479159267 0.18058015279091158 0.1103576444880781
leaf_weight=21.08712542895228 3.417322188615799 13.370302200317381 6.018434999510645 2.9151504235342136 155.21854151319712 10.450734693557022 2.9669422935694456 9.6418853150680714 2.5826014475896955 2.3597996775060892 3.5554832424968463 29.016050796024501 6.1946803033351898 226.6953366547823 2343.8420191099867 2.9208147348836064 2.3700952399522057 18.039249599911273 3.1598340030759573 14.81686594430357 15.237595465965571 59.825161796994507 42.946241088211536 161.54802684579045 2.6040620962157845 7.341845557093623 2.7093689469620577 8.0883249398320896 21.489986608736217 1468.8790139108896 4.7442647833377114 12.965911957435315 4.6348521690815678 35.859080074355006 41.287725352682173 27.986924883909523 9.4670255379751307 8.4481009747832996 20.636791938915849 2.218603233806788 9.6230474375188333 2.4186676843091837 6.2184552000835529 62.124207308515906 3.5369375823065647 5.2388441218063226 22.463306363672018 8.7968431673943979 2.0192380836233488 13.807088188827036 10.245139882899823 3.0197108844295135 2.7941323323175302 4.7950802026316515 3.19499821215868 52.737462958320975 11.85601940192282 24.419267936609685 10.652856833301483 16.873006451874978 240.04107196163386 7.0548063218593597 8.9275477295741386
leaf_count=589 104 316 245 134 16054 697 234 647 260 116 160 2466 165 22617 247612 185 187 1761 226 1056 1129 5821 4328 15068 222 616 179 178 1435 152489 93 798 174 3183 2920 2684 718 768 1835 164 854 181 423 5016 149 218 984 740 125 1208 879 123 115 238 153 4676 1019 622 287 949 24331 284 510
internal_value=-0.000440615 0.0907211 -0.0134341 -0.0190203 0.0378266 0.148784 0.0666182 0.030659 -0.0198375 0.112215 0.209693 0.103469 0.116492 0.0231899 -0.0200998 -0.0120492 0.129708 0.113538 0.0799066 0.15053 0.112802 0.0334668 0.0523647 0.0305205 0.175833 0.0773379 0.186754 0.163833 0.153835 -0.0162048 0.240604 0.232189 0.256503 0.0707154 0.137247 0.0666045 0.173951 0.088805 0.103853 0.138527 0.123099 0.255661 0.299443 0.0945403 0.214368 0.254141 0.190751 0.163066 0.213815 0.130012 0.0881251 0.170538 0.0935002 0.150929 0.220508 0.0692717 0.118065 0.269561 0.298678 0.207009 0.00381765 0.233773 0.173918
internal_weight=5372.42 670.217 4702.2 4240.13 462.072 340.78 306.853 329.437 4225.33 129.18 118.071 125.762 222.709 316.067 4222.42 1878.58 96.7462 85.739 107.338 115.371 28.5573 177.674 117.849 167.073 5.52488 74.9023 13.3197 100.554 92.4657 1711.5 89.5141 84.7698 60.7941 101.143 67.6998 89.3714 70.9758 61.3845 52.9364 32.2996 30.081 11.0072 8.63712 65.284 14.7942 11.2573 58.7146 20.458 11.6611 65.34 24.0522 23.9757 12.2612 20.956 7.99008 71.9353 19.1979 56.1593 31.74 48.2639 242.624 10.6103 25.8006
internal_count=534717 50811 483906 440913 42993 20061 26939 30750 440301 10245 4829 10141 15232 30434 440167 192555 7675 6884 8590 6642 1752 16694 10873 15475 407 6545 623 5586 5408 177080 3077 2984 1672 8425 5123 7817 3973 5133 4365 2530 2366 791 604 5242 612 463 3140 1512 772 5007 2087 1312 833 1189 391 6311 1635 1498 876 2443 24591 444 1459
is_linear=0
shrinkage=0.03


Tree=3
num_leaves=64
num_cat=0
split_feature=12 17 191 17 23 11 10 10 22 12 17 205 266 226 226 22 191 205 266 114 1 12 2 26 114 104 1 46 205 11 205 22 11 213 211 187 31 22 1 141 1 188 19 1 9 171 1 1 215 17 94 12 34 213 121 159 215 35 226 114 104 11 187
split_gain=7540.65 2831.43 1232.48 786.333 746.946 445.814 338.212 246.171 209.163 253.747 209.035 160.098 149.235 290.091 148.911 239.354 136.246 134.639 127.03 125.101 118.694 115.593 113.628 109.591 125.093 116.573 108.89 109.525 104.074 102.594 99.4803 98.5761 94.5427 93.3699 91.1736 90.7978 84.1682 82.3774 135.867 79.1558 79.4959 79.1252 78.1807 80.3405 72.5789 75.9446 69.8982 69.3424 135.544 68.9015 67.9242 67.4652 65.8579 64.0027 63.8064 68.6188 61.811 67.2356 59.3913 68.8506 91.2289 56.9523 80.0237
threshold=209.111081612351 965.52671810684058 -1.0000000180025095e-35 2312.6180892331795 1.0000000180025095e-35 -97.040826724983987 5.5000000000000009 6.5000000000000009 22102.248524378836 5438.1413525310718 6445.3348615886898 1.0000000180025095e-35 8233.521365449853 -25.499999999999996 -10.499999999999998 22102.248524378836 -1.0000000180025095e-35 -11167.121382217005 1304.4964076453223 21121.502525429594 202051.50000000003 8670.5830001280356 1.5000000000000002 1.0000000180025095e-35 11960.651828539934 804.50000000000011 202001.50000000003 -242.49999999999997 -2667.4402883243342 -4676.1028341919728 -14757.418251251043 11048.616865327827 -18859.875123774757 1.0000000180025095e-35 -43.128384357776376 -1.0000000180025095e-35 1.0000000180025095e-35 1.0000000180025095e-35 202051.50000000003 67.500000000000014 202051.50000000003 1.0000000180025095e-35 1.0000000180025095e-35 201910.50000000003 132.19064573514103 921.11803773357781 202103.50000000003 202051.50000000003 1464.0107126935761 18349.501853398717 3154.5000000000005 6980.0886685802261 6.5000000000000009 1.0000000180025095e-35 1.0000000180025095e-35 8699.9431409673507 1464.0107126935761 38015.909958631099 -1.4999999999999998 10096.015770071705 1356.5000000000002 -8608.7084387945124 -1.0000000180025095e-35
decision_type=2 2 8 2 2 2 2 2 2 2 2 10 10 8 10 2 8 8 10 8 2 2 2 2 8 8 2 8 8 2 8 2 2 10 8 8 2 2 2 8 2 8 2 2 8 10 2 2 8 2 10 2 8 8 8 8 10 8 10 10 10 2 8
left_child=1 5 11 4 7 6 22 8 9 20 18 52 39 -14 26 23 -7 -11 31 47 42 33 37 54 25 -25 27 61 -22 36 -26 34 -6 -5 46 -17 -20 -1 -39 40 -12 58 43 -4 45 -35 -3 -9 -49 -15 -30 -50 -2 -42 -16 -56 57 -32 59 60 -18 62 -8
right_child=2 10 3 21 32 16 14 19 -10 17 12 -13 13 49 15 35 41 -19 29 -21 28 -23 -24 24 30 -27 -28 -29 50 -31 56 -33 -34 44 -36 -37 -38 38 -40 -41 53 -43 -44 -45 -46 -47 -48 48 51 -51 -52 -53 -54 -55 55 -57 -58 -59 -60 -61 -62 -63 -64
leaf_value=0.20515414184735489 0.092468846487182579 0.11075804247960806 0.14020783492025815 -0.015256673375208484 0.19166920089374179 0.30458183387856347 0.15157617721894012 0.023652446562873582 0.0084395090194116194 0.26749800230552145 0.0034525845241851765 0.038429132063799602 0.39385125300615803 0.17927051879443076 0.24208791928012807 0.16205649081799284 0.13982951683062042 0.034768815581037331 0.38484212660827755 0.0048320710905906082 0.38471714515136912 -0.025569998465671321 0.059696957497370612 0.13176830017471378 0.2991203793579929 0.23485881316719395 0.083235179636167236 0.2785245845562565 0.13542256996360308 0.01182094896347332 0.2506052895733844 -0.0081505462444285484 -0.021026804840728334 -0.0064061446053025059 0.050877238250725036 0.030869572993433649 0.13417353597328727 0.18339054017225381 0.012698243083944868 -0.01357104694595194 0.041500297613641157 0.025874143325941092 -0.017787409571694592 0.046771051663875546 0.0085571258136260542 0.16385416256337437 0.30122833720878806 0.05926269706794083 0.34503301435990902 0.01204310016208221 0.28713735803184892 0.10232484387318413 0.216779180142049 0.15791511708957062 0.13696521487344232 0.052981583370079084 0.23984897671445671 0.095669947623441734 0.067402388314741074 0.067031056758819138 0.36713148090807912 0.11323058722746648 0.28330249885679487
leaf_weight=104.3775453530252 4.6098836408928063 10.41291311662644 26.528700982220471 806.10710109304637 1.8894770797342051 2.2342524882405996 11.566928268410265 41.659301717765629 47.12343883048743 2.3136672396212816 77.225260451436043 7.3712146067991844 2.4750314652919769 2.7185842813923982 2.403511643409729 5.525652582757175 7.2235503839328903 67.719248977489769 2.4547390080988407 194.53778833243996 2.094411863014102 2832.0265348721296 5.9499958306550971 17.166802308522165 2.700318886898458 23.231645550578833 9.6967297308146936 10.494479871354995 15.368960323743527 2.1316914688795796 2.6652661431580773 18.930723655037582 411.46327701210976 3.7571152318268997 45.026138252578676 33.751563251018524 2.369042256847024 17.502264116890732 5.5207035038620225 134.44177980627865 30.486401548609138 27.725071094930172 4.7633879017084828 12.041370575316249 33.193398429080844 6.3308439366519451 2.0804722867906085 31.466556878760457 2.3958405572921029 12.029738427139817 3.2107450664043418 1.8090470377355812 22.836968330666423 4.9389158990234128 13.56006903760135 24.713309814222157 3.2145841876044861 46.511142008006573 38.020670061931014 7.3857845617458215 2.0373813984915614 11.4195505194366 6.4736367147415885
leaf_count=2282 204 840 1951 84805 167 81 112 3691 4117 127 7345 412 229 247 56 84 539 6168 170 18465 117 305085 247 877 65 880 539 366 1082 180 142 1756 44131 339 3633 2819 191 569 311 13544 2893 2280 397 888 3374 512 161 2790 142 1184 231 164 656 444 761 1550 156 2693 2798 561 147 666 304
internal_value=-0.000482754 0.0850684 -0.0152458 -0.0166071 0.00910727 0.135357 0.149979 0.0357149 0.0628055 0.0819185 0.0209896 0.162563 0.00792335 0.0933054 0.12755 0.114569 0.0734247 0.0424575 0.062397 0.0176626 0.125094 -0.0226587 0.18784 0.133388 0.150954 0.191052 0.173417 0.195304 0.184239 0.185142 0.121551 0.0512297 -0.0200545 -0.0129519 0.0707728 0.0493254 0.261734 0.193824 0.14246 0.00197188 0.0205214 0.0671563 0.0968764 0.111037 0.0299738 0.100443 0.142476 0.0499399 0.0806401 0.0428684 0.16164 0.240614 0.1959 0.0577306 0.0921523 0.0827366 0.112398 0.104067 0.088093 0.13535 0.189835 0.165658 0.198845
internal_weight=5373.41 790.794 4582.62 4547.8 866.385 443.072 358.446 453.032 181.164 134.04 347.721 34.8181 264.316 17.2234 225.095 175.444 84.6267 70.0329 83.4057 271.869 64.0076 3681.41 133.351 136.167 95.4898 40.3984 49.6513 39.9546 20.6741 6.95547 55.0913 76.4502 413.353 849.388 57.5195 39.2772 4.82378 127.401 23.023 247.092 112.651 82.3925 43.3335 38.5701 43.2814 10.088 12.4934 77.3307 35.6714 14.7483 18.5797 4.20489 27.4469 35.4253 40.6769 38.2734 52.391 49.1764 54.6674 16.6467 9.26093 29.4601 18.0406
internal_count=534717 54702 480015 478743 84628 21885 15479 40330 15078 10961 32817 1272 25886 1660 12070 10083 6406 6295 6931 25252 4666 394115 3409 7180 4813 1757 1987 1448 1430 541 3056 6390 44298 89030 4634 2903 361 3162 880 24226 10682 6325 3236 2839 4225 851 1001 6787 3096 1431 1313 306 860 3337 2367 2311 2991 2835 4045 1247 686 1082 416
is_linear=0
shrinkage=0.03


Tree=4
num_leaves=64
num_cat=0
split_feature=17 23 14 22 14 226 248 23 13 17 107 249 15 22 227 26 60 43 114 15 22 61 63 227 216 130 22 36 177 205 178 144 65 53 94 153 215 162 121 219 50 53 65 262 205 23 17 209 14 13 13 14 107 146 205 60 46 227 106 17 205 133 43
split_gain=5982.38 2813.39 1335.71 420.741 408.004 352.371 337.987 323.853 322.112 310.131 308.096 210.707 144.872 142.95 125.045 176.666 123.05 109.676 106.954 103.358 108.468 110.703 100.048 102.488 100.483 96.1303 85.9951 89.3363 85.8404 85.2854 83.1707 86.0333 82.1224 82.0418 80.5637 80.1303 78.6243 82.7698 72.2814 73.9126 87.1318 71.2729 71.1628 70.73 66.9594 65.079 86.9274 66.8453 71.2095 63.6059 59.9917 71.2512 59.853 61.4932 59.8525 58.8522 61.3866 58.3595 57.4185 57.3317 56.8655 56.4768 55.9952
threshold=965.52671810684058 1.0000000180025095e-35 318.6550509364651 16379.165308415812 1379.0064308879853 -4.4999999999999991 1.0000000180025095e-35 1.0000000180025095e-35 1.0000000180025095e-35 13450.865976681167 13560.964517615919 8.0000000000000018 1.0000000180025095e-35 11048.616865327827 -5.4999999999999991 1.0000000180025095e-35 13593.881502481285 298.4042459193526 27355.168656028673 1.0000000180025095e-35 16379.165308415812 171.12076040116202 79.85304406943601 -38.499999999999993 -1.0000000180025095e-35 327827.25016313425 61935.283248894724 -150.49999999999997 -368.1793295684102 -7852.6570522006759 1.0000000180025095e-35 -669.49999999999989 -10773.910876795324 32333.945721628075 849.50000000000011 152329.54047488264 424.42881775347217 5.5000000000000009 1.0000000180025095e-35 -1.0000000180025095e-35 197.50000000000003 32333.945721628075 -8181.8801259544871 -1549.5189852684884 -26018.70404575521 1.0000000180025095e-35 6445.3348615886898 -91851.499384870665 66280.333824557092 1.0000000180025095e-35 1.0000000180025095e-35 1.0000000180025095e-35 6524.6906190115478 420846.65466662165 -26018.70404575521 8007.1853119999269 -1551.4999999999998 -26.499999999999996 17.500000000000004 3733.2785145112093 -1.0000000180025095e-35 4147.3941525731607 20.493102534517504
decision_type=2 2 2 2 2 10 10 2 2 2 10 10 2 2 8 2 8 10 8 2 2 10 8 8 10 8 2 8 10 8 10 10 10 8 8 8 10 8 10 10 10 10 8 10 10 2 2 8 2 2 2 2 8 8 10 10 8 8 8 2 8 10 8
left_child=1 2 3 8 7 12 18 9 -1 13 42 14 28 22 17 60 34 30 26 20 21 -20 36 24 -24 -12 27 -4 38 -18 31 55 -31 -15 -17 -33 43 59 39 40 -5 -9 52 -2 -29 46 47 48 -6 -25 51 -7 -3 -54 57 56 -10 -43 -30 -38 -16 -45 -58
right_child=4 10 6 5 45 50 -8 41 11 -11 25 -13 -14 33 15 16 29 -19 19 -21 -22 -23 23 49 -26 -27 -28 44 58 32 -32 35 -34 -35 -36 -37 37 -39 -40 -41 -42 54 -44 61 -46 -47 -48 -49 -50 -51 -52 -53 53 -55 -56 -57 62 -59 -60 -61 -62 -63 -64
leaf_value=0.17132728595138316 -0.017750073367303078 -0.00015390471104037123 0.045630784112857613 0.11727140653518492 0.30006394306915241 0.091985850538925107 0.20092332151702999 -0.02682908645473011 0.13473344844299065 -0.0058793319459977851 0.086181105729643007 0.26712022698806126 0.031724493265919307 -0.0049980740889935486 0.21333581131839213 0.10463675159165907 0.25598804279545906 0.023072222919405423 0.20336801223826689 0.0070841070002198303 0.014507327478037617 0.05567028603938954 0.32960650014058401 0.15300484416478791 0.021146908157456089 0.28022799818716371 -0.0049043583611616554 0.27034379775311612 0.13156046673306587 0.1385066859520041 0.089704212244977335 0.19182400123063731 0.068874166491014091 0.15207485331909421 0.17675113856377714 0.41677383980761129 0.37477935237807475 0.061554125191951407 0.13826161252866023 0.35328820669321215 0.2997970371973176 0.29026791847439576 -0.019381429827770101 0.075403965018484745 0.091489016743555349 -0.027784806277649215 -0.022129823449278947 -0.0028961723092708236 -0.0079162157266373691 0.027567959388085605 0.0083482884333526026 0.0039766420770313655 0.26538679936255766 0.051716469422105144 -0.012309956697608145 0.12855510821073279 0.35090245892184929 0.062765948468714708 0.023704661609140431 0.16194282991448317 0.059191675519392049 0.21879209823945636 0.19604912515017497
leaf_weight=119.31394464056939 7.1147021977230898 7.9234283166006181 88.395794538781047 6.0021298779174668 1.362130653113127 22.576739610172808 11.212883761152623 365.22656835522503 5.8044290617108345 399.18577956221998 11.235200140625235 7.7238723793998352 12.549684700556098 72.264391688629985 2.2136395731940866 21.716927800327539 2.8250681143254042 5.574867549352347 7.4365777466446188 149.09887855686247 21.368159710429609 11.837200076319276 2.0833791894838218 3.7513029696419826 1.7478896751999853 2.8883741460740575 20.026259460486472 1.9905227338895191 13.916353025473656 21.068767048418522 10.702291518449782 3.2346502635627976 55.130335583351552 3.1220807591453186 38.946022654883564 2.5476630823686719 1.9977989904582472 3.5833951514214286 18.932239771820605 3.2764402171596876 3.872433559037745 1.2162995738908646 359.95069771632552 37.13056652713567 35.162783906795084 1674.6920228824019 1166.4445333015174 201.3893933724612 1.34072093013674 120.69540936965495 48.047043096274137 13.072918014600871 1.9251618087291724 3.2733552101999521 10.014404331333933 17.691461161710322 3.615727188996968 6.125883815810087 6.5252435635775319 2.6499300077557564 79.89298833720386 2.6485600760206571 5.0186579832807192
leaf_count=2271 594 712 7293 263 140 998 263 40112 323 41214 514 151 1057 7073 129 1029 140 312 499 13712 1806 894 183 251 163 117 1761 77 250 1009 534 162 3028 254 1312 138 113 237 356 202 89 117 38611 2884 2499 186234 126345 20506 141 11132 4177 1038 134 259 1087 859 183 669 405 187 5108 220 187
internal_value=-0.000516687 0.0559272 0.0850644 0.114054 -0.0182757 0.0709374 0.0389029 -0.00205791 0.12997 0.0107041 -0.0116729 0.112577 0.123299 0.0362843 0.108252 0.0982706 0.118798 0.149106 0.033485 0.0186442 0.0610536 0.112658 0.0505793 0.0360541 0.188882 0.125865 0.0528282 0.0620371 0.145178 0.0941282 0.163558 0.184407 0.0881273 0.001507 0.150935 0.290936 0.0843798 0.169897 0.175791 0.229819 0.188851 -0.0240063 -0.0168798 0.0693692 0.101071 -0.0238174 -0.0189695 -0.000907166 0.147294 0.0313491 0.0302263 0.0597124 0.0517438 0.130845 0.0353913 0.165235 0.210178 0.100454 0.0971314 0.253429 0.0633475 0.084951 0.260895
internal_weight=5371.3 1285.52 898.322 551.793 4085.79 148.771 346.529 1040.56 403.021 657.975 387.196 283.707 65.0745 258.789 275.983 221.794 139.687 54.1897 335.316 189.741 40.6419 19.2738 183.403 128.278 3.83127 14.1236 145.575 125.549 52.5248 79.0242 48.6149 37.9126 76.1991 75.3865 60.663 5.78231 55.125 8.23112 32.0832 13.151 9.87456 382.583 373.073 46.8938 37.1533 3045.23 1370.54 204.092 2.70285 124.447 83.6967 35.6497 13.1219 5.19852 17.3566 32.1303 14.4388 7.34218 20.4416 4.64773 82.1066 39.7791 8.63439
internal_count=534717 94861 54514 25710 439856 8835 28804 106490 16875 64505 40347 14604 2622 23291 14453 11755 6518 2698 28541 16911 3199 1393 15964 11729 346 631 11630 9869 1565 4177 2386 1852 4037 7327 2341 300 4235 537 910 554 352 41985 39716 3698 2576 333366 147132 20787 281 11383 6213 2036 1105 393 1873 1552 693 786 655 300 5237 3104 370
is_linear=0
shrinkage=0.03


Tree=5
num_leaves=64
num_cat=0
split_feature=33 12 44 12 44 44 227 195 129 17 213 202 266 1 55 17 132 226 266 76 55 213 187 1 17 76 47 44 205 48 1 3 56 223 117 76 215 33 260 154 1 257 101 54 213 125 104 33 61 10 1 36 12 101 111 157 91 187 133 48 1 213 1
split_gain=6514.24 1286.99 1103.35 520.266 361.217 319.445 264.1 186.932 181.003 178.558 164.219 129.136 126.859 126.607 125.251 208.118 116.794 116.362 154.626 113.271 109.271 108.1 94.8121 89.2455 84.5994 83.8642 105.824 83.6609 81.9313 80.1019 78.8371 71.9814 86.3211 68.1299 67.9083 74.6488 67.7529 67.6697 65.8609 66.8239 65.5941 64.5171 62.3547 59.3471 59.3359 58.9989 55.2463 55.0976 54.9944 52.6961 52.4302 89.2241 51.6325 47.9803 47.4924 47.275 46.7365 45.9316 45.4859 63.4397 44.5228 44.3653 91.4092
threshold=29.500000000000004 209.111081612351 1.0000000180025095e-35 1689.3715546979363 1.0000000180025095e-35 1.0000000180025095e-35 -38.499999999999993 423.94728076442431 4.5000000000000009 5088.2051695196124 1.0000000180025095e-35 -1.0000000180025095e-35 8233.521365449853 201956.50000000003 409.25375248207388 3733.2785145112093 77637.595122878658 -4.4999999999999991 2575.2579420935149 35706.189865999222 1.0000000180025095e-35 1.0000000180025095e-35 -1.0000000180025095e-35 202101.50000000003 5088.2051695196124 91412.876693053826 6562.4501291127372 8.0000000000000018 1.0000000180025095e-35 67803.190720758008 202051.50000000003 53.500000000000007 1.5000000000000002 1.0000000180025095e-35 362.56483774795606 22820.224927140353 615.46399258975009 70.500000000000014 29.500000000000004 -548.49999999999989 202001.50000000003 182274.29584211233 5190.690232776954 10.500000000000002 1.0000000180025095e-35 8057.4541834061138 1002.5000000000001 1.0000000180025095e-35 1225.0593618203952 6.5000000000000009 202103.50000000003 -318.99999999999994 19786.023078241826 19870.914933480835 36.500000000000007 4.5000000000000009 850.07137944821955 -1.0000000180025095e-35 3176.301029723541 883266.18527683557 201911.50000000003 1.0000000180025095e-35 202102.50000000003
decision_type=2 2 10 2 8 10 8 8 10 2 10 8 8 2 2 2 10 10 8 10 2 8 8 2 2 10 8 10 10 10 2 2 10 10 8 10 10 2 10 10 2 8 8 2 10 10 8 2 8 2 2 8 2 8 10 8 8 10 8 8 2 10 2
left_child=1 4 3 6 7 10 12 17 27 22 11 -3 42 49 15 16 34 18 53 23 24 28 -8 38 25 26 52 31 -4 48 41 32 -6 44 35 50 58 61 -19 45 -10 -12 60 -41 -25 57 -18 -28 -9 -14 -5 -52 -13 54 -1 -33 -56 -40 -24 -60 -2 -11 -63
right_child=2 5 21 14 8 -7 9 29 40 37 30 20 13 -15 -16 -17 46 19 -20 -21 -22 -23 36 33 -26 -27 47 -29 -30 -31 -32 55 -34 -35 -36 -37 -38 -39 39 43 -42 -43 -44 -45 -46 -47 -48 -49 -50 -51 51 -53 -54 -55 56 -57 -58 -59 59 -61 -62 62 -64
leaf_value=0.071017722903167699 0.23760323262781957 0.13988753230605008 0.12742156045270114 0.032901112188371613 0.14619558473137323 0.17220013366049386 0.22592486199927461 0.011111536684947328 0.14095921418063642 0.0024301212013932349 0.020487718588842369 0.040988211521774266 0.15791267035030293 0.060810420501290124 -0.026768703807934925 -0.020443998339439245 0.22936280805612247 0.0091514709773590462 0.35329546668837453 0.0093743070333341706 -0.019819130351952097 0.24403495154132002 0.013375458747581274 0.093438838744057798 -0.0031253350839150441 -0.0051845708510848297 0.21301083635499415 0.21364869248301049 0.0021545043953840582 0.025289168241182321 0.13493602596770901 0.15913793079139879 0.029340352723879394 0.21840921943380184 -0.0045722322847594884 -0.01840385931837937 0.10393296487631223 -0.018589652695378281 0.17206265716714281 0.10300080494365944 0.0064321548303117636 0.17922514632804953 0.023198679026019214 0.21620821113759595 0.17199693399607999 0.0023088868399341257 0.066901227660474155 0.077470292844906946 0.15159143997530986 0.329167278148701 0.052759424129946733 0.23553740181902508 0.0027225286381076159 0.019931318684030471 0.19386710936007714 0.089766611215250355 0.093061877121386402 0.07392148852022723 0.03189579062774351 0.13432457620564026 0.050393054375953816 -3.2273335282458041e-05 0.16916685604153958
leaf_weight=7.0770882330834892 2.3498824331909436 7.8897362118586898 34.984254951588809 37.444356533698738 140.49636168871075 13.761517397128044 2.2016776809468865 3.5791304586455208 4.2205734848976162 152.99964552000165 15.30215425416827 123.98337916377932 2.8443455230444652 5.5496742185205221 2134.3444095803425 1348.563035656698 2.6564411502331469 11.997833549045025 2.888565436936914 17.313675984740257 60.2060417952016 6.3180875414982429 111.67479811795056 41.495833029039204 77.263801824301481 42.870388803072274 2.9558694474399081 11.398044162429867 5.4282793141901484 67.235943421721458 16.657388136722147 10.79958350304514 5.9294690657407036 5.7726681791245928 184.02023321855813 20.110930185765028 9.8118818867951614 217.94099031575024 4.5222423113882533 22.83380284160376 14.363068694248794 2.7129580369219211 19.053819505497813 5.0981924543157211 10.93315170239657 10.073363120667635 6.4772476879879841 31.086208671331406 8.3806802472099644 3.7478902377188206 8.2992877988144738 3.3836810067296019 42.653455091640353 3.5522588985040811 13.083299269899719 48.757045400328934 6.0550915710628113 84.268988580442965 25.535760921426117 6.9158791098743668 2.2266991259530187 7.9192107301205379 4.5103501006960869
leaf_count=379 168 282 704 3142 3017 267 61 242 35 15237 1150 10104 124 323 243021 149181 229 626 146 1432 6561 225 9165 2033 7855 3779 178 175 246 5266 976 164 188 254 17534 1882 641 23128 52 1076 803 134 1872 255 397 796 581 2059 537 218 706 259 3960 246 683 1224 312 4394 2233 496 174 743 387
internal_value=-0.000542721 0.0685478 -0.0163542 -0.0179224 0.0985752 0.029953 0.00863984 0.0781205 0.126849 0.00340578 0.0253316 0.0197542 0.0875787 0.166392 -0.0220024 -0.0156876 0.00875763 0.0909816 0.143734 0.0829431 0.0172666 0.128637 0.0304493 0.089409 0.0242264 0.0329034 0.04104 0.134531 0.110595 0.038014 0.0878915 0.130153 0.141464 0.120591 0.00495663 0.0302823 0.0276535 -0.00760856 0.0763332 0.0826901 0.0369849 0.0443925 0.0470823 0.123664 0.109821 0.071114 0.114152 0.0892393 0.109551 0.255276 0.0502126 0.105697 0.0311935 0.123399 0.13742 0.102346 0.161974 0.0789199 0.0224605 0.0537247 0.146518 0.00685824 0.0613655
internal_weight=5366.78 999.469 4367.31 4320.58 562.126 437.343 575.283 326.162 235.964 539.51 423.581 388.909 35.7723 12.1419 3745.3 1610.96 262.392 246.966 32.6563 214.31 381.019 46.7306 156.14 196.996 320.813 243.549 200.679 217.381 40.4125 79.1958 34.6725 205.982 146.426 58.2017 253.258 69.2383 153.938 383.37 138.794 126.797 18.5836 18.0151 23.6304 27.932 52.429 98.8646 9.13369 34.0421 11.9598 6.59224 49.1273 11.683 166.637 29.7677 26.2155 59.5566 19.1384 88.7912 144.126 32.4516 4.57658 165.429 12.4296
internal_count=534717 62037 472680 471505 24732 37305 54970 19126 5606 52091 37038 34778 2879 665 416535 173514 24333 13081 1766 11315 34496 1175 12596 9883 27935 20080 16301 4768 950 6045 2260 4593 3205 2684 23523 5989 12535 39495 7199 6573 838 1284 2214 1331 2430 5242 810 2237 779 342 4107 965 14064 1620 1374 1388 995 4446 11894 2729 342 16367 1130
is_linear=0
shrinkage=0.03


Tree=6
num_leaves=64
num_cat=0
split_feature=12 16 16 24 15 203 107 190 129 24 47 53 12 10 226 165 6 133 20 2 2 78 112 189 16 83 34 8 221 114 24 3 32 203 112 144 227 227 175 205 3 114 80 111 86 114 2 217 236 52 255 1 256 111 66 114 215 120 53 61 6 223 184
split_gain=5394.87 1715.44 728.541 418.56 325.655 203.12 201.988 182.939 151.059 144.074 157.796 122.397 125.91 112.711 97.9409 216.076 89.7299 84.4275 84.0753 83.3892 79.6407 75.7061 69.8856 68.3433 67.0572 65.148 63.7546 65.2551 61.1543 65.3577 77.3753 59.7412 58.9636 58.7486 58.6081 55.3424 74.5005 58.7265 52.8291 52.1262 51.5642 62.3758 54.1978 65.7236 62.0823 49.9441 48.4655 48.2435 47.9542 47.917 81.0735 47.8318 45.3072 44.8895 44.7878 44.1427 44.1346 43.7814 42.5369 42.2409 42.1446 41.8613 41.8134
threshold=820.83528752412462 2.5000000000000004 1.0000000180025095e-35 1.0000000180025095e-35 1.0000000180025095e-35 1.0000000180025095e-35 6524.6906190115478 -1.0000000180025095e-35 1.0000000180025095e-35 1.0000000180025095e-35 5182.4822904395869 2896.874499436643 1.0000000180025095e-35 7.5000000000000009 -25.499999999999996 -1.0000000180025095e-35 20609.389697074064 1.0000000180025095e-35 1137.4373277406164 1.0000000180025095e-35 1.5000000000000002 88930.76672090088 65.500000000000014 -3585.3382865907934 10.500000000000002 3145.3467134891512 1.0000000180025095e-35 -186.30820110523447 1.5000000000000002 11960.651828539934 1.0000000180025095e-35 43.500000000000007 1.5000000000000002 -1.0000000180025095e-35 48.500000000000007 -851.49999999999989 -5.4999999999999991 -12.499999999999998 98.002528454352031 -20373.102254679743 41.500000000000007 27355.168656028673 1.0000000180025095e-35 36.500000000000007 1.5000000000000002 10096.015770071705 1.0000000180025095e-35 -1.4999999999999998 -17350.947104806979 5.5000000000000009 16814.830831301453 201906.50000000003 -7253.8397906237651 54.500000000000007 1.0000000180025095e-35 2172.9504364595555 1.0000000180025095e-35 1.0000000180025095e-35 32333.945721628075 1.0000000180025095e-35 4097.1751691082518 1.0000000180025095e-35 -909.34430046232853
decision_type=2 2 2 2 2 10 10 8 8 2 10 8 2 2 8 10 8 10 2 2 2 10 10 10 2 10 8 10 10 10 2 2 10 8 10 10 10 10 10 10 2 10 10 10 8 8 2 8 8 10 10 2 10 10 10 8 10 8 10 10 8 10 10
left_child=1 4 3 7 5 11 56 -2 18 10 16 47 20 17 15 -3 55 19 28 33 26 -21 25 -19 -16 31 -13 57 29 30 35 34 -30 -9 46 38 37 -37 53 -8 41 42 60 62 -45 -12 -14 -1 -42 50 -17 -10 -49 -6 -24 -4 -5 -28 -11 -40 -35 -60 -44
right_child=2 14 9 6 8 -7 39 13 51 58 45 12 22 -15 24 49 -18 23 -20 21 -22 -23 54 -25 -26 -27 27 -29 32 -31 -32 -33 -34 40 -36 36 -38 -39 59 -41 48 -43 43 44 -46 -47 -48 52 -50 -51 -52 -53 -54 -55 -56 -57 -58 -59 61 -61 -62 -63 -64
leaf_value=0.11710940553951606 0.12884859676972441 0.3644789326534964 0.07997468647601659 -0.019508766009566674 0.085753574955633363 0.008132801155362553 0.16973984976279743 0.13627096853638138 0.05665635956491847 -0.027803007270551083 -0.0048676668982906984 0.061106354147038876 0.18767179126681058 -0.00014609132249378883 0.015774202234286428 0.026573139677831314 -0.0073313329015198062 0.2449649937569652 0.017551788551688114 0.016209438926403981 0.032546621711735786 0.20779840802933902 0.11223248154209703 0.070454360190549806 -0.0090511112843397797 0.017252335766440696 0.13185472845396293 0.11402052788574336 0.092678770516234271 0.057730992457389455 -0.00090450083816915054 0.072230583080292496 0.25689092449473855 0.12743614000641809 0.27101016528466909 0.12333567792910266 0.10551880384205829 0.29503117459501599 0.057340381903466013 0.050854722735404111 0.17498946807052276 -0.0053296525397386911 0.18298401357546659 0.13685751791087417 0.37665942179583584 -0.021495255613313943 0.075073094794113296 0.23048009014562751 0.032500495364129682 -0.010009048127238882 0.22583447105279592 0.018189794272930309 0.15139041801177577 0.039707274609064085 0.03034988190557027 0.020777735967839425 0.086434084974602976 0.19095063463116457 -0.0048211219885214906 0.13452104733276937 0.033030510688601362 0.13596695660226832 0.0051352066399004371
leaf_weight=17.574772791005671 18.391148209571838 2.0505574857816127 13.039640548638998 272.82444533798844 61.47121141385287 18.435719836503267 5.6495038392022243 7.685425354167819 55.636981542222202 1904.1529506733641 188.84716438502073 15.245257249101995 6.7010847274214083 76.442745147272944 209.96181438770145 5.7955095032230037 169.7439811239019 3.1514755683019757 19.961750883609056 107.39308931771666 9.8626063885167223 1.8888800758868445 7.2701548831537357 5.6242264239117485 183.51929693110287 6.8294156286865464 28.502652485854924 129.11829463858157 4.6059643840417248 87.737505106255412 8.1291019488126022 13.335145050659774 3.436064513400197 7.2174300169572225 3.2777634710073462 3.4965070178732276 35.999303403310478 3.6798226423561564 8.4911260185763222 8.0473854374140483 2.1900578998029232 5.9815480588003984 2.24863635096699 1.9717428302392366 1.9156239302828906 1168.8907036529854 7.0704051284119487 10.318237192928793 72.36217937618494 8.8523199455812556 2.6909900931641459 60.981003327295184 17.703532130457461 27.614184408448637 34.739722547121346 86.831094418652356 3.5854897052049628 18.675551630556583 44.798493358306587 25.693813597783446 10.371755517087879 1.9849618058651675 2.5265373922884482
leaf_count=181 332 156 1061 30752 3050 1078 166 256 3892 222966 20587 598 255 6718 18912 522 17233 183 1369 8634 360 145 232 311 19013 374 370 2298 242 4651 656 636 162 486 154 158 1506 160 339 401 168 505 159 137 129 131278 384 161 5438 841 176 4609 217 1347 1813 7946 351 300 5144 883 773 225 178
internal_value=-0.000562398 0.0565673 -0.0164178 0.0136757 0.0835547 0.105012 -0.0125622 0.0369275 0.065381 -0.0216108 -0.0150197 0.110487 0.10308 0.031456 0.00743921 0.073262 0.00594383 0.0418451 0.0769656 0.0382651 0.115683 0.019521 0.0710398 0.133124 0.00419569 0.100977 0.119964 0.125053 0.0813524 0.0788541 0.0894702 0.119796 0.162841 0.0561595 0.156999 0.093884 0.123114 0.211376 0.0836463 0.0998908 0.0503939 0.0820981 0.102019 0.163442 0.255028 -0.0191825 0.129863 0.156075 0.0366863 0.0388216 0.0897571 0.0365417 0.180513 0.0714804 0.0445203 0.0285068 -0.0181345 0.155248 -0.0271087 0.11535 0.0717683 0.00115234 0.0888845
internal_weight=5360.22 1164.47 4195.76 617.469 751.595 344.66 290.107 327.363 406.934 3578.29 1627.35 326.225 280.628 308.971 412.87 19.3894 269.615 232.529 290.316 223.753 201.404 109.282 79.2237 8.7757 393.481 37.2138 191.542 176.296 270.355 262.313 174.575 30.3844 8.04203 114.471 17.0493 166.446 43.1756 7.17633 123.27 13.6969 106.786 32.2333 26.2517 8.66254 3.88737 1357.74 13.7715 45.5965 74.5522 17.3388 8.4865 116.618 28.0218 89.0854 42.0099 99.8707 276.41 47.1782 1950.94 34.1849 17.5892 46.7835 4.77517
internal_count=534717 72055 462662 56222 32435 9411 31670 24552 23024 406440 178105 8333 7774 24220 39620 1695 26240 17502 14523 17008 3926 8779 3848 494 37925 1803 3566 2968 13154 12750 8099 1429 404 8229 793 7443 1824 318 5619 567 7973 2367 1862 603 266 151865 639 559 5606 1539 698 8501 378 4397 2045 9007 31103 670 228335 1222 1259 5369 337
is_linear=0
shrinkage=0.03


Tree=7
num_leaves=64
num_cat=0
split_feature=17 23 15 141 5 161 63 45 185 68 23 2 227 68 266 158 213 63 117 202 227 266 65 53 10 237 227 111 226 133 65 213 157 39 153 158 224 114 90 7 65 227 86 250 187 63 62 237 94 224 214 13 2 133 179 213 263 7 122 78 178 179 250
split_gain=4576.54 1734.15 528.857 390.879 276.533 217.366 202.429 197.384 191.506 165.024 140.521 114.259 110.43 108.815 126.343 108.172 100.823 75.1195 73.3063 66.1769 66.0433 62.7467 61.8857 61.8322 60.2216 72.0136 58.3978 67.7627 57.7424 56.8452 53.0405 52.2573 51.1602 49.2009 49.1805 54.4654 60.9996 48.0956 47.8822 49.6282 51.4029 47.8447 67.4948 45.5154 45.3286 44.7832 44.1203 43.9966 55.2615 46.5252 43.4882 45.5971 43.3443 42.624 47.872 42.5148 49.5342 41.91 57.7826 41.3246 40.8196 40.5615 40.1306
threshold=965.52671810684058 1.0000000180025095e-35 1.0000000180025095e-35 46.500000000000007 2846.3203965687767 9976.7926047953788 208.89023712959104 1355984.9973421383 1.0000000180025095e-35 1.0000000180025095e-35 1.0000000180025095e-35 1.0000000180025095e-35 -38.499999999999993 -6663.7197524214325 8233.521365449853 5736.5000000000009 1.0000000180025095e-35 429.18160172918806 440.20675951697507 -1.0000000180025095e-35 -38.499999999999993 8233.521365449853 -5319.5767344238275 32333.945721628075 6.5000000000000009 -2846.9850225498462 -7.4999999999999991 46.500000000000007 -4.4999999999999991 2236.53397955125 -5319.5767344238275 1.0000000180025095e-35 7.5000000000000009 2.5000000000000004 191863.9759431514 1956.5000000000002 7.5000000000000009 8169.0716459443038 -757.49999999999989 457.66859218704002 -10773.910876795324 -38.499999999999993 8.5000000000000018 -7206.9287807034116 -1.0000000180025095e-35 429.18160172918806 486.33826952411511 -4226.0447080259974 1823.5000000000002 3.5000000000000004 -44.988933719713138 1.0000000180025095e-35 1.0000000180025095e-35 1465.9194029897162 -574.50749530813277 1.0000000180025095e-35 -249.49862342231219 1048.8820168098557 3454.7102022794256 78875.684325117632 -75.443889291109997 -2367.3225095948555 -3156.9572848319799
decision_type=2 2 2 8 10 10 8 8 8 10 2 2 8 10 10 8 10 8 10 10 8 10 10 10 2 10 8 10 10 10 8 10 10 10 8 10 8 8 10 10 10 8 8 10 10 10 8 8 10 8 8 2 2 8 10 10 8 10 10 10 10 10 8
left_child=1 2 7 6 8 21 16 15 18 11 12 26 13 14 61 -1 29 37 28 -11 -13 -3 34 -12 25 -15 44 50 46 -2 -6 32 52 -31 35 36 45 -14 39 40 -30 42 -25 -7 -9 -8 55 48 49 -40 -28 -52 -21 -20 -55 56 -4 -10 -59 -19 -17 -5 -18
right_child=3 5 4 10 30 43 22 9 57 19 23 20 17 24 -16 60 62 59 53 31 -22 -23 -24 41 -26 -27 27 -29 38 33 -32 -33 -34 -35 -36 -37 -38 -39 47 -41 -42 -43 -44 -45 -46 -47 -48 -49 -50 -51 51 -53 -54 54 -56 -57 -58 58 -60 -61 -62 -63 -64
leaf_value=0.10540313293525048 0.01397693123321604 -0.017470497051902081 0.21977542879783257 0.13096889229484443 0.059702999646704516 0.1199793318161087 0.19183041434732434 0.093877028369416221 0.018246223350179364 0.12362945023206233 -0.027867415093486485 0.1357921001786592 0.0214148472343005 0.032709187552341125 0.23523489406722314 0.20638288123016887 0.12268524979724632 -0.020139480441007444 0.027798316843731758 0.049988207218375935 0.055818139831111252 0.1848947693776577 -0.010118556819553953 0.23261524011166221 -0.0090044679445295435 0.23487008137018189 0.15589918629314628 0.06876307625907567 0.11844585896851322 0.093512037590058647 -0.0018220321181130685 0.11094195175588852 0.15447958072462326 0.024672636744195418 -0.00085478919605765753 0.015813443147154885 0.30741309736476541 -0.0091372126774227815 0.057284495811589099 0.077702351758038371 0.039515725238004104 -0.0032160766291471302 -0.0053624798777780237 0.030275794044815309 0.17959181939781774 -0.0034574748399753825 0.045903482785105101 0.037756993331232641 0.14814962452406286 0.15496730040464687 0.12784893003804909 0.060125938082143171 0.011414668079736656 0.2077210890536175 0.026809569443914837 0.21926276982175436 0.097018598715950588 0.065275917505407927 -0.0044405835033994832 0.030131228728205461 0.12897047849296836 -0.006521305280832404 0.036012760668589376
leaf_weight=109.20742747373879 112.18874969054013 352.84046722669154 3.3496498633176088 2.7873930335044852 14.257579168304799 12.260845431126656 2.0244712196290511 8.2692676996812242 108.19559392984957 9.8002347312867624 1784.9804135449231 10.589649105444551 62.640935551375151 9.0435850014910084 4.1686339620500794 14.788255933672191 14.47633304260671 1204.8672654973343 48.409063684754074 60.241762086749077 75.921622120775282 1.3844021558761586 313.58606006298214 1.9383999658748505 53.552784922532737 1.9230778142809857 20.25514277908951 37.678477806970477 8.1444208286702615 17.431873239576817 109.19129112921655 9.2674006884917599 3.2250848021358243 20.140033314935863 12.19423573091626 5.1811035657301545 1.5979109052568672 178.56582884583622 19.667233364656568 90.976833271794021 84.161458333954215 46.574444580823183 2.4014274375513196 8.7051569763571006 16.902330801822245 2.211085426621139 8.2215080447494966 10.031088282354174 17.724637722596526 5.6486492566764381 22.880313981324434 14.69382736366242 46.420199681073427 2.6447586761787534 2.620994688011705 3.7115220651030532 25.3276038793847 46.920769864693284 13.860255019739268 14.899037212133406 10.471251348033546 6.2864898396655908 7.1987676182761815
leaf_count=1232 9433 39406 168 252 848 525 160 60 7964 253 214608 276 6457 934 201 241 888 136029 3722 3579 2784 45 32671 168 5848 195 409 975 228 1519 9384 339 117 1781 1106 438 129 18593 854 3885 4735 5321 247 371 418 185 467 471 763 289 421 430 3172 192 203 127 1254 3015 1101 1675 138 586 432
internal_value=-0.000576076 0.0445292 0.0636214 -0.0176392 0.0454908 -0.0111243 0.00688807 0.0876252 0.0554255 0.0753369 -0.0213331 0.09192 -0.0146462 0.0201891 0.0985216 0.118344 0.0334255 -0.0165004 0.0687034 0.0486931 0.0656076 -0.0166796 -0.00662006 -0.0269376 0.00411143 0.0681595 0.110783 0.100069 0.0749219 0.024673 0.00528373 0.0425297 0.0367601 0.0566114 0.0406499 0.0865999 0.14947 -0.0012029 0.069244 0.061978 0.04648 0.00566122 0.100931 0.0827341 0.151433 0.0898844 0.107968 0.0943372 0.107524 0.0790801 0.120466 0.101365 0.0332007 0.0366155 0.117674 0.123722 0.111357 0.0294444 0.0493781 -0.0195254 0.174292 0.0357141 0.0938995
internal_weight=5351.73 1468.87 1093.68 3882.86 623.065 375.191 508.231 470.612 499.616 336.145 3374.63 207.191 1538.74 77.762 13.2425 134.467 171.436 1460.97 330.639 128.955 86.5113 354.225 336.795 1835.89 64.5194 10.9667 120.679 95.5078 276.965 149.761 123.449 119.154 109.887 37.5719 23.2088 11.0146 5.83347 241.207 236.354 183.283 92.3059 50.9143 4.33983 20.966 25.1716 4.23556 40.6103 53.0716 43.0405 25.3159 57.8293 37.5741 106.662 53.6748 5.26575 32.3888 28.6773 168.977 60.781 1219.77 25.2595 9.07388 21.6751
internal_count=534717 94861 54514 439856 39670 40347 48742 14844 29438 13233 391114 5773 170770 8016 1039 1611 14053 162754 17358 7460 3060 39451 34689 220344 6977 1129 2713 2235 13241 12733 10232 7207 6868 3300 2018 912 474 25050 11225 8848 4963 5736 415 896 478 345 2016 2377 1906 1143 1260 851 6751 4117 395 1549 1422 12080 4116 137704 379 838 1320
is_linear=0
shrinkage=0.03


Tree=8
num_leaves=64
num_cat=0
split_feature=66 44 52 47 24 180 13 6 24 189 21 180 55 22 226 44 66 1 1 62 62 47 60 112 22 22 53 132 1 227 157 177 185 53 189 240 223 66 136 65 195 266 26 205 101 22 204 137 2 213 48 92 22 189 94 22 223 56 246 140 1 79 132
split_gain=3777.27 879.366 848.896 413.284 406.427 333.003 265.125 149.193 140.685 139.755 137.469 122.283 102.346 88.1502 95.9139 89.04 84.7863 79.5539 78.6218 78.6138 78.5949 76.5964 74.9843 70.6162 93.4503 68.8684 66.5608 61.673 59.9113 66.9321 59.1645 55.5457 56.4527 54.9071 54.5872 54.507 52.5379 51.6268 51.6029 49.8293 49.8281 48.0313 45.1235 44.2471 43.8767 56.8557 89.5536 43.6382 42.2818 41.1932 40.8308 40.7773 40.2262 41.4793 39.6687 39.5548 39.5508 39.3038 39.2402 81.8719 38.2426 75.3853 38.0268
threshold=906.09582160022603 1.0000000180025095e-35 1.5000000000000002 2358.6269094291715 1.0000000180025095e-35 -1.0000000180025095e-35 1.0000000180025095e-35 22532.179233133298 1.0000000180025095e-35 -1.0000000180025095e-35 1.0000000180025095e-35 -1.0000000180025095e-35 409.25375248207388 6061.8994864039369 -10.499999999999998 1.0000000180025095e-35 1.0000000180025095e-35 202102.50000000003 202001.50000000003 32.156189999888007 -109.17806647243999 10885.675883379003 4179.6615893062435 157.50000000000003 16379.165308415812 22102.248524378836 747.05968637156559 87289.228507461012 202101.50000000003 -5.4999999999999991 4.5000000000000009 -841.72880760484486 1.0000000180025095e-35 32333.945721628075 8125.9187130718901 28.500000000000004 1.0000000180025095e-35 1843.454010978747 2.5000000000000004 -5319.5767344238275 1.0000000180025095e-35 36.288754753273516 1.0000000180025095e-35 -7852.6570522006759 86164.343458744042 22102.248524378836 -4423.740426832398 1753.5277277775901 1.0000000180025095e-35 1.0000000180025095e-35 743224.74183769512 268512.25268120406 22102.248524378836 8125.9187130718901 4365.5000000000009 11048.616865327827 -1.0000000180025095e-35 1.0000000180025095e-35 2738.8435832542268 1.0000000180025095e-35 202104.50000000003 1832.9773766751007 63329.823167259543
decision_type=8 8 10 10 2 10 2 8 2 8 2 10 2 2 10 10 10 2 2 10 8 10 8 8 2 2 10 10 2 10 8 10 8 10 10 10 10 8 8 10 8 8 2 10 10 2 10 8 2 10 8 10 2 10 10 2 8 8 10 8 2 10 10
left_child=2 3 6 4 7 42 10 17 25 13 34 -4 21 15 18 20 43 27 -15 37 56 22 -5 24 -21 30 55 52 29 39 -7 32 57 -14 -1 44 49 -19 47 41 -37 -22 51 -12 45 46 -11 -32 -44 50 -30 -3 53 -2 -39 60 -8 -18 -35 -60 -13 -62 -24
right_child=1 5 11 12 -6 8 9 -9 -10 35 16 26 33 14 -16 -17 31 19 -20 23 28 -23 62 -25 -26 -27 -28 -29 36 -31 38 -33 -34 58 -36 40 -38 54 -40 -41 -42 -43 48 -45 -46 -47 -48 -49 -50 -51 -52 -53 -54 -55 -56 -57 -58 -59 59 -61 61 -63 -64
leaf_value=0.10393190913715848 0.040767229386848687 0.060936403629417171 0.069893649322336313 0.037084986267036602 -0.022407114548945947 0.19292528616603694 0.11737513789819966 0.0056746289502637576 -0.018097348242711191 0.21658606336740457 0.10517160626155282 0.033127703101366139 -0.027942049792166451 0.1904452760111876 0.0070612847552841522 0.16662301538464852 0.19988104674749096 0.15340955289937105 0.014194465201696982 0.27975223407955163 0.088611501305528001 -0.020066983161266084 -0.010329984228922149 0.017520978559761261 0.03986054173765697 0.010771216084451031 -0.0013106731890924295 0.17486890670172928 0.056757465776582264 0.051945748189053419 0.13192385505634505 0.0034186218929651434 0.016837684507490118 -0.0091367647835871504 0.17546551548084016 0.030783879938553048 0.18130780585011955 0.032973300030321936 0.03439727239880868 0.075836376421021423 -0.016913864341306133 0.2156509535028153 0.15587995514383501 0.051790444276490433 0.17824556961974547 0.0060554384109797865 0.055047236251425602 0.01858566792198638 0.086955434587457373 0.1300927537876512 0.10655731661180473 0.13463705132588036 -0.014723749787554143 -0.010325097799772349 0.13588569471586878 -0.014669514718520694 0.0089021577180101764 0.074729309243172962 0.25738139227045509 0.020633272931873319 0.010859059695639689 0.27460763277969036 0.058195101537087283
leaf_weight=138.87131544854492 109.70044202823192 41.883406141772866 29.148017013445497 35.579997831955552 317.17828809283674 2.9408828727900982 3.4420424746349454 216.41260625887662 63.875163706019521 3.2684699269011608 40.493894297629595 66.547247800976038 1640.1201677750796 5.2863151682540757 38.367737540975213 8.7111037326976639 3.6389574510976646 4.3986317496746796 4.0024864608421922 4.6368157789111111 5.2596504129469377 1158.8047616472468 320.20106410980225 2.4981601983308801 2.1341400500386953 42.074579921551049 270.81736599188298 2.6285914042964569 36.182731981389225 111.55793254170567 11.031606923788782 25.379242475144565 8.7504826597869414 36.89532429818064 10.313984193839131 100.945113748312 5.915358778089284 30.699329824186862 34.972252314910293 24.677904257550836 24.494667435996234 5.4579616915434599 14.702499717473982 21.339573875069618 2.4380760034546247 20.561421799473464 56.147509211674333 4.2297076722607025 17.598302123136818 16.868919624015689 25.093837488442659 8.0560161694884282 17.261076693423092 16.444647855125368 3.7867838134989134 15.327367041260002 24.980790537782017 5.9529188601300129 1.5638469746336312 8.2494446504861116 2.1720080757513638 1.7702357629314063 7.4581833910197011
leaf_count=1924 7415 1542 1269 3375 37768 96 195 19202 7164 133 519 5446 202818 260 2861 128 179 231 218 253 188 133821 35054 177 165 3046 27356 164 1428 4318 438 1541 492 4188 179 6164 171 2104 1995 973 2065 150 284 376 118 1630 2716 185 564 390 544 149 1477 1345 280 1475 1534 296 158 936 151 140 796
internal_value=-0.000586134 -0.0139022 0.0472025 -0.0173102 0.00310057 0.0416816 0.0652372 0.0228046 0.0163488 0.0530257 0.0903399 0.0108137 -0.0219393 0.065599 0.0280023 0.0722809 0.0641401 0.0418949 0.1145 0.0753339 0.0691131 -0.0162991 -0.00427861 0.153844 0.204141 0.0394488 0.00598503 0.0308687 0.074905 0.0633502 0.0621401 0.0321652 0.0719403 -0.0270287 0.108877 0.0339223 0.0951049 0.0566191 0.0544834 0.099294 0.0214699 0.153307 0.0906972 0.086749 0.0528754 0.0490536 0.0639335 0.100512 0.118328 0.0885796 0.0771514 0.0728255 0.0282292 0.0341067 0.0442737 0.0290085 0.0220384 0.122209 0.00504434 0.0583615 0.0385059 0.129293 -0.00877022
internal_weight=5342.2 4178.02 1164.18 3936.65 727.78 241.364 778.4 410.601 159.124 523.66 254.74 385.782 3208.87 315.805 47.6565 268.148 105.555 194.189 9.2888 48.1539 259.437 1522.04 363.239 9.26912 6.77096 95.249 356.634 146.035 231.014 146.953 53.1744 43.7216 18.3424 1686.83 149.185 207.855 84.0608 38.8847 50.2336 35.3955 125.44 10.7176 82.2402 61.8335 82.4155 79.9774 59.416 15.2613 32.3008 78.1455 61.2766 49.9394 143.406 126.145 34.4861 85.8169 28.4228 9.59188 46.7086 9.81329 70.4895 3.94224 327.659
internal_count=534717 467190 67527 451727 70581 15463 31690 32813 12924 26184 5506 35837 381146 13358 3339 10019 3403 13611 478 3210 9891 173046 39225 595 418 5760 34568 10401 8162 5629 2714 2508 967 208100 2103 12826 2533 2615 2618 1311 8229 338 2539 895 4597 4479 2849 623 848 2362 1972 1691 10237 8760 2384 7212 1729 475 5282 1094 5737 291 35850
is_linear=0
shrinkage=0.03


Tree=9
num_leaves=64
num_cat=0
split_feature=12 16 16 24 13 181 20 11 44 266 87 68 107 16 24 44 55 204 2 63 107 213 213 114 205 83 11 162 124 172 114 230 44 107 49 62 51 5 185 205 48 206 2 5 204 75 114 153 132 65 2 90 215 188 86 188 213 10 57 65 271 252 50
split_gain=4254.23 1290.57 466.971 311.524 212.758 174.05 144.74 144.363 126.624 95.3533 114.835 108.477 95.6225 154.71 89.8431 82.2503 80.7378 77.2153 74.8129 74.5651 72.3372 69.5367 69.4547 63.6721 62.8768 61.8373 52.8143 52.4436 51.4319 55.888 50.5337 50.1473 47.9931 44.8532 43.6859 42.8513 55.2848 42.7001 50.2179 42.6501 42.2471 40.7661 39.075 38.0995 37.6608 36.8536 49.6238 40.4442 36.7339 36.6826 36.5739 37.3812 38.1847 39.9872 36.5111 36.4878 36.4231 35.748 40.3922 35.3679 35.1468 35.0849 34.1599
threshold=1689.3715546979363 2.5000000000000004 1.5000000000000002 1.0000000180025095e-35 1.0000000180025095e-35 -1.0000000180025095e-35 787.26237430892422 -55.312603706060493 1.0000000180025095e-35 8233.521365449853 59.500000000000007 -6663.7197524214325 32381.79083585765 12.500000000000002 1.0000000180025095e-35 1.0000000180025095e-35 409.25375248207388 -1297.9716693420935 1.0000000180025095e-35 509.68556615917061 98.519622260016007 1.0000000180025095e-35 1.0000000180025095e-35 27355.168656028673 1.0000000180025095e-35 1.0000000180025095e-35 -6862.9602080940704 10.500000000000002 8.5000000000000018 999.82160016607315 8169.0716459443038 -2930.7313079027913 1.0000000180025095e-35 3621.7383215048017 11.500000000000002 1220.1575310402302 5440.060890668331 1305.8088427080277 -1.0000000180025095e-35 -28352.280938027299 67803.190720758008 -1.4999999999999998 1.0000000180025095e-35 -1080.7022017230527 -25415.581026849799 1.0000000180025095e-35 -1.0000000180025095e-35 94690.497299989875 77637.595122878658 -3642.4416024394509 1.0000000180025095e-35 -1763.4999999999998 1464.0107126935761 -2227.3860837949082 1.0000000180025095e-35 -2227.3860837949082 1.0000000180025095e-35 6.5000000000000009 30.500000000000004 -10773.910876795324 -799.79390005849757 28.500000000000004 1353.5000000000002
decision_type=2 2 2 2 2 8 2 2 10 10 10 8 10 2 2 10 2 10 2 8 10 10 10 8 10 10 2 8 10 10 8 8 10 10 8 8 8 10 10 8 8 8 2 10 8 10 8 10 10 10 2 8 8 10 10 10 10 2 10 8 8 8 8
left_child=1 4 3 5 7 -2 14 24 56 10 18 12 55 -14 15 17 19 40 21 30 -17 26 27 48 42 61 34 28 29 -19 33 -27 41 57 35 -3 -37 -23 -39 -16 -6 -25 43 -1 -9 46 -46 -48 50 -44 51 -7 -53 -54 -15 -11 59 58 -4 -5 -21 -24 -63
right_child=2 9 16 8 6 23 -8 44 -10 11 -12 -13 13 54 39 20 -18 22 -20 60 -22 37 25 32 -26 31 -28 -29 -30 -31 -32 -33 -34 -35 -36 36 -38 38 -40 -41 -42 -43 49 -45 45 -47 47 -49 -50 -51 -52 52 53 -55 -56 -57 -58 -59 -60 -61 -62 62 -64
leaf_value=0.13267727548502603 0.072476740602603909 0.022474016538456688 0.17532937110838068 0.066965631253123659 0.08296623709446202 -0.023371008954359219 0.0037586505850586739 0.12136612023777402 0.068716439903698259 0.15071966404242637 -0.014090895550509909 -0.0014951709421120868 0.36705407689712616 0.1711879855384664 0.11193037231936351 0.16282590727223101 -0.02716148784723341 0.056670181523294498 0.0012139178279955071 0.0090977438947222149 0.068306821443719898 0.046537399418164468 0.15095524117654727 0.13663000439605608 0.016878886292178805 0.093326065203249445 0.014802587234629868 0.040100745801019862 0.18438888655499541 0.092842156786981836 -0.012097318079065323 0.22746428620457565 0.1319751661201673 -0.018365025559803259 0.20670935124001191 0.26726028818156272 0.024091700761332435 0.22850951962608684 0.061268283008720129 -0.00051428160570216605 0.027198515075067754 -0.00033156435584432001 0.092001744172262756 0.096322191264001475 0.16742538799794829 0.01416127221218755 0.027160645463139423 0.13802541272387411 0.11405511268021334 0.052282946386401713 0.0066010121334313995 0.036530076107919557 0.17642139050103123 0.041413478091013256 -0.015525614530218813 0.013051184707886656 0.096512696838223833 0.01332851469890182 0.046037253517795779 -0.022692327123389359 -0.021745898000993205 0.04319467836861899 0.094262674648148165
leaf_weight=32.81485118996352 52.263046590611339 9.062598832882939 2.4798424020409611 4.0074344081804156 14.009468995966015 8.4342919718474132 50.684888513758779 4.8943690853193402 14.842053646221755 2.3151404904201618 240.75670202728361 15.583628720603883 2.7885143626481304 1.7838613661006095 3.3537881746888161 12.516258119605483 1646.5299237491563 207.71810947451741 146.3154819579795 34.287217142991722 17.443049200810492 6.9985763533040863 5.4175979448482412 1.9755374891683457 9.7171273566782457 5.0551621150225401 74.367183890193701 109.66403325274587 3.1999879097566 47.173486256040633 193.00695532653481 4.9787477953359467 2.5514777572825542 25.1723568784073 2.0243840888142577 1.7130431812256564 1.6538392361253502 3.5886887367814779 2.9394708927720785 32.027713226154447 96.018344341777265 196.6320658037439 68.195845663547516 123.89953764248639 3.476985021494329 33.52273281943053 18.082382623106248 3.5415245564654461 4.3571602813899508 30.192233593203127 56.715261723846197 80.07864011451602 3.7636624444276094 4.1532958550378671 1.9986318852752445 6.8871306972578159 2.365179816260933 41.931353491730988 17.672135094180703 333.20152592565864 1099.5431837458163 22.16025372594595 25.187609006650746
leaf_count=329 2193 714 246 392 942 589 3363 168 375 166 26106 1500 135 142 205 171 208824 9070 13724 3884 284 441 126 159 257 168 6460 4884 124 1389 21249 143 76 2765 166 136 160 216 181 2674 6341 17127 679 1422 131 2254 760 132 273 996 4461 5513 200 222 163 571 238 4298 1722 40306 130320 682 610
internal_value=-0.000593602 0.042123 -0.0174049 0.00355424 0.0623188 0.0213295 0.052459 0.0820362 -0.0170551 0.00392685 0.000677557 0.054642 0.110104 0.197516 0.0565328 0.0594095 -0.022646 0.056728 0.0149764 -0.0173882 0.107795 0.0346512 0.0624596 0.0138764 0.0917785 0.0916177 0.0250012 0.0574805 0.0648652 0.0633646 -0.00353208 0.159884 0.00269167 0.015414 0.0774744 0.0564259 0.147814 0.0980164 0.153205 0.0101443 0.0342992 0.00103078 0.0946315 0.103935 0.0414185 0.0347438 0.0622323 0.0453179 0.0281614 0.0798133 0.0257176 0.0369611 0.0427439 0.105595 0.0725304 0.0476863 -0.020804 0.02911 0.0619476 -0.0216268 -0.0208132 0.0786361 0.0703613
internal_weight=5331.69 1505.72 3825.96 765.341 984.946 410.924 656.608 328.338 354.416 520.777 489.42 31.3569 15.7733 6.57101 605.924 570.542 3060.62 540.583 248.663 1414.09 29.9593 102.348 430.555 358.661 264.82 62.7994 88.821 367.756 258.092 254.892 280.263 10.0339 201.159 87.2557 14.4539 12.4295 3.36688 13.5267 6.52816 35.3815 110.028 198.608 255.102 156.714 63.518 58.6236 25.1009 21.6239 157.502 98.3881 153.145 96.4299 87.9956 7.91696 3.78249 9.20227 339.574 62.0833 20.152 337.209 1133.83 52.7655 47.3479
internal_count=534717 89285 445432 72124 38304 30813 31176 7128 41311 50981 48304 2677 1177 440 27813 24934 373308 24479 22198 164484 455 8474 17196 28620 3683 1729 7636 15467 10583 10459 30280 311 17362 9031 1176 1010 296 838 397 2879 7283 17286 3426 1751 3445 3277 1023 892 11258 1675 10985 6524 5935 422 305 737 40936 6266 1968 40698 134204 1418 1292
is_linear=0
shrinkage=0.03


Tree=10
num_leaves=64
num_cat=0
split_feature=33 12 34 12 15 44 195 17 203 23 16 132 14 1 255 227 23 17 114 33 88 90 148 223 246 204 259 45 40 217 264 112 1 14 145 68 122 90 130 227 271 1 148 173 53 90 177 62 87 108 57 8 14 122 223 230 57 14 89 204 212 4 57
split_gain=4195.23 724.077 515.938 310.507 205.855 161.258 149.67 140.767 107.972 95.5914 133.195 120.895 94.3661 84.2988 116.369 111.702 78.0411 71.3999 64.815 62.3681 60.6683 60.6044 55.7127 54.5723 53.9562 53.6501 52.9212 52.7132 53.835 52.1911 63.3893 52.041 47.6796 48.4489 47.2734 57.3282 45.019 42.5896 41.5626 48.7023 45.8886 41.3377 46.3427 45.2569 40.071 39.5142 51.6741 39.0819 38.362 38.5285 37.7604 36.8123 43.052 35.8641 40.4318 35.6582 34.1857 33.512 38.3562 58.2584 33.3998 31.9112 40.7812
threshold=37.500000000000007 1689.3715546979363 1.0000000180025095e-35 1689.3715546979363 1.0000000180025095e-35 1.0000000180025095e-35 1.0000000180025095e-35 6445.3348615886898 1.0000000180025095e-35 1.0000000180025095e-35 3.5000000000000004 63329.823167259543 -4982.6333742458692 202051.50000000003 7766.7054609720599 -12.499999999999998 1.0000000180025095e-35 965.52671810684058 11960.651828539934 70.500000000000014 1.0000000180025095e-35 -1337.4999999999998 4953.5000000000009 1.0000000180025095e-35 6068.238004045711 -34148.258643028406 -2.4999999999999996 92229.077479872081 2402.5000000000005 -3.4999999999999996 -1.0000000180025095e-35 173.50000000000003 202051.50000000003 1379.0064308879853 854.75263658961114 -1.0000000180025095e-35 -3408.3288334506119 -1384.4999999999998 22728.596983047555 9.5000000000000018 -1635.4193434705294 202102.50000000003 4367.5000000000009 -1.0000000180025095e-35 32333.945721628075 -562.49999999999989 -22.550782443218022 32.156189999888007 1.0000000180025095e-35 7.5000000000000009 27.500000000000004 479.85332398892007 35152.103847702405 3454.7102022794256 1.0000000180025095e-35 -3196.31128762049 34.500000000000007 -8150.6279628174116 291455.74556643027 -9249.5861002840957 1.0000000180025095e-35 70.500000000000014 50.500000000000007
decision_type=2 2 10 2 2 10 8 2 10 2 2 10 2 2 10 10 2 2 8 2 10 10 8 10 10 8 10 10 8 10 8 8 2 2 8 10 10 8 10 10 8 2 8 10 10 10 8 10 10 8 8 10 2 8 8 10 8 2 8 10 10 2 10
left_child=1 4 3 7 8 16 13 20 25 10 11 18 31 14 26 -16 17 51 41 21 38 -13 -4 27 -9 -1 -6 -15 60 30 -26 -8 -19 -34 55 -36 48 -25 39 40 -2 -5 47 -44 -11 46 -30 -43 49 -28 -14 52 -3 54 -42 -27 -35 58 59 -46 -29 62 -37
right_child=2 5 22 9 6 -7 12 24 -10 44 -12 19 50 23 15 -17 -18 32 -20 -21 -22 -23 -24 37 29 34 36 28 45 -31 -32 -33 33 56 35 61 -38 -39 -40 -41 53 42 43 -45 57 -47 -48 -49 -50 -51 -52 -53 -54 -55 -56 -57 -58 -59 -60 -61 -62 -63 -64
leaf_value=0.11644841912203813 0.18885549798940041 0.042655428451949286 0.063227413575549868 0.0073856023510526485 -0.00072089890453618454 0.11252659473734276 0.025030444974657177 -0.010190441112685196 -4.9171198017579155e-05 -0.026791436452044889 -0.020556619736496931 0.089612942784015798 0.13129745754299577 0.043610410577537929 0.29675325611886483 0.056124154807330837 -0.018495499158028724 -0.011486104566318857 -0.0080749919442262477 0.040704021522078471 0.12226108508172978 0.30374190378729071 0.14586377667614475 0.053285701862810682 0.21993354671527857 0.10608863696463637 0.067405276174662188 0.05516699133650281 0.2152706266667046 -0.00066704839418987969 0.015567915304472844 0.092394663707670702 0.076718447308799037 0.10242417985059318 0.075226283824797138 0.0868281181175624 0.037001757057077117 0.15597000930437627 0.0025437389342507877 -0.0075525013842458119 0.051652625727168111 0.011216984103113 0.048024865200283831 0.23017295248918074 0.29687159946526603 0.054940277726290281 0.10800956534206715 0.1465885005283605 0.05381439081125277 0.16016969468218589 0.0066159184753106825 -0.0025398026604399535 0.0096554992191752852 0.021182113480628279 0.16163715629599179 0.058567474188510368 -0.00025287472294050557 -0.0095059483361580079 0.0085941696144083164 0.01419368688187443 0.12489499942670383 0.02478778003123187 0.0088663042784505024
leaf_weight=27.952139923349023 1.9125521676614878 110.91716521792114 42.211577582173049 24.588605250231922 23.820207855664194 13.69518985506147 19.391303106211126 331.19806085154414 17.365785853937268 1863.6628612345085 1079.7081052232534 2.9930500322952867 2.2249101493507615 55.213300266303122 3.1927273171022534 3.8059529028832904 81.61696685757488 113.26093412563205 233.07381481956691 8.4284764770418388 5.616665161214768 1.9742529140785325 8.8888881746679527 5.3121494287624955 2.871242456138134 57.254255181178451 10.128825951367618 48.018518397584558 5.4706786219030619 7.0689467750489694 2.6055454611778259 22.066042913123965 11.759130134247242 3.1618271544575682 216.24069347139448 22.707475389353935 168.1126319328323 11.516194682568313 62.083090708591044 20.901167084462941 36.716870291158557 10.082075464539232 2.2914200406521559 2.6444762721657744 1.2831379333510997 7.2937655430287114 15.4823967833072 2.3707192037254563 69.434840186499059 6.6918449383229008 125.40778094436973 33.299907057546079 52.384265196509659 42.93919928278774 3.2766160238534203 18.90300044324249 37.900674710981548 38.963683004491031 4.5963649265468121 1.3429099824279536 7.096293441951274 36.920216248370707 8.2262558480724675
leaf_count=266 108 7133 734 1951 1195 188 1267 35451 843 241363 130367 179 162 2096 104 267 9809 12120 22661 620 152 141 205 208 207 706 200 2141 249 684 239 1195 1000 280 3257 845 8811 386 4778 1486 2331 797 161 153 126 325 584 160 3095 146 9435 2607 4185 3077 205 297 3747 4537 472 138 196 1517 372
internal_value=-0.000599486 0.0424478 -0.0170879 -0.0183628 0.0565738 0.0111343 0.045556 0.00324045 0.0731366 -0.0217713 -0.0157185 0.00239152 0.0215623 0.0547643 0.0450775 0.165897 0.00800893 0.0139734 -0.00189465 0.090398 0.0252738 0.174718 0.0776019 0.0725409 -0.00787716 0.0764105 0.0420379 0.0663457 0.081404 0.0531918 0.122708 0.0608857 -0.000508911 0.0230286 0.0733039 0.0676772 0.046042 0.123556 0.022028 0.0334671 0.0435721 0.032421 0.0678224 0.145613 -0.0261074 0.11508 0.136015 0.0369885 0.0636616 0.10431 0.00878938 0.0262076 0.0320696 0.0402216 0.0606635 0.0942934 0.00765329 0.00149619 0.0608509 0.152316 0.0641448 0.0436195 0.0660956
internal_weight=5319.54 1473.25 3846.29 3795.19 1015.25 457.996 609.68 517.19 405.57 3278 1368.15 288.447 169.09 440.59 285.187 6.99868 444.301 362.684 275.051 13.3958 173.446 4.9673 51.1005 155.403 343.744 388.204 278.188 138.575 83.3617 12.5457 5.47679 41.4573 166.083 52.8216 360.252 284.095 254.368 16.8283 167.829 105.746 84.8452 41.9773 17.3887 4.9359 1909.85 28.2468 20.9531 12.4528 86.2555 16.8207 127.633 196.601 163.301 82.9327 39.9935 76.1573 41.0625 46.1861 7.22241 2.62605 55.1148 67.8539 30.9337
internal_count=534717 81234 453483 452544 40165 41069 32062 48718 8103 403826 157190 26823 12059 20003 13818 371 40881 31072 25883 940 12137 320 939 6185 36581 7260 13447 5591 3495 1130 446 2462 17147 5027 6994 5991 12252 594 11985 7207 5721 3222 1271 314 246636 1158 833 957 3441 346 9597 13925 11318 5613 2536 1003 4027 5273 736 264 2337 2734 1217
is_linear=0
shrinkage=0.03


Tree=11
num_leaves=64
num_cat=0
split_feature=33 12 34 12 15 15 226 195 165 23 47 186 78 33 75 266 226 9 267 157 130 9 45 215 224 60 204 257 152 9 130 145 122 45 130 2 181 107 266 71 226 215 3 27 60 57 36 225 174 2 170 187 32 47 210 171 93 226 174 211 23 204 93
split_gain=3868.54 623.057 469.84 302.823 179.066 137.869 130.289 125.498 97.0956 95.7879 123.861 89.7745 85.4901 79.1637 76.6354 73.0727 66.1514 66.2728 64.8609 63.7773 59.7695 59.7338 58.7578 50.1599 50.3594 49.0866 45.4115 44.5541 44.1827 43.1847 40.1587 39.8334 41.2878 38.9519 38.6086 38.5188 43.5837 36.6817 49.7862 45.3415 59.3882 36.6047 34.0592 33.8957 33.6167 33.3512 33.1236 41.5069 32.554 32.4079 39.6931 32.0588 31.9126 30.8942 31.9471 33.8507 30.6729 30.5758 32.9815 30.2139 30.1307 29.4387 29.0648
threshold=37.500000000000007 1689.3715546979363 1.0000000180025095e-35 1689.3715546979363 1.0000000180025095e-35 1.0000000180025095e-35 -25.499999999999996 1.0000000180025095e-35 -1.0000000180025095e-35 1.0000000180025095e-35 5182.4822904395869 -1.0000000180025095e-35 83864.525504872159 70.500000000000014 5.5000000000000009 -42.129456323957974 -4.4999999999999991 259.3118754514781 1628.4052540621324 20.500000000000004 57681.993140000006 401.27894944712506 61022.871648682209 424.42881775347217 7.5000000000000009 9890.4967436944771 -34148.258643028406 6965.2188794128024 1.0000000180025095e-35 26.044188277668002 6381.457457602216 854.75263658961114 -1.0000000180025095e-35 150026.99407926411 29324.945676766791 1.0000000180025095e-35 -1.0000000180025095e-35 32381.79083585765 8233.521365449853 45779.279042508155 -2.4999999999999996 615.46399258975009 53.500000000000007 1796.6678753028243 11745.230476093739 38.500000000000007 -821.49999999999989 1.5000000000000002 -18.379024122689994 1.0000000180025095e-35 -728.14806813759571 -1.0000000180025095e-35 59.500000000000007 24296.357580347099 -169.49247011161694 181.72799666918448 4.5000000000000009 -1.0000000180025095e-35 -18.379024122689994 -2554.8143908387465 1.0000000180025095e-35 -3884.1159669388767 1.5000000000000002
decision_type=2 2 10 2 2 2 8 8 10 2 10 8 10 2 10 8 10 10 10 8 10 8 10 10 10 8 8 8 10 10 10 8 10 10 10 2 8 10 8 8 10 10 2 2 8 8 8 8 10 2 10 10 8 10 8 10 8 10 10 10 2 10 10
left_child=1 4 3 6 14 19 8 16 -2 10 12 -8 25 23 26 -14 18 20 30 -3 46 41 48 -13 -25 35 -1 -4 -27 33 52 -28 42 -10 43 36 -5 -11 -39 40 -40 60 49 57 -12 -20 56 61 -9 -33 -51 -16 53 54 -6 -56 -18 -21 -59 -31 -7 -48 -43
right_child=2 5 27 9 7 21 11 22 29 37 44 13 15 -15 51 -17 17 -19 45 34 -22 -23 -24 24 -26 28 31 -29 -30 59 -32 32 -34 -35 -36 -37 -38 38 39 -41 -42 62 -44 -45 -46 -47 47 -49 -50 50 -52 -53 -54 -55 55 -57 -58 58 -60 -61 -62 -63 -64
leaf_value=0.1075965656130748 0.15900583829117684 0.10121250587931874 0.05413460133660121 0.18832382113713456 0.16116485917229581 0.017591536449225745 0.18366414090922581 0.083173534198682203 0.14243152836454179 -0.026635616634308346 -0.0077143297090520686 0.0067226126753638935 0.25458041639034934 -0.013367217973008773 0.077042930511716359 0.047350459419865862 0.051487044218780274 0.0017201469539353787 0.21765102794190383 0.010765062774708402 0.0084570844806822944 -0.0068324228059095061 0.012998483943353534 0.035837455769739679 0.16633466446753203 -0.0070432243828141275 0.086497017344839874 0.11522799552843095 0.14704317222781854 0.062919783508775015 0.0063432880161456333 0.088379446333705938 0.044036157701253922 0.01992276248743341 0.0027632257508296509 -0.013465502472979809 0.03988449524292511 -0.015682518803245407 0.24503613591464099 0.0041875127289610833 0.016275918074726586 0.090523653697404519 0.050869171464198761 0.15425470589822332 -0.022389604872030008 0.10355610176457247 0.127938691025868 0.091536120593665879 0.010671891401466529 0.085491992502962647 0.037396871211732761 -0.0054149572277364822 0.1617413127172527 -0.02149717375765816 0.052840731501636755 0.11267281792091734 0.023422194955902913 0.025005713120709344 0.12641600823540672 -0.0058211317469258912 -0.016406691054719359 0.051447737459250693 0.017253419462582378
leaf_weight=27.63288333825767 6.5780832739546886 17.10815051663667 39.5884556369856 1.9158175848424432 3.5924638863652945 140.59389904141426 2.3467497210949659 18.634170711971823 5.3576381648890656 1819.232906257268 166.30351415462792 192.14852506760508 1.9990422036498783 261.87429415388033 5.5885641686618355 6.5465836552903038 126.61273908987641 28.803474639542401 3.8450199272483561 11.427461778745059 30.000210769474506 210.82496852008626 146.04274732898921 15.800558567978443 3.2005721144378176 226.55655406694859 80.20199113804847 14.744785411283372 1.6872837496921409 8.2196371238678676 8.8607414122670871 91.572459949180484 78.638259928673506 4.1413230998441577 20.562446259893477 12.394778089597819 25.148183980956677 32.905641295947134 2.173194145783782 5.2144648069515833 1.9270476568490238 10.138886094093325 63.148264435119927 2.9109201217070213 904.83364226389676 5.7599571375176319 4.7114719161763778 34.931138028390706 7.9525449639186254 29.461624378338456 32.458875595591962 17.631409491412342 3.5820836648344985 3.1761512421071521 33.209539094008505 11.442468916065989 48.464646434411407 5.3350590383633971 6.28854941111058 19.189174497965727 28.159474920481443 116.51770186331123 9.380670137703417
leaf_count=249 270 328 630 97 191 11478 58 1039 240 241753 19590 17113 146 27426 33 425 5122 1923 114 607 2148 21981 10533 1169 235 21673 1004 309 107 493 525 1110 2763 264 1390 1012 1808 3969 163 577 174 589 951 119 112332 218 207 1340 487 502 594 897 171 194 1362 425 2149 269 303 1450 3403 3914 602
internal_value=-0.000604014 0.0397289 -0.0168693 -0.0181459 0.0523828 0.0106742 0.00311815 0.0423003 0.0528225 -0.0215842 -0.0154919 -0.00142869 0.00241895 -0.00234697 0.067427 0.0958269 0.0504322 0.0455135 0.0765458 0.0516842 0.0490054 0.0041355 0.0204662 0.0113207 0.0578186 -0.000562827 0.0704797 0.0707139 -0.00590415 0.0338974 0.0656142 0.0677482 0.0626557 0.0890206 0.0334714 0.0303333 0.0503923 -0.0259941 0.0016501 0.0628803 0.137523 0.0164172 0.0694144 0.057793 -0.0201111 0.14923 0.0526778 0.0627228 0.061487 0.077044 0.0602804 0.0144309 0.0751625 0.0691313 0.0750977 0.0681732 0.0437182 0.0456117 0.0798702 0.0147936 0.0119183 0.0544205 0.0553116
internal_weight=5307.23 1525.2 3782.03 3727.7 1062.47 462.73 518.857 636.139 43.4859 3208.84 1347.39 475.371 276.248 473.024 426.334 8.54563 463.51 390.041 73.4684 63.6326 361.238 399.098 172.629 211.15 19.0011 267.703 403.114 54.3332 228.244 36.9078 63.8634 375.481 295.279 9.49896 46.5244 39.4588 27.064 1861.45 42.2203 9.31471 4.10024 188.273 216.641 25.962 1071.14 9.60498 331.238 156.16 26.5867 153.493 61.9205 23.22 55.0027 51.4206 48.2445 44.652 175.077 23.0511 11.6236 27.4088 168.753 121.229 19.5196
internal_count=534717 81234 453483 452544 40165 41069 48718 32062 2717 403826 157190 46001 25268 45943 8103 571 20003 16803 3200 3016 14880 38053 12059 18517 1404 24697 7173 939 21780 2447 2868 6924 5920 504 2688 2917 1905 246636 4883 914 337 16072 3157 1298 131922 332 12732 5461 1526 2206 1096 930 2343 2172 1978 1787 7271 1179 572 1943 14881 4121 1191
is_linear=0
shrinkage=0.03


Tree=12
num_leaves=64
num_cat=0
split_feature=17 23 141 11 13 22 161 23 117 11 266 1 191 17 1 22 130 209 204 7 183 86 0 53 11 11 139 227 1 130 227 213 133 11 57 45 10 4 204 235 114 10 210 133 20 114 1 227 32 266 160 225 57 122 200 143 61 235 221 114 193 8 82
split_gain=3157.64 923.717 337.264 288.409 171.891 157.964 149.436 139.956 133.168 109.236 120.32 102.739 101.823 86.353 82.2334 77.4019 76.3959 73.006 67.8467 66.0648 64.1696 67.2999 62.7822 60.8479 60.2222 53.4338 63.0368 51.622 51.2532 51.1111 50.7358 49.2693 44.3104 43.0996 42.8493 50.2978 49.6125 47.1899 42.8306 42.4108 42.0784 41.9487 46.2049 41.3072 41.137 39.3984 37.8652 37.699 48.9808 43.4213 58.0188 37.4476 36.3746 35.8619 35.6247 43.502 31.8636 31.3624 38.8865 31.1565 30.2796 30.0661 30.1462
threshold=965.52671810684058 1.0000000180025095e-35 46.500000000000007 -1.0000000180025095e-35 1.0000000180025095e-35 22102.248524378836 9976.7926047953788 1.0000000180025095e-35 218.41844885854502 -8608.7084387945124 8233.521365449853 202101.50000000003 -1.0000000180025095e-35 13450.865976681167 202051.50000000003 34526.221657036804 6381.457457602216 -66769.952405897799 -3884.1159669388767 219.96194940011 -768.02578057047367 2.5000000000000004 27972480.500000004 32333.945721628075 -5633.4249138616551 -5633.4249138616551 1.0000000180025095e-35 -38.499999999999993 201956.50000000003 43065.84876869811 -5.4999999999999991 1.0000000180025095e-35 1832.7337924687929 -18859.875123774757 66.500000000000014 333645.67556197493 6.5000000000000009 136.50000000000003 -34148.258643028406 28016.96692156787 4232.0296503874888 6.5000000000000009 -56.245108374827161 2236.53397955125 1137.4373277406164 4232.0296503874888 202051.50000000003 -20.499999999999996 1.5000000000000002 220.19475537009302 4.5000000000000009 -44.499999999999993 40.500000000000007 -1467.7556563851019 -8527.7819770097576 331728.73830889439 115.60415717038902 1.0000000180025095e-35 1.0000000180025095e-35 4232.0296503874888 -5.4999999999999991 -830.90705281250791 9.5000000000000018
decision_type=2 2 8 2 2 2 10 2 8 2 10 2 8 2 2 2 10 8 8 10 10 10 2 10 2 2 8 8 2 8 10 10 10 2 10 10 2 2 8 8 8 2 10 10 2 8 2 10 8 10 10 8 10 10 8 10 8 10 10 8 10 10 8
left_child=1 3 8 4 28 11 33 9 14 10 47 30 -5 17 -2 16 19 22 -13 51 21 39 -11 -9 -10 26 -25 41 38 -30 44 57 -16 -3 35 36 -34 -37 -1 -12 -18 42 -19 -7 -6 61 -8 48 49 -4 -51 -14 56 -32 55 -28 -42 58 -20 -15 -23 -29 -63
right_child=2 6 7 12 5 43 46 23 24 13 20 18 15 59 32 -17 40 27 31 -21 -22 60 -24 25 -26 -27 54 45 29 -31 53 -33 34 -35 -36 37 -38 -39 -40 -41 52 -43 -44 -45 -46 -47 -48 -49 -50 50 -52 -53 -54 -55 -56 -57 -58 -59 -60 -61 -62 62 -64
leaf_value=0.11490178108026711 0.0044970235181870872 0.061326466304207405 0.033224986479109299 0.089317502095998341 0.06195427232469114 0.0048268907090295594 0.075561782020699159 -0.027505089584102801 0.03751030863803393 0.19739750753671356 0.11788848264419334 0.17778900964448641 0.12717723675704365 -0.0024107164099354439 0.030298651502699028 -0.0077694663962052518 -0.0010808353521199617 0.23888985816552186 0.058850339706372434 0.0058239279793632541 -0.0018661565271084494 0.12095329137225166 0.030016107569281605 0.1966745230101494 -0.0097289957024979234 -0.016581350643609053 0.23654326031334924 -0.0095388191170590903 0.068412741767414686 0.024045413080356855 0.044281292820016978 0.098265220412704746 0.12822333352861834 -0.017165597995578444 0.0074408646253268269 0.29673727636695063 0.032207307944866793 0.10669813038529306 0.074570823993682187 0.26563943453330302 0.087914149701457472 0.015068868541213523 0.049873760275312588 0.077050189024943733 -0.0061837694369719651 -0.01120619535479545 -0.018169001053512737 -0.014719758645668247 -0.00619550818956029 0.24004552906781126 0.018581436065172287 0.032065015871354338 0.066745090524372358 0.019521143887279189 0.0038259105553945134 0.008235912117461313 0.21573337830471859 0.011451253046372881 0.13730562999863491 -0.022242339892587632 -0.020224668105384851 0.090197263339572925 -0.0082512534738332817
leaf_weight=27.051703529432416 90.89381105825305 6.4215793916955581 9.4209014899097401 20.366724534891546 111.14770549815148 94.872853909619153 21.561747258994732 1567.4339316054247 26.392748455051333 2.765464364551006 3.8059857157059032 5.1263074511662126 3.8039452647790313 77.54858323186636 70.946341303177178 71.443109880201519 4.8826643954962492 1.7818618128076193 108.59776870533824 125.6355757554993 5.0996162844821802 2.5637652315199384 7.4499217933043838 2.2455672072246697 304.56701684882864 32.896122948732227 1.4591835737228396 10.104992344975473 73.321693380363286 34.30046437587589 111.81111336592585 35.30079872533679 7.9342123842798236 321.94994507683441 7.1107081659138194 1.8336735796183337 12.43287415942177 3.2787947854958475 191.18190638069063 3.2343114893883467 3.4988253712654176 13.864826451987026 3.3564257854595807 7.7060091616585842 8.5907034501433355 330.16873241635039 4.7299016527831546 50.081177533604205 17.387441028375179 2.5497057670727363 1.8278935784474013 180.84463708195835 12.532298588193951 99.492660231888294 12.295347101986406 1.5479355296120045 3.5223438628017902 11.728446328081189 6.0000094091519705 884.50786329619586 2.9297498050145796 8.953927732072767 4.0726061379536995
leaf_count=209 7201 290 842 262 3928 6551 621 214608 1938 246 183 124 253 9093 5114 5355 147 143 2978 9414 399 154 656 205 32120 3939 117 1028 885 802 3330 646 540 39161 526 141 923 239 2717 173 101 1389 274 233 513 36810 275 5482 1825 189 157 10490 556 4350 1317 158 162 365 143 110302 274 764 387
internal_value=-0.000606068 0.0329741 -0.0165915 0.0442725 0.0536726 0.0441514 -0.0101204 -0.0204025 0.00561459 -0.0136116 0.0168177 0.0511369 0.0238599 -0.0158498 0.02532 0.0205776 0.026628 -0.00379276 0.0703398 0.0226059 0.0878541 0.124358 0.0753289 -0.0264614 -0.00596185 0.00596964 0.0482445 -0.00596373 0.0712149 0.0542723 0.0414639 0.0669319 0.0436003 -0.0156306 0.072557 0.0907293 0.0696114 0.174859 0.0795702 0.185765 0.0776995 0.0422033 0.115421 0.0102525 0.0570657 -0.00855451 0.0586995 0.00140417 0.0272974 0.0695017 0.147572 0.0340244 0.0973716 0.0326229 0.026463 0.11902 0.152038 0.058176 0.062958 -0.0206438 0.0456616 0.0292945 0.0594184
internal_weight=5294.17 1707.42 3586.74 1352.76 926.23 600.374 354.663 3061.35 525.39 1443.48 98.9005 497.796 426.53 1344.58 194.43 406.163 334.72 382.519 166.753 310.284 17.6334 12.5338 10.2154 1617.88 330.96 50.4442 17.548 372.303 325.856 107.622 331.042 161.627 103.537 328.372 32.5903 25.4796 20.3671 5.11247 218.234 7.0403 24.4361 19.0031 5.13829 102.579 119.738 353.3 26.2916 81.2671 31.1859 13.7985 4.3776 184.649 19.5535 211.304 15.3025 3.00712 7.02117 126.326 114.598 962.056 5.49352 23.1315 13.0265
internal_count=534717 94861 439856 54514 27774 23161 40347 391114 48742 170770 9678 16377 26740 161092 14684 26478 21123 41697 4256 20157 1183 784 902 220344 34058 5736 1797 40795 4613 1687 12121 4132 7483 39451 2369 1843 1463 380 2926 356 966 1806 417 6784 4441 38989 896 8495 3013 1188 346 10743 819 7680 1592 275 263 3486 3121 119395 428 2179 1151
is_linear=0
shrinkage=0.03


Tree=13
num_leaves=64
num_cat=0
split_feature=12 51 44 87 13 180 9 22 12 37 204 22 9 266 22 23 209 87 226 9 213 1 267 226 26 10 213 26 156 40 11 1 22 23 13 13 1 87 204 71 22 133 226 179 10 25 61 1 265 257 50 145 6 1 44 91 193 86 11 61 38 210 267
split_gain=3162.01 569.841 337.879 223.449 164.363 129.337 117.028 90.49 88.2301 74.7004 75.3961 74.6793 74.3276 74.2881 72.3934 70.8096 88.9102 60.5883 60.0317 59.4328 58.5439 57.7027 65.4378 56.7841 68.1471 53.4927 48.6061 48.0985 49.5137 44.6322 43.5466 43.0725 40.6829 40.6351 39.909 39.5642 38.7709 38.1811 37.7832 37.5396 37.1708 37.0389 35.2498 44.1029 57.6345 64.5441 34.0721 36.4962 34.5939 33.6244 49.9582 33.1653 37.368 32.876 32.8002 31.4761 31.3007 31.1136 30.7774 48.5967 55.4974 44.7054 31.9626
threshold=1689.3715546979363 859.42761080194521 1.0000000180025095e-35 52.500000000000007 1.0000000180025095e-35 -1.0000000180025095e-35 194.96863213671955 22102.248524378836 1.0000000180025095e-35 1815.8556620532952 -4423.740426832398 11048.616865327827 401.27894944712506 8233.521365449853 6061.8994864039369 1.0000000180025095e-35 -33207.481529017627 1.0000000180025095e-35 -10.499999999999998 477.16152215257603 1.0000000180025095e-35 202001.50000000003 920.77548727073349 -4.4999999999999991 1.0000000180025095e-35 7.5000000000000009 1.0000000180025095e-35 1.5000000000000002 94460.960419336814 2402.5000000000005 -5633.4249138616551 202001.50000000003 22102.248524378836 1.0000000180025095e-35 1.0000000180025095e-35 1.0000000180025095e-35 202051.50000000003 45.500000000000007 -6057.0133078280951 3858.5974962694404 61935.283248894724 2703.3934325215387 -2.4999999999999996 -200.75610305346297 7.5000000000000009 1471.1143418643087 226.17372929424701 202101.50000000003 -6.4999999999999991 -10707.181884615607 3491.5000000000005 547.80821927350507 -1.0000000180025095e-35 202051.50000000003 1.0000000180025095e-35 85258.84387943671 1.5000000000000002 31.500000000000004 -4676.1028341919728 1891.0878343463903 514527.58422936505 -122.22383568185795 280.22542606423804
decision_type=2 10 8 8 2 10 8 2 2 10 8 2 8 10 2 2 8 10 8 8 10 2 8 8 2 2 10 2 10 10 2 2 2 2 2 2 2 10 10 10 2 10 10 8 2 8 8 2 10 10 10 10 8 2 10 8 10 10 2 8 10 10 8
left_child=1 4 3 12 8 -4 11 9 31 10 -6 20 26 34 -10 16 42 -7 21 46 56 22 -9 41 29 39 33 28 32 54 53 -1 37 40 49 -13 -28 -19 55 57 -2 -12 43 44 45 -5 47 -18 -49 50 -8 52 -22 -15 -25 -24 58 -26 59 -3 61 -61 -60
right_child=2 6 5 15 7 17 13 18 14 -11 23 35 -14 30 -16 -17 19 27 -20 -21 51 -23 38 24 25 -27 36 -29 -30 -31 -32 -33 -34 -35 -36 -37 -38 -39 -40 -41 -42 -43 -44 -45 -46 -47 -48 48 -50 -51 -52 -53 -54 -55 -56 -57 -58 -59 62 60 -62 -63 -64
leaf_value=0.081175839235710576 0.017803435330191859 0.034023031185221049 0.056713423909125094 0.080758780643715986 0.11721142312881369 0.14458561053270924 0.032091609475336777 -0.0014820297024431921 0.066310134600150394 0.0077542008601070318 0.058649341429860148 0.070897991079270778 -0.011094558121614436 0.068682364152082565 0.022828846168551898 -0.026380540037262559 -0.0092090122966026599 0.041549420447656478 0.002385083213372934 -0.021469550762302378 0.2003906092518859 -0.011662206929648767 0.02969504940866451 0.017046841610844903 0.054214232039258736 0.015034214245125433 -0.0021377687109814464 0.15859854384380442 0.059073769538339184 0.062062793945402296 -0.012431706653921503 0.052279410275202068 -0.022997432798790997 -0.019607277119438028 -0.0082799260304170143 -0.015018044206496542 0.076909587617230338 -0.0079455586559721327 0.20456090206055641 0.010908501557340484 -0.021058201799043871 0.13491414071017546 -0.0029630648464465852 0.018405402023703148 0.012549807703669849 0.29810121767620101 -0.0079242359366892851 0.15123177234503157 0.036776131377143341 -0.014416842997584143 0.19652533363486246 0.011104884998391107 0.084277649057849222 -0.030616974427148422 0.11816862838078133 0.15286256694362679 -0.00212185650593576 0.1263935482403481 0.040992196540615637 0.23051559620750112 9.6971760461119223e-05 0.091899368448974353 -0.004548171367218347
leaf_weight=165.98237804230303 154.25715444842353 18.383013411425054 63.617970327846706 2.9660054449923319 12.654921737033872 2.7361248023807994 5.0340657737106085 5.1403980706818411 63.771962504833937 53.453315931838006 100.88950907625258 5.4696388244628897 356.36871847277507 25.180171563290063 74.980177288874984 1641.6835150867701 11.357830453198405 23.54115599906072 94.052588403690606 905.91564554767683 3.3677996098995209 7.8405369073152533 3.9115824564360082 158.94063006527722 233.81081735622138 39.010044902563095 8.4620288340374845 1.741247359663247 11.591238223947583 24.852279542945325 11.430179265793411 64.452587358653545 60.99700315669179 45.143306851387024 318.14304254204035 40.85829366883263 16.421260477043688 34.708242670167238 3.8087182464078069 17.964682660996914 25.865816190838814 6.0764801809564224 18.636792343109846 12.909042320214214 3.4982028570957482 2.1006984733976424 168.9796946789138 3.1345518361777058 9.829674316570161 4.9285101727582497 2.483170909807086 3.5666076997295013 9.6196033190935868 3.4067309955134979 2.9402862712740889 3.5732021750882303 20.187603116035461 5.5013267984613767 47.332571251317859 3.6649595694616428 2.9336724923923603 4.8851143089123097 19.619990993756801
leaf_count=1321 12717 1088 1933 224 402 120 263 368 1385 2997 3576 92 40227 1061 3538 229985 1111 1133 7059 114336 156 468 160 7580 5884 1654 608 90 503 1154 1036 739 6288 5783 33105 3763 902 3270 116 1027 2454 134 1958 1241 368 215 18811 196 959 303 151 216 437 257 35 118 1859 190 3307 217 196 295 1578
internal_value=-0.000607884 0.0331695 -0.016563 -0.0187944 0.0452411 0.0214347 0.00809164 0.0373884 0.0617133 0.0417435 0.0447582 0.0279454 -0.00229574 -0.00154521 0.0428133 -0.0223926 -0.0166464 0.00484848 0.0132408 -0.0182472 0.0393296 0.0553019 0.0872501 0.0432042 0.0388244 0.0477701 0.0102393 0.00196463 -0.00011993 0.0246303 0.03706 0.0730935 -0.0058738 0.00584412 -0.00621829 -0.00487449 0.0500281 0.0120575 0.127638 0.0527338 0.0122229 0.0629818 0.0272253 0.0534252 0.106207 0.170871 -0.0031458 0.0300528 0.0644498 0.046482 0.086409 0.0921348 0.114387 0.0568488 0.0188835 0.0884947 0.0318588 0.0558735 0.038944 0.0642688 0.112686 0.151317 0.0276469
internal_weight=5280.57 1694.1 3586.46 3387.53 1143.61 198.933 550.495 774.421 369.187 656.094 602.641 179.889 606.518 370.606 138.752 2781.01 1139.33 135.315 118.327 1099.22 133.561 24.2744 16.4339 589.986 483.02 296.287 250.15 132.579 130.838 186.733 40.0171 230.435 119.246 225.266 330.589 46.3279 24.8833 58.2494 11.2935 257.277 180.123 106.966 40.1107 21.4739 8.56491 5.0667 193.302 24.3221 12.9642 12.4457 7.51724 16.554 12.9874 28.5869 161.881 7.48478 117.007 239.312 96.8193 29.8668 11.4837 8.55007 66.9526
internal_count=534717 89285 445432 432095 39905 13337 49380 32922 6983 24633 21636 13204 62691 36176 4923 369404 139419 11404 8289 135413 9349 1230 762 21234 17524 8755 22464 11284 11194 8769 2354 2060 10691 20954 33822 3855 1510 4403 394 7101 15171 3710 4006 2048 807 439 21077 2266 1155 717 414 809 593 1318 7615 278 8540 6074 6681 1796 708 512 4885
is_linear=0
shrinkage=0.03


Tree=14
num_leaves=64
num_cat=0
split_feature=33 34 68 33 9 53 24 209 53 213 2 9 24 68 34 192 53 227 185 130 24 52 83 8 227 254 29 115 129 220 3 227 9 68 216 179 115 1 187 5 241 179 104 1 227 21 257 68 211 177 257 3 122 216 115 147 21 119 211 97 192 227 24
split_gain=3131.59 376.131 322.005 231.197 212.2 118.432 105.781 116.707 98.6854 84.9578 81.5658 76.7102 66.6229 63.5168 60.1368 60.034 58.5732 54.0247 54.5455 54.0049 53.1832 51.2116 48.5439 48.5683 45.6766 42.5872 48.0587 47.4826 45.0835 42.2532 48.4302 41.2857 41.4882 41.1485 40.4113 39.0575 38.8415 38.3837 37.8084 36.6166 64.621 35.6666 35.3295 47.7444 33.2467 36.0079 32.8152 31.9703 30.9962 30.5546 36.417 29.331 32.43 35.1508 29.1689 28.4538 28.0702 27.2786 26.5478 34.3739 45.5874 25.5934 42.0581
threshold=37.500000000000007 1.0000000180025095e-35 -3469.8872587081873 70.500000000000014 194.96863213671955 32333.945721628075 19127.703663159609 -66769.952405897799 19036.834368759621 1.0000000180025095e-35 1.0000000180025095e-35 401.27894944712506 1.0000000180025095e-35 -11585.032518984313 1.0000000180025095e-35 1.0000000180025095e-35 32333.945721628075 -5.4999999999999991 1.0000000180025095e-35 29324.945676766791 19127.703663159609 2.5000000000000004 16768.667953826687 -464.67086155527892 -15.499999999999998 18802.085324387237 12098.699560571464 1357.5159845982723 3.5000000000000004 1.0000000180025095e-35 41.500000000000007 -38.499999999999993 26.044188277668002 -11585.032518984313 -3.4999999999999996 -269.82957823228145 729.41192073995012 202051.50000000003 -1.0000000180025095e-35 901.66435888381113 59.500000000000007 -51.878123134583511 3076.5000000000005 201907.50000000003 -7.4999999999999991 1.5000000000000002 6965.2188794128024 10070.718896970126 -200.110137842245 -64.302378420156984 -3831.1959003471052 34.500000000000007 3454.7102022794256 -1.4999999999999998 555.75616560319713 5.5000000000000009 1.0000000180025095e-35 -1.0000000180025095e-35 -2554.8143908387465 192.95381419989153 -1.0000000180025095e-35 -38.499999999999993 108405.36108765106
decision_type=2 10 8 2 10 8 2 8 8 10 2 8 2 8 10 10 8 8 10 10 2 10 8 10 8 8 2 8 8 10 2 8 10 10 8 10 8 2 8 10 8 10 8 2 10 2 8 8 8 8 10 2 10 10 10 10 2 10 8 8 10 8 2
left_child=2 3 10 6 9 20 7 22 14 12 44 19 15 25 -6 17 -13 18 34 36 21 31 23 -2 41 -7 27 -27 -29 30 -19 32 -5 -18 -4 -25 39 42 -8 51 57 -12 -11 -44 -1 49 -3 -10 -34 50 -46 52 53 -9 -49 -32 -31 -41 59 60 -38 62 -15
right_child=1 46 4 5 8 13 38 11 47 37 24 16 -14 61 -16 -17 33 29 -20 -21 -22 -23 -24 35 -26 26 -28 28 -30 56 55 -33 48 -35 -36 -37 58 -39 -40 40 -42 -43 43 -45 45 -47 -48 54 -50 -51 -52 -53 -54 -55 -56 -57 -58 -59 -60 -61 -62 -63 -64
leaf_value=0.077257283182990785 0.022059779808156703 0.043399997375749788 0.13614654700576298 0.15734223508319958 -0.002352017559529491 -0.0067979801298163516 0.10290809728241436 0.20893397994515941 0.018081798801703772 0.016979855967393844 0.075668938146553483 -0.010782468638926387 -0.0090778296138708785 0.0034817033720724506 0.083555552036840522 -0.0033772980205766883 0.11205867998005165 0.041047871381274838 0.015172612816777996 -0.012529336423998462 -0.027339785454187998 -0.02180584231583018 0.0086937717292568505 0.26456385202874877 0.028033404189717427 0.018134785156612276 0.0028911960116726628 0.096432098793048482 0.24843453735517843 0.090109097735040056 0.024293921962781274 -0.0090731422198751955 0.12510393170812345 0.015208939319479078 0.057051680826595765 0.1070565828613754 0.21940218352523572 0.074771258311469815 -0.021670818337208863 0.10893743985650801 0.043058088872463943 0.023049161853264184 0.14103917266333155 0.040233420247182392 0.090674915707148251 -0.004158673669815734 0.09201405051845335 0.095419904854577089 -0.00097332642339796388 0.052475908127636889 0.020530967524987443 0.014773554667758452 0.011784136898924829 0.055893953590364115 0.022621935046644424 -0.0021106702780228294 0.0069548670397529986 0.25801859254549464 0.0094671558631647754 -0.017885880797248604 0.017410683577469468 -0.010322229140386947 0.11376073491367607
leaf_weight=97.601824523881078 2.2785811545327306 44.562730296514928 6.2015929883345962 2.3909341818653056 304.76538881426677 10.071447935886679 2.2131800740025938 2.3786694812588394 16.493416387122124 28.450615853071213 39.851692236494273 321.37304711481556 38.097554079722613 14.727293059695514 7.5144711998291305 41.038472576998174 5.5426362496800747 158.01155109005049 28.918221428990364 51.415097169112414 1430.6237525315955 871.33032671082765 3.8022971707396218 2.8428454292006791 131.0739676496014 3.6799029503017691 6.1453653699718407 5.0814185850322273 2.6835922584868968 16.122942883521322 258.361121871043 204.5265312474221 2.1206659763120115 13.724902036134152 92.935857600532472 2.8248973423615071 2.1615173886530101 57.843161793425679 234.74544824706391 2.3583781537599862 10.959875321015714 16.349530781153589 5.8538449853658703 15.230413399636744 41.387981086503714 8.5371314305812103 17.366796026937664 15.914522118866445 10.178153466898946 165.03565121348947 7.9392447620630255 33.15502272406593 4.2598894694820046 3.1256072367541474 7.1923790015280238 42.81748257484287 4.7241117451339951 2.0778918163850886 116.55910051194951 2.4008315433748066 1.880393357016146 160.30992645258084 3.9465394495055071
leaf_count=1436 176 630 175 141 29342 951 78 149 674 1087 526 37298 4128 1108 84 3333 242 6830 1487 4496 205749 111893 267 147 4683 272 493 263 163 617 12361 21003 176 1018 3394 148 196 1277 31900 139 722 351 132 383 877 374 309 687 908 3727 244 2756 351 239 308 2439 278 144 10314 236 175 17893 340
internal_value=-0.000607655 -0.0162643 0.0335761 -0.017543 0.0247676 -0.0217459 -0.00359682 0.00325146 0.00537274 0.0333564 0.0534645 0.00133358 0.0294789 8.82021e-05 -0.000284801 0.0317418 -0.00773646 0.0341119 0.0514248 0.014609 -0.0235356 -0.018545 0.0968505 0.139033 0.037735 0.0423959 0.0705623 0.106898 0.148964 0.0294934 0.027597 -0.00558401 0.0429954 0.0430694 0.0619995 0.18606 0.0223045 0.0581729 -0.0205073 0.0424702 0.0821609 0.0603613 0.0387905 0.0682212 0.0626555 0.0562618 0.0570328 0.0499869 0.020766 0.058668 0.0793852 0.0282322 0.0739322 0.12203 0.0727604 0.0205401 0.0712657 0.178765 0.0127439 0.0720252 0.125431 -0.00645041 0.0267881
internal_weight=5266.09 3611.83 1654.26 3549.9 1146.49 2727.82 822.08 585.121 351.88 794.607 507.777 573.373 687.229 206.645 312.28 649.131 340.641 608.093 128.056 232.732 2521.17 1090.55 11.7486 7.94632 187.275 27.6617 17.5903 11.4449 7.76501 480.037 459.19 219.216 14.6898 19.2675 99.1375 5.66774 181.317 107.378 236.959 58.3153 15.3961 56.2012 49.5349 21.0843 320.502 222.9 61.9295 39.6003 12.2988 214.363 49.3272 42.9192 9.76417 5.50428 23.1069 301.179 20.8471 4.43627 123.002 6.44274 4.04191 178.984 18.6738
internal_count=534717 453483 81234 452544 69016 361353 91191 59213 31095 37921 12218 58475 35042 21483 29426 30914 38558 27581 5056 19917 339870 134121 738 471 5560 2142 1191 698 426 22525 21630 22228 1225 1260 3569 295 15421 2879 31978 4500 1005 877 1602 515 6658 5222 939 1669 1084 4848 1121 3495 739 388 995 14800 895 283 10921 607 371 19341 1448
is_linear=0
shrinkage=0.03


Tree=15
num_leaves=64
num_cat=0
split_feature=33 11 44 12 11 10 11 17 226 33 44 177 24 24 17 132 185 22 217 227 246 101 14 53 114 5 8 4 22 204 179 14 39 22 47 177 9 211 53 114 59 115 210 53 11 89 115 24 233 10 157 4 155 153 181 60 22 217 204 240 34 106 86
split_gain=2910.99 395.946 374.496 206.477 153.269 122.983 112.197 91.1009 80.9332 76.0666 69.1253 62.1912 59.4039 58.6959 79.5212 76.678 58.3176 50.0598 46.1569 45.2773 44.8313 44.1088 44.0914 44.058 42.0696 42.0244 41.7271 41.3099 39.7786 56.5736 39.0193 35.6097 43.0304 34.9797 71.1583 33.5376 32.6235 43.3414 32.611 31.8943 34.9443 30.044 37.8625 29.6869 38.0934 44.2863 29.3737 40.0147 45.4562 30.1816 32.9153 29.2431 33.1772 29.2429 29.0219 34.7269 28.7858 33.5175 28.4135 30.3089 27.9992 34.6485 27.8452
threshold=37.500000000000007 -97.040826724983987 1.0000000180025095e-35 4022.5605889209623 -5633.4249138616551 6.5000000000000009 -6862.9602080940704 3733.2785145112093 -13.499999999999998 70.500000000000014 8.0000000000000018 -368.1793295684102 33102.286275629267 19127.703663159609 6445.3348615886898 82460.833889257119 -1.0000000180025095e-35 6061.8994864039369 -5.4999999999999991 -7.4999999999999991 2738.8435832542268 14231.302708666028 14454.456124657887 32333.945721628075 8169.0716459443038 1679.192638648344 -575.81424575055746 70.500000000000014 22102.248524378836 -4423.740426832398 -1214.6959910330845 255513.20717443852 1.5000000000000002 28168.660406092054 -1.0000000180025095e-35 -841.72880760484486 259.3118754514781 -295.1462879389623 473.35069914448508 11960.651828539934 540.08225071457503 1357.5159845982723 -1.0000000180025095e-35 32333.945721628075 -6862.9602080940704 189380.99459997975 830.73598056285516 1.0000000180025095e-35 59.500000000000007 6.5000000000000009 3.5000000000000004 160.50000000000003 2379.2253101998026 152329.54047488264 -1.0000000180025095e-35 9890.4967436944771 16379.165308415812 -2.4999999999999996 -2075.2783069173997 30.500000000000004 1.0000000180025095e-35 4.5000000000000009 60.500000000000007
decision_type=2 2 8 2 2 2 2 2 8 2 10 10 2 2 2 10 8 2 10 8 10 8 2 8 8 10 10 2 2 8 10 2 10 2 10 10 10 8 10 8 8 10 8 10 2 8 8 2 8 2 10 2 8 10 8 8 2 8 10 10 10 10 8
left_child=1 6 3 8 18 10 11 19 20 17 16 -1 21 14 15 54 33 26 58 -8 38 -6 -7 -19 25 -9 -10 -27 29 -21 53 32 -17 34 -3 -35 37 -36 56 40 -31 42 51 -15 45 -45 47 48 49 -28 -51 52 -41 -22 55 -5 57 -2 59 -4 61 -13 -59
right_child=2 5 4 13 12 22 7 24 9 -11 -12 60 -14 43 -16 31 -18 23 -20 28 30 -23 -24 -25 -26 27 46 -29 -30 39 -32 -33 -34 35 36 -37 -38 -39 -40 41 -42 -43 -44 44 -46 -47 -48 -49 -50 50 -52 -53 -54 -55 -56 -57 -58 62 -60 -61 -62 -63 -64
leaf_value=0.068400954867845545 0.14378643531206639 0.076526988368718032 0.13077950065284599 0.14285177578486727 0.078673503394072739 0.0095492338371301107 0.059589549609837686 0.024324613797658354 -0.0036936902106868888 -0.01767892669153661 0.10159433890947887 0.037092539503767626 -0.015239463419160109 -0.026824281787558388 -0.02116039909726402 0.20582394952173513 0.011995317126964101 -0.020886830727446116 0.035972366534070724 0.10122893373011126 0.1983793247990209 0.013767087064135977 -0.012974701776832999 0.10249954681075146 -0.00019356856161936896 0.025298228458012252 0.22946446500493176 0.18498292845150036 0.016688861771845379 0.031352632905978575 0.016404579120695154 -0.030457495201159 0.060421686509430771 0.049559233196921133 0.13910470430836078 -0.019743210315746051 -0.0025183229119823333 0.033186703976879256 0.0031437840737600941 0.0053450836194985831 0.060176110006301645 0.015107419134549049 0.033352936978449765 0.18988928155829884 -0.015657315850213547 0.02058974693069723 0.014248704477054876 -0.0085802405830939302 0.043506442269966306 -0.00039075380522561799 0.1608426155637431 0.15786845197097971 0.11897404794136508 0.071627895437475261 -0.0084680724746221559 0.015604455589505795 -0.023569574580173492 0.021266766361324324 0.040631089593517009 0.059998628719846431 0.067793982700469324 0.10582121461201904 0.12957159775704757
leaf_weight=185.07175521785393 3.6064906506799161 41.028720350470394 13.969212754629552 2.2464820952154678 10.856345876120029 190.01244202489033 94.334949781186879 29.470285065937787 73.224270217120647 319.16873506130651 10.604859577491878 172.01467042090371 70.183459807187319 1481.7673544348218 912.9605494691059 2.5371316634118539 174.81063068611547 69.922210164368153 36.441594726406038 13.427549433428792 2.7433384605683386 71.375513566657901 132.94473282806575 2.7053230172023168 82.353147280868143 2.6798959700390688 2.0725025855936128 3.1979215443134308 74.387870502192527 64.163759196642786 5.7196635426953417 2.3344711484387508 6.5890121604315937 10.097515051253142 3.7100428720004857 16.643044870346785 22.635943430475891 55.356150815263391 67.060314644128084 4.8890545344911507 92.324758008588105 73.650889899116009 94.393777962308377 1.7704323735088081 30.839210774749517 6.4815765623934576 63.849616523366421 8.2881169063039106 19.026241916231811 1.9922351045534012 2.6624250221066177 3.8035104670561841 4.3884294982999554 4.0663622026331723 207.2646382576786 13.711657403502612 4.4001334831118575 11.529084408190105 9.143738645128904 8.9224989041686058 38.965924457646906 6.8650920037180176 2.6224349630065271
leaf_count=3308 199 1276 313 136 178 14151 2189 1903 7546 38022 88 3810 7494 219643 121759 145 11905 7118 1053 309 150 3923 13498 210 6790 165 123 178 4020 1788 441 173 383 566 239 1092 2229 3121 6928 181 1903 2569 3101 162 3855 728 5774 926 1381 144 160 157 179 222 21188 1359 401 721 207 119 256 263 199
internal_value=-0.000606659 0.031703 -0.0160451 -0.018552 0.0217835 0.013486 0.0432217 0.0353893 -0.00359097 -0.00804166 0.0262241 0.0556136 0.00503349 -0.0222785 -0.0171566 -0.001581 0.0237593 0.00457784 0.0590656 0.0407862 0.0210321 0.0223361 0.000277297 -0.0162908 0.011557 0.0389331 0.0134352 0.112177 0.0366167 0.0408395 0.074171 0.074099 0.100845 0.0375176 0.0442918 0.00642612 0.0281041 0.0398396 0.0135696 0.0384377 0.0483578 0.029867 0.0399815 -0.0261435 -0.000338161 0.0569122 0.026248 0.0487542 0.067206 0.134235 0.0918333 0.0878141 0.0590938 0.122691 -0.00546653 0.0335175 0.0451227 0.0621434 0.085335 0.103191 0.04475 0.0397302 0.0413369
internal_weight=5252.28 1698.23 3554.05 3333.16 220.892 657.844 1040.38 637.466 664.659 562.912 334.887 402.917 152.415 2668.5 1147.64 234.683 324.282 243.743 68.477 519.765 101.748 82.2319 322.957 72.6275 117.701 35.3481 171.115 5.87782 425.43 351.042 12.5294 11.4606 9.12614 149.471 122.731 26.7406 81.7021 59.0662 89.2185 337.614 156.489 181.126 107.475 1520.86 39.0912 8.25201 97.8911 34.0415 25.7534 6.72716 4.65466 13.081 9.27748 6.8097 223.223 15.9581 22.1581 17.758 32.0355 22.8917 217.846 178.88 14.1515
internal_count=534717 81234 453483 440196 13287 48165 33069 25432 70665 61404 20516 7637 11595 369531 145143 23384 20428 23382 1692 16396 9261 4101 27649 7328 9036 2246 16054 343 14207 10187 813 701 528 8523 6865 1658 5589 3360 8448 9878 3691 6187 3618 224388 4745 890 8508 2734 1808 427 304 517 360 372 22683 1495 1520 1119 639 432 4329 4073 920
is_linear=0
shrinkage=0.03


Tree=16
num_leaves=64
num_cat=0
split_feature=66 15 51 9 23 191 13 23 51 9 21 20 130 130 163 205 78 20 53 21 227 163 212 227 62 182 66 13 147 53 178 28 14 212 10 118 227 14 221 9 230 218 9 227 223 61 114 218 14 262 14 113 40 230 32 158 55 97 141 227 262 14 200
split_gain=2103.7 462.502 396.998 292.001 210.975 132.163 118.307 84.485 80.0236 78.2187 77.1273 71.0951 64.6421 61.5087 60.1113 58.0277 57.7747 57.5789 53.7014 53.5848 52.4533 51.8354 47.4724 45.2547 41.1645 40.1438 45.6648 39.7652 39.2628 38.4398 36.7417 35.9207 35.859 36.9826 33.3072 50.8515 37.5532 43.5807 32.5664 37.5109 31.9807 31.0703 36.354 29.9096 29.2936 29.2329 50.9796 42.8873 34.1926 32.6486 28.7185 45.1669 28.6692 27.8335 27.6421 27.1183 26.7858 29.9112 26.002 33.1935 25.7565 25.1237 33.2424
threshold=1843.454010978747 1.0000000180025095e-35 859.42761080194521 329.03560836903108 1.0000000180025095e-35 -1.0000000180025095e-35 1.0000000180025095e-35 1.0000000180025095e-35 6391.8754545037837 259.3118754514781 1.0000000180025095e-35 1525.7098706108616 74480.864736380216 36058.245642815258 414.83239497089431 -14757.418251251043 34345.999581958189 2449.7319281609216 32333.945721628075 1.0000000180025095e-35 -26.499999999999996 2113.3938910018369 1.0000000180025095e-35 -9.4999999999999982 -187.42267375524898 -1761.6048114459259 1.0000000180025095e-35 1.0000000180025095e-35 5.5000000000000009 32333.945721628075 -75.443889291109997 4.5000000000000009 318.6550509364651 1.0000000180025095e-35 7.5000000000000009 7.5000000000000009 -1.4999999999999998 -8150.6279628174116 -4.4999999999999991 1372.2127032913224 6441.8950524172988 -2214.3910042382499 26.044188277668002 -15.499999999999998 1.0000000180025095e-35 1.0000000180025095e-35 11960.651828539934 -1.0000000180025095e-35 -1.0000000180025095e-35 -29.108302315633505 54814.10636290424 5340.3109179153262 1820.5000000000002 -893.47966186747533 2.5000000000000004 3736.5000000000005 409.25375248207388 1.0000000180025095e-35 67.500000000000014 -9.4999999999999982 -386.94950439562371 -4982.6333742458692 -8527.7819770097576
decision_type=8 2 10 8 2 10 2 2 10 8 2 2 10 8 10 10 8 2 10 2 8 10 10 10 8 10 8 2 10 10 10 10 2 10 2 10 8 2 10 10 8 8 10 10 10 8 8 10 2 10 2 8 8 8 10 10 2 10 10 8 8 2 10
left_child=2 5 6 4 12 56 10 8 14 19 55 13 17 15 31 -8 -7 21 58 22 30 32 25 54 -17 26 40 -21 43 -9 -15 -5 34 -34 35 36 41 -38 39 -20 -4 42 -3 -26 61 49 47 48 -47 -45 51 -16 -24 -25 -12 -1 -2 -58 59 -11 -49 62 -31
right_child=1 3 9 7 -6 16 11 29 -10 18 23 -13 -14 20 50 24 -18 -19 38 27 -22 -23 52 53 28 -27 -28 -29 -30 44 -32 -33 33 -35 -36 -37 37 -39 -40 -41 -42 -43 -44 45 -46 46 -48 60 -50 -51 -52 -53 -54 -55 -56 -57 57 -59 -60 -61 -62 -63 -64
leaf_value=0.059357001226368056 0.058270900126032608 0.2118805334234081 0.070665577442034694 0.0032914348638821297 -0.02191680603142436 0.020810458334780804 0.13790497055347936 -0.02658929984811333 -0.020980976567966849 0.045979145219678233 0.058227585871592616 -0.0022762544768577218 -0.019494903784253718 0.11958136423789281 0.042230593254675021 0.0090959619647291816 -0.019543264706631799 -0.0099680905834465712 0.16065044998579056 0.060751019463046792 0.0074001088822424205 0.12311218514332249 0.035762583611038914 0.083408341406074518 0.066355247290483935 0.016419413880726468 0.009479153739062952 -0.015603839578510321 0.020290807766918894 0.13086523107673645 0.022160075072695559 -0.014432338145141386 0.010387990850041412 0.067080538880395585 0.009441473594228339 0.16993086439553279 0.091671792412373901 0.017351580616605713 0.017909796384679544 -0.0023892160892077562 0.18343575506127296 0.048247515557121548 0.075994053089718128 0.019581505691653289 0.11125063775942259 0.073503484885367135 0.032261506726825456 -0.011042399842997108 0.1721264521949529 0.084933502282366555 0.007774199598011307 0.18081421081335988 0.1292568359528074 0.013231677515655762 0.0090607408583276271 0.10195656663213326 -0.0083273576745378688 0.055624686596266501 -0.017956479010281787 -0.0041959855095682046 0.054062242783691691 -0.016478365811331559 0.0047994734178341139
leaf_weight=207.98024169448763 85.098371775820851 2.586383313406257 12.678393542300908 163.95346504123881 216.73764104070142 88.038310221862048 5.0800010045059016 1411.7899288865738 778.59548089653254 13.062904069200156 66.309376042801887 55.950230136979371 44.176516926381737 6.7088653077371418 9.8866101154126245 46.823189830873162 50.103229569736868 52.87405223865062 3.2704493198543778 7.0727067459374657 114.94665002264082 4.6695885155349961 5.391003482975063 5.4761376143433154 41.386895232368261 107.90275769587606 10.40557244932279 46.481325869448483 89.487775383517146 2.5991596216335893 7.2485264027491212 276.43125325534493 169.03021399257705 11.031795206945388 33.67575065093115 2.8149850610643616 8.2145542204380018 52.386064414400607 35.447176563087851 2.0763463620096445 2.7551328809931883 17.80034700687975 5.6267703697085381 85.649679739959538 2.1177564514800897 9.6448992188088578 161.284801912494 5.70791050279513 4.7083861166611305 7.4809416895732275 12.562424924690275 2.693179204594343 6.5239763287827381 71.501740587875247 12.181891465093939 14.378979551140217 13.165589797310533 13.162987520918248 135.37758288066834 129.55270618898794 130.64365540910512 30.494984632357955 6.8277375721372646
leaf_count=2274 1456 89 605 15738 30800 4852 114 213410 105140 965 1048 3750 4419 201 734 2459 6263 5286 187 109 7469 226 263 87 1146 7814 746 4409 3130 232 314 32157 14189 668 2518 116 402 3153 2414 157 108 967 394 2855 200 271 4931 227 202 284 1048 187 271 2897 304 129 898 264 16355 12757 3083 3872 704
internal_value=-0.000604859 -0.0136046 0.0272019 -0.0165656 0.00197076 0.0257815 0.0370205 -0.0208365 -0.0150978 0.00539289 0.050778 0.0302939 0.0147579 0.0328362 -0.00525805 0.0369512 0.00617437 0.0189528 -0.0038226 0.02014 0.0140686 0.0239203 0.0295744 0.034568 0.0360712 0.0244624 0.0580497 -0.0055199 0.0384277 -0.0257475 0.0689873 -0.00783385 0.0223925 0.0138614 0.0348707 0.0444464 0.0403682 0.0274259 0.0283201 0.0973365 0.0907969 0.0705183 0.118786 0.0420627 0.00252151 0.039581 0.0439839 0.0565292 0.105855 0.0248311 0.0398591 0.0718997 0.0869548 0.018224 0.0505969 0.0621117 0.0500894 0.0236455 -0.00853936 0.000399815 0.0513369 -0.0032463 0.039558
internal_weight=5237.72 3569.15 1668.58 3319.58 621.625 249.568 1150.58 2697.95 1244.12 517.998 377.828 772.752 404.887 716.802 465.527 587.898 138.142 360.711 318.787 199.211 128.904 307.836 145.657 155.469 582.818 133.742 25.8391 53.554 535.995 1453.83 13.9574 440.385 303.167 180.062 123.105 89.4291 86.6141 60.6006 40.794 5.3468 15.4335 26.0135 8.21315 446.507 42.0396 405.12 311.99 150.705 14.3533 93.1306 25.1422 12.5798 11.915 76.9779 78.4913 222.359 111.427 26.3286 277.993 142.616 136.352 39.9219 9.4269
internal_count=534717 450382 84335 436649 63227 13733 37175 373422 155004 47160 6739 30436 32427 26686 49864 18702 11115 28008 32835 14325 7984 22722 9807 4336 18588 9273 1459 4518 16129 218418 515 47895 22496 14857 7639 5121 5005 3555 2758 344 713 1450 483 12999 5008 11853 8714 3783 473 3139 1969 921 534 2984 1352 2403 2618 1162 30077 13722 3310 4808 936
is_linear=0
shrinkage=0.03


Tree=17
num_leaves=64
num_cat=0
split_feature=87 44 14 23 9 227 192 22 44 227 22 9 132 180 53 226 22 158 137 14 67 266 183 11 226 122 11 213 247 9 132 266 139 23 29 205 106 87 213 14 172 226 226 53 158 225 112 174 5 225 6 172 118 84 205 230 180 7 172 188 116 14 30
split_gain=1915.7 598.283 378.356 211.609 204.842 172.365 115.536 94.2956 88.4141 79.7856 77.6445 70.0294 68.3736 66.374 56.2148 55.326 52.5445 50.4846 49.7729 62.3817 48.1045 46.6954 44.8537 43.9962 68.2731 42.6081 42.1869 41.2442 40.9829 42.0373 40.0605 39.3246 37.7748 37.2353 35.5537 35.6959 35.2682 34.944 35.6679 34.8682 65.3767 33.8266 32.9765 28.5189 28.1396 28.4778 28.1313 26.9703 26.9377 33.0468 26.8475 32.5274 26.4501 26.4029 34.5066 28.3374 26.3275 25.868 28.5432 26.3874 25.0207 29.5218 41.469
threshold=45.500000000000007 1.0000000180025095e-35 318.6550509364651 1.0000000180025095e-35 477.16152215257603 -38.499999999999993 1.0000000180025095e-35 16379.165308415812 1.0000000180025095e-35 -12.499999999999998 16379.165308415812 401.27894944712506 19191.274572835551 -1.0000000180025095e-35 32333.945721628075 -8.4999999999999982 16379.165308415812 207.50000000000003 3288.7539384984361 66280.333824557092 1.0000000180025095e-35 8233.521365449853 -139.21375438043802 -8608.7084387945124 -13.499999999999998 96916.050179556943 -5633.4249138616551 1.0000000180025095e-35 8072.8597621950021 842.2619295791776 68347.536551962883 -1.0000000180025095e-35 1.0000000180025095e-35 1.0000000180025095e-35 23018.444313538868 -18826.072345071105 1.0000000180025095e-35 72.500000000000014 1.0000000180025095e-35 -8150.6279628174116 4476.9654098087931 -1.4999999999999998 -1.4999999999999998 1033.5694131653611 5134.5000000000009 1.0000000180025095e-35 41.500000000000007 -1.0000000180025095e-35 516.53834446995768 10.500000000000002 24605.444748452206 148.78365302570822 8.5000000000000018 1.0000000180025095e-35 -2667.4402883243342 -28082.453359853589 -1.4999999999999998 1876.5299392834979 1304.2651591105935 1.0000000180025095e-35 -683.64023011069492 3259.2540768480844 1.5000000000000002
decision_type=8 8 2 2 8 10 8 2 8 10 2 10 10 10 10 10 2 10 10 2 10 10 8 2 8 10 2 10 8 10 10 10 8 2 2 8 10 10 10 2 8 10 10 10 10 8 10 8 8 10 10 8 8 10 8 10 8 10 10 10 10 2 2
left_child=2 3 6 4 10 34 7 13 11 42 15 27 23 -1 -5 30 -10 -7 19 25 47 -12 44 24 28 36 32 33 -6 -30 39 -18 -16 41 35 -3 -14 38 -17 40 -2 -4 -9 56 45 -22 -23 -15 -29 -50 51 -46 -40 54 55 -24 -25 58 59 -47 -41 62 -62
right_child=1 5 8 14 12 17 -8 9 16 -11 21 -13 18 20 26 37 31 -19 -20 -21 22 46 53 43 -26 -27 -28 48 29 -31 -32 -33 -34 -35 -36 -37 -38 -39 52 60 -42 -43 -44 -45 50 57 -48 -49 49 -51 -52 -53 -54 -55 -56 -57 -58 -59 -60 -61 61 -63 -64
leaf_value=0.063825639538123882 0.0050800171659498398 0.085539477059480867 0.026819015895149408 -0.026272937897131591 0.02094143435139981 -0.0082828706883582362 0.0024023501844639057 0.059165985054834343 0.04859680761387742 0.0064893394227289328 -0.019242390375862853 -0.011641679746149785 0.19889457772440428 0.037887565832405525 0.13800409624612855 0.010632326310665385 -0.0046836788269722452 0.031490091945228116 -0.010102648127678622 -0.00045240044851330369 0.035546860244998472 0.14386790582777426 0.13384623891019515 0.13600525563019905 -0.0119407400827865 0.21303739552517359 -0.015771908602662813 -0.0026265543167021321 0.1982168058301311 0.043716636734705466 0.11679769221693811 0.088356455030251302 0.022615684290798466 -0.021889655372978802 0.0095104746486207054 0.047241038259245999 0.03906633699333318 -0.0087477181853494023 0.087312935153128574 0.010754687799156547 0.12070720785051572 0.0030217049035844716 0.0029439020648666034 -0.022629337192506389 0.013919835073137671 0.070907648835208267 0.018218279650040952 0.065370180937379535 0.044896531957689327 0.14661562209710141 0.13514464564901169 0.092476768186838365 -0.030501269552312929 0.057414923239283898 0.021099659848621753 0.023219066386041189 -0.012215355599281587 0.012460718839307206 0.11963651856227309 0.019527067343220114 0.050192471645283253 0.010622266312982805 0.18823541752562503
leaf_weight=106.96378492424265 8.30269394116476 27.728654730133712 80.012200215831399 1543.666274944786 9.2986830980516952 97.176282403990626 92.070633379742503 47.438602881040424 62.611727764829993 140.18751937756315 100.26288885017857 226.72429438494146 1.5654766219668106 52.27641441160813 3.0249103885144022 84.842419604305178 37.867905335035175 40.774602014571428 20.726028846111149 9.0324023459106666 266.34254772588611 2.3883319534361354 4.5326232025399804 1.0823344681411979 43.949917730875313 2.5859359200112522 31.083661741111428 8.4940550513565523 3.1248427256941804 3.2163382358849049 4.662061578128486 4.5833815466612569 16.381302159745246 35.912212263327092 17.26750765601173 104.24766370095313 6.0239564133808017 87.612137291580439 9.6640518158674205 72.746260995045304 9.3649288774468022 163.83565939357504 11.706278622616081 706.85361503437161 8.6114206961356103 33.521469599567354 4.8810101114213467 83.421885529067367 19.38839379418642 3.3748995386995366 5.0171609795652321 10.562112458981577 2.0850736130960295 22.046275885310024 242.28085049055517 3.8573749680072051 307.24063492799178 9.5391184822656196 7.6734928116202346 12.295434039551763 18.529659826308492 16.092051763087511 2.1900491500273338
leaf_count=1008 508 359 5689 238101 837 9074 7244 983 1680 7795 10798 25345 79 624 211 8011 2295 1059 2184 936 6381 102 127 125 5024 199 3963 436 126 233 213 39 1600 4646 439 2417 565 9594 684 5967 366 12481 558 96883 312 948 364 1159 983 145 186 312 165 934 10835 167 36422 366 168 425 1201 1507 130
internal_value=-0.000601699 -0.0137951 0.0244195 -0.0175946 -0.00965702 0.0276467 0.0346478 0.0374269 0.00595619 0.0188175 0.00810105 0.00103828 -0.0164057 0.0416958 -0.0252541 0.0155922 0.0311274 0.00347296 0.0221398 0.0569308 0.0385893 -0.0139193 0.0350806 -0.0178379 0.00721495 0.107868 0.00589575 0.0102817 0.0610448 0.119852 0.0304251 0.00536168 0.0406017 0.00662999 0.0499912 0.0552877 0.0720342 0.00497203 0.0174163 0.0272601 0.0663696 0.0108302 0.0480382 -0.0193084 0.0421318 0.0398381 0.0595003 0.0547828 0.0429651 0.0599775 0.0733614 0.0571944 0.0664049 0.0259392 0.023171 0.0829844 -0.011695 0.0579715 0.0660876 0.0571191 0.0209532 0.0411072 0.0647835
internal_weight=5222.82 3419.67 1803.15 3132.48 1538.32 287.195 1160.35 1068.27 642.805 199.332 423.624 537.742 1114.7 868.942 1594.16 316.091 105.063 137.951 39.9338 19.2078 761.978 107.532 626.28 1074.77 59.5898 10.1754 50.4899 311.017 15.6399 6.34118 131.888 42.4513 19.4062 279.76 149.244 131.976 7.58943 184.204 96.5915 127.226 17.6676 243.848 59.1449 1015.18 353.563 329.372 7.26934 135.698 31.2573 22.7633 24.1907 19.1735 11.7491 272.717 250.671 8.39 308.323 63.0295 53.4904 45.8169 109.558 36.8118 20.7197
internal_count=534717 440446 94271 427098 183223 13348 40532 33288 53739 9336 39610 49725 143613 23952 243875 28346 4014 10133 3963 1779 22944 11264 21161 139650 6220 843 5774 24380 1196 359 9892 2334 1811 22816 3215 2776 644 18454 8860 9679 874 18170 1541 133430 9098 8288 466 1783 1564 1128 810 624 849 12063 11129 294 36547 1907 1541 1373 8805 2838 1331
is_linear=0
shrinkage=0.03


Tree=18
num_leaves=64
num_cat=0
split_feature=12 15 87 9 44 22 180 55 56 209 62 24 9 11 22 9 22 246 44 8 172 36 253 225 11 14 44 197 14 231 46 86 22 266 85 20 30 204 185 246 86 76 162 253 81 90 193 25 257 3 193 176 40 124 264 125 36 114 66 151 86 225 11
split_gain=2286.82 294.929 288.233 208.45 155.412 130.527 90.2948 82.4584 73.8692 69.7263 65.7105 60.0971 59.7064 51.8788 54.8056 48.8029 52.7377 45.8067 41.5607 44.953 38.6327 37.967 36.9201 36.2568 42.6404 35.8572 35.7782 34.9033 34.3036 37.2903 34.0657 34.0122 33.7501 33.5759 38.1186 33.0249 33.1111 30.6557 30.1056 29.9841 42.0504 53.5326 29.7498 27.772 30.3277 43.1539 27.6512 31.8729 27.5093 43.0534 27.4356 36.5892 52.7731 34.8423 27.3714 26.6213 35.6971 31.1931 26.0784 25.8209 27.4765 25.5672 30.8834
threshold=1689.3715546979363 1.0000000180025095e-35 52.500000000000007 194.96863213671955 1.0000000180025095e-35 22102.248524378836 -1.0000000180025095e-35 733.30220192056618 1.5000000000000002 -33207.481529017627 -109.17806647243999 1.0000000180025095e-35 477.16152215257603 -8608.7084387945124 6061.8994864039369 401.27894944712506 47508.428396782831 6068.238004045711 8.0000000000000018 -1845.1023054050318 999.82160016607315 -1643.4999999999998 59.500000000000007 28.500000000000004 -1885.1498682121137 -4982.6333742458692 8.0000000000000018 -1.0000000180025095e-35 66280.333824557092 104613.20061346302 -150.49999999999997 1.0000000180025095e-35 22102.248524378836 2575.2579420935149 1.0000000180025095e-35 1137.4373277406164 2.5000000000000004 -7265.6788760315458 -357.65106537025434 6068.238004045711 1.0000000180025095e-35 160315.31239113395 10.500000000000002 59.500000000000007 2128.2094380846866 -453.49999999999994 1.5000000000000002 1849.8927296129189 -14548.41421978417 53.500000000000007 -1.4999999999999998 67.889850716914012 3342.5000000000005 12.500000000000002 -1.4999999999999998 2421.3781934834424 -394.49999999999994 -1.0000000180025095e-35 1.0000000180025095e-35 245.89914248090105 12.500000000000002 -1.0000000180025095e-35 -8608.7084387945124
decision_type=2 2 8 10 10 2 10 2 10 8 8 2 8 2 2 8 2 10 10 8 10 8 8 10 2 2 8 8 2 10 8 10 2 10 10 2 2 8 10 10 8 10 10 10 10 8 10 10 8 2 10 10 8 10 8 8 10 8 10 10 10 10 2
left_child=1 8 6 5 7 10 -2 9 13 28 20 15 32 42 18 16 43 58 19 -15 -3 22 38 35 -25 31 -16 -14 29 50 -17 -19 55 -7 -35 36 37 -23 -12 -9 41 -41 -1 44 -8 -46 47 61 49 -49 51 52 53 -4 -33 56 57 -11 -5 60 -22 62 -39
right_child=2 3 4 17 -6 33 11 39 -10 12 21 -13 27 14 26 30 -18 25 -20 -21 59 23 -24 24 -26 -27 -28 -29 -30 -31 -32 54 -34 34 -36 -37 -38 46 -40 40 -42 -43 -44 -45 45 -47 -48 48 -50 -51 -52 -53 -54 -55 -56 -57 -58 -59 -60 -61 -62 -63 -64
leaf_value=0.060681170545915201 0.044902489841706208 0.0063160992684967729 0.14700930337044157 0.0060421905918395533 0.038491258924277072 -0.0079387562017727564 0.028585875494004129 -0.026300091229050949 -0.0010791909411579793 0.1393211165441231 0.13751072746548121 -0.018441372133738108 0.1058319551826984 0.11047378079187896 0.057527831497761937 -0.0089597871379816906 -0.015678555970709423 0.14525340756752 0.081437273019222933 0.03876643705706545 0.044211943304931473 0.11458930069508944 0.0030308454769200329 0.018272766522935087 0.14061282521316931 -0.017725076697451908 0.015070413646076969 -0.020573072220827951 -0.01066938001091707 0.18947727986822649 0.028348915175645702 0.10273425486251947 -0.023697922839425383 0.10106102317727343 0.0048583245716272471 0.0041702963227464307 0.081030481363599485 0.079381137492485113 0.03098759760963327 -0.0088708580147649034 -0.0072675945716591831 0.25523883338606329 0.034345058394883679 0.010648043206200638 0.02566409267377507 0.20640057931383968 -0.012910739992226741 0.041217473275953403 0.045901166547730243 0.17286588934804928 0.011137845933217564 0.0076055474290216418 0.2562607515713875 -0.030283117242285593 -0.030780169831135549 -0.0027139679452799154 0.11830595627218064 0.0096468914259820477 -0.010311751817497836 -0.015575256644208318 0.13463805636055304 0.030278103920343725 0.03980750383267085
leaf_weight=198.581537428312 40.969668606296182 126.76918305596337 2.0273419939912842 151.67983639240265 40.18404327891767 114.47312742657959 77.661870935000479 1401.9102229108103 33.018216849304736 1.7633803403005002 3.3687173449434331 139.83223560312763 1.970342880114913 8.2166762966662628 21.403269028291106 233.26970056118444 46.697761638555676 4.4008504622615856 27.155611859634519 185.51100015919656 9.9343084054999071 4.4949800483882427 54.847620568238199 4.2544121481478214 6.453347485046832 4.6779872900806359 107.99271283438429 888.64204403711483 24.428018260747194 1.3634912897832681 24.322828157804906 2.6654625264927745 54.664517572149634 5.6474372129887351 10.787590882740915 27.386886868625879 15.596456619445233 21.009176874533296 8.2005767766386253 1.3986722324043488 13.054851560853422 1.3645634744316337 47.918317402713001 123.92688898462802 2.6685395590029657 2.1444137692451468 10.231131491251288 4.1557564530521613 15.263172995299103 4.8390567642636597 23.054940609261394 4.7057767729274929 1.7781397919170556 1.9641698561608789 2.8697655303403735 138.05968240881339 3.4232997959479681 31.36873586429283 208.23030664213002 3.8752052425406864 4.3478199858218423 304.34946794155985 114.34760820167139
leaf_count=1753 2160 8830 163 13344 579 9625 4590 221991 845 102 142 19321 88 92 198 25484 3924 233 185 3028 442 121 2880 222 278 443 4472 122713 2810 130 1541 127 6471 295 773 1716 574 524 313 184 1832 124 499 9253 199 91 760 234 892 234 2209 430 161 231 226 16084 242 2325 21942 231 229 8409 4174
internal_value=-0.00059844 0.0258618 -0.0155348 0.0174224 -0.0200554 0.0254417 0.00170496 -0.0209613 0.0426008 -0.0150998 0.030304 -0.00101559 -0.0167788 0.0450175 0.0375974 0.00375575 0.0131117 -0.00130544 0.0466799 0.0418078 0.0121781 0.0346909 0.0133036 0.0373591 0.0920046 0.0507609 0.0220933 -0.0202934 0.0165962 0.0356839 -0.00543696 0.0830047 -0.00312649 -0.0021819 0.0379157 0.0362375 0.0380142 0.0366127 0.0620047 -0.0258367 0.015236 0.121554 0.0555616 0.0196253 0.0331147 0.106191 0.0358735 0.0369493 0.0704261 0.112042 0.0294299 0.0696883 0.120323 0.0597661 0.0335131 0.00331354 0.0260778 0.0165485 -0.00341958 0.0531047 0.0717398 0.0351024 0.0459499
internal_weight=5207.57 1878.95 3328.62 1249.16 2637.13 874.633 691.494 2596.94 629.797 1179.21 743.725 650.524 1119.89 596.779 350.279 510.692 253.099 374.524 220.883 193.728 144.927 598.798 66.4169 532.381 10.7078 14.6141 129.396 890.612 59.3219 34.8939 257.593 9.93608 229.28 130.908 16.435 521.674 494.287 478.69 11.5693 1417.73 15.8181 2.76324 246.5 206.402 82.4748 4.81295 474.195 463.964 24.258 8.99481 33.5304 10.4754 5.76965 3.99151 5.53523 174.615 36.5554 33.1321 359.91 18.1573 14.2821 439.706 135.357
internal_count=534717 89285 445432 78213 378869 41898 66563 378290 11072 154159 31205 64403 148025 10227 7975 45082 18057 36315 3305 3120 9732 21473 3335 18138 500 1029 4670 122801 6134 3324 27025 586 25224 10693 1068 17638 15922 15348 455 224131 2140 308 2252 14133 4880 290 15227 14467 1360 468 3194 985 555 394 353 18753 2669 2427 35286 902 671 13107 4698
is_linear=0
shrinkage=0.03


Tree=19
num_leaves=64
num_cat=0
split_feature=17 24 9 55 44 22 9 107 247 22 55 226 213 226 8 13 13 52 42 160 181 204 159 86 158 267 58 151 226 13 61 9 79 79 63 182 17 267 8 185 204 94 5 111 224 265 133 99 152 50 7 172 180 171 172 106 213 53 52 109 78 189 90
split_gain=2081.16 553.979 246.776 157.921 127.198 129.388 121.494 92.5549 78.714 71.1647 62.8195 56.8527 56.2873 54.7122 53.5681 51.588 51.0063 50.3617 42.6596 46.2807 42.5307 39.4439 38.9042 35.9384 34.553 34.1887 37.1185 33.9532 33.8429 33.8366 32.9783 33.3411 32.943 31.9932 37.8183 31.9006 31.8415 44.5031 37.5995 31.7936 31.4107 35.795 30.9901 32.8058 30.8505 38.7662 29.352 33.8847 28.3431 27.6828 27.529 26.8294 26.7663 26.0571 42.9687 25.9386 25.7808 24.9665 24.9135 24.4677 24.2742 29.6325 24.0325
threshold=2312.6180892331795 1.0000000180025095e-35 401.27894944712506 409.25375248207388 1.0000000180025095e-35 34526.221657036804 329.03560836903108 7995.2351767663231 8072.8597621950021 11048.616865327827 409.25375248207388 -25.499999999999996 1.0000000180025095e-35 -3.4999999999999996 -362.81822763772192 1.0000000180025095e-35 1.0000000180025095e-35 6.5000000000000009 2.5000000000000004 7.5000000000000009 -1.0000000180025095e-35 -6057.0133078280951 inf 1.5000000000000002 3489.5000000000005 5083.0411112877746 32.500000000000007 26004.097868101129 3.5000000000000004 1.0000000180025095e-35 115.60415717038902 1372.2127032913224 2246.6714718890466 30293.371404633988 1629.2508380444303 -650.54558402255248 20152.601714816989 10354.205331588766 -2175.4502302806191 1.0000000180025095e-35 -4423.740426832398 1175.5000000000002 703.17703564326723 30.500000000000004 34.500000000000007 -7.4999999999999991 2236.53397955125 136470.65735224696 8.0000000000000018 413.50000000000006 165.95470516465303 735.34289596636484 -1.4999999999999998 -2467.984207770281 -998.94811062400356 8.5000000000000018 1.0000000180025095e-35 32333.945721628075 2.5000000000000004 2827.5859068724171 83864.525504872159 -56055.955163804349 -1430.9999999999998
decision_type=2 2 8 2 10 2 10 10 10 2 2 8 10 10 10 2 2 10 8 10 8 8 8 8 10 8 8 10 8 2 10 10 10 8 10 10 2 10 10 10 10 10 10 10 8 8 10 10 10 8 10 10 8 10 8 10 10 10 10 8 10 10 8
left_child=1 4 3 9 5 6 15 56 10 12 16 23 14 17 -2 24 33 18 19 -10 -8 -16 -6 -7 39 -11 -27 -5 40 35 31 49 -23 -4 -35 -13 37 52 -39 -1 41 50 -14 -44 45 -34 48 -48 51 -22 -17 -42 -18 54 -51 -46 -3 -12 -30 -32 -54 -62 -45
right_child=2 7 8 27 22 11 20 -9 13 25 57 29 42 -15 21 28 36 -19 -20 -21 30 32 -24 -25 -26 26 -28 -29 58 -31 59 -33 44 34 -36 -37 -38 38 -40 -41 46 -43 43 62 55 -47 47 -49 -50 53 -52 -53 60 -55 -56 -57 -58 -59 -60 -61 61 -63 -64
leaf_value=0.049437757797874543 -0.0047704858435619456 -0.016585270228215099 0.01263136880465213 -0.025618047628366881 0.042702269561695629 0.10939455434658998 0.046813002023273757 0.036008202235730591 0.083694027816854741 -0.023088385655088348 -0.027574747878853528 0.043614848397137126 0.010824679147798409 -0.012458096259715251 0.16240911093395149 0.03583131265080134 0.10317550913455296 0.013783347703036599 0.013312004296702991 0.25421074973216001 -0.0098654110433967213 0.0077874491537627691 0.070478132210496272 0.011143644714141305 0.099542172529479667 0.099228738824813673 0.00058679306440141612 0.12632672099025263 0.013344383527723644 -0.0066500624787571884 -0.0062113336727425269 -0.00069416806225928421 0.14486313010687848 0.18550487208743568 -0.0097767639674192688 0.0065505297384832913 -0.021416927810878113 -0.001713134825000124 0.14988078547142125 0.0154716353901364 0.027469701059421925 0.0058203374739584316 0.15632774964115789 0.0024190395434947028 0.057297190441389166 0.022102598076601025 0.026014114240427159 0.11537618603689687 0.10011303553821951 0.20856211697607926 0.12266549108287789 0.041396204168304251 -0.013885383377914472 0.03160285763503675 0.059649913859593374 0.18032514167766184 0.056334087334535869 -0.002347688425619286 0.086464965082356779 0.10702162583123762 0.12237638142751314 0.0018104561352139212 0.064854927438175392
leaf_weight=180.71687437035143 145.34178318828344 333.82202443713322 13.164128290954979 183.17562061455101 161.16423386149108 7.690175878815352 25.284901491831988 34.414885941892862 3.3452802076935777 83.065993629861623 1091.8209567903541 27.817494439892471 18.079771593678743 21.89111188147217 1.7092504249885676 4.8722525341436294 1.796935058198869 10.876881386619059 2.7420187881216416 2.5054484470747411 8.5593136474490148 123.80508731259033 63.174040904268622 5.9377425117418179 10.908188320696352 4.1346815791912404 20.238975133281201 1.333217239473014 111.34971072524786 132.21495419647545 116.51186895929277 36.247255278285593 2.3886686977930367 2.3558353772386904 1.4369125911034641 84.032361443154514 749.11278328392655 3.088654765393585 2.8141787829808882 28.747635115869343 491.60507658869028 5.6595414094626895 2.8775143283419302 7.2080283029936254 6.8264552927575988 75.218372059054673 7.1813382422551504 8.1562713272869569 5.3834876604378215 2.1318280603736639 10.091934528201817 166.72295254003257 424.95732170995325 22.570637821219862 9.5849633808247727 1.9925327985547481 4.4214740451425305 36.487426712643355 4.3578409589827052 1.7431677319109429 2.5514820828102529 6.5306911151856166 24.099001885857437
leaf_count=2260 14322 45275 1397 28483 1172 188 1099 1039 186 9181 179639 595 1295 2932 128 141 191 1304 287 115 593 9897 484 258 165 261 2016 133 5087 9951 9305 2940 202 225 164 4183 104188 275 211 682 17279 244 152 385 568 6311 184 301 83 136 290 3281 53428 1439 632 194 300 4404 288 98 248 686 1337
internal_value=-0.000594577 0.0223326 -0.0163293 -0.000693664 0.0294404 0.0263207 0.0302866 -0.0108631 -0.0209428 0.00780984 -0.0216691 0.00695365 0.0135108 0.0200817 0.00925701 0.0346084 -0.0169142 0.0566684 0.110953 0.156714 0.0101807 0.0188766 0.050524 0.0665862 0.047487 -0.0139213 0.0173201 -0.0245201 0.0311277 0.00362393 0.00548732 0.0204826 0.0177096 0.03475 0.111521 0.0157686 -0.0176499 -0.0112617 0.0705593 0.0447761 0.0336131 0.0700868 0.0425896 0.0593897 0.0319232 0.025881 0.0325054 0.0735353 0.0315572 0.0383977 0.0943928 0.0309966 -0.0123698 0.0504458 0.086744 0.0850937 -0.0156321 -0.026759 0.0160983 -0.0045422 -0.0128482 0.0356814 0.0504799
internal_weight=5192.05 2113.08 3078.97 701.495 1740.42 1516.08 1258.39 372.658 2377.48 516.986 2336.12 257.693 409.546 41.3607 357.282 1035.75 1207.81 19.4696 8.59275 5.85073 222.634 211.94 224.338 13.6279 220.373 107.44 24.3737 184.509 815.38 244.065 197.349 79.094 210.231 16.9569 3.79275 111.85 1190.85 441.739 5.90283 209.465 699.673 20.6237 52.2643 34.1845 86.426 77.607 679.049 15.3376 663.712 42.8467 14.9642 658.328 435.836 34.2874 11.7168 8.81899 338.243 1128.31 115.708 118.255 434.039 9.08217 31.307
internal_count=534717 109972 424745 74865 63358 61702 46527 46614 349880 46249 345056 15175 34791 4824 31622 30285 161013 1892 588 301 16242 17300 1656 446 3107 11458 2277 28616 27178 14729 15143 5740 17172 1786 389 4778 159227 55039 486 2942 21803 675 3169 1874 7275 6513 21128 485 20643 2800 431 20560 54553 2207 768 762 45575 184043 5375 9403 54362 934 1722
is_linear=0
shrinkage=0.03


Tree=20
num_leaves=64
num_cat=0
split_feature=33 12 12 17 17 266 11 23 47 191 171 1 11 126 1 17 191 220 23 47 132 33 212 264 17 24 132 11 125 214 191 29 129 100 85 212 251 172 105 230 33 68 99 64 177 204 113 185 1 185 33 112 112 40 12 40 60 56 230 210 184 212 37
split_gain=2127.96 312.356 252.485 157.003 101.256 84.9801 82.556 73.3599 67.8972 67.2247 64.5084 52.0312 50.135 51.5406 43.1743 56.407 41.9941 40.8885 40.1832 43.692 39.1471 38.3553 43.9467 49.8282 37.2916 46.1799 38.3763 36.6043 36.3181 35.8985 33.2889 32.6328 36.2924 31.0008 32.5354 27.2802 26.8936 26.4944 27.9211 28.8716 39.6288 25.949 24.7046 24.5207 24.1599 37.8535 26.7748 25.0494 23.5306 23.5215 33.5784 23.0858 21.8178 21.6538 21.6203 21.5522 23.3409 21.1394 21.083 20.8399 20.7176 20.5776 20.1892
threshold=44.500000000000007 209.111081612351 8670.5830001280356 2312.6180892331795 3733.2785145112093 8233.521365449853 -4676.1028341919728 1.0000000180025095e-35 7939.0517598300858 -1.0000000180025095e-35 -179.66335449468994 202101.50000000003 -18859.875123774757 1.0000000180025095e-35 202051.50000000003 24232.977702521679 -1.0000000180025095e-35 1.0000000180025095e-35 1.0000000180025095e-35 52656.122230281522 87289.228507461012 70.500000000000014 1.0000000180025095e-35 -1.4999999999999998 6445.3348615886898 19127.703663159609 72967.862718098317 -5633.4249138616551 37027.206203699745 207.06932895905268 -1.0000000180025095e-35 1.0000000180025095e-35 5.5000000000000009 -637.49999999999989 1.0000000180025095e-35 1.0000000180025095e-35 -32452.879747235387 735.34289596636484 5522.6137446138046 -2930.7313079027913 29.500000000000004 1458.2786448117558 570062.91400115518 8.5000000000000018 -841.72880760484486 -2075.2783069173997 2152.4122272026448 -1.0000000180025095e-35 202101.50000000003 -357.65106537025434 1.0000000180025095e-35 219.50000000000003 102.50000000000001 1820.5000000000002 17164.911010153861 389.50000000000006 13593.881502481285 1.0000000180025095e-35 -12851.407082684191 -34.308356615985922 -909.34430046232853 1.0000000180025095e-35 8695.4132653424658
decision_type=2 2 2 2 2 10 2 2 10 8 10 2 2 10 2 2 8 10 2 10 8 2 10 8 2 2 10 2 10 10 8 2 10 10 10 10 8 10 10 8 2 10 10 10 8 8 10 8 2 10 2 10 10 10 2 10 10 8 8 10 8 8 8
left_child=1 6 3 12 7 21 10 17 16 -4 31 -6 13 -2 15 20 -8 35 52 -20 28 22 -5 -24 25 26 -11 33 62 44 -9 32 -1 34 -17 43 -12 54 -39 40 -40 -42 -19 49 45 -18 47 -46 -10 50 -3 -49 55 -37 -13 -14 57 -57 -50 -31 -52 -54 -7
right_child=2 4 9 5 11 14 8 30 48 24 36 37 18 -15 -16 27 29 42 19 -21 -22 -23 23 -25 -26 -27 -28 -29 -30 59 -32 -33 -34 -35 -36 53 -38 38 39 -41 41 -43 -44 -45 46 -47 -48 51 58 -51 60 -53 61 -55 -56 56 -58 -59 -60 -61 -62 -63 -64
leaf_value=0.056067950920535022 0.11066895376965191 0.098224824058540966 0.0302947193332322 -0.00569223541478865 -0.013508307713323637 0.10319473097450944 0.064098480577217606 0.098241851573981229 -0.0097916728160309194 -0.0076466574780317152 0.054036136289575452 0.016259183774772656 -0.0067590810719401085 0.025788214352230967 -0.022920334410458321 0.11707377163156815 0.10082559603929164 0.041601620062712327 -0.013310453135634882 0.059000148218777144 0.188825678173353 -0.018339381315629625 0.17021478570299278 0.0163503194148828 -0.024692098573675814 -0.023017790238561389 0.04287559656678059 -0.024789749201058826 0.14856926478115834 0.09701713568361138 -0.013733173784054699 0.017073194981155757 -0.0035138533900931309 0.1412039131286893 0.00091903445500946966 0.03043260450818033 0.026896353313879511 0.017144401448409629 0.25582610200965678 0.011343010698928789 0.17334534691233955 0.010580390834051255 0.11581070953198067 -0.005540284478675361 0.034093966464249482 0.011605095086172263 -0.00082418286277002092 0.01633473484564818 0.1066523250765819 0.011310670130526794 0.033368807677143904 0.067927118113799201 0.029374721675076865 0.086000420528868415 -0.02621550614303941 0.093159300310291834 0.0051135470048855351 0.028127231765711663 0.015751158754505553 0.04167454345784162 0.014155213757156797 0.10110807586731696 -0.011379097909421182
leaf_weight=263.96889747586101 9.4769960059784371 5.575439508073031 21.867392322979867 186.55883510084823 200.11858316045254 2.0048192604444894 29.753188572824001 2.4651049412786961 59.340689181350172 177.09446987323463 38.348312153480947 39.202589372638613 36.859532859176397 20.079989356920123 12.064421149902044 2.8129394673742327 9.1119262725114805 32.620635015424341 71.549403459765017 8.4036815818399173 2.9973720661364505 474.21499461773783 2.6891953330487013 6.4081921055912954 1647.1589743634686 271.48516497761011 14.650750710628925 10.978405059780927 3.1285464498214424 6.7386177089065304 77.864993458148092 23.391683212481439 9.533197336830197 2.6141462521627536 9.5002114758826792 25.72405284550041 229.64053613133729 13.192143600434067 1.5711554414592681 2.8674604054540378 1.4706964967772367 2.2005636594258249 4.6077483985573044 42.20319146849215 159.30512042529881 8.0702513232827204 39.64057294651866 202.31383137125522 2.5961582818999887 207.20379016036168 99.275637475773692 8.1190228657796961 62.306537898723036 8.3634821539744717 14.879201485775409 6.2401037882082191 27.828205286990851 16.119523993693292 19.884589768014852 67.114131331443787 102.82074963254854 3.819749758578836 4.4711928772740057
leaf_count=4517 213 253 397 21346 22502 135 240 31 4168 18252 443 3407 1807 440 1292 171 202 1258 8185 169 174 65634 206 556 263454 43639 779 1420 103 193 10161 701 233 200 774 773 4744 1052 125 235 103 243 209 3026 4386 246 1494 6982 121 10700 5574 240 3226 280 1891 252 1602 834 1065 1398 5839 139 283
internal_value=-0.000590696 0.0230572 -0.0162358 -0.00365822 0.00958372 -0.0108974 0.0331803 0.0164134 0.0255465 -0.022035 0.0414507 -0.00550654 0.016196 0.0530039 0.0266017 0.0421169 0.0294721 0.0204741 0.0115293 -0.00571006 0.0941757 -0.0137284 -0.00255254 0.0618328 -0.0225773 -0.0150573 -0.00378638 0.0167928 0.0646375 0.0274133 -0.010297 0.0510825 0.0539912 0.047375 0.0274546 0.0181766 0.03078 0.0157354 0.0440738 0.0878792 0.129742 0.0757836 0.0507865 0.0162458 0.0240699 0.0589199 0.0226072 0.0251194 0.00011057 0.018462 0.0255971 0.0183253 0.0205279 0.0440663 0.00457337 0.0106595 0.0234523 0.0462763 0.0262488 0.0467242 0.0235935 0.0335184 0.0240902
internal_weight=5176.48 2061.1 3115.38 983.127 884.227 720.443 1176.87 608.725 611.988 2132.26 564.883 275.502 262.684 29.557 50.5721 38.5076 530.167 528.395 233.127 79.9531 12.6019 669.871 195.656 9.09739 2110.39 463.23 191.745 25.9057 9.60456 500.413 80.3301 296.894 273.502 14.9273 12.3132 491.166 267.989 75.3838 21.302 8.10988 5.24242 3.67126 37.2284 457.079 426.561 17.1822 409.379 369.738 81.8214 414.876 207.672 210.433 153.174 34.0875 54.0818 87.0474 50.1878 22.3596 22.4807 73.8527 202.096 66.1263 6.47601
internal_count=534717 99035 435682 109161 67662 92294 31373 38104 20735 326521 10638 29558 16867 653 4552 3260 15381 27912 16214 8354 695 87742 22108 762 326124 62670 19031 2565 521 15141 10192 5451 4750 1145 945 26445 5187 7056 1758 706 471 346 1467 25392 13550 448 13102 11608 5354 22366 11666 7222 7860 1053 5298 4495 2688 1086 1186 1591 11413 3365 418
is_linear=0
shrinkage=0.03


Tree=21
num_leaves=64
num_cat=0
split_feature=66 47 24 52 34 226 87 24 14 180 14 22 22 34 52 87 1 107 226 1 177 203 1 246 82 103 63 204 14 187 226 147 22 61 79 104 83 208 50 162 30 205 199 35 57 145 14 46 130 128 47 204 178 220 147 22 113 189 180 112 159 101 220
split_gain=1529.85 390.559 266.452 245.461 186.565 90.407 120.76 90.2097 89.453 69.1321 67.4242 72.9998 50.6142 48.9348 48.027 47.2376 61.7344 45.1697 43.8192 43.154 44.168 41.3867 39.1228 38.5959 64.8572 38.2518 41.0921 38.0444 37.1048 35.934 35.5202 35.2469 32.5262 32.1826 45.5885 45.4861 31.7828 31.7627 30.1413 39.5314 45.5166 31.6503 32.926 29.9833 29.4469 34.9607 29.0626 40.0594 28.7291 28.5994 28.41 27.938 27.8313 27.5273 27.4492 26.8077 26.3731 26.328 25.4382 24.4799 27.1925 23.9562 23.9299
threshold=1843.454010978747 2358.6269094291715 1.0000000180025095e-35 2.5000000000000004 1.0000000180025095e-35 -8.4999999999999982 29.500000000000004 19127.703663159609 3259.2540768480844 -1.0000000180025095e-35 35152.103847702405 34526.221657036804 22102.248524378836 1.0000000180025095e-35 4.5000000000000009 72.500000000000014 202101.50000000003 32381.79083585765 -17.499999999999996 201907.50000000003 -368.1793295684102 1.0000000180025095e-35 202102.50000000003 2738.8435832542268 8.5000000000000018 20.500000000000004 208.89023712959104 -34148.258643028406 -4982.6333742458692 -1.0000000180025095e-35 -1.4999999999999998 5.5000000000000009 28168.660406092054 283.46139109808706 1466.4907554733743 2621.5000000000005 56776.37947566613 -29144.274511802174 413.50000000000006 5.5000000000000009 2.5000000000000004 -18826.072345071105 -1.4999999999999998 38015.909958631099 62.500000000000007 1.0000000180025095e-35 -8150.6279628174116 -455.49999999999994 503094.32608612056 5103.7967242458353 15872.37465310058 -4423.740426832398 1.0000000180025095e-35 2.5000000000000004 5.5000000000000009 11048.616865327827 -1.0000000180025095e-35 12087.822726723391 -1.4999999999999998 117.50000000000001 12875.351392209905 165003.27644549133 3.5000000000000004
decision_type=8 10 2 10 10 10 10 2 2 8 2 2 2 8 10 10 2 10 10 2 8 10 2 10 8 10 10 10 2 8 10 8 2 10 10 10 10 8 8 10 2 8 8 10 10 8 2 10 8 8 10 10 10 8 8 2 8 8 8 8 8 10 10
left_child=3 2 9 5 7 21 12 8 14 55 11 38 13 31 22 16 28 29 -17 20 -14 36 30 -19 -25 33 -27 -8 56 -9 37 62 44 34 -18 -36 43 -3 -11 40 41 -40 -43 57 59 -46 47 -39 -26 -42 58 -15 -45 -35 -53 -2 -5 -1 -10 60 -24 -4 -7
right_child=1 4 61 15 -6 6 27 17 50 10 -12 -13 19 51 -16 18 25 23 -20 -21 -22 -23 32 24 48 26 -28 -29 -30 -31 -32 -33 -34 53 35 -37 -38 46 39 -41 49 42 -44 52 45 -47 -48 -49 -50 -51 -52 54 -54 -55 -56 -57 -58 -59 -60 -61 -62 -63 -64
leaf_value=0.053646852703912132 0.062105433874712929 0.1377196788889081 -0.019332897961171745 0.10546762382764827 0.047069468173421627 0.028453500342716126 0.081779763844847433 0.15819877317678588 0.11276340039486266 0.0036387337737230994 -0.0031622790052217688 -0.0036289448557843499 0.096991349444898539 0.061662127861017484 -0.010781991266435696 0.018000553596278619 0.0075169487846220295 -0.01002681983036274 -0.018391904906651015 -0.0017161842223699199 0.020999089094482781 -0.012457536020263126 0.048047055580553215 0.25039899317765613 -0.00083811790288973941 0.18496101391426437 0.012517031346795025 0.00026151902988074397 -0.0079920348361607278 -0.026812003314008903 -0.015655272181108522 0.011009412721220548 -0.030463369016030289 0.010755328308587253 0.018997469271369059 0.18119944695783069 -0.012646455317429996 0.026052431424508391 0.12829939022007317 0.016765483651080621 0.172287459772276 0.13500990440162197 0.032731891684991861 0.046507610635469973 0.23376520057892147 0.047048225916615234 0.0036930878384885974 0.14714472716660446 0.15487316468071163 0.056263689268157134 -0.02305365056122801 0.058717546338348109 0.0087581312610753841 0.12813301078063291 0.032977682799700106 -0.0044067435634683868 0.017049689643548731 0.093419852433222442 -0.012479397966003671 0.0018181472374199238 0.15945171804310809 0.072356447808417573 0.085235853038819129
leaf_weight=105.0451551405713 37.331604715902358 1.9542691488750277 299.4232361568138 3.2497998080216348 38.119459202047437 315.78932246658951 5.297695147804915 0.94559472892433405 1.4661705647595225 42.114014943130314 160.50636247219518 90.48579563992098 8.2005272596143168 43.015790215693414 181.78862590994686 37.891902662813663 5.5052685849368554 28.114324734546244 139.04650314152241 84.659875515848398 42.861790975555778 10.876073541585354 11.821628094650807 1.386240296997127 6.0412399410270163 3.0590545046143225 2.0956713366322219 188.09191091731191 120.8032715995796 1167.630807143636 46.926181373652071 127.23821608675644 4.6759734675288191 38.404225395061076 2.4114771694876254 4.3861423144116998 7.6362679819576433 11.48239908646792 3.3390397131443024 103.64795793127269 3.6844352153129867 2.8924926668405533 137.27934633614495 66.636252752970904 1.7031972496770311 1.919817559886724 48.288899343460798 3.1287057297304264 1.2950074803084133 3.9748838813975453 561.89477466000244 42.355803798884153 23.875215702690184 1.8865173724479962 311.58619764074683 6.3868714668788007 46.180812525562942 17.470243756193668 324.00549784908071 8.3210484716109914 2.3666723337955835 2.5867796349339178 6.8240314051508895
leaf_count=1549 1167 154 44637 219 422 9283 151 60 137 2228 13808 6064 262 386 24040 2868 372 3748 18120 3889 1889 499 900 120 638 165 177 12951 11253 200878 4959 4763 506 2772 143 247 366 795 71 5463 166 158 6225 2082 138 145 4818 160 119 174 84123 283 992 130 4778 265 3197 353 42092 696 197 111 196
internal_value=-0.000585782 -0.0126011 0.00438041 0.0216163 -0.018782 0.0275381 0.0241642 -0.0198205 -0.0140401 0.0160842 0.0131875 0.0199612 0.0284294 0.0311554 -0.000558524 0.00103273 0.0100597 -0.0256312 -0.0105983 0.0114215 0.0332033 0.044673 0.0124755 0.00707755 0.0622084 0.0368629 0.114853 0.00249462 0.000967218 -0.0266623 0.00422571 0.0243809 0.042408 0.0292191 0.0716873 0.123658 0.0474888 0.0186109 0.02715 0.0310357 0.0408199 0.0370169 0.0348424 0.0496445 0.0554472 0.134825 0.0149102 0.0519822 0.0266483 0.112076 -0.0189683 0.0388325 0.03655 0.0162513 0.0360579 0.0523886 0.0228627 0.0593183 -0.0119152 0.0426709 0.0666299 -0.0185476 0.0296546
internal_weight=5161.31 3348.93 893.653 1812.38 2455.28 1407.46 1175.92 2417.16 1211.74 591.643 547.924 387.418 982.532 846.809 324.377 404.921 227.982 1205.41 176.938 135.722 51.0623 231.539 142.589 36.8368 8.72249 57.7484 5.15473 193.39 170.234 1168.58 111.78 449.852 30.8083 52.5936 12.3029 6.79762 220.663 64.8543 296.932 254.818 151.17 143.511 140.172 213.027 26.1324 3.62301 62.9 14.6111 7.33625 7.65932 887.366 396.958 90.5115 40.2907 353.942 43.7185 49.4306 122.515 325.472 22.5093 14.1883 302.01 322.613
internal_count=534717 450382 80537 84335 369845 44672 38831 369423 163860 35789 34357 20549 25729 19689 37508 39663 18675 205563 20988 6040 2151 5841 13468 4625 877 4006 342 13102 14669 200938 10886 14242 2582 3664 762 390 5342 5927 14485 12257 6794 6454 6383 4976 2076 283 5773 955 757 340 126352 5447 3074 2902 5061 1432 3416 1902 42229 1793 1097 44748 9479
is_linear=0
shrinkage=0.03


Tree=22
num_leaves=64
num_cat=0
split_feature=33 12 12 226 13 180 53 11 181 22 33 226 1 47 55 1 12 76 46 22 47 55 47 44 59 209 14 177 270 13 1 14 27 105 13 1 209 263 22 100 221 157 143 117 157 14 185 46 50 94 1 2 53 137 62 86 144 62 185 46 68 57 25
split_gain=1888.28 258.061 242.559 145.555 100.209 74.5767 73.5587 68.8068 68.8017 63.8889 55.6669 50.7734 77.961 51.9684 49.9184 48.6991 48.0114 40.6142 40.237 39.3646 50.3036 36.2553 46.3963 35.49 33.4734 32.8826 32.4985 32.2038 31.2958 33.9846 30.9233 37.31 46.6951 32.9499 29.2972 28.6647 30.7079 28.3412 28.3371 28.3338 28.1701 29.1808 52.6484 38.0793 27.6113 30.1932 34.2761 30.1493 30.1028 41.3075 27.0214 26.7867 30.7976 29.7168 26.1522 25.9034 25.5301 23.7179 23.3026 23.2448 24.9452 29.9191 24.0288
threshold=44.500000000000007 1689.3715546979363 8670.5830001280356 -25.499999999999996 1.0000000180025095e-35 -1.0000000180025095e-35 32333.945721628075 -5633.4249138616551 -1.4999999999999998 6061.8994864039369 70.500000000000014 -4.4999999999999991 202101.50000000003 6562.4501291127372 1.0000000180025095e-35 201956.50000000003 1.0000000180025095e-35 35706.189865999222 -667.49999999999989 54774.907965936385 940.12056698103515 733.30220192056618 5182.4822904395869 8.0000000000000018 1337.5925014488864 -66769.952405897799 -4982.6333742458692 -117.25688954089591 388.31730917955707 1.0000000180025095e-35 202101.50000000003 3259.2540768480844 2316.9213514955786 21024.404087655534 1.0000000180025095e-35 202051.50000000003 -66769.952405897799 -2842.0029895378998 28168.660406092054 -517.49999999999989 1.5000000000000002 6.5000000000000009 71539.848603338221 150.02279000000001 5.5000000000000009 35152.103847702405 -2161.8644196580785 -1855.4999999999998 5397.5000000000009 6405.5000000000009 202001.50000000003 1.0000000180025095e-35 7957.4832804712596 25504.634688100759 -364.44599419081595 5.5000000000000009 -1384.4999999999998 486.33826952411511 -357.65106537025434 -335.49999999999994 -3469.8872587081873 32.500000000000007 2268.8507993736516
decision_type=2 2 2 8 2 8 8 2 8 2 2 8 2 10 2 2 2 8 10 2 10 2 10 8 10 8 2 10 10 2 2 2 2 8 2 2 8 10 2 10 10 10 10 10 10 2 8 10 10 8 2 2 10 10 10 10 10 10 10 10 8 8 10
left_child=1 4 3 15 16 -3 9 18 -4 10 34 51 13 59 19 -2 50 24 28 20 44 22 25 -12 -14 -10 -15 -26 29 -8 -22 33 -33 -32 37 36 -36 -5 58 -20 41 -37 -43 -44 45 48 47 -47 -7 -50 -1 52 53 -6 -42 -30 -45 -53 -18 62 -61 -62 -13
right_child=2 5 8 6 11 14 7 -9 21 -11 23 12 17 26 -16 -17 38 -19 39 -21 30 -23 -24 -25 27 -27 -28 -29 55 -31 31 32 -34 -35 35 40 -38 -39 -40 -41 54 42 43 56 -46 46 -48 -49 49 -51 -52 57 -54 -55 -56 -57 -58 -59 -60 60 61 -63 -64
leaf_value=0.052793248008518333 0.046164483096158657 0.04240717933400958 0.021706680039087965 0.15435605971658026 0.037734813941770827 0.030686392126883209 0.089472852275724907 -0.0050700552688658085 0.036509970965232771 -0.022664108033733636 -0.013373603188857804 0.014172163353073957 0.024373848435122129 0.019003139731911624 -0.017697874101338433 0.0022973932565638726 0.059479814560541883 -0.011480172109317363 0.18855620469755174 -0.01521754066129479 -0.008791558498304014 -0.025902166561615279 -0.021414362699600668 0.12521950866120374 0.076545520474370216 -0.0084188951423358731 -0.016565191633533722 0.039163800908334309 0.16676558601350575 0.010282187314360607 0.036912319979010663 -0.0094426416783820969 0.12410505877492109 0.16504341728587613 0.12134194328841505 0.0058779898624912114 -0.0046540282536227549 0.0072350965409123044 0.011899910733403097 0.062758245207675173 0.031445898227383348 -0.030469540143502432 0.17163009700800069 0.15060773327194554 -0.00071734145232374695 0.088802332358230596 -0.013543129348430083 0.0089279519471586292 0.17883050400837985 0.028042718899979072 0.032368596036543337 0.03492010063240842 0.10473295817400659 0.10422429197875778 0.18249821733869906 0.025214429302395612 0.013852179563261974 0.0027198684877503868 0.02718573394597246 0.060154653498285256 0.10045591419069801 0.0093132896263270256 0.056599131918892348
leaf_weight=205.63744767475873 64.929628327023238 43.79527636570856 32.359810990281403 2.4048237586393952 74.21169938147068 102.01338691357523 5.6449149404652408 74.073927315417677 16.023537685163319 270.53762421989813 290.22995291743428 422.85959440097213 117.78894443623722 33.766821566503495 98.022251286543906 35.083164372015744 29.294310656376183 17.283026811666787 2.4490106818266213 68.387008749414235 142.26288205012679 1142.5712664439343 682.66901169344783 1.6724779307842244 25.607116271741688 172.38462490774691 73.320915881544352 109.14861444942653 2.5729047041386357 35.864840079564601 19.079623906407505 35.79871542006731 2.5223846910521379 1.9951745173893893 1.7685103188268838 48.568378805182874 111.60809676069766 2.3108506146818391 68.416532675735652 4.7113140029832712 2.3657512064091861 4.5252020810730746 3.5574065344408137 1.6572526660747815 45.045299460645765 6.7723099673166898 29.988740796688944 11.43339904816821 3.007040753029286 3.5837430646643043 81.361505121923983 77.546593728475273 8.0369927780702692 6.5867209192365399 1.8291492508724321 2.1240511196665466 4.7497678473591813 28.028523167129606 64.137666512280703 22.711553492583334 3.6419471362605682 29.481911660172045 12.365382176823912
leaf_count=1430 2887 1625 2244 150 2074 4797 83 6801 894 36549 38500 14517 3645 1990 13961 2379 571 1117 149 5910 15896 200301 104882 20 635 18200 5995 2081 146 2812 1220 3418 222 167 87 4448 11987 174 2592 247 173 414 235 158 2829 375 2264 904 172 215 782 2708 220 196 135 156 471 887 1035 582 127 1156 720
internal_value=-0.000581049 0.0210876 -0.0158213 -0.00350913 0.0277499 0.0046819 -0.00742698 0.0136405 -0.02169 -0.0110174 -0.00441521 0.0227286 0.0196247 0.013586 0.00178287 0.0307765 0.0396349 0.0330112 0.0396109 0.00582947 0.00939659 -0.0223874 -0.0177771 -0.0125795 0.036056 -0.00459783 -0.00534981 0.0462673 0.0293564 0.0210513 -0.00120075 0.0169805 -0.000652219 0.0490426 0.00844288 0.0065157 -0.00268867 0.0822615 0.0265693 0.105784 0.0220327 0.0170248 0.0543883 0.0929253 0.0199842 0.0259314 0.00616943 0.0386403 0.034701 0.0968395 0.0470031 0.0365863 0.0487261 0.0431551 0.0973109 0.102754 0.0492256 0.0263714 0.0373111 0.0177154 0.0359384 0.0193344 0.0153776
internal_weight=5146.19 2124.94 3021.25 975.239 1511.23 613.707 875.226 127.441 2046.01 747.785 477.248 1062.39 867.976 598.148 569.912 100.013 448.847 269.828 53.367 471.89 403.503 2013.65 871.077 291.902 252.545 188.408 107.088 134.756 46.2067 41.5098 201.659 59.3959 38.3211 21.0748 185.345 180.63 113.377 4.71567 161.849 7.16032 67.2529 63.058 14.4896 9.96443 201.844 156.799 48.1944 18.2057 108.604 6.59078 286.999 194.411 88.8354 80.7984 4.1949 4.69696 6.40702 105.575 93.432 491.06 55.8354 33.1239 435.225
internal_count=534717 99035 435682 109161 45060 53975 103895 10394 326521 93501 56952 38650 32565 25087 52350 5266 6410 7478 3593 38389 32479 324277 123976 38520 6361 19094 7985 2716 3197 2895 20923 5027 3640 1387 18432 18108 12074 324 4198 396 6034 5726 1278 864 11556 8727 3543 1279 5184 387 2212 6085 2490 2270 308 302 629 3595 1606 17102 1865 1283 15237
is_linear=0
shrinkage=0.03


Tree=23
num_leaves=64
num_cat=0
split_feature=17 23 14 14 55 161 16 227 11 53 10 56 204 99 257 23 115 76 15 56 266 46 64 31 227 221 11 20 227 44 204 158 6 193 177 53 215 182 174 46 79 89 63 101 209 204 63 3 265 101 114 257 20 89 25 141 129 76 121 224 11 0 101
split_gain=1654.03 446.943 215.531 157.115 118.523 84.3521 68.6928 66.6084 58.1255 55.7806 51.9861 46.7748 42.3556 42.5488 42.136 41.6501 45.6017 37.6813 39.9897 33.6373 33.761 38.8824 33.5085 30.4953 40.5924 30.275 32.3799 30.4212 30.3107 38.7435 37.9509 31.2518 29.7263 28.9015 28.3083 28.2699 27.5518 27.4884 30.706 26.0895 25.9083 25.8297 31.2564 26.3136 25.1796 24.8393 24.6318 33.0735 32.7963 41.43 24.2349 23.7458 23.5605 25.027 30.5946 23.5465 22.5529 22.4679 21.7372 23.1951 42.977 28.1863 26.5832
threshold=3733.2785145112093 1.0000000180025095e-35 1379.0064308879853 318.6550509364651 409.25375248207388 9976.7926047953788 11.500000000000002 -26.499999999999996 -11333.351348799762 32333.945721628075 6.5000000000000009 1.5000000000000002 -13806.722018144423 191863.9759431514 111280.66894072242 1.0000000180025095e-35 227.14581823880255 35706.189865999222 1.0000000180025095e-35 1.0000000180025095e-35 4067.6880211452567 -1855.4999999999998 6.5000000000000009 1.0000000180025095e-35 -38.499999999999993 1.0000000180025095e-35 -1885.1498682121137 1137.4373277406164 -5.4999999999999991 1.0000000180025095e-35 -4423.740426832398 5736.5000000000009 34948.481675562914 -7.4999999999999991 -368.1793295684102 13488.475809210458 1.0000000180025095e-35 -1278.225742212122 -674.48023652503628 -2069.4999999999995 2246.6714718890466 107178.44136216481 686.16085023518656 111124.94943498239 -33207.481529017627 -12703.9529561008 278.46409157342504 38.500000000000007 1.0000000180025095e-35 6578.4932257882911 2172.9504364595555 -5618.2074166583943 443.64809098441066 116271.180318161 2268.8507993736516 91.500000000000014 7.5000000000000009 11265.970162959837 1.0000000180025095e-35 27.500000000000004 -502.56177190216795 41493910.000000007 27079.214880504082
decision_type=2 2 2 2 2 10 2 8 2 10 2 10 10 8 10 2 8 10 2 8 10 10 10 2 10 10 2 2 8 10 8 10 10 8 10 10 10 8 10 10 10 8 10 8 8 10 8 2 8 10 8 8 2 8 10 10 8 10 10 10 2 2 8
left_child=1 3 4 8 6 35 7 14 11 -6 22 34 13 -11 37 16 46 25 23 51 57 -22 55 24 -19 27 -27 28 31 30 -30 -10 33 -12 -1 36 -3 38 -2 -38 -32 -7 43 -43 -18 -26 47 48 49 -4 52 58 53 54 -8 -5 -23 -21 -9 61 -61 62 -60
right_child=2 5 15 10 9 41 50 19 17 12 32 -13 -14 -15 -16 -17 44 18 -20 20 21 56 -24 -25 45 26 -28 -29 29 -31 40 -33 -34 -35 -36 -37 39 -39 -40 -41 -42 42 -44 -45 -46 -47 -48 -49 -50 -51 -52 -53 -54 -55 -56 -57 -58 -59 59 60 -62 -63 -64
leaf_value=0.052569063241601217 0.13718058283567031 -0.017911386599267196 0.036834174409918499 0.020389840064884066 -0.026358403318925812 0.0024416644439411318 0.012345962251906609 0.12022726211504198 0.03686793454253464 0.1777739531318569 0.090840067117012979 -0.013728756753327563 -0.013517348530867643 0.032801080493238266 0.1861431513579275 -0.026289674709305801 0.012634153862172268 0.077723694979176416 -0.0040661446103192065 0.0027400140936733389 0.13554960358049323 -0.0016990118050019506 0.051252692149209397 0.0046893877488775777 0.052741410538104869 0.023008135308325808 0.068886965933680794 0.00042721976904560552 0.066025063999321662 0.069543314106217224 0.021594917785137325 0.09958331940926908 -0.0087404733267747378 0.0084571282188392553 0.033868414113704934 0.051052269122197715 0.13360999133764243 0.01949533350500688 0.036617788670765435 0.0053560392160735965 0.079519693068958411 0.026034369385583615 0.01502514680280862 0.12126747075912524 -0.020115876925430872 0.010633985211893991 -0.0048879517326938932 0.0063915717903431125 0.0055325870192982733 0.23224365950004142 -0.012838872390489746 -0.0019144491371323878 -0.01465743827645485 0.016865145214953966 0.16643787062017068 -0.007811378054970378 0.11232027390340511 -0.021074967268796145 0.04333806381638098 0.015471496219493239 0.15959857468379735 -0.00078602145486097313 -0.0085934842809104583
leaf_weight=150.82796282041818 4.9356078929267824 348.53160311002284 1.7761002876795857 248.02450506389141 211.894202218391 15.77960736164823 2.0995806525461438 2.1817076546140006 165.60825747484341 2.5906192045658836 3.8983087600208819 13.428178217262028 10.547522712498901 6.1414042827673265 2.0645218431018284 973.9732481110841 21.663794767577201 16.559853611513972 69.733810652978718 132.84966220287606 3.2409356422722331 9.2728396453894639 28.992755018174648 43.494416764937341 18.731301493011415 23.60993221681565 33.475015847478062 36.212068989407271 18.544368788134307 17.216959267854691 523.18844542931765 7.4737667459994546 116.45931254886091 227.22211137134582 140.91781959496439 5.625007596332579 2.0078580603003502 15.388961421325808 6.1225886293686909 4.9383192798122755 7.0430367849767199 4.0655733249150252 10.288644333370028 7.2996763531118614 855.05094583565369 38.573211527429521 50.836503531318158 12.224039264023302 2.5086843813769519 2.1689678514376283 207.56534853344783 35.55905048456043 13.418301939964293 13.312041845172642 2.5903850714676082 29.853291208390146 1.8774193306453533 48.732130440883338 46.114387451671064 4.5439032670110464 3.1548474873416117 35.192131576128304 10.984446685761212
leaf_count=1553 205 51641 122 11865 36489 537 169 115 3000 186 191 290 1069 541 126 175302 2597 187 4820 12078 219 737 544 1434 416 402 602 1656 396 130 12950 133 10355 15570 1803 155 184 1158 347 477 260 223 333 166 125478 1132 6527 1086 250 182 26039 2607 1518 1258 230 1911 107 5559 3110 353 242 2428 967
internal_value=-0.000575987 0.0177524 -0.0164077 0.0235892 -0.0036574 -0.0112327 0.00336236 0.0115994 0.0295306 -0.0219133 0.0115636 0.0410166 0.0269412 0.0758117 0.0556114 -0.0219348 -0.0174521 0.0260923 0.0139268 0.00783898 -0.000145903 0.0440843 0.0205622 0.0246182 0.0363531 0.0288267 0.0499118 0.0272742 0.0285896 0.02523 0.0238397 0.039576 0.00361891 0.00984668 0.0435364 -0.0156764 -0.0167323 0.0454218 0.081502 0.0424291 0.0223643 0.0316341 0.0529072 0.0872007 -0.0193066 0.0243978 0.00593654 0.0353982 0.0903396 0.144269 -0.00912194 0.0192004 0.0154324 0.0378607 0.0974548 0.0173601 0.0174989 -0.00365135 0.0265491 0.0245051 0.0745329 0.0203319 0.0333477
internal_weight=5130.2 2377.62 2752.58 1979.09 832.375 398.536 601.201 362.215 1324.64 231.174 654.45 305.174 19.2795 8.73202 28.5117 1920.2 946.229 1019.46 187.093 333.703 195.973 14.3912 306.871 117.359 73.8644 832.372 57.0849 775.287 739.075 565.993 548.776 173.082 347.58 231.12 291.746 361.103 355.478 26.4472 11.0582 6.94618 530.231 37.4335 21.6539 11.3652 876.715 57.3045 69.5143 18.6778 6.45375 3.94507 238.986 137.73 31.4203 18.002 4.68997 277.878 11.1503 181.582 102.171 99.9897 7.69875 92.291 57.0988
internal_count=534717 125316 409401 71600 97857 53716 59572 30358 31164 38285 40436 3646 1796 727 1836 311544 136242 27518 7989 28522 18700 1063 14320 3169 1735 19529 1004 18525 16869 13736 13606 3133 26116 15761 3356 52457 52302 1710 552 661 13210 1259 722 389 128075 1548 8167 1640 554 304 29214 9822 3175 1657 399 13776 844 17637 7215 7100 595 6505 4077
is_linear=0
shrinkage=0.03


Tree=24
num_leaves=64
num_cat=0
split_feature=87 44 55 11 52 2 227 55 226 52 227 107 63 266 85 11 119 11 226 115 193 55 266 104 224 236 76 52 223 251 111 76 144 199 179 254 208 104 29 20 147 188 100 94 141 188 205 217 45 208 114 162 117 223 107 213 7 243 28 144 90 188 111
split_gain=1239.81 423.297 196.504 169.172 137.707 111.216 102.715 67.9527 66.812 59.1732 57.3035 52.0737 47.8547 40.6419 43.4445 38.7892 37.906 36.3772 35.8964 33.914 33.0221 32.7912 31.4963 30.4979 30.4656 33.3564 30.1648 28.7741 28.543 30.1823 31.5676 27.8688 27.6435 27.6269 27.2171 27.9733 26.9644 26.7251 25.9236 25.4703 27.2526 30.8645 25.1301 38.2688 30.1465 25.0743 24.8455 23.9994 22.8818 22.3238 22.0109 21.7292 23.6384 27.213 21.6257 21.0735 24.63 25.5087 23.7945 27.2773 37.6609 20.9962 20.5921
threshold=45.500000000000007 1.0000000180025095e-35 409.25375248207388 -97.040826724983987 2.5000000000000004 1.0000000180025095e-35 -38.499999999999993 1.0000000180025095e-35 -13.499999999999998 1.0000000180025095e-35 -7.4999999999999991 32381.79083585765 351.89367762775606 8233.521365449853 1.0000000180025095e-35 -8608.7084387945124 -10601.431916339334 -5633.4249138616551 -17.499999999999996 227.14581823880255 1.5000000000000002 1.0000000180025095e-35 557.69317745021112 4904.5000000000009 3.5000000000000004 -9117.8307356976129 16765.783993620815 6.5000000000000009 1.0000000180025095e-35 -6612.7806430290793 42.500000000000007 22820.224927140353 -623.49999999999989 -2.4999999999999996 -574.50749530813277 1.0000000180025095e-35 -64651.008044837596 7911.5000000000009 23018.444313538868 2449.7319281609216 4.5000000000000009 7393.4182379914755 -1853.4999999999998 526.50000000000011 144.50000000000003 1.0000000180025095e-35 -18826.072345071105 -5.4999999999999991 113070.47670750134 137269.58819705551 10096.015770071705 3.5000000000000004 288.05957334268004 1.0000000180025095e-35 1.0000000180025095e-35 1.0000000180025095e-35 393.17516531942755 -640.852836006046 9.5000000000000018 -1337.4999999999998 -757.49999999999989 -1.0000000180025095e-35 36.500000000000007
decision_type=8 8 2 2 10 2 10 2 10 10 10 10 8 8 10 2 10 2 8 8 10 2 8 10 10 8 8 8 10 10 10 10 8 10 10 10 10 10 2 2 8 8 10 8 10 8 8 10 8 8 8 10 8 8 8 10 10 8 8 8 8 8 10
left_child=3 2 4 5 8 10 38 9 17 45 22 -4 31 -13 -15 18 47 34 23 24 37 54 62 27 -11 -26 39 -14 29 30 -12 55 -30 -16 35 -2 -10 -7 46 40 41 42 -19 -44 50 -5 -3 -8 -32 -9 -45 52 53 -38 -18 56 57 -6 59 -57 -61 -34 -1
right_child=1 6 11 7 12 20 16 49 36 19 28 13 15 14 33 -17 21 26 -20 -21 -22 -23 -24 -25 25 -27 -28 -29 32 -31 48 -33 61 -35 -36 -37 51 -39 -40 -41 -42 -43 43 44 -46 -47 -48 -49 -50 -51 -52 -53 -54 -55 -56 58 -58 -59 -60 60 -62 -63 -64
leaf_value=0.01658629796354023 0.040669233142137995 0.063722002633301106 -0.025655221251980859 0.021589412428482811 0.12316168546717984 0.014412384729724649 0.10239369959726644 -0.018995541160150852 0.039448137930708498 0.006731146152295444 0.040753561342338623 -0.0090506644756696338 0.079475925397166192 0.18902946964838158 0.095669347920525297 -0.018950623169890726 0.083253620751742849 0.021306565999713662 -0.0064223555107747717 -0.0085578491051304783 -0.016882364645472613 -0.020247408662953045 0.059699147595395782 0.16238521926885258 0.13926321122825644 0.029161437865995357 0.00081837839072190386 -0.015270122717322936 0.027057835121303379 0.014354493669857566 0.045679706821388964 -0.022235633831416985 0.1135619679598629 -0.013059606115686847 0.0040036294010983636 0.10578140413223452 0.016533462741384179 0.091311468798260437 0.003673268456749704 -0.019273080192341613 0.015063029178344654 -0.010113613960761301 0.20822082736884903 0.13435031407136247 0.15732629766140166 0.0054960588361407537 0.034139059330542426 0.020615898287685168 0.0201105379483217 0.088666343052069829 0.020168041433267659 -0.013102247186672971 -0.004900980859614228 0.11168833884920656 0.0065157824024548805 -0.0060856002324214172 -0.0058673566361100967 0.019292797258405086 0.00074767803018036829 0.22243522645635486 0.057991516793564166 0.049025104366466843 0.046816498638410878
leaf_weight=35.579731668811291 18.301791205070916 32.51654647057876 1269.4556432100944 301.01464451150969 2.3452352932654321 422.10318291420117 4.8188575990498057 93.130076552275568 12.39771841932088 56.872591671533883 152.42846056912094 29.71111824689433 5.6613093065097901 1.9064776166342188 3.5335927158594123 833.9629214447923 3.4770767865702501 5.1788100777193948 46.465879904106259 176.53647010307759 31.06954628881067 57.405334622133523 86.609814678318799 1.8504931442439563 3.3507974622771144 9.4909478817135078 79.505028990097344 5.8822984835132965 18.394260611385107 154.52721557347104 36.520445785485208 33.599539567250758 8.5183278894983214 5.1958006853237739 10.056407801806925 8.790505822747944 32.457508318591863 4.1070056487806132 19.430516812950373 8.1014570510014874 22.857174979522821 4.4436577963642803 2.3807892245240501 1.985768710728731 3.0256793722510347 122.62850667117164 119.27595040388405 9.7942159580998105 229.09686094848439 1.7662271233275522 6.4701686804182845 156.31885936763138 81.375463269185275 2.9508551666513076 66.848208507057279 2.461561655625701 66.33495683548972 22.966504084877673 6.7434847229160377 1.8966310848481951 3.6959994458593393 9.7071505738422292 47.159553005360067
leaf_count=1124 770 359 231834 12881 244 15483 124 13152 885 4193 3134 4127 285 113 237 126372 42 321 5664 17718 2985 6789 922 136 213 675 6420 533 554 5183 1005 4384 191 563 419 214 2478 201 439 824 1658 453 125 89 209 6837 2417 340 6212 250 454 16449 9053 220 2838 202 7872 2414 695 145 237 230 1128
internal_value=-0.000570502 -0.01241 -0.0161114 0.017857 -0.00866146 0.0247197 0.0206445 0.00676749 0.00506012 0.0101332 0.031617 -0.0245888 -0.0147215 0.00896415 0.0592882 -0.0172763 0.00181305 0.0198841 0.00605057 -0.00156159 0.0129767 -0.00342331 0.0470538 0.0493208 0.0161549 0.0578903 0.0125993 0.031196 0.0273257 0.0256835 0.0298711 0.00158443 0.0530031 0.0309531 0.0461511 0.0617959 -0.00382371 0.0151534 0.0362998 0.0298031 0.0383826 0.0610789 0.0776931 0.0987583 0.0760606 0.016931 0.0404762 0.0475832 0.0236261 -0.0169917 0.0469823 -0.00578807 0.00400219 0.0244635 0.0103099 0.00910331 0.00373958 0.0289167 0.0423226 0.0771318 0.113759 0.0791887 0.0338168
internal_weight=5114.45 3113.83 2800.27 2000.61 1490.46 1235.82 313.567 764.79 456.598 669.894 778.542 1309.8 1033.87 40.347 10.6359 893.823 142.344 171.097 59.86 246.251 457.28 127.731 169.349 13.3941 69.7143 12.8417 133.949 11.5436 609.193 572.573 418.046 140.044 36.6197 8.72939 37.1487 27.0923 285.5 426.21 171.223 54.4435 46.342 23.4849 19.0412 13.8624 11.4816 423.643 151.792 14.6131 265.617 94.8963 8.45594 273.103 116.784 35.4084 70.3253 106.444 91.6467 25.3117 14.7977 8.05419 5.59263 18.2255 82.7393
internal_count=534717 440446 427098 94271 190224 38352 13348 55919 41041 42517 19683 236874 149183 5040 913 132990 10133 11956 6618 22799 18669 9669 3174 954 5081 888 10553 818 16509 15534 10351 16193 975 800 1403 984 29085 15684 3215 4133 3309 1651 1198 877 752 19718 2776 464 7217 13402 543 28200 11751 2698 2880 11809 10530 2658 1279 584 382 421 2252
is_linear=0
shrinkage=0.03


Tree=25
num_leaves=64
num_cat=0
split_feature=12 16 16 23 13 11 180 212 227 23 114 227 141 205 76 14 205 203 155 11 114 264 210 209 10 64 41 34 44 246 140 5 212 102 16 27 112 188 209 161 212 5 175 14 118 114 217 50 120 101 30 112 173 227 76 66 117 36 12 36 93 211 177
split_gain=1519.09 285.157 282.818 135.776 75.1135 62.8947 61.6613 54.2479 50.078 46.7604 46.1062 42.8939 54.7497 41.9802 40.6346 47.4323 40.5556 39.6954 37.0701 34.4164 39.9864 35.4135 40.6297 32.9985 32.7687 31.3075 30.6841 30.3435 30.2902 27.7181 32.9726 27.4288 43.8273 26.9187 26.42 26.1784 30.4985 27.1918 25.9383 25.858 27.1665 25.7315 24.3429 26.0071 43.1997 23.8473 23.2708 22.9337 22.7785 21.8564 21.5308 30.7757 20.9694 20.6905 20.3516 19.824 19.4882 32.8517 39.178 19.2958 26.6633 22.8818 19.2606
threshold=2762.0309551093947 2.5000000000000004 3.5000000000000004 1.0000000180025095e-35 1.0000000180025095e-35 -55.312603706060493 -1.0000000180025095e-35 1.0000000180025095e-35 7.5000000000000009 1.0000000180025095e-35 10096.015770071705 -26.499999999999996 67.500000000000014 14267.063432324219 65254.893541562458 54814.10636290424 -28352.280938027299 1.0000000180025095e-35 85656.426946524036 -6862.9602080940704 13830.148739957678 -1.4999999999999998 -675.83289283266265 -33207.481529017627 4.5000000000000009 9.5000000000000018 744.1571156701001 1.0000000180025095e-35 8.0000000000000018 6068.238004045711 1.0000000180025095e-35 2318.2453275768062 1.0000000180025095e-35 213182.19549239043 8.5000000000000018 360.2366119925681 141.50000000000003 385.60896960861447 -19947.847456287232 4067.2716865250827 1.0000000180025095e-35 334.44387714245704 -562.88446614033887 -2661.0679072241223 7.5000000000000009 25076.258801046617 -5.4999999999999991 413.50000000000006 25022.610849118577 934.95906635455015 1.0000000180025095e-35 110.50000000000001 8334.0668509068182 -38.499999999999993 35706.189865999222 1.0000000180025095e-35 150.02279000000001 -638.49999999999989 12527.457792226878 -760.49999999999989 4.5000000000000009 -200.110137842245 106.17296099007616
decision_type=2 2 2 2 2 2 8 10 10 2 8 8 10 10 10 2 8 10 10 2 8 8 8 8 2 10 10 10 10 10 8 10 10 8 2 2 10 10 8 8 8 10 10 2 10 8 8 8 10 10 2 10 10 8 10 10 10 10 2 10 10 10 10
left_child=2 3 4 6 5 13 25 18 17 10 39 34 19 41 15 16 -8 26 -5 21 31 22 -13 46 -17 -2 27 28 35 -11 -31 -21 -33 -29 42 36 49 53 48 40 56 -1 43 44 -4 47 -12 -40 -18 54 -49 -52 -22 -37 -6 -43 57 -3 -59 61 -61 -38 -55
right_child=1 9 11 7 8 -7 14 -9 -10 29 23 12 -14 -15 -16 24 38 -19 -20 20 52 -23 -24 -25 -26 -27 -28 33 -30 30 -32 32 -34 -35 -36 37 59 -39 45 -41 -42 55 -44 -45 -46 -47 -48 50 -50 -51 51 -53 -54 62 -56 -57 -58 58 -60 60 -62 -63 -64
leaf_value=0.050313418517101124 0.046511323405585017 0.0059340362604795287 0.19045669098933424 -0.0192184484856677 0.01072265336587434 0.013534375313255517 0.12613572512058832 0.1080902705517606 -0.0049025986367816632 -0.026124228564763957 0.14469911524822601 0.16443550139057722 -0.01633635665365191 -0.01256441294898779 -0.016613594645797869 0.07843903415304701 0.017590531867940705 -0.018755874708110055 0.030055879530479734 0.0096224643295968922 -0.011698611642850158 0.011365147857873842 0.039908097519487526 -0.020240945080547149 -0.0075544597056839136 -0.023958144182788937 -0.00021187505162550803 0.023603825049600343 0.089992260937350313 0.11599057780871004 -0.004824051861213088 0.021342138349147943 0.18794330319951291 0.069186624830592069 0.007192086994306293 0.066958465706468753 0.062649384917237899 0.012266513395594762 -0.012724054224311223 -0.01876335959595021 0.053405701427826399 0.04021637853912103 0.01886068376909061 0.012703604645866031 0.047019738940849112 0.0029568162608035516 0.0090004700096005183 0.023096722839280631 0.095830526536848828 0.027331202355837775 0.1324762792066306 0.014771679358220886 0.083631208622212946 0.031113292855060752 -0.020345018925803718 0.021903842332242962 -0.0046204818770681924 0.1586217523762207 -0.030303177695780257 0.037495082993211783 0.12121813371815195 0.014360662094119967 0.015582558981714538
leaf_weight=150.27252901811153 50.610500087495893 12.389012579806151 3.4632930825464427 301.50802084291354 249.67555885296315 113.68386828899384 3.0207555326633155 3.1526792384684077 70.160011235624552 1054.7735679596663 1.1990252789109943 2.9195770914666355 185.48048291169107 13.883123533800243 64.170058634597808 4.1105099311098448 6.7944123162887973 21.887256412301213 14.397376152686773 96.97860075160861 152.71447932068259 48.591041411273181 12.260818363167344 776.96595284482464 133.96465776953846 6.3904396011494091 52.957344325259328 22.870898914523423 5.8748445119708768 2.455930303782222 11.808537515345961 4.6311390968039623 2.0502701113000512 23.786598639562726 32.178435658104718 12.592354212887585 11.403501543216406 107.47993399528787 15.029310067184268 47.103415195830166 10.723772867582737 173.81649156427011 11.414741571061311 3.428513945546003 4.1591844535432756 109.09730344405398 22.120047511067245 104.12472383817658 6.6041421662084758 68.525256000924855 4.0362869240343562 3.9613531711511314 2.1053168550133696 354.23112163040787 20.537809421308339 76.671221861150116 66.677236041985452 3.1713442034088066 1.4348438233137129 11.297570749185981 4.9118995815515509 39.15925496770069 90.158421410247684
leaf_count=1322 1395 1223 103 49434 8954 4308 86 181 4256 199571 119 218 25287 241 5356 185 295 1200 488 7129 15398 3875 834 120161 12755 296 2772 177 58 251 1828 374 81 177 3035 255 383 4112 889 6692 1005 1146 843 264 178 8193 2551 5905 237 3169 214 256 206 9157 1395 1313 8374 253 169 406 186 1440 2103
internal_value=-0.000564201 -0.0151595 0.0178029 -0.000376576 0.0239168 0.0333025 0.00919703 -0.015737 0.0196695 -0.0212686 -0.0163945 -0.000633257 -0.00335132 0.0387223 0.00551145 0.00914495 0.0168717 0.0212405 -0.0169728 0.00412256 -0.000747181 0.0238607 0.0638579 -0.0191856 -0.00499443 0.0386109 0.0220545 0.0232077 0.0220777 -0.0255625 0.0159767 0.013673 0.0724657 0.0468425 0.0246219 0.0216664 0.0158516 0.0258437 0.0155496 -0.000608538 0.00845066 0.040499 0.0495873 0.0813253 0.112191 0.0132467 0.0159779 0.0220755 0.056155 0.0121988 0.0267401 0.0741754 -0.0104023 0.0290369 0.00836133 0.0346111 0.00268905 0.0313665 0.099771 0.0343824 0.0628654 0.0252513 0.0279624
internal_weight=5100.01 2841.8 2258.21 830.973 1695.84 528.327 511.914 319.058 1167.51 2010.82 941.785 562.376 507.732 414.643 454.914 390.743 252.668 1097.35 315.905 322.251 258.48 63.7714 15.1804 800.285 138.075 57.0009 1075.46 1022.51 975.848 1069.04 14.2645 103.66 6.68141 46.6575 54.6442 969.973 405.511 564.462 249.648 141.5 94.3962 400.76 22.4657 11.051 7.62248 236.249 23.3191 127.152 13.3986 338.739 112.122 7.99764 154.82 456.982 270.213 250.488 83.6724 16.9952 4.60619 66.7722 16.2095 50.5628 444.39
internal_count=534717 428362 106355 86165 48530 8330 36062 50103 40200 342197 140547 57825 53402 4022 34371 29015 16075 35944 49922 28115 23188 4927 1052 122831 12940 1691 34744 31972 31618 201650 2079 7584 455 354 4423 31560 15933 15627 15989 17716 11024 3781 1388 545 281 15457 2670 7264 532 13518 6375 470 15604 11515 10349 2459 10019 1645 422 2415 592 1823 11260
is_linear=0
shrinkage=0.03


Tree=26
num_leaves=64
num_cat=0
split_feature=12 17 17 23 20 55 11 213 17 227 87 212 52 205 44 11 217 114 227 208 265 185 107 11 173 35 74 107 130 177 45 10 14 140 133 194 110 87 130 176 204 107 221 32 253 175 242 176 217 216 49 11 224 133 179 147 210 212 194 14 67 155 10
split_gain=1431.21 292.467 273.48 96.6942 72.4821 71.9248 59.6113 52.2155 47.4937 39.1539 40.9391 36.4821 35.8723 35.3633 35.7053 35.1084 34.7195 34.4093 33.1368 32.9156 34.1496 38.6585 30.4663 32.2475 29.7371 29.015 40.5155 28.7539 27.4448 34.7841 42.8208 26.7449 29.9469 26.729 26.5305 26.3783 24.5629 24.536 24.1769 25.069 23.3729 22.9316 22.6712 22.6315 26.5469 24.043 35.1632 22.467 22.4322 22.4117 21.1732 42.6779 28.3308 20.6465 25.1112 22.9306 20.252 19.7548 20.4937 19.5829 19.4069 24.7014 19.1954
threshold=2762.0309551093947 965.52671810684058 6445.3348615886898 1.0000000180025095e-35 1525.7098706108616 409.25375248207388 -11333.351348799762 1.0000000180025095e-35 20152.601714816989 -26.499999999999996 66.500000000000014 1.0000000180025095e-35 8.5000000000000018 14267.063432324219 1.0000000180025095e-35 -4676.1028341919728 -4.4999999999999991 6260.6103036362983 -38.499999999999993 -21953.80906277557 -1.4999999999999998 -1133.8421517024565 32381.79083585765 -4676.1028341919728 1410.4475988798115 208616.93161347244 21369.150119152961 1886.3216049930436 36058.245642815258 -368.1793295684102 415356.9602951514 7.5000000000000009 318.6550509364651 1.0000000180025095e-35 11226.913793348369 -660.82558616500535 1.0000000180025095e-35 1.0000000180025095e-35 16847.376763457847 665.69943106973915 -2075.2783069173997 32381.79083585765 1.0000000180025095e-35 2.5000000000000004 59.500000000000007 -562.88446614033887 -1.0000000180025095e-35 1661.4579866282218 -2.4999999999999996 1.5000000000000002 10.500000000000002 -3898.7766954879849 27.500000000000004 2703.3934325215387 -200.75610305346297 -1.0000000180025095e-35 -1495.5043862966522 1.0000000180025095e-35 -1.0000000180025095e-35 95357.135522786921 1.0000000180025095e-35 46488.753110812722 7.5000000000000009
decision_type=2 2 2 2 2 2 2 10 2 8 10 10 10 10 10 2 10 8 8 8 8 10 10 2 10 8 10 10 10 10 8 2 2 10 10 10 10 8 10 8 10 10 10 10 8 10 8 10 10 8 10 2 10 10 10 10 10 8 10 2 8 8 2
left_child=2 3 4 31 6 8 16 15 17 12 24 13 43 14 18 34 -1 57 48 20 21 -19 -7 25 60 26 -24 -16 42 30 -30 32 40 -18 -5 -13 -32 -34 39 50 -2 -12 53 44 -4 46 -46 -39 -8 -37 52 -52 56 -20 -55 -56 -26 -3 -59 -21 61 -11 -10
right_child=1 5 9 7 -6 22 11 -9 62 10 41 35 -14 -15 27 -17 33 19 28 59 -22 -23 23 -25 38 -27 -28 -29 29 -31 36 -33 37 -35 -36 49 -38 47 -40 -41 -42 -43 -44 -45 45 -47 -48 -49 -50 -51 51 -53 -54 54 55 -57 -58 58 -60 -61 -62 -63 -64
leaf_value=0.047430901016305121 0.014775484813995071 0.0058416069479622981 0.13152431739769518 0.012830786145659813 -0.0043067899766637318 -0.026530648716999342 0.063261412769758898 0.096829951673383777 -0.014349920571150495 0.012985079676866957 -0.018331126008616114 0.079466344346431142 -0.014110347372351716 -0.025045688559693316 0.052809287198303363 -0.017674510712297108 0.032801177251884805 0.20383401930316572 0.018102050908719709 -0.0082323286803505959 0.0049701139314848779 0.021566477302369456 0.032982035125188082 -0.019930600660447741 0.086941906308593844 0.010064902839436058 0.2334431242719483 0.020099338903563382 -0.011233408878746623 -0.0061881780856614318 0.056242443787709907 -0.0013169982083809672 0.065646989059762323 0.0049070093132444976 0.12928653164612991 0.060660608832382112 0.016895325811000422 0.0085527652270111706 -0.023227648612275401 -0.0074991697373065014 0.053360982674549008 0.014664604283572445 0.042349003569416441 0.010454405310632032 0.15372511431373123 0.0044279304012028965 0.036381480050638008 0.063998371948401037 0.018344984591654494 0.024925739579399021 0.20270063357924997 0.032108682983063408 0.14084114164943951 0.080791711688818491 0.083333268039993219 0.0027235978946013001 0.013617520860478056 0.022351543043994542 0.12234033404970773 -0.022052037375231266 -0.0032096999075642524 0.12733447620622226 -0.025401012754714174
leaf_weight=132.06798550719395 25.638802887871861 58.815332672093064 3.6860362021252513 17.150929365772758 84.214932543691248 1050.9252090719528 24.839948515873402 3.8798089413903645 249.87291816389188 6.8170400355011225 176.46376707591116 12.379832440055905 16.612080397084355 15.580326555762438 52.881062764674425 211.13771778717637 172.55101155256853 1.9173766751773653 819.30495007615536 287.26655178703368 11.876304680015894 2.3078994150273502 2.3579838979057945 20.430014395620674 4.0694648958742645 8.1626406144350767 1.4750423487275837 44.574400875717402 25.852800804190338 88.583108548540622 26.788281404878944 101.58873735601082 7.4013907713815561 37.665920762345195 1.962037238292395 20.271393507719043 30.577817148528993 226.26413002237678 8.2354928618296963 10.407837571576236 31.47257658932358 21.238104689400643 39.040230284444988 15.131515176035462 3.3388446788303554 8.0872995816171152 7.3749246071092838 6.7743195164948693 16.758164674043655 71.537677348125726 2.1825486142188311 3.339176543056964 2.0942481751553705 10.567946460563691 4.1839144141413316 13.184275150299069 20.307576672639705 5.6366210039705038 2.7424298874102515 135.95895984163508 229.27039143256843 2.2651056358590722 326.03395693888888
leaf_count=1423 1107 6094 228 1345 4974 205438 499 209 39752 416 24907 224 1833 526 354 33770 2200 152 24686 37218 1261 233 231 3152 270 961 110 327 1846 5496 781 8073 281 789 21 322 1389 13144 756 829 1040 2267 1126 1294 122 468 366 250 457 1193 105 237 116 452 150 593 1297 369 190 19910 20898 139 54051
internal_value=-0.000558084 -0.0149385 0.0170626 0.00299509 0.0228445 -0.0201822 0.0242226 -0.0123109 -0.0147128 -0.00157272 -0.00426697 0.0213236 0.0226067 0.01986 0.0204445 -0.0141499 0.0353764 -0.00801219 0.0189021 -0.0110702 0.0310297 0.104277 -0.0256469 0.00299403 0.00292966 0.0420373 0.110124 0.0378483 0.0178695 0.0068956 0.0208227 0.0119734 0.0165109 0.0278032 0.0247855 0.038359 0.0352693 0.0118724 0.0238086 0.0329444 0.0360389 -0.0147866 0.0199968 0.0388207 0.0579082 0.0434755 0.0729505 0.0101645 0.0451664 0.032816 0.0461014 0.0995378 0.0349549 0.0189668 0.0443286 0.0221421 0.0258582 0.0119813 0.0550775 -0.0126718 -0.00150593 0.0415041 -0.0206062
internal_weight=5083.38 2799.05 2284.33 633.27 1743.41 2165.78 1659.19 234.13 1082.43 540.921 486.691 1316.91 54.2307 1212.72 1197.14 230.251 342.285 506.521 1099.68 439.327 16.1016 4.22528 1083.35 32.4257 288.989 11.9957 3.83303 97.4555 1058.08 171.802 83.2189 399.14 297.551 210.217 19.113 104.189 57.3661 240.44 50.6363 42.4009 57.1114 197.702 886.281 37.6186 22.4871 18.8011 10.7138 233.038 41.5981 91.8091 31.993 5.52173 26.4713 847.241 27.9361 17.3682 24.377 67.1944 8.37905 423.226 238.353 9.08215 575.907
internal_count=534717 428362 106355 59240 49807 369122 44833 35345 159230 56548 52237 40421 4311 38682 38156 35136 4412 65427 37475 58774 1646 385 209892 4454 25063 1302 341 681 36519 9512 4016 23895 15822 2989 1366 1739 2170 13675 3610 2854 2147 27174 27007 2478 1184 956 488 13394 956 1515 2025 342 1683 25881 1195 743 1567 6653 559 57128 21453 555 93803
is_linear=0
shrinkage=0.03


Tree=27
num_leaves=64
num_cat=0
split_feature=66 15 53 13 71 77 180 66 13 226 66 22 22 29 22 245 27 53 53 99 36 28 184 202 63 133 89 157 163 139 63 77 80 22 254 183 22 157 49 0 53 57 262 136 28 36 0 36 8 100 226 62 208 78 63 27 119 170 184 162 62 198 177
split_gain=1059.86 274.039 170.85 146.283 117.876 92.4083 67.003 59.1235 65.184 54.7425 47.577 42.4906 41.0063 40.2936 39.9183 39.0211 49.4809 47.5126 38.7891 36.2293 34.0513 33.3787 34.2252 32.2412 31.8377 38.1528 31.7148 31.4967 30.7435 62.1184 30.1422 42.1202 30.0164 28.6508 27.5137 28.6445 27.4253 26.6959 25.0906 27.9742 27.1396 24.7469 29.7292 29.2578 29.1245 25.8948 26.835 29.0818 25.0734 25.0697 24.0718 23.9527 23.4885 22.8931 22.8338 23.8288 22.7132 22.2831 20.653 24.1541 20.5913 20.4686 20.4505
threshold=1843.454010978747 1.0000000180025095e-35 346.41934305217802 1.0000000180025095e-35 3858.5974962694404 1.0000000180025095e-35 -1.0000000180025095e-35 18735.821376280986 1.0000000180025095e-35 -10.499999999999998 1.0000000180025095e-35 34526.221657036804 34526.221657036804 45846.78982229859 16379.165308415812 -3.4999999999999996 360.2366119925681 2091.7017528121628 32333.945721628075 85432.020308155086 -1247.4999999999998 10.500000000000002 -909.34430046232853 -1.0000000180025095e-35 208.89023712959104 3176.301029723541 83062.936979428327 13.500000000000002 2896.2256631723508 1.0000000180025095e-35 594.62867994411113 1.0000000180025095e-35 1.5000000000000002 16379.165308415812 18802.085324387237 -2071.6599976015923 16379.165308415812 2.5000000000000004 1.5000000000000002 27972480.500000004 747.05968637156559 38.500000000000007 2534.3231153605366 6.5000000000000009 4.5000000000000009 -1490.4999999999998 57104090.500000007 -455.49999999999994 -108.68920152106999 -1551.4999999999998 6.5000000000000009 -466.03270926737491 -92373.580483409824 127323.6618886747 351.89367762775606 1189.1115424230209 -1.0000000180025095e-35 2094.8361588147204 -1.0000000180025095e-35 1.5000000000000002 -187.42267375524898 -1.4999999999999998 -117.25688954089591
decision_type=8 2 10 2 8 10 10 10 2 10 10 2 2 2 2 10 2 10 10 10 8 10 8 10 8 10 10 10 10 8 8 10 8 2 8 10 2 8 8 2 10 10 8 8 8 8 2 8 8 10 10 8 10 10 10 2 10 10 8 8 8 10 10
left_child=3 6 5 10 12 11 -2 8 15 34 56 13 20 21 24 16 26 -18 30 23 62 22 51 -12 25 -11 -4 38 -20 -30 31 36 33 37 -6 -36 41 -8 39 -27 -41 42 43 45 -45 -10 47 48 49 -47 60 -3 -7 -31 55 -24 -1 -35 59 -25 -22 -53 -5
right_child=1 2 7 4 9 52 32 -9 18 14 19 -13 -14 -15 -16 -17 17 -19 28 -21 50 -23 54 58 -26 27 -28 -29 29 53 -32 -33 -34 57 35 -37 -38 -39 -40 40 -42 -43 -44 44 -46 46 -48 -49 -50 -51 -52 61 -54 -55 -56 -57 -58 -59 -60 -61 -62 -63 -64
leaf_value=0.040266037763473185 0.032804558335505815 -0.011441799158105457 -0.013534281984896878 -0.0020161606883217047 0.011531578792424294 0.011559562089786198 0.099385470279182667 -0.023514091253976372 -0.0075570093257351428 0.0013611532850614082 0.047550269625956425 -0.01793454580150922 0.00026517037816437266 -0.013074312357430473 -0.020379448386254759 -0.03034022952560202 0.32199818473322378 0.074362250447939662 0.0010858486947425607 0.046748938141561128 0.00033747766186532707 -0.015787236624918731 0.00065523166261700449 0.062647377947594216 -0.0066388783789008742 0.13832514381932123 0.13652216499758515 0.10918680391795962 0.22233225835973766 0.089636876785307143 -0.020407520112363953 -0.022141586034069606 0.10349634414258832 -0.016532860012744326 0.074992207579000256 0.0099151417265619293 -0.022949011020053516 0.01064298292974853 0.012357775920054066 0.11436620630474457 -0.015787572633119525 -0.00092252610372109 -0.018003776877638555 0.13462090563228932 0.00052463278962752908 0.16157422321178286 0.20398272504602866 -6.4099423802726024e-05 0.21119114808268816 0.00029855625975033805 -0.0059813979654685448 0.10074428230182685 -0.019820181044733005 -0.022975726025211494 -0.013545616970704681 0.025747351360068088 0.0046194888553356276 0.044283778879763785 -0.0079487452308973916 0.011174695579095307 0.026883615667842083 0.024130870061279293 0.017097148840929555
leaf_weight=285.75739825377241 127.2358907693997 17.331309612374753 3.5446512694470567 75.315617098007351 79.257810342125595 23.449615272693336 3.1737092658877373 1139.2909976746887 2.6033855676651001 88.386561292689294 21.311710474546999 70.134786012582481 99.600862915161997 76.29196118330583 102.54780763806775 3.2553529236465684 1.3611344108358028 1.4297816553153095 36.960221149027348 35.365283593535423 27.627980082295835 39.145101392176002 88.528004115447402 9.1250837403349561 192.89214138267562 3.3660296564921737 1.9733477584086356 4.7095592343248418 1.7729133865796001 2.7354402681812653 468.87982893129811 123.2531207841821 2.660353071987628 67.974720230326056 14.481441078241916 10.501854872331021 36.977790429722518 78.82633207552135 27.701956794597208 2.2531086192466319 4.0047564525157213 119.16402513580397 9.7785617369227094 1.6324181915260823 13.619451334234327 1.559220484457909 1.7879479229450215 2.9284697631374019 1.7364546619355676 1.9552940353751194 22.567227127496153 3.1966200792230657 254.09135937225074 4.0011943355202675 48.211630464997143 55.363663635682315 17.047121201176196 5.8921652068383983 48.185379549395293 81.375497250352055 546.32468637079 172.60347433295101 152.1858100942336
leaf_count=1999 2318 1689 384 3324 6219 2812 69 209506 217 5439 208 7301 6483 8389 12502 441 114 152 4638 899 1017 4499 7385 227 20047 185 245 256 111 268 79637 23029 94 6434 462 520 5059 4431 1740 91 268 13227 1230 121 1578 113 110 207 132 188 1240 246 44285 472 4937 3271 441 387 2134 1958 12376 10656 4300
internal_value=-0.000551659 -0.0114091 -0.0142357 0.0167828 0.0119752 -0.00296946 0.0165897 -0.0190575 -0.013034 0.000699033 0.0308124 0.00393467 0.018447 0.00699814 -0.00407064 0.0577008 0.0921945 0.195135 -0.0140179 0.0192701 0.0206446 0.0106066 0.0132886 0.0131963 0.00110214 0.012551 0.0401289 0.0360795 0.0129223 0.0643327 -0.0155766 -0.00843107 0.00357551 0.00187005 0.0201848 0.0476367 0.00029112 0.0140777 0.0268553 0.0685856 0.0310736 0.005773 0.0269922 0.0428065 0.0148771 0.0766927 0.0986979 0.0756836 0.117928 0.0718488 0.0244108 0.0222067 -0.0171689 0.0227511 0.00432277 0.0103097 0.0382592 -0.0116817 0.00791714 0.0163646 0.0256058 0.025524 0.0107696
internal_weight=5068.2 3116.31 2830.55 1951.89 1453.73 848.348 285.763 1982.2 842.91 530.103 498.167 570.807 923.622 500.672 425.862 11.5643 8.30892 2.79092 831.346 195.363 824.021 424.38 385.235 159.998 323.314 130.422 5.518 42.0354 45.4698 8.50955 785.876 316.996 158.527 155.867 104.241 24.9833 193.743 82 37.3259 9.62389 6.25787 156.765 37.6012 27.8226 15.2519 12.5708 9.96739 8.17944 5.25097 3.51451 596.52 193.131 277.541 6.73663 192.103 143.892 302.805 73.8669 138.686 90.5006 573.953 175.8 227.501
internal_count=534717 450382 436649 84335 76469 95470 13733 341179 131673 47729 7866 48373 28740 41072 40528 1336 895 266 130337 5426 22257 32683 28184 4527 28026 7979 629 2540 5489 851 124848 45211 11415 11321 7201 982 22182 4500 2284 544 359 17123 3896 2666 1699 967 750 640 433 301 14633 12591 47097 740 15593 10656 2440 6821 4319 2185 13393 10902 7624
is_linear=0
shrinkage=0.03


Tree=28
num_leaves=64
num_cat=0
split_feature=33 12 12 226 17 23 11 17 17 56 11 56 215 175 192 43 17 112 215 154 270 115 20 133 41 212 184 133 114 68 224 138 121 218 63 103 183 94 175 3 111 54 6 68 215 94 162 7 226 94 87 17 44 226 214 33 226 133 249 5 236 154 68
split_gain=1361.13 229.94 155.878 110.916 96.1573 59.8897 59.768 47.759 45.8902 45.3682 42.4895 39.6699 35.5205 34.9273 34.8446 34.7851 34.5061 33.0136 31.6469 30.5443 30.5276 41.8413 27.7669 25.405 26.6664 25.2193 23.8509 32.3114 37.9868 25.2747 23.7901 22.9722 22.9618 22.9528 22.8958 31.3569 22.3578 21.6598 24.3329 21.5876 35.2133 31.2704 31.7455 26.0825 27.6777 23.1319 22.9791 27.0173 22.4402 42.0828 21.4399 31.4217 21.3883 21.5571 21.387 20.9205 21.4294 20.668 20.564 20.487 20.1175 21.5929 19.929
threshold=58.500000000000007 209.111081612351 10524.572870162066 -25.499999999999996 6445.3348615886898 1.0000000180025095e-35 -4676.1028341919728 3733.2785145112093 965.52671810684058 1.5000000000000002 -4676.1028341919728 1.0000000180025095e-35 424.42881775347217 -323.28697427046285 -3.4999999999999996 26342.954715467629 1.0000000180025095e-35 48.500000000000007 615.46399258975009 -759.49999999999989 -391.88143444443205 409.92121968874102 1525.7098706108616 1465.9194029897162 2750.6532910630508 1.0000000180025095e-35 -909.34430046232853 2703.3934325215387 2172.9504364595555 80866.51025119891 -24.499999999999996 7.5000000000000009 1.0000000180025095e-35 -4273.8446596902595 142.52615338320405 10.500000000000002 317.39362997965503 1328.5000000000002 -135.66592039641301 39.500000000000007 58.500000000000007 4.5000000000000009 31966.706886250071 1458.2786448117558 1.0000000180025095e-35 3341.5000000000005 6.5000000000000009 1721.918631276161 1.0000000180025095e-35 2787.5000000000005 45.500000000000007 16665.058941972271 8.0000000000000018 -8.4999999999999982 207.06932895905268 70.500000000000014 -13.499999999999998 609.67115000000013 6.5000000000000009 2085.8457968840107 -3551.4569862450003 -1245.4999999999998 -11585.032518984313
decision_type=2 2 2 8 2 2 2 2 2 10 2 8 10 10 8 10 2 8 10 10 8 8 2 8 10 10 8 10 10 10 10 10 8 10 8 10 10 10 10 2 8 2 10 10 10 10 10 10 8 8 8 2 10 8 10 2 8 10 10 10 8 10 10
left_child=1 6 3 23 5 20 9 52 -5 13 62 12 34 32 -14 55 57 19 58 -17 21 -3 26 -2 30 -9 27 39 -29 31 -25 -28 -1 -15 35 -6 -34 38 -30 45 -41 -42 43 -43 48 46 47 -22 49 -45 -16 -52 53 -8 59 56 60 -4 -12 -55 61 -10 -7
right_child=2 4 16 8 11 10 7 25 15 -11 18 -13 14 33 50 17 -18 -19 -20 -21 22 -23 -24 24 -26 -27 29 28 37 -31 -32 -33 36 -35 -36 -37 -38 -39 -40 40 41 42 -44 44 -46 -47 -48 -49 -50 -51 51 -53 -54 54 -56 -57 -58 -59 -60 -61 -62 -63 -64
leaf_value=0.070380335188808332 0.005614209055112074 0.020406436498107774 -0.012458551332122309 0.0046049095013474643 0.0097264369081272849 0.12158775649027767 0.037557525001581084 -0.00382317677262799 0.18892704172633862 -0.0050970087660909642 -0.017090333795246312 -0.017481833449416447 0.15323251675920771 -0.0061256798864299678 0.010116209146785893 0.038844040061432571 -0.023652680751188652 0.005344208715194791 0.10656979771467172 0.20918012209425427 0.034271405224415429 0.1280694856517306 -0.009278510028695194 0.08276760883637492 0.00076293209691964561 0.046827469557733585 0.011473405703769507 0.16593001215723263 0.16229410040558701 -0.014082372197483969 0.033966480549317904 0.089014729649564306 0.03939870860500172 0.026397318835720846 -0.010564620026813841 0.11435150905013342 0.012296683310819271 0.019851560186829743 0.032335563547475715 -9.2159951701445295e-05 0.011677452672811579 -0.003528597163711514 0.0070506586977629807 0.172078945567886 0.17613744704875775 0.10752132023113625 0.0046288731284910506 0.11431438241488856 0.01302791777044254 0.045455942584420823 0.1776257614866594 0.016169241721012684 0.050006898111281881 0.017062630726360061 0.031213345131895481 -0.017852550864630147 -0.0059964923746577449 0.024149321385519801 0.086643669695584485 -0.0028535166274215903 0.004076614385934367 0.018965273629764714 0.021994977954986575
leaf_weight=19.029798909090459 40.495983280707151 9.7543107117526215 143.31862628879026 150.22473854431883 23.179462294094268 2.8789580264128745 52.003103616647422 117.88691709889099 1.5050045251846316 33.430086637847126 114.31061343569309 197.51708348002285 2.1161894625984132 20.714559270069003 16.840447018854327 2.6006039944477379 1441.047322595492 15.902284524403511 1.9424746218137432 1.4904666393995309 25.450508744921539 4.8710819431580594 49.161084667313844 12.72487133881077 14.074742879252879 9.5650373827666026 400.60459959646687 2.5866596368141499 2.4460287094116211 36.034355969633907 30.634004774969071 3.4683475717902175 238.15370625769719 341.45648696133867 89.872781021986157 2.900762064382433 30.955553720705211 11.709343614988027 2.7594947279430952 85.554532050620764 41.407999035902321 3.296650711912668 9.5349853974767012 3.9513701847754357 2.7319670510478309 3.6798518686555317 19.936410094611347 4.4603610816411665 4.1283613606356147 5.8736312366090724 1.8738813661038864 2.5762935252860188 20.87105043977499 404.4981980798766 84.370855998247862 475.52507011638954 81.469830294139683 15.36849449854344 1.7461946979165066 52.52032055426389 3.480969921220094 1.2165529695339499 4.8625217629596582
leaf_count=109 2152 432 18921 11324 2113 133 968 8535 174 705 17992 27533 135 565 1052 270 272612 1867 138 91 1253 205 3725 595 1095 384 19031 182 116 2954 1541 159 4139 6393 11949 241 881 691 162 4564 2417 163 742 218 140 206 999 182 280 321 179 291 124 10301 1446 75213 10314 498 24 1750 370 138 320
internal_value=-0.000545137 0.0144497 -0.0167144 -0.00617661 0.0047499 0.0100765 0.0225883 0.0166903 -0.0101807 0.0289864 -0.00905278 -0.00883449 0.00342154 0.0307385 0.0371318 -0.0139894 -0.0221906 0.0248972 -0.0135196 0.100901 0.0133561 0.0562643 0.0124831 0.0238113 0.0366419 -2.19379e-05 0.0140807 0.0219212 0.05886 0.00999207 0.0482885 0.012139 0.0385332 0.0245371 -0.00338337 0.0213633 0.0362812 0.0424866 0.0934019 0.018491 0.0128654 0.0284957 0.0520894 0.0735809 0.088816 0.0349366 0.0295782 0.0462076 0.0717191 0.0963806 0.0255919 0.0841554 0.0201579 0.019108 0.0173358 -0.0153699 -0.00190407 -0.00891316 -0.0155295 0.0147739 0.0518497 0.112953 0.0590323
internal_weight=5052.55 2621.48 2431.08 831.345 1196.02 859.143 1425.46 741.715 733.416 683.74 125.741 336.877 139.36 650.31 23.4068 583.191 1599.73 19.9934 117.999 4.09107 733.402 14.6254 718.777 97.9296 57.4336 127.452 669.615 229.508 19.5015 440.107 43.3589 404.073 288.139 362.171 115.953 26.0802 269.109 16.9149 5.20552 210.007 156.479 70.925 29.517 19.982 16.6853 53.5271 49.8473 29.9109 13.9534 9.825 21.2906 4.45017 614.264 593.392 541.389 563.197 87.6724 158.687 116.057 457.019 6.20253 2.72156 7.74148
internal_count=534717 137542 397175 105144 101242 57749 36300 23508 99761 12792 18607 43493 15960 12087 1657 88437 292031 2228 18154 361 39142 637 38505 5383 3231 8919 34780 12636 1151 22144 2136 19190 5129 6958 14303 2354 5020 969 278 11485 8845 4281 1864 1122 959 2640 2434 1435 819 539 1522 470 14589 14465 13497 86209 10996 19419 18016 12051 682 312 453
is_linear=0
shrinkage=0.03


Tree=29
num_leaves=64
num_cat=0
split_feature=17 24 14 55 14 161 2 203 107 55 266 14 181 10 180 17 133 14 177 99 180 50 189 140 189 122 50 204 152 201 130 175 181 28 133 62 261 266 106 62 114 254 106 9 111 8 136 266 180 28 189 68 204 49 2 111 217 106 10 195 49 49 16
split_gain=1193.25 289.426 197.536 99.7744 96.1074 64.031 57.8553 48.3007 46.4912 41.9615 40.4559 40.0387 33.7612 30.4721 42.4991 29.1286 31.7275 28.9371 30.6277 30.5116 28.249 26.9144 26.8017 25.4604 28.8277 25.4563 25.1728 25.5985 25.926 24.999 24.7374 24.3651 23.8788 25.4078 26.3959 45.5448 25.3293 28.5689 40.7264 28.064 34.7818 34.975 26.8476 23.8314 23.9346 26.3483 25.3251 46.381 23.0714 23.0174 28.6628 27.0333 22.3471 21.8024 21.6708 21.5585 21.3522 21.2352 20.1949 19.793 19.573 19.5202 19.3406
threshold=3733.2785145112093 1.0000000180025095e-35 1379.0064308879853 409.25375248207388 318.6550509364651 9976.7926047953788 1.0000000180025095e-35 1.0000000180025095e-35 32381.79083585765 409.25375248207388 8233.521365449853 202088.33124547909 -1.0000000180025095e-35 7.5000000000000009 -1.4999999999999998 15025.204862553945 14559.091613266666 -12982.421778104437 -22.550782443218022 416291.87801963888 -1.0000000180025095e-35 797.50000000000011 44713.596277015829 10.500000000000002 -19898.348250352588 6336.7580424979597 197.50000000000003 -4423.740426832398 8.0000000000000018 -9858.3137670212109 29324.945676766791 -562.88446614033887 -1.4999999999999998 9.5000000000000018 1832.7337924687929 3777.275431722273 59.500000000000007 4067.6880211452567 5.5000000000000009 -986.35575704384678 6260.6103036362983 276.78626244086723 8.5000000000000018 259.3118754514781 38.500000000000007 -575.81424575055746 6.5000000000000009 -42.129456323957974 -1.4999999999999998 4.5000000000000009 1.0000000180025095e-35 -3469.8872587081873 -21333.309750448094 3.5000000000000004 1.0000000180025095e-35 30.500000000000004 1.5000000000000002 20.500000000000004 6.5000000000000009 -7753.5314901927568 24.500000000000004 10.500000000000002 3.5000000000000004
decision_type=2 2 2 2 2 10 2 10 10 2 10 2 8 2 8 2 10 2 10 10 8 10 8 10 8 8 8 8 10 10 8 8 8 10 8 10 8 10 8 10 8 10 10 8 8 10 8 10 8 10 10 8 10 10 2 10 8 8 2 8 8 10 2
left_child=1 4 3 6 7 48 32 12 -5 13 15 20 54 14 -4 16 58 18 19 -14 22 -10 -6 24 -12 -13 -22 30 49 59 -28 -26 -2 34 55 36 39 -38 -39 -36 41 -41 62 44 45 -16 47 -47 -3 50 61 56 -32 -44 -1 -34 -51 -7 -8 -23 -35 -29 -42
right_child=2 5 9 8 11 57 10 -9 21 -11 23 25 17 -15 43 -17 -18 -19 -20 -21 26 29 -24 -25 31 -27 27 28 -30 -31 52 -33 33 60 35 -37 37 38 -40 40 42 -43 53 -45 -46 46 -48 -49 -50 51 -52 -53 -54 -55 -56 -57 -58 -59 -60 -61 -62 -63 -64
leaf_value=0.039858136453053777 0.12077559168715062 0.03468992305455057 0.14804664554875238 -0.025107316084479154 0.023778595529453647 0.016459315430152357 0.018925489161162538 -0.01299970461661162 0.10390426744114462 -0.025859410488742591 0.11863023672765438 0.070484921215096114 0.048070362595091412 -0.021801054456003485 -0.012244564956627102 -0.014978539433717918 0.13502901301358702 0.018972876476239676 0.016873028424807028 -0.0046073739480228006 -0.020381438413747767 0.14219298837821262 0.083067193671166273 -0.017376668272213635 0.10372329632367736 -0.011232666061082568 0.053081332097152184 0.030419730699365169 0.10999208055413619 -0.017667199452355425 0.026500312283253977 0.014982587126157508 0.057482130551235591 -0.0085435648917705255 0.0074410865488060236 0.16099039326501113 0.010159971543826966 0.17902337232981935 0.0095324449816520159 0.068389980688004559 0.09066837314727999 0.19505743303424133 0.038988559865365945 -0.01420466777501618 -0.0058483366332125275 0.19404822409607553 0.012311571205506071 0.029930348203618323 -0.015824926675310692 0.017044339452512571 0.0061927567437563566 0.0022586429117045729 -0.015770628639166756 0.19683365140158732 0.024048150585026847 0.0030231809274034538 0.12568787974439252 0.078521392559858141 -0.0061226314958473934 0.0030394172163412548 0.085646959756495139 -0.0038388651089014988 -0.016669460940759152
leaf_weight=161.86109498143196 1.8987393239513037 8.3453831840306503 1.5114872301928697 189.73240197682753 52.444985402747989 34.956956812180579 41.6673369333148 33.344091836828738 3.3124796049669412 811.43292244151235 3.796650867909193 3.5561097878962755 93.884238751605153 464.10609182156622 6.6180611369200077 192.14450455084443 1.6207499392330635 932.88039027992636 69.784763331990689 11.06184254074469 23.648102889768779 1.8909697378985582 7.8952553542330852 8.5876025287434441 3.3000742914155126 97.432321932166815 6.3686770638450971 146.33540869550779 2.5333570148795834 9.437000371050086 13.631513572297989 17.827671766746796 7.1127524496987453 49.111627112142742 9.4920506938360649 2.3354957168921819 58.163748204708099 2.2674794206395736 2.9177793022245169 5.107093882281335 1.9740222468972222 3.1856029154732823 1.7287007812410586 371.20265633799136 45.284876261372119 2.8010627441108227 4.9187490674667069 3.4692705022171113 326.32111641345546 3.7568461811169982 95.128625508397818 153.95056002493948 64.587723523378372 1.446602363605052 150.65524282678962 81.555675487034023 2.8732560300268233 5.7827048557810476 95.057541659567505 1.7915278915315878 2.0692300125956526 16.674482499249279 6.4383290139958262
leaf_count=1231 100 280 155 36722 1041 1098 3050 1372 193 169456 281 222 1118 76843 705 25445 130 24572 1020 287 1588 94 231 702 164 7752 253 6785 69 1095 687 1180 485 5593 878 184 4751 93 232 218 94 165 186 58738 4646 196 528 277 52126 206 4855 10962 4807 111 1569 5674 166 160 9159 181 237 859 460
internal_value=-0.000538523 0.0140576 -0.0151426 -0.00290693 0.0183119 -0.0102424 0.00327239 0.0226905 -0.0209148 -0.0209123 -0.00423638 0.00909933 0.0235285 -0.0164516 -0.0107547 -0.00742117 0.00307506 0.0210715 0.0322757 0.0425179 0.0120878 0.0274941 0.0315362 0.0271715 0.0425205 -0.00835514 0.00987149 0.0112858 0.01431 0.00820172 -0.00377467 0.0288436 0.0148144 0.0139579 0.0191654 0.0301478 0.0268521 0.0161753 0.0836497 0.0498794 0.070142 0.117049 0.0365732 -0.0113074 0.00573858 0.035205 0.0632702 0.103245 -0.0145653 0.0137311 0.0192787 0.00481307 -0.00840394 0.1109 0.0322366 0.00739174 0.0641267 0.0252686 0.00151086 0.074495 -0.00473546 0.0269154 0.00851818
internal_weight=5038.01 2519.7 2518.32 806.971 2144.29 375.406 600.807 1453.47 206.164 1711.35 364.002 690.817 1420.13 899.912 435.806 330.49 138.346 1107.61 174.731 104.946 589.829 16.432 60.3402 33.512 24.9244 100.988 529.489 505.84 421.253 13.1195 84.5879 21.1277 236.805 234.906 183.725 95.0569 92.7214 63.349 5.18526 29.3724 19.8804 8.2927 11.5877 434.295 63.092 17.8071 11.1891 6.27033 334.666 418.719 258.139 160.581 78.2192 3.1753 312.516 88.6684 6.6301 40.7397 136.725 3.6825 51.1809 163.01 8.41235
internal_count=534717 125316 409401 97857 71652 53664 59572 31169 38285 311544 40111 40483 29797 142088 65245 37784 12339 26997 2425 1405 32509 1563 1272 2327 1625 7974 31237 29649 23902 1370 5747 1344 19461 19361 13531 7372 7188 5076 325 2112 1234 383 851 65090 6352 1706 1001 473 52406 23833 12499 11334 5494 297 2800 6159 372 1258 12209 275 5830 7644 554
is_linear=0
shrinkage=0.03


Tree=30
num_leaves=64
num_cat=0
split_feature=33 11 53 17 11 23 23 1 17 22 13 213 130 220 1 83 271 158 59 182 266 1 256 181 68 112 1 9 99 79 0 93 33 242 35 24 106 177 158 46 153 43 32 39 112 130 172 218 144 211 211 41 1 13 172 46 22 32 1 1 183 45 177
split_gain=1225.85 180.882 155.801 144.043 107.171 93.7978 83.3919 67.5171 62.1771 52.4379 51.6439 45.4959 40.6192 42.5116 40.6087 38.4253 36.7454 30.574 29.4584 28.8513 30.5046 48.3696 28.5078 28.3316 26.9958 26.1678 31.7347 26.1142 25.8186 30.4145 37.9385 27.2707 26.6404 26.0409 25.3167 25.0014 24.4526 24.2412 26.0537 24.173 22.9021 36.1979 37.9612 29.824 32.8201 22.868 22.7659 36.4235 23.6504 26.3973 22.3648 21.5126 21.5696 23.7749 21.6002 21.4754 21.3291 21.0932 20.8684 20.8128 20.5338 20.0935 18.3892
threshold=58.500000000000007 -4676.1028341919728 32333.945721628075 3733.2785145112093 -5633.4249138616551 1.0000000180025095e-35 1.0000000180025095e-35 202051.50000000003 5088.2051695196124 28168.660406092054 1.0000000180025095e-35 1.0000000180025095e-35 1.0000000180025095e-35 1.0000000180025095e-35 202051.50000000003 1.0000000180025095e-35 -356.39709639742176 5388.5000000000009 2131.7799868570805 -193.05736908891978 2575.2579420935149 202051.50000000003 -2448.2730029183981 -1.0000000180025095e-35 14822.323261271022 102.50000000000001 202051.50000000003 401.27894944712506 802070.09473407699 3636.6909779281873 22978891.000000004 6.5000000000000009 70.500000000000014 -16.434839540735535 140625.59296886806 125344.75637503035 4.5000000000000009 -841.72880760484486 605.50000000000011 -1733.4999999999998 378761.9891999595 1.0000000180025095e-35 46.500000000000007 3.5000000000000004 141.50000000000003 6381.457457602216 735.34289596636484 -1.0000000180025095e-35 -851.49999999999989 -1216.4011855313449 -1216.4011855313449 20475.732820124449 201904.50000000003 1.0000000180025095e-35 -2028.5422253926479 -1551.4999999999998 6061.8994864039369 1.5000000000000002 201956.50000000003 201956.50000000003 1.0000000180025095e-35 333645.67556197493 19.470586632454175
decision_type=2 2 8 2 2 2 2 2 2 2 2 10 10 10 2 10 8 10 10 10 10 2 10 8 8 10 2 8 10 10 2 8 2 8 8 2 8 8 10 8 10 8 10 10 10 10 10 10 10 8 8 8 2 2 10 8 2 8 2 2 8 8 10
left_child=1 10 5 6 14 8 9 -5 23 12 58 24 13 18 28 17 -10 19 46 20 45 34 60 -2 40 26 61 56 29 32 -31 33 -4 -32 -22 -34 -19 38 59 -15 -9 42 43 44 -42 62 48 -48 49 -3 -8 -51 53 54 -53 -28 -18 -41 -1 -11 -13 -14 -12
right_child=2 3 4 7 -6 -7 50 11 16 37 15 22 25 39 -16 -17 27 36 -20 -21 21 -23 -24 -25 -26 -27 55 -29 -30 30 31 -33 35 -35 -36 -37 -38 -39 -40 57 41 -43 -44 -45 -46 -47 47 -49 -50 51 -52 52 -54 -55 -56 -57 -58 -59 -60 -61 -62 -63 -64
leaf_value=0.041909846036794089 0.027164668576582562 0.06069025670319593 0.082807054758106929 -0.012984594212035874 -0.0096537862856207884 -0.025149318263527516 0.090625538930089844 0.0054988705222330393 0.016599469666615751 0.082118546558175035 0.033904709715972217 0.062118547252681684 0.0080535890792613942 0.010964107227620959 -0.012944167379066838 -0.00079694742827540689 0.002533307079919779 0.030631804733124334 0.0031049666761211502 0.0052022480975778039 0.13835684468000781 -0.013216192442971193 -0.031062347208616507 -0.0028223162649809283 -0.014998334366523246 0.015397679682453492 0.11563897784585328 -0.020066062181098347 0.0031878600756368226 -0.0003130128902252364 0.15623165239617098 0.038877179421194209 0.0077301475251844295 0.073262783709801882 0.05841110079356801 0.069027615931233979 0.099003921545670476 -0.0015888041757288016 -0.012933997719341121 0.027737657259609121 0.19164945873377418 -0.023966400798860778 0.21018581352968116 0.0012054318041734876 0.018852730278302796 0.0011349485775597465 0.066088076877116542 0.02199676848308724 0.026531329836495844 -0.0095379117025329897 -0.012707712374843604 0.096163769632258769 0.0096944033086115659 0.018903931400312511 0.026218124761660491 0.053149492918759922 -0.024540834649196725 0.067679397628258878 0.023870776716079171 0.0030025820238186972 -0.00026492964522569824 0.050604886534607464 0.018250662835380523
leaf_weight=185.51839068159461 33.604310791939497 9.8170580049045366 7.4570273053832343 335.97876185923815 160.52081508236006 1084.8593914173543 1.9172240295447407 88.352386330720037 29.39216077234596 9.3418196346610802 136.32086674449965 25.032449239399284 16.574399766512215 19.146348469890654 16.648145232349634 68.994404241908342 91.414619775954634 10.820991130080076 157.11924743605778 78.094993467908353 5.7427284214645633 5.7904953714460126 4.4337433692999175 181.56703939754516 53.124783391598612 32.37651890097186 8.5399226276203972 637.37542951013893 15.351326957345007 5.0829554558731642 6.886494972743094 6.0976494369097098 28.655276783276349 6.733669252134856 9.4009549203328788 7.5707164201885453 8.3330251500010473 184.07591399317607 7.4361419021151951 20.655435010325164 2.1612687553279053 4.6452439343556771 1.6204988406971104 4.7387016187421978 1.8242691708728669 37.452357337344438 20.08054193854332 105.21671192534268 127.29093573940918 41.887024390045553 112.41144837113097 7.6094080237671724 348.40676618414 67.767631154507399 8.3161637922748906 11.773111753165724 36.702678585425019 28.071600765455514 83.782826696522534 4.4030469171702853 5.860417528543624 25.133484221994877 133.85574867669493
leaf_count=1011 1330 280 161 41906 18409 225867 111 7285 3611 260 3351 1149 405 519 1210 2717 11208 302 8212 2904 141 142 226 16095 7552 802 149 109959 1092 246 241 355 1334 380 252 421 249 10100 289 517 186 426 150 411 153 1828 456 2007 4103 1947 16493 138 11001 2782 137 230 5256 622 520 176 313 347 2285
internal_value=-0.000532052 0.0133963 -0.016301 0.00844602 0.00555579 -0.0190241 0.0135587 -0.00487748 -0.0124453 0.0157829 0.0257258 0.00932432 0.0184803 0.0166364 0.0298529 0.019972 -0.0163179 0.0233372 0.0148977 0.0215926 0.0254883 0.0605296 0.0400747 0.00186089 0.0023816 0.0372591 0.0486714 -0.0175818 0.0383516 0.046234 0.0727673 0.0916063 0.0311698 0.115213 0.0887278 0.0205404 0.0603773 0.00190843 0.0323015 0.0395254 0.011316 0.0456029 0.0768426 0.0520745 0.112557 0.0231037 0.0174139 0.029063 0.0150254 0.0119981 -0.0109749 0.0109896 0.0129795 0.0266552 0.0596389 0.0794211 -0.00522282 0.0507481 0.0362977 0.0567744 0.0502843 0.0336953 0.0261491
internal_weight=5023.17 2667.25 2355.92 1903.14 261.004 2094.92 1375.37 527.773 1010.06 1261.04 764.108 191.794 1055.78 961.385 100.483 494.807 794.885 425.812 893.511 406.658 328.563 20.9342 35.3266 215.171 156.467 94.3974 62.0209 765.493 83.8351 68.4838 24.8008 19.7178 43.683 13.6202 15.1437 36.226 19.154 205.257 21.181 67.8734 103.342 14.99 10.3447 8.72424 3.98554 307.629 736.392 125.297 611.095 483.804 114.329 473.987 432.1 83.6932 15.9256 20.313 128.117 48.727 269.301 13.7449 30.8929 41.7079 270.177
internal_count=534717 137542 397175 121840 23849 373326 62083 59757 147459 45479 15702 17851 34654 32721 5440 14171 130034 11454 31063 10903 7999 535 1688 17425 16163 1933 1131 126423 4230 3138 1222 976 1916 621 393 1755 551 10825 725 1658 8611 1326 900 750 339 7464 22851 2463 20388 16285 16604 16005 14058 3057 275 379 16464 1139 1531 436 1462 752 5636
is_linear=0
shrinkage=0.03


Tree=31
num_leaves=64
num_cat=0
split_feature=33 12 53 11 23 13 7 44 23 215 22 226 73 12 20 1 22 226 1 71 205 114 132 71 111 1 266 117 141 1 130 70 122 22 14 122 210 160 254 226 58 11 14 118 132 171 141 133 58 53 86 68 93 38 30 155 224 53 118 22 36 172 173
split_gain=1160.02 182.547 150.745 98.7539 93.348 76.2257 60.584 56.2321 50.2631 55.3037 47.8481 43.1328 42.973 37.9053 36.736 37.9537 49.8405 44.1127 36.5552 34.0201 33.7044 30.2794 29.6201 27.7981 27.1815 35.8437 27.0093 25.7357 24.9961 24.6107 23.0831 23.0054 26.853 22.8885 22.2104 52.1647 66.7517 74.2663 22.0938 21.9993 21.458 21.2218 21.0783 24.3896 20.9189 25.1301 20.8784 24.5505 20.7019 21.0377 20.6423 20.5824 21.153 19.942 19.5458 31.3919 19.3387 23.2471 19.2995 19.2555 20.4822 27.8179 19.461
threshold=58.500000000000007 1689.3715546979363 32333.945721628075 -5633.4249138616551 1.0000000180025095e-35 1.0000000180025095e-35 332.52883551921201 1.0000000180025095e-35 1.0000000180025095e-35 253.95273296912572 34526.221657036804 -25.499999999999996 11.500000000000002 1.0000000180025095e-35 787.26237430892422 202101.50000000003 16379.165308415812 -4.4999999999999991 202051.50000000003 2399.8657798392364 -12280.153763962016 21121.502525429594 72967.862718098317 5297.5585533662079 30.500000000000004 202103.50000000003 964.60993086363703 609.70500000000015 30.500000000000004 202001.50000000003 11461.074654769141 5.5000000000000009 10228.783008792454 16379.165308415812 95357.135522786921 96916.050179556943 -324.06371948348891 10.500000000000002 10661.360925710518 -3.4999999999999996 47.500000000000007 -4676.1028341919728 54814.10636290424 4.5000000000000009 19191.274572835551 1.0000000180025095e-35 97.500000000000014 1122.4803988614103 182.50000000000003 19036.834368759621 12.500000000000002 113945.46410521907 4.5000000000000009 42058.108361073602 1.0000000180025095e-35 2379.2253101998026 1.5000000000000002 1.0000000180025095e-35 6.5000000000000009 86478.173921436843 -1643.4999999999998 510.75155158967169 -1472.2581216177937
decision_type=2 2 8 2 2 2 8 10 2 10 2 8 10 2 2 2 2 8 2 8 8 8 10 10 8 2 8 8 10 2 10 8 8 2 2 8 10 10 8 10 10 2 2 8 10 10 8 10 10 10 8 8 8 8 2 8 10 8 8 2 8 8 8
left_child=1 5 4 18 6 13 39 8 10 -10 12 34 19 29 15 17 20 26 38 30 -17 28 24 59 25 31 -7 33 -11 -1 42 -21 -33 54 35 -8 37 -37 -4 44 -28 48 51 -44 53 46 -46 -48 49 -16 -38 -3 -53 -2 -13 -56 -22 58 -58 60 -19 -62 -63
right_child=2 7 3 -5 -6 14 11 -9 9 21 -12 27 -14 -15 41 16 -18 23 -20 22 56 -23 -24 -25 -26 -27 40 -29 -30 -31 -32 32 -34 -35 -36 36 50 -39 -40 -41 -42 -43 43 -45 45 -47 47 -49 -50 -51 -52 52 -54 -55 55 -57 57 -59 -60 -61 61 62 -64
leaf_value=0.039677993833513489 0.10139493366160475 0.01466441134267223 0.0079125155236506855 -0.0094522440199573364 -0.025018375047151532 0.018250828510468164 0.0045591586089150978 0.037775498136568032 -0.018790397283288181 0.061940510244777321 -0.016192764276717019 -0.0050041034115593692 0.15314680210770776 0.01760608930999609 -0.0025549148722662876 0.095326107791301878 -0.016025451393460236 -0.0053277992197387934 -0.012712008284588237 -0.023510607856977114 0.022109349128592783 -0.030286662142093215 0.089282449895920615 -0.0057968758880575866 -0.0039204743406345503 0.17931745586754277 0.073119499482075759 -0.01957467248639427 0.24831910480603714 0.021322693099449889 0.040709126836588082 0.16452876564143737 -0.010241729991352286 -0.024626158932441872 -0.020425878194669622 0.35189918407930926 0.098117962753157387 0.058589830920596164 0.044263822970906072 -0.0051964521141511502 0.030948081146411704 -0.011662102832691904 0.09796926094237117 -0.0060727061554961114 0.13952762004997638 -0.007881885356816512 0.005134668901135217 0.11199531248136332 0.067904668410054811 0.06171662190722995 -0.022325278450392633 0.13839776300968804 0.010441388731831116 0.0054734847251696871 0.1170486215252499 0.01114725680057942 0.096983550187254144 0.026767995481952897 0.041046827079850932 -0.0084685819373296941 0.0067376175521500674 0.052794947023755819 0.019260379703617055
leaf_weight=226.29905554372817 2.0409514009952536 175.56946492334828 19.413883731234819 159.04776291362941 1058.2245547301136 115.52410190319642 31.31858602212742 36.46432376280427 147.51354975812137 1.2987194885499769 96.867254874203354 113.28220438025892 1.7961084330454458 196.90502578532323 31.691482889000326 6.3139771576970816 26.478921193163842 49.860460383817554 16.446706972550601 4.3147684214636666 288.9791212445125 1.1465967115946116 3.2217902983538798 99.303416977636516 269.89819845883176 1.5684248153120277 16.159587688744068 638.331385652069 1.2917948202230034 92.66107003390789 25.723290720954537 1.693019018974155 1.48543336102739 47.27724071778357 14.95663451682776 1.4897925164550545 2.0942972772754711 1.6236878121271727 66.910267224069685 62.986126041971147 33.106404667254537 72.716508875600994 2.0895030973479143 68.698732582852244 3.1581121287308607 4.7993719470687202 4.7711503836326301 3.2550149885937572 5.75380511349067 5.358590140938758 3.2964289132505655 2.4830644503235808 2.1867793393321335 44.090862452052534 2.9965947815217078 15.811553297564389 9.6165259187109786 40.344603586941957 13.131901405751703 40.668298471253365 209.8857162152417 16.62282279599458 247.02487663179636
leaf_count=1494 200 8720 1437 18409 225867 3949 2855 298 26273 119 9328 13636 166 4660 1717 83 1497 2310 1210 396 6090 155 187 7616 31006 103 314 105486 145 807 740 171 179 6682 2306 164 198 159 2793 7531 711 5048 65 5492 146 275 213 126 275 226 357 157 139 4923 183 2019 172 1249 272 2567 6047 459 6140
internal_value=-0.00052567 0.0128779 -0.0160811 0.00535824 -0.0188116 0.0181688 -0.0122275 0.00133335 -0.000309533 -0.015903 0.00327706 -0.015027 0.00664052 0.0279562 0.0143685 0.015908 0.0236922 0.0122904 0.0282789 0.00616972 0.0266267 0.0980688 -0.00116003 0.00883951 -0.00220458 0.0489028 0.0261822 -0.0167534 0.154881 0.0343456 0.0136433 0.0216054 0.0828507 -0.0067132 0.0107443 0.0224512 0.0883425 0.198938 0.0360886 0.0072967 0.0447806 -0.00179684 0.0108698 -0.00300163 0.019965 0.0495419 0.0741835 0.0484721 0.0149626 0.00674074 0.0244669 0.0163178 0.0784788 0.00971722 -0.000301863 0.0280199 0.0253947 0.0404421 0.0646932 0.0114162 0.0129613 0.0148871 0.0213747
internal_weight=5007.34 2689.72 2317.62 261.819 2055.8 1844.41 997.58 845.311 808.846 151.251 657.596 872.478 560.729 515.865 1328.54 1213.02 384.865 828.156 102.771 558.932 358.386 3.73711 282.182 663.366 278.96 9.06165 164.79 817.699 2.59051 318.96 276.751 7.49322 3.17845 179.368 54.7794 39.8228 8.50421 3.11348 86.3242 125.102 49.266 115.52 251.028 70.7882 62.1155 15.9836 11.1843 8.02617 42.8039 37.0501 5.39073 180.239 4.66984 46.1318 132.09 18.8081 352.072 63.093 22.7484 564.062 523.394 473.533 263.648
internal_count=534717 137542 397175 23849 373326 53703 147459 83839 83541 26692 56849 134045 47521 6961 46742 39476 9363 30113 5440 47355 7866 419 32042 25139 31855 849 4974 128006 264 2301 15313 746 350 22520 6039 3733 878 323 4230 13414 1025 7266 14573 5557 5883 760 485 339 2218 1943 555 9016 296 5123 15838 2202 7783 1693 444 17523 14956 12646 6599
is_linear=0
shrinkage=0.03


Tree=32
num_leaves=64
num_cat=0
split_feature=12 16 17 55 203 13 11 180 20 11 247 13 188 1 55 10 180 53 213 172 12 65 184 79 55 5 140 79 115 1 10 221 177 84 267 10 11 71 36 11 20 184 173 161 39 5 213 65 116 54 184 14 188 267 136 145 172 265 78 221 119 221 153
split_gain=1035.3 212.19 210.863 99.076 59.2802 59.3556 47.584 46.0579 38.1017 38.0804 36.3666 36.9597 32.1817 32.0246 30.8423 33.1801 50.2148 32.4946 28.9582 31.904 31.4352 29.5284 28.6343 28.5604 28.3053 26.3134 25.9607 29.327 24.7062 30.6079 36.2314 28.5145 26.1555 38.778 26.0592 24.0644 23.709 23.2704 28.218 23.2468 26.8624 23.466 24.7703 41.2229 25.3501 23.2284 22.278 21.5509 29.0787 21.5955 24.9539 21.1629 27.2487 26.3777 24.5078 23.8487 22.6713 22.5327 20.545 19.6188 23.6025 19.5591 26.1251
threshold=4022.5605889209623 3.5000000000000004 6445.3348615886898 733.30220192056618 1.0000000180025095e-35 1.0000000180025095e-35 -97.040826724983987 -1.0000000180025095e-35 1525.7098706108616 -6862.9602080940704 8072.8597621950021 1.0000000180025095e-35 385.60896960861447 202101.50000000003 1.0000000180025095e-35 7.5000000000000009 -1.4999999999999998 32333.945721628075 1.0000000180025095e-35 148.78365302570822 1.0000000180025095e-35 -695.33930984192386 -48527.17522518109 30293.371404633988 1.0000000180025095e-35 3998.4179129591594 4.5000000000000009 7188.6418023250289 729.41192073995012 202101.50000000003 5.5000000000000009 1.5000000000000002 -64.302378420156984 1.0000000180025095e-35 1.0000000180025095e-35 4.5000000000000009 -6862.9602080940704 45779.279042508155 -941.49999999999989 -4676.1028341919728 787.26237430892422 -1.0000000180025095e-35 1410.4475988798115 3584.125125294468 12.500000000000002 334.44387714245704 1.0000000180025095e-35 -695.33930984192386 785.58061329281725 8.5000000000000018 6666.8963414946602 -8150.6279628174116 1.0000000180025095e-35 920.77548727073349 4.5000000000000009 22775.672415774381 510.75155158967169 -7.4999999999999991 109021.00802343946 1.0000000180025095e-35 -1687.1701816425223 4.5000000000000009 137459.03334390398
decision_type=2 2 2 2 10 2 2 8 2 2 10 2 8 2 2 2 8 10 10 10 2 10 8 8 2 10 10 10 8 2 2 10 8 10 8 2 2 10 10 2 2 8 10 8 10 10 10 8 8 2 10 2 10 10 8 10 8 8 10 10 10 10 8
left_child=2 3 4 7 5 6 45 -2 13 -5 11 23 25 22 15 16 -3 -16 20 -20 39 -21 -7 -4 46 61 27 -12 29 -18 -31 32 33 -32 -33 -27 37 38 -19 40 41 -13 44 -44 -43 -1 59 48 49 -14 -51 52 53 54 -24 -54 -56 -53 -30 -15 -61 -9 -63
right_child=1 14 10 9 -6 8 -8 12 -10 -11 26 18 47 24 17 -17 28 36 19 21 -22 -23 51 -25 -26 35 -28 -29 58 30 31 34 -34 -35 -36 -37 -38 -39 -40 -41 -42 42 43 -45 -46 -47 -48 -49 -50 50 -52 57 55 -55 56 -57 -58 -59 -60 60 -62 62 -64
leaf_value=0.040516372093563131 0.030033404536973403 0.17560210214167996 0.023035640563049044 0.031419691905815138 -0.015140045766160772 0.083848379021993033 0.011071039263320193 0.012160394263451483 -0.004411592330338116 -0.019218203926045556 0.030330681827731219 -0.005380077181165956 0.022352096717215428 0.019626433666893529 -0.026316878166855233 -0.022539334242160241 -0.011688444052880675 0.026445602519104557 -0.0098359848662922106 0.0022120175384772629 -0.012955552499604098 0.065174110419412554 0.010446996040785077 0.13454129529830536 -0.0093181071047346437 0.096523367806873428 -0.0038042517890654421 0.12516483359168104 -0.015642686000950222 0.20196230390793757 0.032019779065145748 0.025600464120578245 -0.0077849804825585152 0.22332896567085567 0.23815063013819929 -0.012635365416224812 -0.012190896417866158 -0.0011454411742062339 0.17547121395815168 -0.010258479592326902 -0.0067806588647127278 0.016716808020386029 0.14679918050126517 0.027884123186996283 0.13085863709687229 0.026049842513020605 0.039824619968276381 -0.010701300830113343 -0.022723622217179437 0.028382327016490742 0.18082886017797101 0.060720459291912804 -0.010230504873708732 0.066248524719421747 0.014031826379879908 0.057105565365337861 0.04833449150079857 0.0095226855369721086 0.074716575615682693 0.01706267299404688 0.087027530424494653 0.17144429866397815 0.01180177611353548
leaf_weight=158.44115779967979 58.586985148023814 1.3105290508829055 16.921612034086142 14.047404916957019 48.870810706634074 5.1119736772961915 136.7319940906018 219.10245663486421 86.0324816275388 275.4259871346876 8.9414780163206178 16.552625114098191 16.941132899373773 271.62166391452774 801.61925781751052 396.6526227700524 43.67720276163891 2.6179932546801865 23.121006631758064 11.780489408411087 342.90855168737471 15.556440149433909 70.779659065883607 2.3550727288238695 22.418558358214796 1.8771131108514953 9.3319783802144212 4.3687391853891304 257.81545676151291 1.0303090540692235 9.1498550777323526 1.0730740237049747 18.614839825313545 1.0645198533311475 1.0056568174622955 57.338254628237337 24.948983202688396 5.1269412748515606 2.0303991674445552 71.597048038151115 40.234366037417203 30.120690692216161 4.3879282544366989 6.5253226757049569 1.8592846975661803 270.32255338784307 76.335459474474192 185.07112360885367 11.351048433221875 2.0326867443509395 1.8421742585487662 7.8272362560965121 34.271378426812589 13.946737580001352 28.112104103434831 5.4924952359870067 45.256211556959897 668.67610378330573 2.2847320586442939 8.5626136427745241 8.7986460081301612 1.6324346228502684 2.1216234909370542
leaf_count=1233 2044 138 1039 956 2550 196 4924 16959 5302 52206 537 1539 1237 6036 181735 70657 6567 237 2044 767 45816 834 1205 170 1927 84 743 253 43815 92 1236 138 2236 141 126 6080 3874 532 123 7194 3915 2174 252 396 144 2430 911 18004 950 155 134 218 1201 218 820 84 1146 25191 284 109 164 125 170
internal_value=-0.000519444 -0.0146182 0.0127206 -0.00251984 0.0174879 0.018319 0.0264813 0.00486933 0.014908 -0.0167609 -0.00274384 -0.00419033 0.00191668 0.0162197 -0.0211479 -0.0166586 -0.00973739 -0.0250861 -0.0055849 0.0161029 -0.00771315 0.0380414 0.0130531 0.0366585 0.0234023 0.00860057 0.0345599 0.0614576 -0.0104609 0.00463308 0.0269536 0.0211197 0.0133822 0.0519576 0.128429 -0.00917506 0.00332585 0.0429283 0.0915394 0.00278248 0.0121494 0.0249617 0.0366706 0.0756967 0.0233529 0.0313957 0.0254102 -0.00676197 0.0159027 0.0369658 0.100858 0.0126391 0.0212694 0.0268528 0.0230411 -0.000929524 0.0351909 0.0101151 -0.014849 0.0216026 0.0525207 0.0133237 0.0812216
internal_weight=4991.57 2417.39 2574.17 847.37 1967.61 1918.74 565.496 557.897 1353.24 289.473 606.563 583.92 499.31 1267.21 1570.02 733.679 337.026 836.344 564.644 50.4579 514.186 27.3369 879.474 19.2767 387.737 282.072 22.6422 13.3102 335.716 75.6155 31.9383 30.9079 28.8292 10.2144 2.07873 59.2154 34.7243 9.77533 4.64839 171.277 99.6802 59.4459 42.8932 10.9133 31.98 428.764 365.318 217.238 32.167 20.816 3.87486 874.362 197.859 158.095 144.148 39.7639 73.3683 676.503 260.1 288.983 17.3613 222.857 3.75406
internal_count=534717 411035 123682 99104 55865 53315 8587 45942 44728 53162 67817 66284 43898 39426 311931 125430 54773 186501 65075 3645 61430 1601 30279 1209 9147 23418 1533 790 54635 10536 3969 3877 3613 1377 264 6164 4766 892 360 15614 8420 4505 2966 648 2318 3663 7220 20480 2476 1526 289 30083 4674 3389 3171 1285 1966 25409 44099 6309 273 17254 295
is_linear=0
shrinkage=0.03


Tree=33
num_leaves=64
num_cat=0
split_feature=33 14 226 17 17 193 226 22 78 180 186 56 210 12 226 14 22 205 215 235 116 100 205 14 50 52 215 30 146 215 160 104 58 44 56 22 186 36 263 0 8 60 160 59 99 214 133 208 44 46 125 176 174 56 68 32 36 35 59 254 170 159 154
split_gain=1051.34 209.897 107.824 96.1446 65.6423 57.7057 45.4702 57.7187 41.2056 37.1941 34.5924 32.8614 32.1398 30.3649 28.7415 27.6814 32.202 41.9021 26.6552 26.0704 24.2783 25.7965 23.8705 22.7368 21.8563 21.6924 24.0549 21.5231 20.5374 20.4672 20.4104 19.7565 18.7107 20.4486 18.6579 18.4619 18.1873 18.1481 26.7336 53.1034 18.143 22.7545 32.0693 26.7729 17.7535 21.9216 17.7077 17.6306 17.4825 17.4625 17.4544 16.8896 16.6652 16.5911 24.1949 36.2767 23.8377 22.7379 25.3096 17.5604 16.98 20.6481 24.5461
threshold=70.500000000000014 318.6550509364651 -25.499999999999996 6445.3348615886898 1.0000000180025095e-35 1.0000000180025095e-35 -8.4999999999999982 22102.248524378836 1.0000000180025095e-35 -1.0000000180025095e-35 -1.0000000180025095e-35 1.5000000000000002 -2249.4492491943765 10524.572870162066 -1.4999999999999998 202088.33124547909 54774.907965936385 -34948.452860837475 615.46399258975009 52042.717331171771 -1.0000000180025095e-35 -1490.4999999999998 -10065.604536980261 -8150.6279628174116 197.50000000000003 17.500000000000004 -256.03781373998197 2.5000000000000004 79488.720670375813 424.42881775347217 13.500000000000002 5138.5000000000009 55.500000000000007 6.5000000000000009 1.0000000180025095e-35 16379.165308415812 -1.0000000180025095e-35 -1002.4999999999999 -631.50829334664934 35390796.000000007 -695.05456645962602 4179.6615893062435 2.5000000000000004 160.88612752191901 166125.87395885665 -147.69682314761187 12699.726353908316 -92373.580483409824 1.0000000180025095e-35 -667.49999999999989 23239.789155517723 -418.09317565691197 243.65673104006643 1.0000000180025095e-35 -3469.8872587081873 12.500000000000002 -1247.4999999999998 82355.72286913525 1526.4959462037132 -1.0000000180025095e-35 135.6548122366961 461.12412212258158 -1245.4999999999998
decision_type=2 2 8 2 2 10 8 2 10 8 10 10 10 2 10 2 2 8 10 10 10 8 8 2 8 10 10 2 8 10 10 10 8 8 10 2 8 10 10 2 10 8 10 10 10 8 8 10 10 10 10 8 8 8 10 10 8 10 10 8 8 8 10
left_child=1 5 12 8 50 6 11 9 15 -8 -10 20 25 19 23 16 17 -3 47 -6 21 -1 -11 46 -19 26 -2 31 -26 -5 35 48 33 -25 37 40 -18 -31 39 -39 -7 42 -42 -44 45 -30 -9 -12 53 -21 -4 -33 -35 54 56 -56 57 58 -24 -58 -57 -62 -63
right_child=2 3 4 29 13 30 7 14 10 22 18 -13 -14 -15 -16 -17 36 24 -20 49 -22 -23 27 32 28 -27 -28 -29 44 34 -32 51 -34 52 -36 -37 -38 38 -40 -41 41 -43 43 -45 -46 -47 -48 -49 -50 -51 -52 -53 -54 -55 55 60 59 -59 -60 -61 61 62 -64
leaf_value=0.023209932599020083 0.12715335360895391 0.074597635435843454 -0.0055513892515511119 -0.015222849267155192 -0.016190729957648982 -0.010483786666053943 0.035560052661690461 0.01360113584591037 0.11186267792633513 0.041395103725370204 0.028882185266793422 -0.014317160498988435 -0.0013925413130802999 -0.024015905153099863 -0.0063822314051024051 -0.0074105848470801079 0.034783538466061088 -0.015003149283421021 0.10209589228267253 0.0096540146466348106 0.022865271860831229 0.051312086841060603 0.0092206309831812175 -0.0041504580538872394 -0.0019659971029259721 -0.021481435185159502 0.032040666072090426 0.038123155455270674 0.073228743801490359 -0.0027652304097917175 0.088508021065994619 0.093119493777949119 -0.0075032912864970037 0.025755395731827342 -0.021411433261841299 -0.024019969181979288 -0.010101943540335031 0.029163607993899863 0.015589888663161623 0.25054397086978814 0.012886453841525598 0.0026148235825243084 0.029774004307167746 0.15302615859888707 0.010561553165627357 0.021507079254135142 0.056275905813180246 -0.017302772926577541 0.046024010180526584 0.097008947619364322 0.034554522774573479 0.027719331513931265 0.091703744553834204 0.0087422049694494512 0.0084719435311383633 0.023315695491013613 0.0030366061982320509 -0.0031647762054811909 0.08289185041438589 0.031843331668970187 0.12826658205062924 0.078155450333597748 -0.016210400016506945
leaf_weight=45.482109183911234 2.5872503672726443 10.269754467532039 200.10930493846536 309.89071375876665 461.67875934392214 52.510628227610141 110.35425388859585 18.058784862514585 2.0575907449237993 35.811722062062472 8.0020671295933408 14.444379463326184 108.75594803644344 1158.8849042518996 133.81932469131425 78.583449421450496 9.0900192204862833 23.270503280684352 1.8065334660932411 10.509449915960429 126.52398576727137 83.133885772433132 11.314352342858912 13.325188198126854 57.050480959936976 6.2710011983290306 31.89896014239639 39.887146897614002 7.6677636983804405 8.607204273343088 2.269594789016991 3.7641409048810601 43.926458086818457 11.223239670507608 10.172987154684963 28.215574903413653 76.491979198995978 2.5012965700589138 5.8571287719532812 1.5983282150700686 12.290788383223118 52.170613333117217 2.9610545318573704 3.4160857130773365 182.84949679672718 193.23936551017687 16.978937023784965 105.69715307885781 15.650334541685877 2.5615499634295693 10.267404506448655 63.627112725749612 4.9783568992279497 340.03734819730744 310.20788144739345 21.118501076940447 21.274265844840556 46.578819943126291 6.6717384904623023 181.78070767782629 3.5579039556905609 7.0653648818843049 3.8232470070943236
leaf_count=1164 171 143 22216 49067 77061 4806 1044 738 37 569 725 313 11549 246063 7884 6256 80 2052 138 1421 2447 1857 287 943 3115 926 1908 1485 297 699 230 190 2710 312 1398 3162 5593 251 561 116 709 3625 171 174 10669 9539 538 17731 88 208 423 2268 129 12943 8149 874 613 1010 118 2185 117 292 160
internal_value=-0.000512903 0.0107596 -0.0173802 0.000307988 -0.0193669 0.0168188 0.0183807 0.0162969 0.00625795 0.0189481 -0.0100638 0.0297036 0.00712234 -0.0213981 0.00292086 0.00926311 0.0116032 0.0146591 -0.0122357 -0.0150078 0.0321957 0.0413744 0.0172998 0.0143958 0.0133327 0.0298433 0.0391763 0.0164981 0.0148285 -0.0129769 -0.000790822 0.0156659 0.00491053 0.0233783 0.0112431 -0.00212802 -0.00533447 0.0291376 0.0567163 0.115474 0.00287967 0.0127856 0.0412096 0.0957973 0.0173253 0.0234811 0.0342809 -0.0140523 0.0145737 0.0267731 -0.00359403 0.0313723 0.0460197 0.0140574 0.0170039 0.0117622 0.0237765 0.0078982 0.0365481 0.0288252 0.0404604 0.0655231 0.0450214
internal_weight=4976.48 2982.96 1993.52 1094.7 1844.01 1888.25 1734.42 1464.84 756.076 1222.52 117.563 269.584 149.513 1633.63 242.31 638.513 559.929 474.347 115.506 474.75 255.14 128.616 1112.17 108.491 464.078 40.7572 34.4862 1076.36 440.807 338.628 153.834 1036.47 73.4532 29.5268 28.7369 151.565 85.582 18.564 9.95675 4.09962 123.349 70.8385 18.6679 6.37714 383.757 200.907 35.0377 113.699 969.08 13.071 210.377 67.3913 16.2016 953.43 613.393 345.773 267.62 64.5649 17.9861 203.055 35.565 14.4465 10.8886
internal_count=534717 172771 361946 108467 347392 64304 51427 45646 56375 32392 18631 5781 14554 324753 13254 37744 31488 25815 18594 78690 5468 3021 31348 5370 25672 3005 2079 30779 23620 52092 12877 29294 4094 1384 3025 12647 5673 1627 928 367 9485 4679 1054 345 20505 9836 1276 18456 26836 1629 22639 2458 441 26748 13805 9592 4213 1415 405 2798 1443 569 452
is_linear=0
shrinkage=0.03


Tree=34
num_leaves=64
num_cat=0
split_feature=12 17 17 23 203 23 44 271 213 226 20 114 9 226 129 114 107 179 2 50 57 107 266 9 194 44 65 112 223 57 258 66 220 179 111 188 120 57 264 28 183 4 56 86 143 14 65 255 140 157 29 216 140 160 38 109 94 202 256 182 2 17 57
split_gain=929.995 200.625 182.082 65.3662 53.1396 50.8735 45.6744 38.139 36.4412 36.1729 35.9793 35.5636 32.8149 31.0391 28.8991 28.0015 26.9503 24.924 30.0132 24.2343 31.927 23.6142 22.9741 27.3336 22.6476 22.5699 25.8644 24.9265 22.0884 21.8131 21.6409 28.4619 21.348 23.7875 28.6806 20.9609 20.7497 23.6882 22.4773 30.3106 19.416 21.5601 19.413 19.7825 26.889 25.8339 22.0427 18.9934 19.4341 22.8743 18.6363 17.4623 22.469 17.2639 17.1284 17.0469 16.7538 18.453 17.7601 16.7201 16.5995 20.5549 26.75
threshold=4022.5605889209623 2312.6180892331795 6445.3348615886898 1.0000000180025095e-35 1.0000000180025095e-35 1.0000000180025095e-35 1.0000000180025095e-35 -799.79390005849757 1.0000000180025095e-35 -8.4999999999999982 1525.7098706108616 10096.015770071705 329.03560836903108 -4.4999999999999991 1.0000000180025095e-35 35392.969191088945 1.0000000180025095e-35 -451.98465787485588 1.0000000180025095e-35 602.50000000000011 46.500000000000007 32381.79083585765 8233.521365449853 740.41276031494306 -272.92078945739007 1.0000000180025095e-35 -10773.910876795324 65.500000000000014 1.0000000180025095e-35 64.500000000000014 1.0000000180025095e-35 16073.033677172909 2.5000000000000004 -92.765473023214994 48.500000000000007 1.0000000180025095e-35 7763.5968485378135 27.500000000000004 -4.4999999999999991 6.5000000000000009 -231.85040254176968 23.500000000000004 1.0000000180025095e-35 8.5000000000000018 95931.987971575698 1379.0064308879853 -5319.5767344238275 33241.332443889209 22.500000000000004 4.5000000000000009 1.0000000180025095e-35 -3.4999999999999996 8.5000000000000018 12.500000000000002 78125.329427148929 4892.1318149621229 1328.5000000000002 -1.0000000180025095e-35 -2812.4205262956016 32.651011025242532 1.0000000180025095e-35 11913.060384776923 38.500000000000007
decision_type=2 2 2 2 10 2 10 8 10 8 2 8 8 8 10 10 10 10 2 8 10 10 10 10 10 10 8 10 10 10 10 8 10 10 10 8 10 10 8 10 8 2 10 10 8 2 8 8 10 10 2 8 10 8 10 10 10 8 10 10 2 2 10
left_child=2 3 4 15 6 7 10 51 25 24 13 36 14 17 32 35 -8 30 -19 29 42 -7 28 -24 47 26 27 -5 -23 -15 53 -32 -11 -34 -35 -2 37 -9 39 -39 -22 -42 43 46 -45 50 -21 60 49 -49 -46 52 -3 -1 56 -13 57 -48 59 -59 61 62 -4
right_child=1 5 9 8 -6 21 16 11 -10 12 -12 55 -14 19 -16 -17 -18 18 -20 20 40 22 23 -25 -26 -27 -28 -29 -30 -31 31 -33 33 34 -36 -37 -38 38 -40 -41 41 -43 -44 44 45 -47 54 48 -50 -51 -52 -53 -54 -55 -56 -57 -58 58 -60 -61 -62 -63 -64
leaf_value=0.059730944572018732 0.019110154092063722 0.1838477470891518 0.1659377089399163 0.14622797414607744 -0.014936299716535702 -0.025475177543345971 0.043476431703988704 0.12552355618145142 0.072583532437140094 0.0057868975509053205 -0.0033882991084216163 -0.018302474618526809 -0.013222199932216237 0.0019212659611820818 -0.019596579318439729 -0.0057320405878929963 0.022232707518451838 0.028691045992544895 0.0057581593407034122 0.036696513375164289 0.016670959489697653 -0.02156436053929919 0.1223673743576197 0.0046924069402766192 -0.0052579078017534831 0.017742186889172323 -0.018672312971167809 -0.013981888215958971 0.10426898008266584 0.037423906638004163 0.0072708019145556997 0.090139501659421348 0.0048408769098464109 0.026625197246557108 0.18403376543723962 0.0033227754503581887 -0.0095079210572185571 0.17163755877310988 0.0048194423700653804 0.0005205886815192321 0.047320078563546329 0.0032052997693911376 0.013030016118643741 0.0074060038943431781 0.047708403213674748 0.0015455849323211823 0.060623289280003351 0.040704939952880638 -0.0090594750709288695 0.12201793475340446 0.10927789129603804 0.011105937583962212 0.019050746871974469 0.032482251063673244 0.0077596331802247979 0.12066413099705046 0.054870578165234399 0.019058312372802949 -0.013369629164367899 0.060562467411194448 0.00046735991688276452 0.013803649750613106 0.034514611170948339
leaf_weight=34.149907185230404 164.53882623557001 1.2596108587458732 2.1287167719565359 1.6943335779942574 48.25853826245293 857.12071959674358 78.549312389455736 1.7303472557105113 4.4117341716773799 156.43270242959261 89.0048110880889 669.30854411562905 272.09434298519045 193.50521465018392 41.958758191205561 111.34009043220431 170.20667334645987 109.37027830258012 96.837108582258224 77.479906288441271 238.0256496462971 20.824923870153732 2.7323316046968094 5.0784624652005732 44.931458432693034 18.00008569797501 203.448387183249 1.8053005053661761 1.336045202333479 16.938765903469175 34.723646794911474 4.1790721742436281 4.2414491269737482 2.0721784359775466 2.0950442487373948 140.16684985021129 76.628444918431342 1.7817218457348647 35.817088274750859 1.9526913519948719 10.37065610848367 258.53075683349743 192.7753854515031 10.538499393034725 8.0114718303084427 4.5346601409837595 10.010844268836081 13.680268550291663 4.7613973324187091 4.0311532160267225 9.882382264826445 27.459658338688318 1.8211877387948332 54.041380126960576 88.837325375992805 0.79539519920945068 14.431108883116393 130.50858906330541 14.205640131141989 9.3624175991862995 37.454102482646704 13.538274949882178 4.0377881336025894
leaf_count=739 8628 126 153 159 2550 201717 483 166 222 12686 5380 119453 36659 7069 5414 8560 1062 2672 3063 928 4993 3506 210 549 5139 270 38775 159 165 556 1206 164 388 134 139 9008 11254 227 4137 308 341 8875 6812 354 179 226 79 743 286 177 300 3111 198 1377 2598 127 303 2885 421 250 4045 1561 293
internal_value=-0.000505638 -0.0141921 0.0118195 5.44541e-05 0.0161636 -0.019583 0.0169297 -0.0141893 -0.0128041 -0.00262999 0.0151827 -0.0154641 -0.00637596 0.0162022 0.00263189 0.0071432 0.0289408 0.0243621 0.0179215 0.0140906 0.0159092 -0.0245599 0.0016152 0.0458569 0.0117717 -0.0144788 -0.0172813 0.0635831 -0.0139781 0.0047789 0.0348117 0.0161729 0.00828993 0.0548557 0.105761 0.0118478 -0.000270821 0.0168753 0.0121221 0.082162 0.0104305 0.00490666 0.0207767 0.0247295 0.0469317 0.0655036 0.0226069 0.0213806 0.044747 0.0592119 0.0817119 0.0187043 0.0864294 0.0430336 0.0185238 -0.0181375 0.0238804 0.0211549 0.0185905 0.0218364 0.0121937 0.0344827 0.0798827
internal_weight=4961.78 2351.05 2610.73 645.406 2007.27 1705.65 1959.01 818.555 229.36 603.458 1710.26 788.014 478.894 1621.25 206.8 416.046 248.756 333.301 206.207 1287.95 1077.51 887.092 29.9718 7.81079 124.563 224.948 206.948 3.49963 22.161 210.444 127.094 38.9027 164.841 8.40867 4.16722 304.706 117.91 41.2818 39.5515 3.73441 506.927 268.901 570.578 377.803 32.967 22.4285 344.836 79.6317 22.4728 17.7114 17.8939 30.5405 3.0808 88.1913 267.356 670.104 178.519 164.087 154.077 139.871 57.1589 19.7048 6.1665
internal_count=534717 411035 123682 65781 55865 345254 53315 139107 39585 67817 51770 135672 55420 46390 18761 26196 1545 9221 5735 37169 29544 206147 4430 759 12397 39363 39093 318 3671 7625 3486 1370 13347 661 273 17636 16092 4838 4672 535 14209 9216 15335 8523 1059 705 7464 7258 1206 920 479 3435 324 2116 6536 119580 3938 3635 3556 3135 6052 2007 446
is_linear=0
shrinkage=0.03


Tree=35
num_leaves=64
num_cat=0
split_feature=12 16 16 203 14 14 22 254 205 19 212 137 22 213 0 66 178 12 53 173 193 122 22 205 234 22 215 49 82 217 176 119 210 184 161 239 66 137 66 48 12 184 6 218 57 119 63 56 270 131 177 220 99 119 37 105 21 79 14 220 218 249 48
split_gain=879.467 199.305 157.831 55.9405 56.0649 42.6306 47.4746 35.9802 35.7729 34.7581 34.3319 31.4397 31.1687 30.0451 28.9043 28.7847 28.2902 26.7902 27.2952 25.4406 24.4176 32.8205 23.5776 28.9697 27.5111 23.3666 22.6327 24.9913 22.5079 22.4366 22.3767 21.4554 21.1008 20.0908 19.7653 20.6889 26.5052 19.4537 19.3941 20.833 18.2081 18.2038 20.1243 17.9821 18.8537 18.5118 17.9429 17.9258 27.2048 23.4141 17.6331 17.3737 21.4343 17.2023 18.6726 16.8323 30.0325 31.9576 42.5762 16.829 22.8389 26.2844 20.952
threshold=4022.5605889209623 3.5000000000000004 7.5000000000000009 1.0000000180025095e-35 -12982.421778104437 54814.10636290424 28168.660406092054 10661.360925710518 -40003.142138713323 1.0000000180025095e-35 1.0000000180025095e-35 1753.5277277775901 504629.39387559146 1.0000000180025095e-35 35390796.000000007 1.0000000180025095e-35 18.388731844800002 17164.911010153861 32333.945721628075 -1472.2581216177937 -1.0000000180025095e-35 136846.00501414758 16379.165308415812 -11167.121382217005 21451.961949588847 6061.8994864039369 1464.0107126935761 5.5000000000000009 8.5000000000000018 -4.4999999999999991 196.87284306346803 -6442.7463991314462 -122.22383568185795 -48527.17522518109 4067.2716865250827 3.5000000000000004 7617.0041823231904 3288.7539384984361 236.66287599304505 54242.552576606402 10524.572870162066 -48527.17522518109 34948.481675562914 -772.13170142680269 56.500000000000007 -312.56933769817346 208.89023712959104 1.0000000180025095e-35 3309.2160916993394 1.0000000180025095e-35 -643.75390864585086 5.5000000000000009 191863.9759431514 -6442.7463991314462 141055.50644832681 21024.404087655534 8.5000000000000018 4136.5666784943269 20078.288627705155 1.0000000180025095e-35 1.0000000180025095e-35 1.0000000180025095e-35 166696.66008807122
decision_type=2 2 2 10 2 2 2 10 8 2 10 10 2 10 2 8 10 2 10 10 8 8 2 8 10 2 10 8 8 10 8 10 8 10 10 10 10 10 8 8 2 8 10 8 8 10 10 10 8 10 8 10 8 8 8 10 2 10 2 10 10 8 10
left_child=2 5 3 4 29 6 8 -8 -2 10 16 -12 40 15 -14 50 22 18 25 -15 21 30 23 -6 38 47 51 -28 43 -1 -10 -32 -23 -34 35 -33 -37 -31 39 -24 -7 -25 59 -21 45 -45 -11 49 -49 -3 -4 -22 -53 54 -18 56 57 -20 -59 -43 -61 62 -62
right_child=1 17 13 -5 9 12 7 -9 20 46 11 -13 14 19 -16 -17 53 -19 55 28 26 32 24 41 -26 -27 27 -29 -30 37 31 34 33 -35 -36 36 -38 -39 -40 -41 -42 42 -44 44 -46 -47 -48 48 -50 -51 -52 52 -54 -55 -56 -57 -58 58 -60 60 61 -63 -64
leaf_value=0.036204943355444795 0.067691551863519606 0.0049453952553473578 -0.020941784494436674 -0.015849834236279968 0.038634141200280081 0.013053756405574343 -0.016814385467849056 0.051973257285059707 0.0019071301901619974 0.0079932333121870147 0.022038513974411648 0.059276674625980422 -0.0038558260821248526 -0.013985918672646156 0.15742489822348993 -0.013838971547377022 0.0020486584764410933 -0.023308727122716189 -0.015743708121515421 0.12222942915600662 -4.2566117512347941e-05 0.16312798159022579 0.056663597688830739 0.069595915872856892 0.065621014856974413 -0.026788093590783563 0.0064671283864427163 0.082855194686458397 -0.010407328809255951 0.023931003997262595 0.13711494433606791 0.023814162641773256 -0.010749903001981311 0.11271654795847626 -0.02255683036908282 0.19157447130397459 0.051611053084907044 -0.0021685793573319803 -0.0026523344962457803 0.010122757963200238 -0.013809991822072053 0.015182020245280179 -0.00052462076711857434 0.016094947940879536 -0.0099771330265274061 0.10236311732741309 -0.011428001441080311 -0.019153983269637794 0.15519511963830107 -0.021822376001207049 0.011212973991760154 0.13104089488582688 -0.013579200123005815 -0.0044883984053044439 0.061307350149217871 -0.005515201232022625 0.18057760794856775 0.021804675689298607 0.24184540175558311 0.021653109768284794 0.055722713243982445 0.021435872738616323 0.15794997435345615
leaf_weight=128.24115349631757 8.9337649284861964 91.987977392971516 18.952167663257569 53.435223564505577 50.545801934786141 24.575626945123076 118.78628226881847 7.2619828740134826 44.941721255425364 113.86063753440976 105.88144400762394 25.276624690275639 2.1162354843690983 12.423601480666546 1.89620536705479 262.20296812150627 11.981496572028844 1018.2688683266751 6.1023616683669406 3.1303580272942781 272.26421300694346 2.1062938491813838 9.3260490917600674 5.5455038379877806 6.939957980066537 133.86354212090373 9.4664361150935274 6.5022163302637628 5.9835016392171374 192.41766475047916 1.7392520494759072 18.505729104392238 2.4491943675093353 2.3001109552569678 5.5283919763751319 1.6083182767033566 5.0139344651252031 29.665300859604031 139.24068511510268 120.50919443881139 298.7583046942018 918.48944232752547 69.305419624783099 3.8329039835371095 4.237281928770245 5.3822725811041909 68.61332943290472 166.10207388130948 0.80939326109364529 43.231880539562553 80.734897105954587 2.0270600896328683 1.6924373935908077 113.52236989885569 7.9684838256798711 14.485197540372608 1.2764968988485623 2.2850765441544358 1.210741384886205 48.302376020699739 3.7556723514571768 6.4224589043296874 3.4729967718012631
leaf_count=1838 167 13498 2060 3231 621 2504 13751 162 4425 6653 1653 493 169 1291 118 37452 461 224604 770 211 28727 103 290 209 39 28480 469 254 634 2581 94 1617 152 257 396 117 503 973 8576 3843 44794 25779 2629 234 201 248 6043 32082 192 9681 7684 189 136 6164 195 2086 126 278 134 1072 136 55 133
internal_value=-0.00049836 -0.0139696 0.0113771 0.0144758 0.0152194 -0.00228418 0.00312929 -0.0128513 0.00836025 0.0131135 0.0144903 0.029215 -0.0107369 -0.00605543 0.0723625 -0.00862205 0.0132158 -0.0205915 -0.0145944 0.0204903 0.00695108 0.0211846 0.0144897 0.0164475 0.00664609 -0.0163542 0.00284642 0.0375713 0.0394708 0.026214 0.0156079 0.0346146 0.0840958 0.0490455 0.0287993 0.0400982 0.0856034 0.0204447 0.00512502 0.0134658 -0.0117682 0.0153848 0.0150984 0.0574681 0.0423982 0.0664813 0.000690517 -0.0117313 -0.0183085 -0.00361268 0.00509982 0.000837211 0.0652362 2.65148e-05 0.025718 0.0156618 0.0438699 0.0256886 0.0980136 0.0162028 0.0313365 0.0655995 0.104838
internal_weight=4947.7 2318.1 2629.6 2232.72 2179.28 838.474 511.127 126.048 385.079 1828.96 1646.49 131.158 327.346 396.88 4.01244 361.89 1515.33 1479.62 461.355 34.9899 376.145 84.1929 1381.86 1105.84 276.016 435.995 291.952 15.9687 22.5663 350.324 77.3373 32.3956 6.8556 4.74931 30.6564 25.128 6.62225 222.083 269.076 129.835 323.334 1055.29 1049.75 16.5828 13.4525 9.21518 182.474 302.131 166.911 135.22 99.6871 275.984 3.7195 133.472 19.95 25.3599 10.8747 9.59818 3.49582 980.443 61.9535 13.6511 7.22867
internal_count=534717 411035 123682 73667 70436 99104 51519 13913 37606 65044 52348 2146 47585 50015 287 47196 50202 311931 87327 2819 37439 7664 43382 30634 12748 83933 29775 723 1528 5392 7152 2727 512 409 2633 2237 620 3554 12709 4133 47298 30013 29804 894 683 482 12696 55453 32274 23179 9744 29052 325 6820 656 3394 1308 1182 412 27175 1396 324 269
is_linear=0
shrinkage=0.03


Tree=36
num_leaves=64
num_cat=0
split_feature=12 16 17 55 10 180 11 11 2 227 22 14 23 60 1 11 172 212 10 177 39 90 267 237 132 90 205 266 10 132 189 86 27 17 1 225 14 145 210 43 140 14 57 156 65 83 239 4 11 79 1 262 62 136 156 194 188 211 117 90 117 11 176
split_gain=831.851 194.396 158.324 87.9602 60.516 39.2517 38.3898 34.0609 33.0804 33.2463 32.3848 35.3455 32.2859 34.6559 30.3035 27.7662 26.8833 26.3027 26.1323 25.9495 30.987 70.0013 24.9298 24.6498 23.777 26.68 26.2624 23.1148 22.8521 21.8379 21.5207 21.6157 21.4178 21.1416 21.0755 20.857 20.7895 27.2508 37.0966 20.7163 22.5102 37.5895 20.2765 22.3583 20.2253 21.0697 24.631 19.6289 19.3465 33.7019 23.1072 19.5002 42.0007 18.2474 18.0324 18.6946 17.6229 19.3015 37.1237 33.4341 18.9636 26.5097 17.6053
threshold=4022.5605889209623 3.5000000000000004 13450.865976681167 733.30220192056618 6.5000000000000009 -1.0000000180025095e-35 -11333.351348799762 -4676.1028341919728 1.0000000180025095e-35 -3.4999999999999996 54774.907965936385 54814.10636290424 1.0000000180025095e-35 8007.1853119999269 201956.50000000003 -18859.875123774757 735.34289596636484 1.0000000180025095e-35 6.5000000000000009 648.45439712599602 1.5000000000000002 -684.49999999999989 5083.0411112877746 -13511.146835249992 77637.595122878658 -941.49999999999989 -31263.116403789314 8233.521365449853 4.5000000000000009 123078.17130393216 -1833.0913483092402 inf 1.0000000180025095e-35 2312.6180892331795 201956.50000000003 13.500000000000002 79863.926260527252 6507.4082501996209 -56.245108374827161 26342.954715467629 1.0000000180025095e-35 5987.3911586761069 46.500000000000007 263602.75668780244 -2056.4000959593295 9865.5162250186459 4.5000000000000009 120.50000000000001 -3898.7766954879849 3636.6909779281873 202101.50000000003 -29.108302315633505 -187.42267375524898 1.0000000180025095e-35 420846.65466662165 -1.0000000180025095e-35 385.60896960861447 -295.1462879389623 1034.0482554722041 -1094.4999999999998 84.818569983910024 -1022.536168282462 13.156531687928991
decision_type=2 2 2 2 2 8 2 2 2 8 2 2 2 8 2 2 10 10 2 8 8 10 10 10 10 10 8 10 2 10 10 8 2 2 2 10 2 8 10 10 10 2 10 10 10 10 10 2 2 8 2 10 10 8 10 8 10 8 10 10 8 2 8
left_child=2 3 4 5 6 -2 -1 32 9 34 11 24 13 18 15 -10 27 42 19 20 21 -3 33 35 26 -26 -7 -4 -13 -15 31 -29 -5 -17 47 -22 37 38 -31 -14 41 -41 -8 -44 -36 -46 62 -6 49 -11 -50 -52 -53 -19 55 -54 57 58 -28 -60 61 -58 -47
right_child=1 12 16 7 8 10 17 -9 14 48 -12 28 39 29 -16 22 -18 53 -20 -21 23 -23 -24 -25 25 -27 56 30 -30 36 -32 -33 -34 -35 44 -37 -38 -39 -40 40 -42 -43 43 -45 45 46 -48 -49 50 -51 51 52 54 -55 -56 -57 60 -59 59 -61 -62 -63 -64
leaf_value=0.02865875440294699 0.027389912467599684 0.039363106154678848 -0.012742778936288331 0.010572372236265989 0.02566769131847137 0.079728639738208873 0.017976998155734746 -0.019187013389337086 0.039308736527932077 0.010676289828167998 -0.017971750465561095 0.059256970409527591 -0.025241184208116114 -0.019165158685899551 -0.012168502990076331 0.0081301596601129587 0.0081647194215153738 0.013374795440604789 -0.0085547153148514393 -0.016360328802301968 0.037636514639505181 0.30670165180976477 0.036323044406330406 -0.010790419755822397 0.023515752760140857 0.12258468441349639 0.017407788056498483 0.026403194155148826 -0.0083254418694977093 0.23455470293931194 -0.010801211917981198 0.13278977349874183 0.11388482436403194 -0.0090708135336285741 -0.003999491464239874 0.16642338366236051 -0.013055058177786219 -0.030362871321416431 0.015253759405745146 0.17864094374581638 -0.015096649991353836 -0.0054810493378388897 0.0063924408098842101 0.027779202153695285 0.015162683626885928 -0.0072878976196475423 0.11876725488128861 0.05883423480840571 -0.0058477074850646089 0.051716592466156841 0.0043889287913363162 -0.024278665978145215 0.066417243541273985 0.042659629744207332 0.10904956908745808 0.0073760571994300212 0.10534780492788262 0.01094387416060435 0.23699853437499921 0.042560402503403372 -0.010250854450781546 0.0071500953571984466 0.074358341438615652
leaf_weight=257.73753067990765 60.606505673378706 3.0123911150731146 292.0488899955526 19.520548382308338 47.764846371952444 4.7013973821885884 565.33605208341032 253.83961345022544 21.773499980568886 109.44618398370221 64.737220307812095 4.6363678830675772 754.65334199159406 575.32366012502462 102.08675895025954 176.74645935744047 92.391964631155133 30.155014635063708 71.942696918267757 8.6381375687196869 4.4019046518951672 1.2461694176308791 20.283689234405756 7.6380353607237339 8.1445243326015753 3.4970298935659221 8.1109019652940315 12.786030989140272 156.52271665772423 1.4706044122576711 14.435964132659135 1.9858064847067005 1.9900884465314437 101.09178142249584 32.188255554065108 1.523437892552465 5.2417442901059985 1.4223326286301015 1.3149650068953618 1.7148984028026442 7.9154191692359746 2.3868977674283087 344.90957343997434 50.425663365982473 40.707470704801381 5.0035502212122074 4.1903928397223345 24.194585277698934 122.32515187095851 21.555139360483736 67.344651100691408 8.5785442343913001 11.200085035990922 52.469446221366525 4.2598455380648366 8.4820136893540674 3.0773034635931245 164.26310466090217 1.5677473559044304 1.6166839264333237 66.68185493350029 12.625891658943145 4.5278697288595131
leaf_count=2457 2044 341 39124 1663 1000 99 15484 51377 412 3093 6413 181 185564 109255 5077 8156 9830 328 10853 1222 515 148 462 932 335 118 632 960 17506 128 1211 85 122 10186 1298 180 755 158 143 148 1262 327 9438 1181 1541 288 213 622 5433 714 2571 533 384 726 159 454 143 11745 139 122 5721 744 262
internal_value=-0.000491081 -0.0137493 0.0109527 -0.00222933 0.0141084 0.00458884 0.0182906 -0.0161155 0.00828109 0.0134085 0.00182606 0.00476938 -0.0203929 -0.0156504 0.00206265 0.00660418 -0.00609648 0.0157293 0.000821091 0.0263131 0.0469966 0.117594 0.00421558 0.0248309 0.011321 0.0532753 0.00946137 -0.0101979 -0.00638117 -0.0184222 0.015248 0.0407049 0.0201305 0.00187156 0.02482 0.0707483 0.0268135 0.0764774 0.131031 -0.0246189 0.0144603 0.0714975 0.0143323 0.00912036 0.0148515 0.0259995 0.0581484 0.0368191 0.00828499 0.0174291 0.00289369 0.0136011 0.0326779 0.0319717 0.0530858 0.0409734 0.00818065 0.0135523 0.0514862 0.138285 -0.00326616 0.0263936 0.0314979
internal_weight=4934.42 2285.99 2648.43 836.14 2234.78 560.789 1301.03 275.35 933.751 511.769 500.183 435.446 1449.85 683.176 421.982 319.895 413.649 1043.3 98.4028 26.4601 17.8219 4.25856 298.122 13.5634 274.286 11.6416 262.645 321.257 161.159 584.773 29.2078 14.7718 21.5106 277.838 158.577 5.92534 9.44965 4.2079 2.78557 766.671 12.0172 4.1018 960.671 395.335 86.6175 54.4293 13.7218 71.9594 353.192 131.001 222.19 99.8651 32.5205 82.6245 23.9419 19.6821 257.943 175.558 11.2953 3.18443 82.3851 15.7032 9.53142
internal_count=534717 411035 123682 99104 72472 45942 29614 53162 42858 18565 43898 37485 311931 124630 24293 19216 51210 27157 14191 3338 2116 489 18804 1627 19798 453 19345 41380 17687 110439 2256 1045 1785 18342 5224 695 1184 429 271 187301 1737 475 26103 10619 3602 2304 763 1622 13341 3807 9534 4101 1530 1054 997 838 19246 12638 893 261 6608 887 550
is_linear=0
shrinkage=0.03


Tree=37
num_leaves=64
num_cat=0
split_feature=33 14 16 23 13 266 47 31 107 76 266 23 1 115 205 107 14 1 192 1 149 10 5 25 159 1 1 10 193 158 231 159 49 107 60 57 173 210 122 10 152 87 179 49 221 86 60 227 105 10 18 84 102 36 14 68 93 39 193 48 171 208 119
split_gain=881.3 158.354 96.2617 69.6014 67.9437 66.2188 50.2606 45.3454 45.2902 40.2789 52.7288 37.6673 36.6503 36.6318 36.4872 32.384 29.9164 27.5139 26.0832 25.8641 26.3433 25.452 36.8394 25.4182 25.3341 25.0277 24.5648 24.1491 23.1906 22.574 30.2232 26.0243 23.4701 22.4998 28.3524 22.0963 22.4635 22.0873 21.1378 20.5521 20.1943 19.8025 22.6422 21.7364 19.6208 20.207 26.3332 19.5472 19.8618 30.4801 33.5003 19.8439 19.3659 18.8044 18.3118 25.6161 28.7001 18.0269 21.0353 53.5421 17.9763 17.6169 25.6337
threshold=70.500000000000014 318.6550509364651 1.0000000180025095e-35 1.0000000180025095e-35 1.0000000180025095e-35 8233.521365449853 5182.4822904395869 1.0000000180025095e-35 32381.79083585765 35706.189865999222 2575.2579420935149 1.0000000180025095e-35 202051.50000000003 1225.0660639305963 -12280.153763962016 470.85594584038199 1.0000000180025095e-35 201956.50000000003 1.0000000180025095e-35 202051.50000000003 1736.1575864349052 5.5000000000000009 1104.9115695099892 5845.4321904176986 1.0000000180025095e-35 202051.50000000003 202001.50000000003 6.5000000000000009 -5.4999999999999991 4688.5000000000009 -32744.038923830838 7541.6251622753853 11.500000000000002 604.07998621523859 13593.881502481285 30.500000000000004 604.06668299918931 -231.1990658290492 -11589.514618090221 6.5000000000000009 6.5000000000000009 78.500000000000014 -92.765473023214994 6.5000000000000009 1.5000000000000002 4.5000000000000009 9890.4967436944771 -15.499999999999998 863.7377176825961 6.5000000000000009 1.0000000180025095e-35 8.5000000000000018 754997.74966059008 -1155.4999999999998 20078.288627705155 67384.174249946882 3.5000000000000004 1.5000000000000002 -5.4999999999999991 136512.10618096773 -4667.4431852417183 -16147.873465593211 -8063.3072479588836
decision_type=2 2 2 2 2 10 10 2 10 10 10 2 2 8 8 10 2 2 10 2 10 2 8 8 8 2 2 2 8 10 8 8 10 8 10 8 10 8 10 2 10 10 8 10 10 8 10 8 10 2 2 10 10 10 2 10 8 8 10 10 10 8 10
left_child=1 4 15 6 16 11 27 19 -5 12 -11 13 18 21 -14 40 17 -1 26 20 37 22 -4 -22 -18 38 47 -3 53 30 31 -16 -31 -34 -35 36 -8 -7 -12 -32 44 -37 43 -43 -2 -46 -47 48 -6 50 -50 61 -41 -29 55 -30 -57 58 59 -23 -17 62 -49
right_child=2 3 5 8 9 7 35 -9 -10 10 25 -13 14 -15 29 60 24 -19 -20 -21 23 57 -24 -25 -26 -27 -28 28 54 32 39 -33 33 34 -36 41 -38 -39 -40 52 -42 42 -44 -45 45 46 -48 51 49 -51 -52 -53 -54 -55 -56 56 -58 -59 -60 -61 -62 -63 -64
leaf_value=0.03295353926169204 -0.010257406732482426 0.014597206261479418 0.20242240843277345 -0.018370487808706211 0.01545739589777316 0.138086808035768 0.010461972612098351 -0.0039918024251466159 0.11090437082572303 -0.0091779010786548609 0.092714217250927489 -0.025246214716985058 0.074044558622450782 -0.019726461955804693 0.096263149208234047 0.03609974945238037 0.069254278457404853 0.017065425039763094 -0.0083296613811888031 -0.021418500219569335 0.052669653237971722 0.24708895040067003 -0.030306871072314983 0.1939703136916669 0.0045148548015580253 -0.020524768622436549 -0.0081810587696483656 0.10172923895452893 0.0060608534299913339 0.024226882892760364 0.019239394146274392 0.025425863737015272 0.040435978370063651 0.050622890229237626 0.18641842175017634 -0.0097049818890831505 0.10891025321633874 0.01245053076762081 0.029147089395544536 0.003381219175321849 0.051258795204945772 0.038941613122060854 -0.0090249828897340893 0.18362512994353838 -0.020811439842652345 0.13980365574400569 0.020437735679578736 0.14948309382681321 0.039246040200867832 0.014669881872064451 0.14178463412337566 0.0759961001377229 0.05880453665108018 0.0035637500497113874 -0.0067292103257996332 0.15349395256140269 0.0058413975603541579 -0.0102764671583372 0.0056247926355524067 0.0041392714270004497 0.0050206499840382383 0.0096294748207832008 0.020365710803501094
leaf_weight=273.84251335402951 177.57800319371745 303.60590809071437 1.288423498161136 179.29191181855276 37.989003898575902 1.5905295046977697 8.4977371273562294 69.154136619064957 2.472677673213183 147.9687922000885 7.5058173602446958 811.13456983119249 10.743016769643871 539.00556706823409 7.4093681806698442 28.404936149250716 5.7997435294091702 152.84937346354127 71.52107079140842 3.3358379513956598 2.1106350268237293 1.1888877744786435 1.1662288904190066 2.5063810229767114 87.742392578395084 5.2825354693923137 56.757729128235951 3.8085174597799778 166.63354037329555 49.525908754207194 250.57349524088204 12.614051702897997 10.788090802729132 2.929716072510927 2.6223398684524 269.92091546533629 2.7645776895806184 6.0487539784517121 12.63033132115379 152.74011904816143 5.3702570069581261 2.9056623075157404 4.8836223762482387 1.3775963541120289 4.5543422130867812 2.4606036231853077 5.1337626045569777 1.9725181693211196 6.4575087795965374 10.74150427430868 5.1581785744056123 4.1575051192194215 5.8929879106581202 3.2591515718959272 135.83595549874008 2.279166718479245 2.4674863843247294 140.99301031790674 32.593506766017526 2.6057928930968046 40.820648889988661 553.12779375491664 4.6368634395767003
leaf_count=2533 20825 12215 149 35710 710 152 847 10057 91 11654 199 200572 202 98078 228 602 162 1583 6391 491 143 135 161 197 2909 243 2156 181 9574 1619 5526 261 204 153 146 36752 237 527 513 5419 284 281 499 120 424 219 447 101 80 514 211 185 159 177 11477 135 171 22033 4893 371 1186 19880 363
internal_value=-0.000484409 0.00949363 -0.0166378 0.000333925 0.0146085 -0.0193851 0.00372526 0.00642828 -0.0166119 0.0112347 -0.002321 -0.0208149 0.0131025 -0.0158147 0.0193472 0.00014483 0.0238937 0.0272621 0.00890483 0.0526434 0.072801 -0.00409023 0.0918505 0.129376 0.00852879 0.0375948 0.0107149 0.00856298 0.00273376 0.0181603 0.0156509 0.0516381 0.0345132 0.0656904 0.114762 -0.00656981 0.0346282 0.0386085 0.052842 0.01389 -0.00611017 -0.00823232 0.0351306 0.0854752 -0.00773401 0.0291505 0.0591127 0.0124329 0.0286608 0.0510958 0.0847804 0.0106963 0.00544011 0.0564617 0.00149772 0.00801839 0.0767387 -0.00541789 0.0134076 0.0802563 0.0177732 0.0102113 0.0588998
internal_weight=4921.03 3041.98 1879.04 1090 1951.98 1614.72 908.24 84.7463 181.765 1431.75 173.387 1529.98 1258.36 718.841 505.839 264.323 520.234 426.692 752.52 15.5921 12.2563 179.836 2.45465 4.61702 93.5421 25.4187 680.999 617.89 314.284 495.096 429.23 20.0234 65.8661 16.3401 5.55206 290.35 11.2623 7.63928 20.1361 409.207 195.097 279.088 9.16688 4.28326 189.727 12.1487 7.59437 624.241 60.3462 22.3572 11.6157 563.895 158.633 7.06767 307.216 171.38 4.74665 177.381 36.3882 3.79468 69.2256 559.737 6.60938
internal_count=534717 172771 361946 108467 64304 337959 72666 11567 35801 57117 12609 326392 44508 125820 13917 23987 7187 4116 30591 1510 1019 27742 310 340 3071 955 24200 33930 21715 13715 11593 489 2122 503 299 38736 1084 679 712 11104 22199 37652 900 401 21915 1090 666 22044 1515 805 291 20529 5578 358 21357 9880 306 27432 5399 506 1788 20344 464
is_linear=0
shrinkage=0.03


Tree=38
num_leaves=64
num_cat=0
split_feature=17 23 55 68 53 181 184 155 205 183 22 205 65 114 41 235 38 56 1 177 47 47 162 214 1 115 215 181 140 205 60 144 34 37 46 231 262 107 251 57 97 105 45 78 17 97 17 255 122 152 156 38 51 114 26 1 185 46 140 107 47 22 179
split_gain=751.775 218.58 114.437 72.0713 56.7217 51.0643 51.0591 49.6077 43.6093 35.2217 33.7119 40.1297 32.8179 44.4984 28.026 31.3022 27.4114 26.5578 25.7173 33.7638 25.6648 25.159 24.8191 23.9315 23.3209 27.8891 22.6459 25.7417 22.4962 22.1585 21.3922 27.8366 20.0749 21.4365 22.0824 23.5193 26.1029 23.0231 19.8819 19.5916 30.6036 19.1573 18.9419 21.6524 31.1927 20.8409 18.6394 25.2765 18.483 18.3695 17.7763 17.7564 29.9865 17.3671 17.2819 31.1141 16.6266 19.7247 16.3872 16.3806 29.559 16.1452 15.8242
threshold=6445.3348615886898 1.0000000180025095e-35 409.25375248207388 1458.2786448117558 32333.945721628075 -1.0000000180025095e-35 1123.6678668218876 41252.625483042175 1.0000000180025095e-35 317.39362997965503 16379.165308415812 -10065.604536980261 -6546.9488854231158 11960.651828539934 2181.7126620404015 6569.2755322494886 258380.40070702444 1.5000000000000002 201907.50000000003 -368.1793295684102 52656.122230281522 70942.09470173021 9.5000000000000018 300.82139835137792 202101.50000000003 555.75616560319713 1.0000000180025095e-35 -1.0000000180025095e-35 8.5000000000000018 -8952.9472991763523 17217.054555713785 -729.49999999999989 1.0000000180025095e-35 844.20846545952611 -2006.4999999999998 104613.20061346302 -8479.4513751982831 6524.6906190115478 -18336.457410655592 27.500000000000004 1.0000000180025095e-35 108281.35394243017 668882.46569763427 78875.684325117632 16665.058941972271 26243.004917966908 24232.977702521679 16814.830831301453 -1.0000000180025095e-35 1.0000000180025095e-35 184584.30439872961 408140.44037820498 34452.864910089782 -1.0000000180025095e-35 1.5000000000000002 202051.50000000003 -7080.9679245593707 -1292.9999999999998 8.5000000000000018 2888.506745062004 14127.495627859495 178147.89004539847 64.515241202388012
decision_type=2 2 2 8 10 8 10 10 10 10 2 8 10 8 10 8 10 10 2 8 10 10 10 10 2 8 10 10 10 8 10 10 10 10 8 10 10 10 10 8 10 8 10 8 2 10 2 10 10 10 8 10 8 10 2 2 10 10 10 10 10 2 10
left_child=1 5 3 9 -4 8 10 20 17 12 11 -7 14 23 15 46 32 22 19 50 26 -21 -1 -14 -5 -26 -3 -28 42 -17 31 -18 33 34 -13 37 -37 53 -39 40 -27 -9 43 -6 -45 51 47 -2 -40 -20 -12 -46 -53 58 -55 -56 -31 -58 -36 60 -25 -52 -29
right_child=2 7 4 24 28 6 -8 41 -10 -11 18 16 13 -15 -16 29 30 -19 49 21 -22 -23 -24 59 25 39 27 62 -30 56 -32 -33 -34 -35 35 36 -38 38 48 -41 -42 -43 -44 44 45 -47 -48 -49 -50 -51 61 52 -54 54 55 -57 57 -59 -60 -61 -62 -63 -64
leaf_value=0.030030056170579651 0.014309898122289782 -0.016930437969792465 -0.025688466322720628 -0.017807047145482563 -0.019223963920226211 0.044367447803690119 -0.0027534336220143714 0.011913678477901937 -0.017444256507901303 -0.01395442177759601 0.0043546119803379996 0.0033400531398340609 0.009285361289340547 -0.0090458886544845379 -0.010443706691487739 0.018859068326311606 0.0065284048736927811 -0.0099154010884915881 -0.0070550531522897983 0.0039965727018606229 0.051599518819536942 0.055737313458628708 0.013747384153201423 0.028786884088022307 0.014164151785361477 0.21706256133608184 0.14450784508213271 -0.015400431137448324 -0.017973346515493309 0.051412380669507013 -0.0045722783982593031 0.035732804858873445 0.055974720490328832 0.00014102652305761804 0.0222993303718119 0.016359751373915311 0.10899203308866806 0.10475041574832915 0.06613577008892832 -0.013484871363753438 -0.030220591735641587 0.079026077911556858 -0.030354409379544971 0.17200105482768593 0.00077314736698058087 0.099963899415982216 -0.01160402654762486 0.089737580967261282 -0.01311849013301618 0.045640991811517886 0.12729245685106108 0.16856116834382753 -0.030270764294313041 0.013517201936212741 0.0086858967387783773 0.087130682360556905 0.071471815565268118 0.1727388988669121 0.063043620757328181 0.0079841887442809959 0.12586831442198224 0.048359818631893946 0.086375749783677236
leaf_weight=297.34367814380676 16.515659895259891 350.67463903641328 731.1096598256845 557.51929187844507 4.8312781248241672 38.335063421167433 231.05946157034487 43.199851802317426 24.382482124958187 116.42366436496377 4.1342485463246677 107.19384010555223 82.73581047449261 171.84446011390537 17.834607076831162 7.6852977201342583 177.82465116959065 20.073464010842144 156.02259092684835 121.29981140652671 5.1706933905370525 9.0920335780829173 117.56207774300128 6.905253385659309 47.811135467141867 0.84905576612800249 1.5006154798902569 5.83329183841124 16.81218293774873 7.8043527919799107 117.9614546536468 35.186156793497503 10.915728000923989 80.143422041554004 204.10298979235813 5.6303897565230727 5.3292169561609608 4.7290961113758376 5.9588175588287404 143.56565930647776 0.95939200138673186 4.2001833009999237 4.4691854529082766 1.7670119437389171 9.5633794744499045 3.8786501744762054 14.196840411517767 5.2757902205921701 4.7668859749101093 6.1898518837988368 3.7677177409641445 1.6536250361241389 1.1625851090066137 680.5699365423061 10.433177198749037 8.0708984332159144 4.0333252246491611 3.0326871201395988 9.2883968274109048 6.1519944202154866 4.7742410954087973 6.1213934887200594 1.7989071358460931
leaf_count=4193 1104 65551 187896 103625 427 496 18143 2037 449 14102 223 3912 7308 22123 1916 346 6527 291 8848 6250 162 134 1733 250 6279 118 72 522 2536 527 6513 870 67 4239 5501 174 207 99 127 25202 152 152 663 105 1117 284 1484 170 230 150 145 188 166 16552 228 178 187 123 223 417 272 196 236
internal_value=-0.000477844 0.00922559 -0.0146876 -0.00894484 -0.0236946 0.0125592 0.0105281 -0.0110124 0.0215975 0.000333245 0.0122207 0.0140663 0.00510236 0.000229693 0.0224812 0.0325114 0.0132751 0.0237859 0.00315349 0.0123615 -0.0147622 0.00760438 0.0254164 0.0160794 -0.0146945 -0.0057119 -0.0157158 0.0309212 0.00933176 0.0602204 0.00567679 0.0113525 0.0154867 0.0150942 0.0162399 0.0177127 0.0614031 0.0171966 0.0535064 -0.0122488 0.0858774 0.0178606 0.0261313 0.037176 0.0522928 0.0392825 0.0151447 0.0325712 0.0309123 -0.00504423 0.0565938 0.0202703 0.0864796 0.0165816 0.014295 0.0429011 0.0815967 0.114935 0.0240728 0.0476026 0.068471 0.0784329 0.00858819
internal_weight=4907.03 2915.87 1991.17 1215.92 775.248 2503.49 2044.13 412.378 459.362 465.214 1813.07 1506.44 348.79 272.412 76.3786 58.544 1468.11 434.979 306.628 144.415 364.978 130.392 414.906 100.567 750.705 193.185 359.807 9.13281 44.1379 22.5557 330.972 213.011 1137.13 1126.22 1046.07 938.88 10.9596 927.92 15.4548 145.374 1.80845 47.4 27.3257 22.8565 18.0253 16.2582 35.9883 21.7915 10.7257 162.212 14.0234 12.3796 2.81621 912.465 699.074 18.5041 14.8704 7.06601 213.391 17.8315 11.6795 9.88911 7.6322
internal_count=534717 155630 379087 185705 193382 86898 80232 68732 6666 50329 62089 46143 36227 30370 5857 3941 45647 6217 15946 6948 66543 6384 5926 8247 135376 31751 66381 830 5486 1183 13910 7397 31737 31670 27431 23519 381 23138 456 25472 270 2189 2950 2287 1860 1755 2758 1274 357 8998 564 1471 354 22682 16958 406 837 310 5724 939 522 341 758
is_linear=0
shrinkage=0.03


Tree=39
num_leaves=64
num_cat=0
split_feature=33 14 226 17 17 11 22 55 45 56 267 215 12 246 210 180 225 14 22 205 50 213 11 189 227 58 50 216 213 101 104 111 17 215 188 14 122 14 43 64 136 60 20 31 68 227 33 39 0 85 231 170 111 271 45 87 39 259 172 243 58 4 128
split_gain=803.188 138.324 95.4789 71.1321 58.032 51.9539 49.331 42.7112 35.4947 33.7492 34.367 31.0239 29.5495 30.1299 27.3164 25.9675 24.2025 23.5214 27.285 29.8524 23.7757 28.3809 24.8336 23.0093 22.4357 24.5461 21.5648 27.9576 21.1065 20.2036 19.9253 19.9223 18.9232 18.1935 17.9619 27.7213 17.8269 17.288 21.0188 26.2262 17.1732 21.3913 20.4948 23.9337 22.1952 20.9823 20.1958 18.4854 18.4054 34.2742 20.6335 20.6673 17.1425 17.1072 16.7143 16.8476 23.6973 16.1401 15.9177 16.2761 15.6779 15.5526 22.113
threshold=70.500000000000014 318.6550509364651 -25.499999999999996 6445.3348615886898 1.0000000180025095e-35 -8608.7084387945124 11048.616865327827 1.0000000180025095e-35 49081.98242463373 1.5000000000000002 3200.4437619355381 424.42881775347217 14761.330294789308 2738.8435832542268 -2249.4492491943765 -1.4999999999999998 35.500000000000007 202088.33124547909 54774.907965936385 -34948.452860837475 197.50000000000003 1.0000000180025095e-35 -3271.5187061495149 -28151.0398489285 -38.499999999999993 110.50000000000001 797.50000000000011 5.5000000000000009 1.0000000180025095e-35 165003.27644549133 5392.5000000000009 27.500000000000004 10482.472841079503 -124.14391043654881 -12573.339971703275 20078.288627705155 6336.7580424979597 95357.135522786921 2055.533922059984 7.5000000000000009 4.5000000000000009 35124.962161361029 551.08491476943311 1.0000000180025095e-35 1458.2786448117558 -12.499999999999998 21.500000000000004 17.500000000000004 57104090.500000007 1.0000000180025095e-35 -39478.774511746356 315.80803844320405 56.500000000000007 -1269.3182428417297 83476.196129342905 1.0000000180025095e-35 6.5000000000000009 1.0000000180025095e-35 -141.48943508097361 -1.0000000180025095e-35 174.50000000000003 40.500000000000007 57262.966312336961
decision_type=2 2 8 2 2 2 2 2 10 10 8 10 2 10 10 8 10 2 2 8 8 8 2 10 8 10 10 8 10 10 8 8 2 10 8 2 8 2 8 10 10 10 2 2 10 10 2 10 2 10 8 8 10 10 8 10 8 10 10 10 8 2 10
left_child=1 5 14 7 -4 9 15 17 24 10 30 29 13 -6 23 -7 32 18 19 -3 -21 53 -23 37 -8 52 27 -15 -5 -9 33 -28 40 -1 35 -24 -19 38 39 -2 42 48 43 54 47 -46 -47 -45 50 -50 51 -42 57 -22 55 56 -17 -26 -30 -60 -18 62 -14
right_child=2 3 4 28 12 6 8 11 -10 -11 -12 -13 61 26 -16 16 60 36 -20 20 21 22 34 -25 25 -27 31 -29 58 -31 -32 -33 -34 -35 -36 -37 -38 -39 -40 -41 41 -43 -44 44 45 46 -48 -49 49 -51 -52 -53 -54 -55 -56 -57 -58 -59 59 -61 -62 -63 -64
leaf_value=0.027777863675384054 0.20079874942694453 0.059498293617635832 -0.0034661178685141971 -0.0139883326649533 -0.016585707481998575 0.037155915672997357 0.046958099782164732 -0.015781908984845452 -0.011802221059538862 -0.01309585131624931 0.030289652366526934 0.087793580829654064 -0.013710153979568372 0.019536889929057805 -0.0012248098874961481 -0.0079754286383376932 0.032361365981956894 0.061430584789269584 -0.0055083174405958805 -0.020189339900276916 0.049427311012351989 0.087533921110618529 0.11783435374422756 0.01096281584494542 0.014942994852111908 -0.015511726583034109 0.1417934778028917 0.15020246841196375 -0.010391380059373135 0.12279790235550576 0.050488448788244593 -0.0044413474818565408 0.0014980552297243781 0.0070636994236978898 0.019567145786962975 0.0040308289566215261 -0.010369501573899331 -0.017365924052638714 0.03520801271922696 0.066631712539984275 0.1160194426901478 -0.0091815438700022477 -0.012625430523512626 0.015845860892975933 0.099965000995423506 0.060321007767264852 -0.0042495364911896765 0.073835647868226786 0.10205391104676689 0.0079668082573205578 0.01917425054531615 0.01964913401404941 -0.02192061273253948 0.0084358023786429998 0.011341412613675763 -0.011453990052311916 0.047300359253102879 0.074535916218339091 0.023080954024717638 0.11500051934572054 0.10030923693728576 -0.024807599252964583 0.076404367569889622
leaf_weight=50.634043912868947 2.0174989886581871 12.038404847960919 208.22308427235112 290.16109429183416 506.79947879095562 40.034498911350965 13.122482591308653 107.17059384007007 133.31599423824809 23.928097823169082 282.23311084741727 2.7327086455188683 74.846345813712105 4.6769620254635802 106.73133855918422 15.819810210727153 18.845548664219681 3.2472679796628654 85.533880031201988 20.199446899350733 9.3967105224728567 5.9368926784954956 4.3438272988423705 26.988239384023473 85.29972175648436 35.630365569610149 0.86840590974316256 2.1517688955646008 11.965194284683095 0.9552702815271904 12.982055914588271 24.310366881079972 136.76080161239952 154.92008343990892 75.714698244351894 3.461495338473469 74.827083410695195 2.329278538003563 6.6079819335136571 3.74578030500561 4.0556225222535414 19.28152288030833 30.890281177591532 183.13445679657161 5.4529053349979248 10.19466393068433 7.6164782284758976 5.0846700058318666 7.297480623004958 6.6690983083099109 171.46123055554926 3.9568474884144962 10.976471757516263 368.28489219024777 428.066795472987 62.895313163753599 12.492344880476596 4.2963555795140556 11.129707005806265 2.0536024761386207 3.6477203820832065 850.39748406154104 2.5337231573648742
leaf_count=1040 147 147 22639 49675 96167 272 189 20401 11090 492 3232 172 17979 519 11549 390 821 177 5489 1259 254 145 195 1976 3107 1583 103 207 1337 29 252 3553 12556 3652 3328 264 5721 442 202 238 123 667 1499 4991 253 264 434 168 239 223 5627 134 364 18794 8623 1464 232 140 923 157 183 205669 556
internal_value=-0.000470943 0.00889532 -0.0162429 0.000307405 -0.0182866 0.013617 0.0107008 0.00520127 -0.000550703 0.0217109 0.023374 -0.0120346 -0.0203908 -0.0148029 0.00681878 0.0134103 0.0125718 0.0080833 0.0101478 0.0128294 0.0116765 0.0130545 0.0282483 0.0274119 0.00949452 0.00588509 0.0134262 0.0607103 -0.0117033 -0.0145576 0.0144427 0.000602234 0.0119481 0.0121662 0.0240341 0.0673649 -0.00738319 0.0576103 0.071727 0.113598 0.0134148 0.0209511 0.01131 0.0123218 0.0208293 0.0484733 0.0327091 0.0174124 0.0239546 0.0571269 0.0213732 0.0684283 0.0134655 0.00945567 0.00885698 -0.00280328 0.0164142 0.0178006 0.0146615 0.0373995 0.0433804 -0.0236359 -0.0107595
internal_weight=4893.38 3070.15 1823.23 1089.15 1674.81 1981 1456.3 773.843 282.641 524.697 500.769 110.859 1466.58 538.807 148.42 1173.66 1133.62 662.985 584.91 499.376 487.338 467.139 89.4569 41.6888 149.325 136.203 32.0075 6.82873 315.31 108.126 218.536 25.1788 1111.13 205.554 83.52 7.80532 78.0744 14.7005 12.3713 5.76328 974.37 212.722 761.648 730.757 211.483 23.264 17.8111 188.219 193.44 13.9666 179.474 8.01247 100.573 377.682 519.274 91.2075 28.3122 89.5961 25.1485 13.1833 22.4933 927.778 77.3801
internal_count=534717 172771 361946 108467 347392 64304 55636 56375 16473 8668 8176 20602 324753 100549 14554 39163 38891 35773 29875 24386 24239 22980 3932 3005 5383 5194 4382 726 52092 20430 4944 3656 37887 4692 3787 459 5898 1029 587 385 25331 7013 18318 16819 6110 951 698 5159 6346 462 5884 257 3611 19048 10709 2086 622 3247 2417 1080 1004 224204 18535
is_linear=0
shrinkage=0.03


Tree=40
num_leaves=64
num_cat=0
split_feature=33 14 53 17 11 17 11 21 180 56 267 78 195 29 45 109 44 4 27 36 112 124 20 14 122 17 140 184 221 209 84 153 54 211 129 114 4 37 194 128 208 221 36 46 83 102 176 85 114 251 54 218 14 102 5 104 133 45 71 94 14 11 135
split_gain=762.732 128.324 102.844 67.3544 55.3852 48.6014 48.3512 33.3482 32.3204 31.2944 31.8745 29.535 27.18 26.8371 25.451 24.2502 23.427 22.8284 22.1851 26.5737 64.1607 22.6014 21.6499 26.3739 32.5231 34.8198 47.6031 21.2715 21.2192 20.9522 20.8579 20.5686 19.3197 19.2514 18.2001 17.5659 17.4325 54.1787 27.1029 43.7802 26.3355 22.3521 16.8421 48.9346 16.5052 16.2425 24.4166 15.7304 19.1811 15.8287 15.7244 28.4513 25.8092 37.8829 19.6521 15.2974 15.1653 23.9088 27.0529 22.6227 15.5106 19.7995 20.2575
threshold=70.500000000000014 318.6550509364651 32333.945721628075 6445.3348615886898 -5633.4249138616551 1.0000000180025095e-35 -8608.7084387945124 1.0000000180025095e-35 -1.0000000180025095e-35 1.5000000000000002 3200.4437619355381 1.0000000180025095e-35 1.0000000180025095e-35 12098.699560571464 49081.98242463373 760.65109963687212 8.0000000000000018 113.50000000000001 2816.5736119162862 -698.49999999999989 133.50000000000003 34.500000000000007 3004.6449033147305 79863.926260527252 203518.79097285733 16665.058941972271 10.500000000000002 1123.6678668218876 1.0000000180025095e-35 -52093.815701041785 1.5000000000000002 94690.497299989875 7.5000000000000009 -3869.6062863442489 4.5000000000000009 8169.0716459443038 40.500000000000007 141055.50644832681 -9297.5978680608077 43572.137018770096 84474.148593946957 4.5000000000000009 -318.99999999999994 -1292.9999999999998 1.0000000180025095e-35 54242.552576606402 -18.340144048881992 1.0000000180025095e-35 11960.651828539934 -6612.7806430290793 9.5000000000000018 -2214.3910042382499 26855.516863086985 168232.43344429441 19701.503204867604 4904.5000000000009 2703.3934325215387 122860.89556287095 2399.8657798392364 1328.5000000000002 202088.33124547909 -4676.1028341919728 360.2366119925681
decision_type=2 2 8 2 2 2 2 2 8 10 8 10 8 2 10 8 10 2 2 10 10 10 2 2 10 2 10 10 10 10 10 10 2 8 10 8 2 10 8 10 8 10 10 10 8 8 10 10 8 10 2 8 2 8 10 10 10 10 10 8 2 2 10
left_child=1 6 5 8 13 50 9 12 29 10 32 27 28 33 17 22 -14 30 21 -20 -21 -5 23 24 35 26 -26 56 47 -3 34 -19 55 -4 44 42 37 38 39 40 41 -17 -7 -44 45 46 -9 49 -49 -8 -2 52 -52 -54 -53 -1 60 -58 -59 -60 61 62 -10
right_child=2 3 4 18 -6 15 7 14 11 -11 -12 -13 16 -15 -16 36 -18 31 19 20 -22 -23 -24 -25 25 -27 -28 -29 -30 -31 -32 -33 -34 -35 -36 -37 -38 -39 -40 -41 -42 -43 43 -45 -46 -47 -48 48 -50 -51 51 54 53 -55 -56 -57 57 58 59 -61 -62 -63 -64
leaf_value=0.0056347788785621016 -0.0062208299807923776 0.074202822221904885 0.075918273670439074 -0.013155310119458707 -0.0096917069010116642 0.0024623942181891032 0.013960361954710674 0.029664544990148464 0.072900115054042938 -0.012834812400926498 0.029069084046645211 -0.011952872720019263 0.0030048489040185988 -0.0041057610997875848 -0.0073049993335018914 -0.0053135009598884427 0.089581590649289458 -0.014628540620614276 0.00064503105375791285 0.28525363111641067 -0.030461195679524607 0.1384183879661284 -0.023077385669549325 -0.022000252619015868 0.026090997155346952 -0.0055609114130859404 0.20963409004287165 -0.0045906899565668199 0.030702493260374608 0.018828827154770481 -0.027793285830186656 0.051964337487522209 0.02821639702345155 0.025029913001503777 -0.015803921357467259 -0.012359524532339362 -0.025758526147698538 0.23584608233278045 -0.020629883631006315 0.2823382533363597 0.20014896520413597 0.19269362680626906 0.23313416977229656 0.00065668436530825678 0.0035385139646598824 0.026109040279551902 0.12472535895443373 0.027310242796292083 0.012185838376494234 0.0025357381578375534 0.024959848251629845 -0.0089188671445504103 0.29074175577788297 0.052511740785442219 0.12115499705484394 0.039846583445307865 -0.0079537811702543766 0.16025096001928668 0.11901196943957386 0.021170249852586642 -0.0088014868162922602 0.0078929827519842889 0.0083858554487831159
leaf_weight=146.5697771506384 119.04630988929421 6.7714925890322766 7.5493426639586687 303.66852322057821 131.71289174444973 43.908272931352258 369.97533855237998 6.1993475502822548 8.7301453775726277 23.686022639274597 285.21454760525376 101.25511753791943 250.82710637967102 28.224330886732787 150.05035236361437 10.870691057993094 2.8448214028030625 41.845629626419395 4.8190520266070962 1.1360463402234011 1.1821679272688923 0.88796817138790984 257.85241339798085 150.71391255361959 3.1761843855492753 6.0979258078150451 2.1210047560743988 142.00015499000438 72.103565964382142 66.981152246240526 8.7131033251062018 4.6369504141621283 61.147682278882712 58.822599389590323 11.176127156242726 203.04977325047366 666.75945277768187 0.78908892418257792 75.749866672093049 0.57602858915925104 0.65143555332906444 0.5385151107329883 1.1383796387817708 2.8675866744015357 24.872701869811863 62.148671780247241 4.0013839523307961 140.20215745549649 163.44744470785372 154.81641432130709 3.5210189572535455 14.647129750810564 1.0270088450051846 1.4474107795394955 1.1257172976620502 12.789094095118342 8.9290289245545882 1.8787357769906545 2.6045298874378178 11.596775418613106 47.460698351031169 370.04587331530638 8.7918264903128129
leaf_count=3393 13224 234 171 51044 16613 6385 7098 229 259 492 3232 17950 15650 2029 11888 2698 25 1784 658 115 148 127 50852 30885 382 1258 255 10583 1480 1894 269 57 1253 2907 496 35783 176023 153 18931 136 177 129 160 418 1024 1648 129 4204 5754 3901 208 1810 134 189 36 298 553 88 191 1010 3596 19776 241
internal_value=-0.000463776 0.00857914 -0.0160194 0.000293378 0.00288567 -0.0187485 0.0130958 0.0102926 0.00501926 0.0208682 0.0224467 0.00303793 0.0126498 0.020398 0.00161819 -0.0204079 0.00397577 0.00980264 -0.0114881 0.0407943 0.124256 -0.0127134 -0.0162565 -0.0119987 -0.00625328 0.0433163 0.099582 0.00555919 0.0150931 0.0239129 0.0168629 -0.00798545 0.013881 0.0308181 0.0204524 -0.00850401 -0.0240924 -0.0116353 -0.0138447 0.0268287 0.0146254 0.00403245 0.00783479 0.0667201 0.0246202 0.0318678 0.0669535 0.0137345 0.0191691 0.01059 -0.00193397 0.02151 0.0771394 0.151389 0.00036458 0.00838039 0.00869217 0.0314097 0.0532677 0.0391145 0.00738617 0.00936848 0.0405294
internal_weight=4879.99 3086.01 1793.98 1088.74 226.309 1567.68 1997.27 1467.86 777.046 529.407 505.721 703.293 1154.22 94.5963 313.644 1426.86 253.672 163.594 311.694 7.13727 2.31821 304.556 670.925 413.073 262.359 11.3951 5.29719 602.038 900.545 73.7526 117.111 46.4826 220.507 66.3719 108.398 250.964 755.935 89.1756 88.3865 12.6367 12.0606 11.4092 47.9142 4.00597 97.2221 72.3494 10.2007 828.441 303.65 524.792 140.815 21.7683 5.99544 2.47442 15.7728 159.359 460.038 25.0091 16.08 14.2013 435.029 387.568 17.522
internal_count=534717 172771 361946 108467 21720 340226 64304 55636 56375 8668 8176 54247 38112 5107 17524 324625 15675 5636 52092 921 263 51171 126378 75526 44641 1895 637 36297 22437 2128 3795 1841 4944 3078 3526 42746 198247 22224 22071 3140 3004 2827 6963 578 3030 2006 358 20957 9958 10999 15601 2377 531 323 1846 3691 25714 1842 1289 1201 23872 20276 500
is_linear=0
shrinkage=0.03


Tree=41
num_leaves=64
num_cat=0
split_feature=16 23 23 9 13 53 11 19 6 11 50 1 60 11 193 162 266 124 11 11 35 76 8 122 178 1 35 76 177 133 173 259 61 158 215 6 266 9 205 76 78 94 106 60 219 185 1 63 3 1 97 185 187 215 93 100 174 1 267 135 133 16 70
split_gain=627.732 178.455 119.641 84.5098 59.2836 53.6808 45.8265 38.022 34.1733 33.7326 34.763 33.5122 31.3268 28.7986 32.2024 28.0398 27.1294 27.1065 25.4178 25.1065 24.6577 23.9073 22.9854 23.3583 22.4316 22.4032 22.0101 30.2895 26.7081 21.9214 29.4489 22.2673 21.8964 30.8193 21.3646 21.7632 20.9328 20.0596 19.7751 22.159 19.6326 19.5279 19.3809 24.7825 18.9367 18.8384 26.3652 18.3185 22.8954 18.1051 17.9365 29.6152 17.7032 17.3351 22.4765 17.2503 26.0368 22.0119 21.0586 17.1382 31.8501 17.0328 22.9208
threshold=3.5000000000000004 1.0000000180025095e-35 1.0000000180025095e-35 740.41276031494306 1.0000000180025095e-35 32333.945721628075 -4676.1028341919728 1.5000000000000002 34948.481675562914 -2274.631880964133 1532.5000000000002 202101.50000000003 11745.230476093739 -5633.4249138616551 -4.4999999999999991 11.500000000000002 220.19475537009302 4.5000000000000009 -1264.4220591091548 -5633.4249138616551 86847.903551489042 175387.08729650793 -186.30820110523447 322.85376160168107 18.388731844800002 201956.50000000003 436489.19051184173 160315.31239113395 -643.75390864585086 2236.53397955125 -5345.3032831946011 -3.4999999999999996 941.45538778883213 1540.5000000000002 1.0000000180025095e-35 38333.265698492301 8233.521365449853 194.96863213671955 -20373.102254679743 22820.224927140353 109021.00802343946 2605.5000000000005 2.5000000000000004 29529.812535638088 12576.291931042098 1.0000000180025095e-35 201905.50000000003 509.68556615917061 27.500000000000004 201956.50000000003 297.43742757914555 -5087.2645390751459 -1.0000000180025095e-35 121.75350371603146 5.5000000000000009 -1353.9999999999998 184.92167588119705 202104.50000000003 280.22542606423804 2441.0743492658657 11226.913793348369 6.5000000000000009 15.500000000000002
decision_type=2 2 2 8 2 10 2 2 10 2 10 2 10 2 10 10 10 10 2 2 8 10 8 8 10 2 8 8 8 10 10 8 8 10 10 8 10 8 8 8 10 8 10 8 8 8 2 8 2 2 8 10 8 10 10 10 10 2 8 10 10 2 10
left_child=1 4 3 12 9 52 34 8 11 49 45 15 29 14 16 17 -14 21 42 -5 -12 24 -20 -24 -6 26 27 -7 -29 -2 -31 32 33 -32 35 -3 55 -22 -13 -40 47 -18 -19 -44 61 46 -11 48 -21 -1 51 -42 -4 -8 -55 -33 -57 58 -58 -15 -61 -35 -63
right_child=2 6 5 19 7 25 53 -9 -10 10 20 38 13 59 -16 -17 41 18 22 40 37 -23 23 -25 -26 -27 -28 28 -30 30 31 36 -34 44 -36 -37 -38 -39 39 -41 50 -43 43 -45 -46 -47 -48 -49 -50 -51 -52 -53 -54 54 -56 56 57 -59 -60 60 -62 62 -64
leaf_value=0.030701569044412014 0.00094764655263115298 -0.0069476862041464972 0.1573398233429327 0.001168195966291401 0.010933763591451593 -0.0049824649948151676 -0.016280276537419789 -0.0079564935504750911 -7.6583080927023948e-05 0.042107664990041052 0.0049555155185168646 0.060617514106719811 0.0028084336836181681 -0.013130922703257435 -0.0025507981018656049 -0.010871683673860582 0.044564168993448491 -0.019039694964643885 0.0052889068882379046 0.11950501488488058 0.043811908153289315 -0.018419409882179751 0.11365740015763047 0.044771672852550383 -0.0052277338474917955 -0.023620124572547776 -0.011637409065364439 0.17295817365925659 0.051184716420485103 -0.014526365446967801 -0.03056753653264568 -0.0017816765812625009 0.013739024879883552 0.14092951691092243 0.08098442158699197 0.027316646024721586 0.095330999068311814 0.1115599102711473 0.018680483722094784 -0.011981465512076796 0.16675229440542963 0.13111974618109926 -0.0063231844935292001 0.072838877111498501 0.18602423052565059 -0.00047625566559341087 0.010311198098595114 -0.019458815877082033 -0.0036165022217196285 0.015521790432108841 -0.030237480570377857 0.013027739323494726 -0.024997354700842956 0.0016904654057105495 0.12807059498546514 0.01162307905825042 0.019225168699718534 0.15803148450571411 0.11547855830662825 -0.0012097451679573509 0.16518467848955989 0.01185180346885446 0.13550220667050875
leaf_weight=222.66807125974447 162.02149171428755 39.924981429008767 0.47954756859689951 76.478957335464656 780.91907948395237 8.0413447823375517 315.91407795390114 117.5682540894486 273.58156691771001 27.632805057335645 9.7785545070655662 9.6368097877129895 7.0463255704380598 195.48655526945367 37.018936187494546 63.726030535064638 5.7020256468094859 11.966740812174978 7.4822034235112369 1.4006163687445212 13.492828630842267 28.864533056970686 6.5085512232035398 13.873713270295417 85.783474271185696 13.534021264407782 11.122769544366745 1.9049023925326765 10.876088814344254 20.678980838973075 2.0254264012910417 33.19154440658167 8.0956234904006141 2.7777479188516718 3.7418268122710279 28.658680045045912 2.9776405771262935 5.5519517082721022 437.86876173410565 22.292557575274259 1.6727736559696493 3.9856545994989583 7.2101588235236687 7.0289536430500448 1.7921103793196369 112.86221144581214 155.80243266746402 512.87805943470448 46.109624908771366 103.62427276931703 2.8989021442830571 3.4626631322316799 720.77988303289749 5.4253633338958016 1.6522331237792967 27.802309877704829 7.1340175592340502 1.9074427071027464 2.8681227657943955 4.1286738323979071 1.3818376087583599 4.2057988229207695 1.9864740399643777
leaf_count=1223 15066 3094 62 8928 26100 959 61949 8682 18266 584 254 302 680 26625 3360 2328 260 327 409 168 239 1974 222 767 4967 2087 1552 144 918 2641 168 3257 806 126 111 1088 126 202 10565 1303 208 201 174 121 173 3545 3448 103905 6531 647 432 482 196008 473 121 3036 546 195 259 585 234 298 206
internal_value=-0.000457285 0.00833635 -0.013658 -0.00765933 0.0112699 -0.0228828 -0.0104066 0.00856034 0.00966572 0.0190662 0.0122271 0.0114628 0.00116508 -0.00644392 0.013061 0.00839232 0.0475973 0.00968504 0.0303126 -0.0149692 0.0436792 0.00843964 0.05026 0.0667686 0.00933415 0.00872877 0.0224339 0.0406339 0.0693341 0.00810117 0.01797 0.0249146 0.0523471 0.0767894 0.0111787 0.00737016 0.0173649 0.0635619 0.0180858 0.0171951 -0.0171404 0.0801744 0.00910281 0.0327541 0.0969939 0.00916752 0.015101 -0.017808 1.31576e-05 0.0258808 0.029423 0.0631007 -0.0248761 -0.01524 0.0311933 0.0141805 0.0275218 0.0646366 0.0468259 -0.0116601 0.040516 0.0792066 0.0515187
internal_weight=4866.9 2921.04 1945.85 1179.12 2525.72 766.739 395.317 1874.31 1756.74 651.413 325.121 1483.16 534.215 254.75 53.7529 1013.36 16.734 949.637 54.0703 644.902 28.8233 895.567 27.8645 20.3823 866.703 45.4791 31.9451 20.8223 12.781 279.465 117.443 96.7643 20.8832 12.7876 72.3255 68.5837 75.8811 19.0448 469.798 460.161 568.423 9.68768 26.2059 14.2391 10.7621 296.297 183.435 560.388 47.5102 326.292 8.03434 5.13544 721.259 322.992 7.0776 72.9034 39.7119 11.9096 10.0021 200.997 5.51051 8.97002 6.19227
internal_count=534717 153485 381232 179502 86649 201730 66836 76507 67825 10142 8272 49559 58848 31945 4501 37389 1141 35061 2020 120654 695 33041 1398 989 31067 5660 3573 2021 1062 26903 11837 9196 1777 971 4293 4182 7419 441 12170 11868 111726 461 622 295 803 7577 4032 110604 6699 1870 1122 690 196070 62543 594 7293 4036 1000 805 27444 819 630 504
is_linear=0
shrinkage=0.03


Tree=42
num_leaves=64
num_cat=0
split_feature=17 23 14 20 55 11 11 22 53 183 133 14 122 46 30 204 53 204 23 17 56 132 31 117 83 56 68 37 42 133 254 193 39 188 104 113 173 140 111 173 111 117 36 148 50 189 133 39 136 213 183 141 120 174 102 53 236 189 40 247 140 14 173
split_gain=614.005 172.903 135.792 59.9922 55.7188 45.9953 39.5236 45.1218 36.0166 32.9913 32.1651 32.1566 29.4474 27.8625 31.9871 26.751 26.3636 26.3121 25.8785 25.5461 23.2835 23.2683 22.9143 22.9032 22.655 22.058 21.8586 21.3908 30.5397 22.0556 23.3141 20.9694 26.0081 25.2093 24.8677 20.7162 23.3642 26.3789 23.1544 20.4493 20.3921 32.9323 25.5624 39.286 30.3944 19.955 20.9478 20.9011 19.6659 19.5335 18.8706 18.8232 18.6981 20.0034 18.2991 18.2186 44.0869 18.0962 31.1064 18.0468 34.9906 33.4483 17.8107
threshold=6445.3348615886898 1.0000000180025095e-35 1379.0064308879853 787.26237430892422 409.25375248207388 -2731.8544827623791 -11333.351348799762 28168.660406092054 32333.945721628075 317.39362997965503 2703.3934325215387 202088.33124547909 6336.7580424979597 -2006.4999999999998 1.0000000180025095e-35 -13806.722018144423 7957.4832804712596 -5517.5000786696173 1.0000000180025095e-35 24232.977702521679 1.5000000000000002 72967.862718098317 1.0000000180025095e-35 150.02279000000001 16768.667953826687 1.0000000180025095e-35 1.0000000180025095e-35 141055.50644832681 2.5000000000000004 20004.878604823032 46908.641506224121 -5.4999999999999991 24.500000000000004 11132.474941326165 3973.5000000000005 1941.1487753680442 -1141.2718204190612 12.500000000000002 58.500000000000007 284.90099391364498 34.500000000000007 703.41512235112771 -1094.4999999999998 1484.5000000000002 3072.5000000000005 2905.3107325811234 9976.031915955713 2.5000000000000004 4.5000000000000009 1.0000000180025095e-35 -1085.2486731330057 1.0000000180025095e-35 3091.6667417687054 2577.1350577442408 213182.19549239043 608.53911525125557 -1.0000000180025095e-35 -82077.19114771641 1171.5000000000002 3667.6048320561454 1.0000000180025095e-35 26855.516863086985 604.06668299918931
decision_type=2 2 2 2 2 2 2 2 10 10 10 2 8 8 2 10 8 10 2 2 10 10 2 8 10 8 10 8 8 10 8 8 10 10 8 10 8 8 10 8 8 8 10 10 10 8 8 8 10 10 8 10 8 10 8 10 10 10 10 10 8 2 10
left_child=1 3 4 6 9 16 20 10 -6 19 11 13 -13 39 17 24 -3 -15 25 31 26 -19 -9 35 54 40 -1 55 -29 -30 -31 50 33 -33 -34 -5 -37 38 -38 51 41 42 -4 -44 -45 46 47 -18 -23 -7 -2 -8 53 -42 -10 56 62 58 -12 -20 61 -61 -21
right_child=2 5 18 23 8 49 7 22 15 -11 57 12 -14 14 -16 -17 45 21 59 27 -22 48 -24 -25 -26 -27 -28 28 29 30 -32 32 34 -35 -36 36 37 -39 -40 -41 52 -43 43 44 -46 -47 -48 -49 -50 -51 -52 -53 -54 -55 -56 -57 -58 -59 -60 60 -62 -63 -64
leaf_value=0.024435923895550164 0.064712862064740473 -0.01021924613005501 0.012864402325728374 -0.0013728075368615845 -0.024443828467685412 -0.017074780915161056 0.063419242778585294 0.0073618135576608533 0.13098019002451852 -0.012162510902816451 0.15015872368015046 0.083487959625430638 -0.010106558877497247 0.027595406204256507 0.029257957998711451 -0.016825469047886822 0.043580835387617839 0.01068496008546755 -0.025181431258021095 -0.023861364148975689 -0.016413174069145359 0.005289199405205793 -0.0084105180107315308 -0.012997914425525189 -0.031151011661330035 -0.019652904903036568 -0.0058746598037430634 0.097078856315980427 -0.0039740094262906934 0.029363370564178672 0.19227332831599342 0.0073000782939851702 0.017660751243961062 0.1117508438794554 0.17960708680036591 -0.022900433702225175 0.054412087434151803 -0.010933232012069277 0.16299436976384335 -0.0071598785807761318 0.004585346267832368 -0.024134368393822003 0.23680286187848421 -0.0014137516267617989 0.16041915120619596 0.046821261372757897 0.077934703507331116 -0.013461015425411942 0.072523710213350467 0.04112817146095047 0.0081892130806922904 0.008924239361764702 -0.015156536781503478 0.12098414003225208 0.039862018957848945 -0.010598894163441229 0.21139804941478849 0.024908157389631494 0.031862969551473025 0.24289033432845997 -0.014069777414217994 0.029174109301784983 0.087972587277244135
leaf_weight=340.10994270863011 12.573331324849276 40.765578749589622 8.3037977386265975 34.714804751332849 131.96913568326272 297.70632622181438 6.2960634790360919 188.93843093002215 3.1207625935785481 113.09754913230427 2.91021103505045 3.1428096578456461 81.015650356654078 95.79579806374386 112.02543927635998 10.467137568164615 7.6641718675382444 1103.3244311120361 565.94458794896491 4.6253882669843733 14.366123246029018 6.3788921525701907 147.71178198046982 124.24988046707585 2.4044279363006344 422.02985276794061 22.851655683014542 4.0291154212318387 21.435242906445641 3.016163178253918 1.0714830220676956 195.85721498169005 1.868575025815516 2.1019192533567539 1.5706893973983822 3.7643552883528173 4.8911086884327206 3.0290083023719498 2.7676324206404388 105.18109112605453 31.772577789612114 9.9041633862070757 1.3468933957628895 3.1093829241581261 1.5728164929896591 18.678864749148488 3.5019025818910441 23.532231266144663 10.138129791244863 5.2816647000145158 9.2093076836317795 60.720171614550054 171.45895933266729 1.3867682353593398 5.4439389128237972 125.83151386096142 1.1169004314579059 90.167523447424173 6.4004434151574969 0.98527570371516349 13.045497558312489 1.9907965490128843 1.7729392736218867
leaf_count=3348 596 5094 958 1499 33983 61067 154 8155 139 13645 145 162 6987 2443 2723 1055 259 30293 159594 595 273 155 8699 10164 170 86345 316 233 2630 402 84 17098 169 166 152 229 247 191 106 4167 4097 1785 143 420 214 690 66 1188 231 368 879 2117 32198 185 412 17053 135 3795 299 109 2969 286 188
internal_value=-0.000450584 0.00805401 -0.0138384 0.0108999 -0.00277238 -0.0103691 0.0121324 0.0104677 -0.0185853 0.00208718 0.0124726 0.0114335 -0.00661137 0.012446 0.0139185 0.017482 0.00794684 0.012505 -0.0196959 0.00626146 0.021045 0.0112141 0.000441399 -0.00613968 0.0502195 -0.015586 0.0225276 -0.00277118 0.0203215 0.00820434 0.0720665 0.0128543 0.00983013 0.00840913 0.0916206 0.0111918 0.0413726 0.0640104 0.0936504 0.00109229 -0.00808635 0.0179335 0.0470028 0.0940211 0.0529482 0.0218208 0.00836246 0.000552733 0.0465577 -0.0160602 0.0408157 0.014044 -0.0111684 0.0094533 0.0730632 -0.00788892 0.0374856 0.0290198 0.0688384 -0.0242926 0.00710582 0.0999282 0.00712717
internal_weight=4853.46 2968.02 1885.43 2570.89 652.583 397.131 2397.47 2020.15 153.405 499.177 1683.5 1584.02 84.1585 1499.86 1327.66 21.4363 94.1427 1215.64 1232.85 386.08 377.328 1119.84 336.65 173.417 10.9691 650.885 362.962 162.899 29.552 25.5229 4.08765 223.181 201.398 197.959 3.43926 49.1669 14.4521 10.6877 7.65874 172.197 228.855 24.2371 14.3329 6.02909 4.6822 53.3772 34.6983 31.1964 16.517 302.988 21.7826 67.0162 204.618 33.1593 8.5647 133.347 7.51523 99.4782 9.31065 581.966 16.0216 2.97607 6.39833
internal_count=534717 155630 379087 86898 89784 68732 74462 70525 35759 54025 53671 49432 7149 42283 35845 1776 7297 33122 289303 40380 3937 30679 16854 12436 721 126345 3664 21320 3349 3116 486 19060 17585 17264 321 2272 773 544 353 6438 40000 3520 1735 777 634 2203 1513 1447 386 61435 1475 2271 36480 4282 551 17971 918 4239 444 162958 3364 395 783
is_linear=0
shrinkage=0.03


Tree=43
num_leaves=64
num_cat=0
split_feature=33 14 12 266 55 2 227 16 57 173 11 215 22 227 195 46 11 171 29 79 16 160 55 225 137 173 50 212 29 55 1 61 160 50 133 8 221 160 50 22 205 14 122 189 211 26 71 16 221 227 2 4 38 221 109 143 9 225 51 68 133 100 189
split_gain=666.636 105.979 90.1964 56.5611 52.9341 42.7162 47.714 33.6684 38.0976 34.7821 30.3182 29.9379 30.187 27.0011 26.7828 25.43 24.9777 24.7894 24.7304 25.8913 23.1659 23.402 22.8 21.8982 21.7489 21.1453 35.1287 20.5327 20.3364 19.3679 25.1781 23.1451 27.7316 35.382 35.2376 34.7809 19.1513 19.1329 18.1866 19.3348 22.8357 20.7161 21.2255 18.7678 17.6572 16.9154 16.673 16.5861 21.3117 16.5387 16.4933 16.0543 35.5094 29.6513 37.5138 68.7409 18.9134 16.0083 15.3202 14.9825 14.8307 15.7496 19.4259
threshold=70.500000000000014 318.6550509364651 10524.572870162066 8233.521365449853 1.0000000180025095e-35 1.0000000180025095e-35 -7.4999999999999991 2.5000000000000004 30.500000000000004 1911.8284850445391 -5633.4249138616551 424.42881775347217 504629.39387559146 -38.499999999999993 1.0000000180025095e-35 -667.49999999999989 -5633.4249138616551 -179.66335449468994 12098.699560571464 3636.6909779281873 1.0000000180025095e-35 9.5000000000000018 8512.8502723100701 1.5000000000000002 13294.900962407353 -5345.3032831946011 602.50000000000011 1.0000000180025095e-35 12098.699560571464 409.25375248207388 202101.50000000003 941.45538778883213 7.5000000000000009 4201.5000000000009 3176.301029723541 -695.05456645962602 2.5000000000000004 18.500000000000004 197.50000000000003 54774.907965936385 -26018.70404575521 202088.33124547909 6336.7580424979597 -1833.0913483092402 -6654.06901662783 1.5000000000000002 990.25686322076001 1.5000000000000002 1.0000000180025095e-35 -9.4999999999999982 1.5000000000000002 40.500000000000007 1461775.231329866 1.5000000000000002 3560.5022896276596 140625.59296886806 5632.0929285953707 1.5000000000000002 30136.791555416581 -11585.032518984313 1465.9194029897162 -1779.9999999999998 -1.0000000180025095e-35
decision_type=2 2 2 8 2 2 8 2 8 10 2 10 2 8 10 10 2 10 2 10 2 8 2 10 10 10 10 10 2 2 2 10 8 10 10 10 10 10 8 2 8 2 8 10 8 2 8 2 10 10 2 2 10 10 10 8 8 10 10 10 10 8 8
left_child=1 5 3 13 7 6 -1 38 9 15 17 12 -6 44 28 57 18 -8 19 -5 21 25 29 -12 -25 26 -4 -18 50 30 47 32 -32 46 -35 -36 -23 -10 -3 40 -40 43 -43 45 -2 -42 -34 48 -15 -30 60 52 53 -22 -55 -56 -57 -9 -21 -45 -7 62 -62
right_child=2 4 20 16 11 14 10 8 37 -11 23 -13 -14 22 -16 -17 27 -19 -20 58 51 36 -24 24 -26 -27 -28 -29 49 -31 31 -33 33 34 35 -37 -38 -39 39 -41 41 42 -44 59 -46 -47 -48 -49 -50 -51 -52 -53 -54 54 55 56 -58 -59 -60 -61 61 -63 -64
leaf_value=0.027474747928624303 0.080348633868162919 -0.017831785404218523 0.14418964835485873 0.016801268753353873 -0.018655577129399328 0.0094992524875782813 0.028004339034228047 -0.021144197565493371 -0.008135234235256552 0.1588271213655543 0.0067301150643476219 0.061151802892102904 0.12455411606094655 -0.0061174141871363601 -0.008029506618714672 0.13111460402301153 -0.0060884342719924696 0.011588521261846122 -0.010015850596073624 0.072464263637768977 -0.016545214511103547 -0.017950823849262068 0.13723734351962316 0.029804392894377942 -0.011808554053652991 -0.0035971203222255974 0.01607730833397248 0.07860037665630791 0.011541830481708844 -0.023674070450955237 0.0001152588721420642 -0.007917831222697444 0.090559432495572217 0.00047123074026289612 0.10563819294001198 0.35419226676638171 0.044280255472550087 0.08229268148520856 0.0452300128444003 -0.0053152402162892649 0.017040408524648581 0.080661083569498609 -0.0099329482875111889 0.057720354520438874 0.0054836755848384454 0.072012192631350197 0.0051968645779580207 -0.019084418354017633 0.061477558250242356 -0.018423587397166905 -0.0088387486558136781 -0.023280436733713959 0.22051974708510169 0.0014600686012657524 0.42895643850843196 -0.030134121313435354 0.18968881577119412 0.069835752356967262 0.0090396003290391172 0.0048672267166194709 0.069518535033344458 0.016171316188965959 0.0061349027132985307
leaf_weight=236.55745151289739 3.0409075515344739 25.393143352121115 2.7203119397163409 42.891602312913164 160.02359696943313 505.11005422892049 167.78738873102702 6.4268814735114557 283.82090206071734 2.0546857910230747 581.66717875329778 4.4799137017689636 1.3357576669659454 26.215600816998634 100.35974375461228 1.6718195127323259 72.245382387191057 163.43365616165102 17.987127642845735 15.350563154555859 79.434859016444534 91.113446545321494 0.89604567410424252 70.427603171672672 13.464922531042246 15.665207808371632 6.5995038971304893 2.6718281088396898 27.055743215372786 133.1580221450422 16.513522700173784 49.254748368170112 2.9606216610409293 0.9753081183880562 1.1041972669772808 0.93636412941850689 4.6792513267137101 2.1215451075695446 16.276575707830489 83.326457537710667 185.75252505578101 2.4166332604363561 63.150811603292823 4.9276192253455511 41.945295684970915 5.1782797542400649 6.7643183583859363 170.05851739225909 4.9982760632410637 42.800230368971825 38.299018092220649 897.46930636605248 0.5984269252512594 4.7437435686588278 0.58814029325731132 0.99489139486104217 0.54535646387375902 2.387078482657671 4.4129719410557291 236.59766471432522 12.267819551052524 68.490400705020875 6.7441914032679078
leaf_count=4580 154 1705 157 2317 35273 16463 2475 666 40023 169 17851 381 116 1711 8978 195 8940 2569 1063 342 20071 13208 196 2158 763 1565 628 124 1154 31633 1731 7101 130 127 174 126 420 296 220 5103 8778 104 4726 94 3732 213 944 29935 206 2647 835 233118 140 1110 158 256 114 208 315 10197 562 2983 286
internal_value=-0.000444255 0.00781775 -0.0154439 -0.00622873 0.000256885 0.0118587 0.0153622 0.00306491 -0.00521976 0.0459594 0.0124877 -0.0153462 -0.0174701 -0.0115289 0.00646508 0.023843 0.009404 0.0199043 0.0209907 0.0298921 -0.0205668 -0.00816682 -0.0139283 0.00879671 0.0231254 0.0176903 0.0534713 -0.00306811 0.0085409 -0.0142564 -0.00977413 0.00463559 0.0257715 0.0590248 0.148799 0.219694 -0.014911 -0.00746431 0.00703402 0.00809057 0.0102626 0.00911975 -0.0065939 0.0115022 0.0105443 0.0185313 0.0311843 -0.0153948 0.00470656 -0.00681776 0.0102414 -0.0220882 -0.00977639 -0.0113732 0.0484101 0.153052 0.0476987 0.00349584 0.0583023 0.00594554 0.0114746 0.022877 0.0470343
internal_weight=4841.34 3121.81 1719.53 614.381 1087.34 2034.47 1233.34 921.503 298.483 12.5405 996.781 165.839 161.359 458.822 801.127 10.4858 155.559 331.221 80.6423 62.6551 1105.15 120.778 413.836 665.56 83.8925 24.985 9.31982 74.9172 700.767 412.939 279.781 78.5091 29.2543 12.7408 3.01587 2.04056 95.7927 285.942 623.02 597.627 514.3 498.024 65.5674 432.456 44.9862 190.931 9.72494 201.272 31.2139 69.856 630.911 984.375 86.9054 86.307 6.87213 2.12839 1.54025 8.81396 19.7635 241.525 592.612 87.5024 19.012
internal_count=534717 172771 361946 91001 108467 64304 30396 72697 41557 1238 25816 35770 35389 77900 33908 1069 13101 5044 4037 2974 270945 15978 74014 20772 2921 2350 785 9064 24930 73818 42185 10333 3232 1501 427 300 13628 40319 31140 29435 24332 24112 4830 19282 3886 8991 1074 31852 1917 3801 21129 254967 21849 21709 1638 528 370 874 657 10291 20294 3831 848
is_linear=0
shrinkage=0.03


Tree=44
num_leaves=64
num_cat=0
split_feature=17 23 55 9 107 11 11 22 204 9 133 115 11 40 90 221 47 226 177 45 29 11 21 60 60 235 156 36 110 119 40 162 40 56 83 148 68 11 140 132 50 231 81 104 86 86 177 162 11 133 38 162 138 226 153 25 118 57 110 124 162 104 154
split_gain=556.023 153.156 106.503 81.0732 45.7217 42.9534 41.5594 43.708 36.6842 33.0767 29.8619 26.9794 27.9143 37.3758 31.1749 26.4376 25.1711 25.0729 23.4541 23.359 21.3409 21.042 20.548 20.2265 19.2422 19.1873 21.1844 23.581 25.8776 25.7196 32.2444 19.1138 19.0168 25.1504 21.4797 23.7583 18.6564 18.5164 18.2957 18.0419 17.8671 17.3779 17.3299 24.487 18.5636 16.7965 23.1249 23.524 20.2487 16.6341 16.5146 19.5725 17.2614 17.5735 16.7059 16.2503 21.8957 16.0698 16.0474 19.223 43.6238 16.0737 17.2833
threshold=6445.3348615886898 1.0000000180025095e-35 409.25375248207388 740.41276031494306 32381.79083585765 -2731.8544827623791 -11333.351348799762 16379.165308415812 -4423.740426832398 1216.2580033249224 2703.3934325215387 638.30912277176674 -6862.9602080940704 843.50000000000011 -1430.9999999999998 1.0000000180025095e-35 52656.122230281522 -10.499999999999998 -22.550782443218022 1.0000000180025095e-35 1.0000000180025095e-35 -3898.7766954879849 1.0000000180025095e-35 11745.230476093739 9890.4967436944771 1.0000000180025095e-35 81654.455842660813 -1308.4999999999998 1.0000000180025095e-35 -882.20674205531498 3154.5000000000005 5.5000000000000009 526.50000000000011 1.0000000180025095e-35 1.0000000180025095e-35 855.50000000000011 -3469.8872587081873 -8608.7084387945124 8.5000000000000018 77637.595122878658 3724.5000000000005 -14554.071940166474 789.17336092786002 1733.5000000000002 2.5000000000000004 1.5000000000000002 -368.1793295684102 2.5000000000000004 -8608.7084387945124 11226.913793348369 124901.31567376801 8.5000000000000018 2.5000000000000004 3.5000000000000004 73983.657483300965 212.54243286552801 6.5000000000000009 66.500000000000014 1.0000000180025095e-35 28.500000000000004 2.5000000000000004 1733.5000000000002 -548.49999999999989
decision_type=2 2 2 8 10 2 2 2 8 10 10 8 2 10 8 10 8 8 10 8 2 2 2 10 8 10 10 10 8 10 8 10 8 10 8 8 10 2 8 10 8 10 10 8 10 10 8 10 2 8 10 8 10 10 10 10 10 10 10 10 10 10 10
left_child=1 6 3 11 -4 16 18 8 31 10 15 22 13 14 -13 23 57 37 -1 -9 41 38 58 32 -14 26 -12 28 -28 -30 -31 -8 -10 34 36 -36 -34 -5 40 -11 -6 55 -7 44 -44 46 47 -21 -48 -18 52 -52 53 -25 -54 -16 -57 -3 59 61 -61 -2 -63
right_child=2 5 4 17 21 42 7 19 9 39 25 12 24 -15 20 -17 49 -19 -20 45 -22 -23 -24 50 -26 -27 27 -29 29 30 -32 -33 33 -35 35 -37 -38 -39 -40 -41 -42 -43 43 -45 -46 -47 48 -49 -50 -51 51 -53 54 -55 -56 56 -58 -59 -60 60 -62 62 -64
leaf_value=0.025375180639523005 0.0052305929907017802 -0.011183778322108855 -0.024674032647465278 0.025421728019842806 0.069469543156602101 -0.016767458949829554 0.047722894318637007 0.023736092127345697 0.0030325916479082755 -0.0061303478750746442 -0.0010519840935017911 -0.0091453177237468507 0.004657337795889214 -0.004372475721522699 0.012098138937388271 0.024832090898024579 0.014258346250767233 -0.017721076639774007 0.01059206254226638 0.057603022755802348 -0.0003202895443433553 -0.018037454851129564 -0.015274995698056678 0.0096205910608468063 -0.01199823555975746 -0.00210206007304602 0.030416398232126735 0.02572550260944248 0.04512744672707341 0.19856426459352033 0.074555355872408219 0.016126392017307083 0.024228656511688297 0.0046297780023688978 0.076676768012649985 0.024629902229585925 0.0093029714314165103 -0.0075032757853334296 -0.0014956326820419195 0.036895016393151132 -0.030452777996355214 0.13877354750052334 0.011647982750242055 -0.022135607859154794 0.15821445524340588 -0.013625735637335228 0.028194168412651131 0.0082179189268761221 -0.0056451064911591884 0.059474927085411466 0.0046101924350189375 -0.014645815623552015 0.0063181568990939296 -0.012229550827078335 0.075088375817194297 0.14062883540211252 0.039974644413845725 0.10477468927464099 -0.00081555195934311523 -0.030319992244861774 0.22606083651012959 0.03774820997693755 -0.016027618626429357
leaf_weight=228.19794380711392 34.937621213262901 44.690043542534113 645.7440983443521 18.387559608789161 10.025622538756579 287.94250736362301 34.610112647525966 32.793131547048688 179.10088198073208 145.84105761954561 13.453960088081656 7.7294319176580757 87.990470865974203 38.881105130538344 3.9985763388685918 99.888327887747437 39.788604961475357 529.11304712621495 167.4772682916373 11.435831811279057 3.8989699499215922 14.706273354822768 21.301533821271732 282.89053845545277 214.88615963468328 16.69000402931124 12.2445614207536 39.988270612433553 6.3124949028715491 3.2569374614395183 4.4866765290498734 34.315226439386606 107.77422301471233 185.79394077369943 8.435394022613762 122.87321586022153 250.68106538290158 93.753323732642457 10.059212219668551 9.3328590779565257 1.9187783827073879 3.34224169375375 1.4022366537246846 3.5301184274721891 1.7463271790184078 93.846853534225374 17.275741435121745 36.03346370626241 202.00524127250537 8.9736992868129146 130.62740296684206 74.658917931839824 6.0182519871741516 37.521792442537844 6.7390712187625468 3.6127489698119462 4.2137230921071023 1.1021170495077957 34.360263095004484 1.1149539910256856 1.2865169935394076 46.30733804195188 6.0858347679022691
leaf_count=2398 2651 5413 188469 1211 631 60606 467 218 5773 13348 505 491 10077 3476 199 2330 1538 106141 2051 348 374 2945 2750 7683 30929 766 377 1872 125 180 199 491 1105 5595 244 3746 5012 18650 1111 362 226 176 171 465 193 6531 508 1470 11323 264 6126 3536 152 1847 210 171 139 82 3705 147 145 3731 542
internal_value=-0.000437888 0.00753999 -0.0134262 -0.0078751 -0.0228226 -0.0100132 0.0101648 0.00855957 0.0105259 0.00967782 0.0109685 0.00100231 -0.00331487 0.0144152 0.0416765 0.00992345 0.00757976 -0.0149901 0.0191179 -0.000505246 0.0622797 0.00974491 0.0119458 0.00885448 -0.00715953 0.0271484 0.0332705 0.0402365 0.0622995 0.0900736 0.126713 0.0319922 0.0117237 0.0140279 0.0175931 0.0279734 0.0137906 -0.00210462 0.0283135 -0.00354261 0.0534178 0.0783719 -0.0156594 0.032115 0.09294 -0.00270978 0.00113062 0.0201153 -0.00297913 0.0225795 0.00430031 -0.00239287 0.00842439 0.00706184 0.0426461 0.0612999 0.0864373 -0.00839291 0.0166184 0.0232943 0.107028 0.0209917 0.0315018
internal_weight=4829.43 2991.78 1837.66 1155.2 682.454 389.176 2602.6 2206.93 1813.54 1744.61 1589.44 513.947 368.553 65.6768 26.7957 1493 94.5545 641.254 395.675 393.39 19.0663 36.7099 145.394 1393.11 302.877 96.4329 79.7429 66.2889 26.3007 14.0561 7.74361 68.9253 854.659 675.558 489.764 131.309 358.455 112.141 22.0036 155.174 11.9444 15.1673 294.621 6.67868 3.14856 360.597 266.75 47.4693 219.281 48.7623 538.456 205.286 333.17 320.412 12.7573 11.825 7.82647 45.7922 124.093 89.7323 2.40147 87.3308 52.3932
internal_count=534717 155630 379087 185705 193382 68732 86898 82449 62051 61093 47383 59703 46032 5026 1550 43359 7297 126002 4449 20398 1059 4913 13671 41029 41006 4024 3258 2753 881 504 379 958 21475 15702 10107 3990 6117 19861 1968 13710 857 685 61435 829 364 20180 13649 1818 11831 1802 19554 9662 9892 9530 362 509 310 5495 10921 7216 292 6924 4273
is_linear=0
shrinkage=0.03


Tree=45
num_leaves=64
num_cat=0
split_feature=33 53 12 55 20 194 226 227 22 65 215 23 270 65 60 226 225 44 186 30 132 241 189 175 22 32 63 4 55 267 30 37 217 54 115 113 115 37 62 189 25 113 51 177 141 68 30 125 241 51 259 39 227 46 136 124 83 215 68 60 23 117 25
split_gain=607.636 89.8905 88.3729 58.999 43.4948 43.4398 33.6986 33.1206 34.1942 32.9213 30.1368 31.7208 30.0276 28.8611 27.489 27.1317 26.8475 26.657 25.6729 24.5754 25.5982 25.4899 22.2185 25.1676 21.9084 21.8542 21.2113 20.5657 36.9458 85.9573 21.9218 22.2138 20.1083 19.9111 20.42 24.9142 19.4385 19.4305 21.0245 19.1366 21.3579 48.7013 19.0238 26.7514 45.9226 19.0109 18.9892 40.0412 23.2159 18.9115 18.8843 17.842 17.602 18.7579 17.483 16.841 16.3039 16.2536 15.8883 15.3423 20.257 16.5899 24.1438
threshold=70.500000000000014 32333.945721628075 209.111081612351 409.25375248207388 3004.6449033147305 398.96612721301307 -25.499999999999996 -38.499999999999993 28168.660406092054 -3017.5755559811596 615.46399258975009 1.0000000180025095e-35 -2244.5040462412712 -8181.8801259544871 11745.230476093739 -8.4999999999999982 35.500000000000007 1.0000000180025095e-35 -1.0000000180025095e-35 1.5000000000000002 72967.862718098317 59.500000000000007 -82077.19114771641 -245.09406513007193 11048.616865327827 26.500000000000004 278.46409157342504 40.500000000000007 8512.8502723100701 -1539.8616266895317 17.500000000000004 141055.50644832681 -3.4999999999999996 2.5000000000000004 1597.5595699501803 1542.3602441695559 480.69131408822705 -1.0000000180025095e-35 -2184.2608663249134 -39702.288770350096 4170.694954548263 5340.3109179153262 12695.673199472902 -1.0000000180025095e-35 103.50000000000001 96106.629918163759 2.5000000000000004 2421.3781934834424 59.500000000000007 1.0000000180025095e-35 -2.4999999999999996 5.5000000000000009 42.500000000000007 -548.49999999999989 4.5000000000000009 1.5000000000000002 5076.8436547504689 2255.5462671285754 55802.966212002859 8007.1853119999269 1.0000000180025095e-35 150.02279000000001 3664.2650998253962
decision_type=2 8 2 2 2 10 8 8 2 8 10 2 8 8 10 8 10 10 8 2 10 10 10 10 2 10 8 2 2 8 2 10 10 2 10 10 10 8 10 8 10 8 8 8 10 10 2 8 8 8 10 10 8 8 8 10 8 10 8 8 2 8 10
left_child=2 3 15 4 6 7 37 33 10 25 11 19 22 -13 26 32 -12 24 -10 20 21 45 23 -8 51 -3 42 28 30 -30 31 -5 -1 -4 35 56 -37 -2 -39 40 49 -42 -14 44 -44 -9 -28 -48 -49 -40 -23 57 -27 -54 -22 -19 -35 -17 -21 60 61 62 -7
right_child=1 9 5 27 -6 59 12 8 18 -11 16 13 14 -15 -16 17 -18 55 -20 58 54 50 -24 -25 -26 52 46 -29 29 -31 -32 -33 -34 34 -36 36 -38 38 39 -41 41 -43 43 -45 -46 -47 47 48 -50 -51 -52 -53 53 -55 -56 -57 -58 -59 -60 -61 -62 -63 -64
leaf_value=0.028495469895423089 0.10202346744222805 0.021899942924827814 -0.012366098097715286 -0.016966667940710969 -0.021879745927574693 0.017409299718879192 0.15495942851517655 0.012159736364354331 0.03115014640423111 -0.0088498668851529905 0.017129932617072751 0.085182142868235833 0.0036897910136028298 -0.012059461827806506 -0.016152828368175127 0.012824928746896743 0.089146214407821181 0.033595288577818884 -0.010599702153128247 0.033983927131883265 0.0058034904153833802 -0.025184263542511808 0.0098098505415479369 0.00261762590182817 -0.0004236078693688157 -0.019008154617683539 -0.0099194944347034877 -0.025989424963417697 0.40679101214631191 0.014458801901327355 0.16345557569004632 0.16335567309442475 0.011915771218762271 0.0065879102599711512 -0.0037424225466293737 0.044262074567149493 0.12635887659511419 -0.020896393508758399 0.10904577087615763 0.010901424124622564 0.3183597173996478 0.0029806366075235875 0.21131591617048828 0.020044736030099434 0.0035517757806043048 -0.011506638453850875 0.21226985274658983 0.15291567586622504 0.00048438047202634333 0.007380416532874785 1.9766539030512632e-05 0.001788740085959791 0.0016092904302974819 0.12274326148648682 0.076185186576492855 0.0067820702434546187 0.068996689907474901 -0.015906819621017323 -0.0024906496547783589 -0.015024380526242373 -0.026587604349354123 -0.0018994924927100624 0.10414648521022707
leaf_weight=141.6372411805205 2.3728035425301641 83.173507645726204 7.9915398962330064 86.015699361916631 256.68146773660555 15.509460216388108 2.4221562293823808 287.82988023804501 14.219551862683147 113.50813128962182 106.30945501220413 2.8075736588798463 19.173933915328234 127.21559065161273 275.22774409549311 969.10956360166892 4.8724558823741964 68.610134122893214 195.59359374386258 43.322048441972584 5.5340690375305686 29.419723362661898 9.5798759525641781 1.6346719088032848 182.8065635394305 24.116050451993942 109.15412664273754 613.36389191029593 0.61796266911551356 2.692096628947183 0.61923930305056174 0.6192733587231477 123.01797853922471 10.368051323806872 7.4352369059342882 4.8045481042936427 5.6459751329384744 11.410282128956167 2.4496167157776636 20.61438711965457 0.86003825184889116 0.90374056156724691 2.1057951019611214 7.6768752008210885 1.7558221230283377 34.175011427141726 0.98845523153431436 0.98230798658914964 10.63526338059455 5.0242365482263267 295.37505967961624 170.44503299193457 3.4553625327534974 1.724840397946539 7.4559862152673313 30.433256224729121 5.9177344508934757 18.05018906109035 14.29485375760123 163.45123521587811 16.760848534759134 31.49326612893492 3.5492184702306977
leaf_count=1959 225 4489 319 23334 52834 923 248 14897 120 14781 3740 230 1915 27057 52263 20712 182 367 18692 2047 184 2254 1035 94 8323 2014 18650 181605 156 730 122 95 2318 305 277 195 168 1189 69 1763 109 163 177 707 211 3200 95 149 1899 389 23007 5167 345 91 224 177 213 365 1337 26718 3644 3218 232
internal_value=-0.000431254 -0.0150475 0.00733609 -0.0177981 -0.0118935 0.00186842 -0.00660814 0.00414229 0.00319967 0.00254819 0.00560066 0.00367396 -0.00909471 -0.00995974 -0.010492 0.0119607 0.020286 0.0103376 -0.00777021 0.00614494 0.00450412 0.0036667 0.0347292 0.0935743 0.00922783 0.0140515 -0.000273621 -0.0240191 -0.0106743 0.0877042 -0.0144064 -0.0156777 0.0207888 0.0302643 0.0402341 0.0524637 0.0886155 0.0185417 0.0137411 0.0269805 0.0628621 0.156763 0.0220059 0.0524423 0.116849 0.00964798 -0.00589333 0.0289688 0.013373 0.0407021 -0.0022632 0.010752 -0.00823069 0.041943 0.0462009 0.0253563 0.0292653 0.0122996 0.0249345 -0.0100603 0.00199361 0.0114699 0.033562
internal_weight=4817.02 1671.56 3145.46 1445.58 741.654 1441.35 484.972 1210.59 1168.42 225.978 958.612 847.43 441.337 130.023 427.7 1704.11 111.182 1439.45 209.813 717.407 659.79 646.8 13.6367 4.05683 1340.41 112.47 152.473 703.928 90.5643 3.31006 87.2542 86.635 264.655 42.1631 34.1715 26.7363 10.4505 43.6351 41.2623 29.852 9.23763 1.76378 30.7124 11.5385 3.86162 322.005 121.76 12.606 11.6176 7.47385 324.795 1157.6 29.2963 5.1802 12.9901 99.0434 16.2858 987.16 57.6169 230.764 67.3128 50.5519 19.0587
internal_count=534717 361946 172771 340226 134184 133383 81350 98648 97171 21720 78359 74437 77443 27287 76066 39388 3922 35111 18812 47150 43766 43358 1377 342 34567 6939 23803 206042 24437 886 23551 23429 4277 1477 1158 881 363 3907 3682 2493 730 272 3010 1095 388 18097 20793 2143 2048 458 25261 26244 2450 436 408 544 518 21077 3384 34735 8017 4373 1155
is_linear=0
shrinkage=0.03


Tree=46
num_leaves=64
num_cat=0
split_feature=33 13 226 23 17 2 226 17 11 247 4 11 22 174 20 9 221 79 99 39 154 23 60 78 270 146 140 83 22 89 210 250 173 193 116 193 62 78 22 116 226 32 204 247 179 35 99 106 87 140 221 60 226 159 251 183 232 3 45 173 146 158 100
split_gain=577.377 97.1178 80.479 75.8682 51.269 48.6786 47.217 41.1913 35.0724 31.0272 35.0443 30.7263 30.4458 30.3505 29.1365 27.7556 26.6949 26.2644 25.2825 24.6388 34.7557 24.2115 23.9936 25.1009 23.386 23.2466 23.0544 22.5727 20.6262 20.6 20.1845 23.2109 20.1717 19.8949 19.7342 24.6492 31.9555 19.5444 18.7696 18.7138 18.2804 18.0282 17.9734 17.1527 16.1541 15.482 23.8872 22.2251 19.3318 24.2698 15.1951 19.2924 28.5138 18.5125 16.4753 21.5885 15.1793 15.5025 17.2841 15.1657 20.2795 29.7781 15.002
threshold=70.500000000000014 1.0000000180025095e-35 -25.499999999999996 1.0000000180025095e-35 1.0000000180025095e-35 1.0000000180025095e-35 -4.4999999999999991 7759.2896064684746 -2274.631880964133 8072.8597621950021 54.500000000000007 -8608.7084387945124 22102.248524378836 -943.10868987982087 787.26237430892422 329.03560836903108 3.5000000000000004 2246.6714718890466 94690.497299989875 1.5000000000000002 -455.49999999999994 1.0000000180025095e-35 11745.230476093739 78875.684325117632 2059.0191978513744 137932.52193803704 31.500000000000004 7190.1494624695297 77759.603188530527 1122877.8375942381 -3474.1982862877362 -1470.5959200741015 284.90099391364498 -9.4999999999999982 -1317.0756948576998 -6.4999999999999991 -466.03270926737491 83864.525504872159 16379.165308415812 275.08460931791603 -25.499999999999996 1.5000000000000002 -12703.9529561008 3667.6048320561454 -1.0000000180025095e-35 95931.987971575698 166125.87395885665 18.500000000000004 78.500000000000014 22.500000000000004 1.5000000000000002 13593.881502481285 -5.4999999999999991 2130.6162765587255 -6089.4958176521895 487.61628530130605 30.500000000000004 39.500000000000007 189380.99459997975 -541.57498391646357 43774.924406355007 4447.5000000000009 -425.49999999999994
decision_type=2 2 8 2 2 2 8 2 2 10 2 2 2 10 2 8 10 10 10 8 10 2 8 10 10 8 10 10 2 10 8 8 10 10 10 10 10 10 2 10 8 10 10 10 10 8 10 8 10 10 10 10 10 10 8 10 8 2 10 8 8 8 10
left_child=1 8 27 5 50 6 43 12 -1 21 13 29 14 17 19 28 -16 -11 38 20 -7 22 34 -24 -5 -22 -26 30 32 -9 31 -2 -8 -25 -6 36 -36 -21 42 41 -40 -34 -10 -3 -41 46 47 48 49 -37 53 52 -52 -4 -55 -56 -43 -58 -59 -17 61 -61 -20
right_child=2 3 4 24 9 7 15 11 18 10 -12 -13 -14 -15 16 59 -18 -19 62 37 25 -23 23 33 26 -27 -28 -29 -30 -31 -32 -33 39 -35 35 45 -38 -39 40 44 -42 56 -44 -45 -46 -47 -48 -49 -50 -51 51 -53 -54 54 55 -57 57 58 -60 60 -62 -63 -64
leaf_value=0.024080761261035654 0.023409589738863722 0.021198563731506026 -0.0086994836055776532 -0.014710503823218014 -0.014363253806940673 0.017018304909946363 0.0069252729819898788 0.012222094481300691 0.036133190857435354 0.066985910975869298 -0.0073872287359503398 -0.013413349081671329 -0.010159519053113396 0.0094721835472105619 -0.016426099435997144 -0.014839337292300843 0.07356783174563844 0.23603547034041539 0.035498932002600819 0.0056903289549998341 0.11412107457011191 -0.023810424398513774 -0.019276323367663717 0.12901846738312719 0.018195515298035241 0.020330887085990762 0.17068034218601319 -0.0070436177065045669 -0.013129148696990361 0.10939875091780076 0.011002167262805125 0.11735577752510438 0.0082974284448225858 0.010841809866173592 0.0092473204374780727 0.15677949267429969 0.18114020987670748 0.064311896500143684 0.057356382779785872 0.014174451463085226 -0.0036822635487115092 0.006551366942606645 0.009451195931559098 0.077376904484979261 0.046202184481708208 -0.0094691418600650838 0.16227541866314016 0.14053525564944164 -0.0076344374015175622 -0.010659991722504463 0.15630599884463886 0.00011534712007272306 0.021913024752504003 -0.0035463995955801867 0.089951257908590598 -0.005660485013552259 0.063187658382861916 0.0069497618379928527 0.054044851595184323 0.13428433284265501 0.00065980531133793174 -0.0086746298843824367 -0.01486031957491067
leaf_weight=331.93371400842443 6.9433778044767678 211.78538264567032 165.59031027974561 204.89650429249741 60.669170579407364 88.270902964286506 511.80120849749073 27.301376155577604 26.946889125276357 2.1351755198556934 21.956384415505454 222.59053336270154 108.05139937624335 3.7457954243291196 60.746727412100881 62.011871255934238 3.1187998531386247 1.3501995925325898 46.412641985341907 436.89266164088622 5.9032933088019464 655.91572071076371 490.25876582064666 1.5027798665687431 6.1841549032833418 3.9832559088245043 1.0428498180117456 64.259523714892566 34.412489853333682 2.1154249543324104 72.73617981094867 3.5909801679663342 185.11523092538118 8.7307718270458263 2.2761636930517857 1.6033885269425909 1.700577635783701 5.1792652267031363 4.5786396134644747 25.359128584619612 124.22567856451496 22.541775352787226 144.9018682281021 5.0070846714079371 32.132210259791464 27.340977972606197 1.089832633268087 1.2292557517066587 13.186395660275592 1.5154851409606633 2.0750951687805355 11.734463654458521 4.5064633013680604 10.194905215874313 5.3984213760122675 3.5055840983986855 13.780727645847945 18.588421531952921 11.263221439439802 2.5438351863995186 158.27267918828875 2.7065835087560117 6.0137740194331846
leaf_count=1967 304 8181 20400 41264 11035 3812 15936 1716 379 202 3723 32939 7485 489 4199 6343 179 151 1793 16232 203 197765 103580 192 1168 144 190 7906 2475 115 6203 141 3099 1074 323 189 169 125 122 688 6020 719 2643 101 607 3759 143 164 1616 179 106 813 361 518 264 177 281 566 361 180 10017 225 297
internal_value=-0.000425082 0.00708341 -0.0148271 0.00431515 -0.0169076 0.00592426 0.00971866 0.000818674 0.0170797 -0.0191031 0.0114777 -0.0096052 0.00450737 0.0687582 0.00713076 0.00715506 -0.0120313 0.132474 0.0104979 0.00939609 0.0229926 -0.0198075 -0.0155111 -0.0183057 -0.0128398 0.0763333 0.0401989 0.00631465 0.00962453 0.0192103 0.0166232 0.0554342 0.0105787 0.0281959 -0.00286636 0.0111 0.082754 0.00637713 0.00714563 0.0166343 -0.00151251 0.0131018 0.0136351 0.0224961 0.0320749 0.00490073 0.025996 0.0175258 0.0082521 0.0754193 -0.00288909 0.0231739 0.0642857 -0.00547381 0.0224932 0.0523081 0.0265414 0.0368689 0.024719 -0.00220661 0.00258402 0.0605892 0.0297223
internal_weight=4805.35 3158.61 1646.74 2473.6 1499.21 2261.48 1297.32 964.154 685.013 1296.21 29.1876 252.007 712.146 7.23117 604.095 1080.53 63.8655 3.48538 353.079 540.229 98.1575 1267.02 611.104 500.492 212.124 9.88655 7.227 147.53 854.994 29.4168 83.2705 10.5344 820.582 10.2336 110.611 49.9421 3.97674 442.072 300.653 308.781 128.804 251.289 171.849 216.792 57.4913 45.9653 18.6244 17.5345 16.3053 3.11887 203.005 18.316 6.58156 184.689 19.0989 8.90401 66.1741 43.6324 29.8516 225.535 163.523 5.25042 52.4264
internal_count=534717 172771 361946 159550 347392 116928 49779 67149 13221 324753 4565 34770 32379 842 24894 41497 4378 353 11254 20516 4159 320188 122423 104846 42622 347 1358 14554 24732 1831 6648 445 22257 1266 17577 6542 492 16357 9164 6321 6142 5026 3022 8282 1295 6050 2291 2148 1984 368 22639 1280 467 21359 959 441 1927 1208 927 16765 10422 405 2090
is_linear=0
shrinkage=0.03


Tree=47
num_leaves=64
num_cat=0
split_feature=17 23 14 55 14 11 22 1 267 183 97 14 66 246 44 1 259 23 115 267 227 227 115 31 227 16 148 253 136 39 119 89 54 66 130 112 221 250 257 68 17 76 1 106 265 71 221 194 8 62 47 27 251 63 209 14 170 59 1 4 55 195 244
split_gain=480.399 127.513 123.983 46.7694 39.9963 39.1373 38.096 35.5679 40.4795 29.9163 29.6706 26.9145 26.1365 26.4943 25.4345 27.3308 38.8924 25.0025 25.7276 23.8409 22.6628 22.4939 25.3034 22.1133 23.6979 21.9586 21.226 40.702 21.1292 20.581 29.8277 31.4198 20.3504 24.7717 19.7085 30.9546 24.2103 22.5585 19.2661 18.9876 23.3968 18.9352 18.6524 18.9143 44.6217 59.5033 18.7122 24.4258 29.7001 18.2619 17.7523 17.687 18.1428 23.1502 18.118 25.9206 17.6705 18.3234 17.3406 16.4404 29.5309 42.8572 17.7633
threshold=6445.3348615886898 1.0000000180025095e-35 1379.0064308879853 409.25375248207388 79863.926260527252 -2731.8544827623791 16379.165308415812 202001.50000000003 704.0519450548145 317.39362997965503 26243.004917966908 -8150.6279628174116 1.0000000180025095e-35 6068.238004045711 1.0000000180025095e-35 202101.50000000003 -2.4999999999999996 1.0000000180025095e-35 1225.0660639305963 1628.4052540621324 -5.4999999999999991 -15.499999999999998 285.04211580857503 1.0000000180025095e-35 -38.499999999999993 13.500000000000002 1830.5000000000002 59.500000000000007 11.500000000000002 2.5000000000000004 -157.49571815751946 158904.62338599723 5.5000000000000009 1.0000000180025095e-35 11461.074654769141 110.50000000000001 1.5000000000000002 -6528.4541050725811 182274.29584211233 20724.184202380431 3733.2785145112093 82027.33300761359 202051.50000000003 22.500000000000004 -1.4999999999999998 58089.648305110975 1.0000000180025095e-35 1675.0699373049745 -695.05456645962602 -5928.3279280901143 164964.17027589734 1189.1115424230209 -14322.784535787416 208.89023712959104 138347.44402902038 3259.2540768480844 922.32881389348188 12748.213755188079 202051.50000000003 40.500000000000007 8512.8502723100701 -4395.1577472902563 -1.4999999999999998
decision_type=2 2 2 2 2 2 2 2 8 10 10 2 8 8 10 2 8 2 8 8 8 8 8 2 8 2 10 10 10 8 10 10 2 10 10 10 10 10 8 10 2 10 2 10 8 8 10 10 10 8 10 2 10 10 10 2 10 8 2 2 2 8 8
left_child=1 4 3 9 6 19 14 8 -8 12 50 -10 13 -2 15 16 -1 18 42 -3 32 25 26 24 -13 29 -23 -28 -12 30 -14 -32 39 -34 36 -36 -17 -38 -16 -18 -41 49 -4 46 45 -45 -44 -48 -49 -22 -5 54 -53 -54 -7 -56 57 -15 -21 60 62 -62 -19
right_child=2 5 17 10 -6 51 7 -9 11 -11 28 23 21 56 38 34 20 59 -20 58 41 22 -24 -25 -26 -27 27 -29 -30 -31 31 -33 33 -35 35 -37 37 -39 -40 40 -42 -43 43 44 -46 -47 47 48 -50 -51 -52 52 53 -55 55 -57 -58 -59 -60 -61 61 -63 -64
leaf_value=-0.015154248187073366 0.01073656890314221 -0.011887326049829084 -0.014633190250400521 -0.023477684209956867 -0.0038407744591166925 -0.017377091568183792 -0.0068287566627172015 -0.012239143196248898 0.02735410974465954 -0.011721041494248309 0.093452965358308854 0.060861695329448878 0.025124705808270545 0.015187254949162317 0.018942937851274672 0.0140169578055421 0.0039544729413536622 0.049025664109517121 -0.018408705649049294 0.02786553714610561 0.062816024481429936 0.0042140359712538843 -0.0068796021642603157 -0.0056279496084984948 0.011330331686980902 -0.005759703182457881 0.13045024384872206 0.012842760636728767 -0.008873597444794195 0.019339597576916397 0.057380353068707847 0.22798535705268944 0.038539025034354683 0.014490050811737131 0.066818829328329402 -0.00048823395177390825 0.010133257770833267 0.072761549724637428 0.04701124879477344 0.02415027423543991 0.12853942748017602 0.041578043109904858 -0.0027113560937101328 0.39860315440542565 -0.016814718509931655 0.033433815788351799 0.0006822749919855618 0.019301858667403523 0.19272341829744175 0.0064977920849620127 0.023564325802093503 -0.015072624593596139 0.0038694962764137275 0.15998577587895155 0.17286864862910895 0.0068671586017696289 0.095619670937721737 0.085155287815499053 -0.011275362324221343 -0.025460221461461471 0.22334560534501502 -0.0019016826117219218 -0.018531979688461292
leaf_weight=59.152012094389647 94.157935173716396 36.244535409845412 82.781861270545051 125.37442791718058 196.38674280559644 269.84378993837163 124.92327460553497 110.62914456194267 88.737026836257428 110.28981181560084 3.5761157935485235 9.7540844189934433 4.4858608150389045 13.565174300223589 130.28058760613203 520.84464852558449 113.85288969893008 3.7711330787278712 446.79277138784528 45.366670205723494 5.2130484357476234 23.009946928825229 196.45762633206323 71.744889584369957 79.948360728099942 15.604551722295581 4.0692744301632029 7.5850675629917532 3.6902150299865752 15.247770297806712 2.0408048378303634 1.8543027369305489 64.733225549571216 95.2974833403714 16.585576848592613 9.7733424277976138 8.8767330534756201 12.416619555559008 26.483183432370424 13.493257937487213 2.2553521618247023 14.349659721832721 70.520897238515317 0.69944003084674444 2.2457803066354241 0.94311453588306915 4.8138225656002742 1.8122099770698699 1.7442061661276964 867.37647776445374 7.6609632165636858 3.59306750446558 1.7199472717475139 1.6996626567561177 1.0263863669242699 4.8322335374541581 5.1384247080422929 4.4814808787778064 13.136806117603554 464.82713516848162 1.1834266441874204 2.1259305931162085 49.23024807847105
leaf_count=2255 6628 4545 16253 34377 17198 59591 8063 5461 1102 13645 246 95 323 726 658 11291 2463 930 97733 1816 85 1741 25913 3132 2803 2098 190 703 293 1324 168 153 805 3418 234 200 132 243 153 702 209 91 10458 113 451 190 662 282 203 26105 843 355 120 191 110 1068 233 180 936 146697 253 559 14519
internal_value=-0.000418744 0.00685585 -0.0128206 -0.00224521 0.00918519 -0.00945489 0.0102307 0.00270921 0.00711787 0.00206517 -0.0175445 0.0140818 0.00598698 0.0178102 0.0120938 0.0110867 0.00858229 -0.0187758 -0.0146655 0.00723175 0.00977564 0.000855303 -0.00270997 0.00678683 0.0167163 0.0218582 0.0209211 0.053907 0.0414863 0.0400973 0.0778624 0.138598 0.0170617 0.024218 0.0165305 0.0418628 0.0152988 0.0466532 0.0236847 0.00822518 0.0390998 0.00739636 -0.0045638 0.00550588 0.0700991 0.188932 0.00232226 0.0447314 0.104355 0.00683425 -0.0207687 -0.0150472 0.0320021 0.0814646 -0.0162439 0.0359494 0.0465374 0.0325622 0.0190765 -0.0236056 -0.00829649 0.0786468 -0.0137251
internal_weight=4792.35 3020.57 1771.78 638.29 2643.11 377.463 2446.72 485.737 375.108 497.988 140.302 250.184 387.698 117.343 1960.98 1804.22 1235.72 1133.49 612.354 94.748 1176.57 270.355 231.122 161.447 89.7024 39.2333 34.6643 11.6543 7.26633 23.6287 8.38097 3.89511 289.632 160.031 568.497 26.3589 542.138 21.2934 156.764 129.601 15.7486 886.939 165.561 82.7795 3.88833 1.64255 78.8911 8.37024 3.55642 872.59 133.035 282.715 7.01268 3.41961 275.702 5.85862 23.1851 18.0467 58.5035 521.138 56.3107 3.30936 53.0014
internal_count=534717 155630 379087 89784 86898 68732 69700 20656 15195 54025 35759 7132 40380 7767 49044 48233 36133 289303 126345 7297 33878 32613 28547 6030 2898 4066 2634 893 539 1968 644 321 7597 4223 12100 434 11666 375 811 3374 911 26281 28612 12359 754 303 11605 1147 485 26190 35220 61435 666 311 60769 1178 1139 906 2752 162958 16261 812 15449
is_linear=0
shrinkage=0.03


Tree=48
num_leaves=64
num_cat=0
split_feature=17 14 14 22 227 266 87 204 172 22 140 66 133 44 22 66 120 255 78 81 208 0 189 158 227 50 125 235 265 133 0 227 65 221 247 265 50 81 22 172 87 2 131 115 219 159 177 94 0 265 181 158 102 38 122 105 157 177 8 182 145 48 156
split_gain=455.717 120.576 84.4242 43.1219 39.0151 38.2281 46.944 31.2638 30.8599 28.7186 28.1103 27.5592 26.8493 25.8032 25.4075 24.9983 22.3489 21.7674 21.6444 20.5058 20.9736 19.8588 27.7266 19.7199 19.6184 24.2211 20.0869 19.337 18.4046 19.3029 18.1876 17.6253 19.4309 20.3319 20.0531 34.9319 17.3408 17.1107 17.1848 19.7232 16.9346 16.2891 16.9936 20.7776 21.6343 29.0429 16.2455 21.7511 27.7036 16.2071 15.7731 20.553 21.3943 23.8456 16.7644 15.7503 17.6187 15.5842 16.7581 16.1831 15.0126 14.9706 16.1719
threshold=6445.3348615886898 1379.0064308879853 35152.103847702405 16379.165308415812 -38.499999999999993 8233.521365449853 72.500000000000014 -4423.740426832398 999.82160016607315 504629.39387559146 6.5000000000000009 236.66287599304505 2703.3934325215387 1.0000000180025095e-35 1.0000000180025095e-35 18735.821376280986 3091.6667417687054 348.99020993843448 1.0000000180025095e-35 1188.3793476783374 -92373.580483409824 20381360.000000004 -3585.3382865907934 207.50000000000003 -12.499999999999998 5746.5000000000009 3874.3131233032168 52042.717331171771 1.5000000000000002 4147.3941525731607 37211335.500000007 -15.499999999999998 16436.036836447605 10.500000000000002 8072.8597621950021 -3.4999999999999996 602.50000000000011 1928.1780567293138 86478.173921436843 -998.94811062400356 29.500000000000004 1.0000000180025095e-35 1.0000000180025095e-35 227.14581823880255 -6250.4995891229983 3743.3627051103613 -184.65148091494299 6405.5000000000009 14870090.500000002 -17.499999999999996 -1.0000000180025095e-35 4447.5000000000009 241244.17653191401 168232.43344429441 36037.488049860935 26942.645539153466 4.5000000000000009 -22.550782443218022 -186.30820110523447 -57.386624231271973 3127.8942770190756 286837.33962950285 263602.75668780244
decision_type=2 2 2 2 8 10 10 8 10 2 10 10 10 10 2 8 8 8 10 8 10 2 8 10 8 10 10 10 10 10 2 10 8 10 10 8 8 10 2 10 10 2 8 8 10 10 8 10 2 8 8 10 10 8 10 8 8 10 8 10 10 10 10
left_child=2 5 3 7 17 6 8 -1 46 50 16 57 13 18 21 41 -7 -5 24 20 -20 22 -10 -15 25 -9 36 55 -23 40 -11 32 33 34 -8 -36 -26 -13 39 -39 -30 42 43 44 45 -3 -2 -48 -49 -45 51 54 53 -53 -4 56 -18 58 59 -6 -52 62 -38
right_child=1 15 9 4 11 10 31 12 14 30 -12 37 -14 23 -16 -17 27 -19 19 -21 -22 28 -24 -25 26 -27 -28 -29 29 -31 -32 -33 -34 -35 35 -37 61 38 -40 -41 -42 -43 -44 49 -46 -47 47 48 -50 -51 60 52 -54 -55 -56 -57 -58 -59 -60 -61 -62 -63 -64
leaf_value=0.026330648403047888 -0.014816660699762089 -0.0097486288319387493 0.026378649117312317 -0.012492836954841472 0.051349488696987237 0.013938668536041863 -0.0098108051099364251 0.016331552336969771 0.16311547754452671 0.0048543039278354924 -0.0090699651443886687 -0.01202901640429194 0.023934891015675176 0.047882187261663232 -0.021694591151045384 -0.021846629201176051 0.02137012325046686 0.024833714301169322 0.033723493147925415 0.06485879045067533 -0.010790515747356622 0.014004491829670444 0.031495692193603306 0.016400473627358265 0.0014130112815468729 0.079392786007664667 -0.0043812822027513854 0.12952597955114584 0.093709525138865157 0.11809168438764958 0.10411993877015979 -0.020013120464995697 0.1159932951937946 0.13803811373631775 0.15954448769793783 -0.03043035901955074 0.011390589678353033 0.0054758619954130864 -0.0018507192253272766 0.1110255406867999 -0.013305625553320322 -0.017213836658475763 -0.020759089162326293 0.1141879879003268 0.013907362814876818 0.16119187640268026 0.0010386988582194092 -0.0031153923749126797 0.15176247382407129 -0.0051253260482726276 -0.006801515362324549 0.041299254417433866 0.0080376068093549503 0.17424513799930161 -0.015026577417870781 0.0070434213953147126 0.10071143795821688 -0.0082227268132333189 0.0054164833661946073 0.005733647403670647 -0.02766061687509147 0.0035272977861719301 0.030964121728976897
leaf_weight=109.53333961823955 64.443516574800014 1.4457800379022949 13.077303815633057 16.934750872431323 15.353953601792456 22.869461803464219 67.325013109249994 174.77093255729415 2.3089918161276728 3.2078868779353789 20.114956302568316 212.46747354208492 114.49266624893062 23.375238600652665 10.090397586580364 725.62199643487111 4.3103300952352548 82.857889464125037 10.50069644092582 3.7269606560003004 102.65743455290794 36.41617665044032 3.8293423117138436 76.554178326390684 230.84291895083152 5.6591384117491534 112.10027506691404 2.8753757323138407 2.1572602107189578 3.4148228361736983 3.4453470413573086 168.58653488499112 1.2274291783105571 0.890876340912654 1.7319847871549425 1.7525683706626289 794.28299065120518 3.2272004706319422 13.976685600820927 3.1471215672791031 3.4740231314208359 240.38883062964305 41.599923555040732 1.0366838604677469 12.118338619358836 2.346080893650651 202.48765319166705 2.193922928068786 1.9753124662674961 88.176742891548201 342.87135334522463 3.4430679280776513 6.8687165065202862 1.8757235258817671 26.9120697688777 6.1181815681047782 6.0609192235861009 60.948572504334152 154.83857433707453 12.864146298728881 34.145758335478604 219.8732216078788 39.897877730894834
leaf_count=1420 6815 137 758 473 330 1130 12308 3974 133 245 1840 20555 4087 149 1130 206571 312 1018 626 214 17026 1973 276 409 7559 228 5088 127 98 234 141 39506 146 142 127 199 16070 224 944 190 307 55403 11733 151 1115 234 21647 213 182 13959 48677 266 443 117 2379 584 355 2309 5829 394 5941 6735 812
internal_value=-0.000412674 -0.0126048 0.00662483 0.00867689 0.00144158 -0.00219238 -0.00461455 0.010744 0.00269222 -0.0055924 0.0201185 -0.00212839 0.00984956 0.00895076 0.021843 -0.0185623 0.0340201 0.0184994 0.00807705 -0.00437935 -0.00665976 0.0303567 0.0810057 0.0237646 0.00900005 0.0183095 0.00779769 0.0577359 0.023518 0.061816 0.0562586 -0.0146828 -0.00236078 -0.00438687 -0.00617876 0.063996 0.00886024 -0.00951196 0.0167665 0.0575877 0.0276903 -0.0124061 -0.0045291 0.0018935 0.0334759 0.0960148 -0.0016657 0.00243528 0.0702631 -0.00373887 -0.00655119 0.00890826 0.0430145 0.0881839 -0.00148626 0.0452174 0.0677369 0.00491667 0.00929142 0.030554 -0.00869069 0.0104912 0.0123268
internal_weight=4780.12 1749.39 3030.73 2594.88 576.616 636.655 574.306 2018.27 332.791 435.847 62.3492 476.824 1908.73 1794.24 61.691 1112.73 42.2343 99.7926 1694.31 116.885 113.158 51.6006 6.13833 99.9294 1577.43 180.43 1397 19.3648 45.4623 9.04611 6.65323 241.514 72.9279 71.7004 70.8096 3.48455 1284.9 232.818 20.351 6.37432 5.63128 387.112 146.724 105.124 15.9102 3.79186 271.1 206.657 4.16924 89.2134 429.194 52.1769 12.1875 5.31879 39.9894 16.4894 10.3712 244.005 183.057 28.2181 377.017 1054.05 834.181
internal_count=534717 379087 155630 96663 32266 89784 85436 64397 33008 58967 4348 30775 62977 58890 4151 289303 2508 1491 58332 17866 17652 3021 409 558 40466 4202 36264 1378 2612 639 386 52428 12922 12776 12634 326 31176 21913 1358 414 405 82732 27329 15596 1486 371 28857 22042 395 14110 58581 3963 826 383 3137 1251 667 8862 6553 724 54618 23617 16882
is_linear=0
shrinkage=0.03


Tree=49
num_leaves=64
num_cat=0
split_feature=33 10 12 14 265 56 34 10 103 43 247 156 225 14 1 151 47 245 117 61 188 245 177 177 227 22 0 1 14 99 39 265 208 71 213 36 224 99 172 135 60 19 188 247 56 188 256 255 263 244 201 208 171 30 47 176 123 39 227 8 27 172 73
split_gain=504.881 85.9464 82.8307 52.2244 46.6418 27.5245 26.1478 26.0118 24.2155 23.9336 22.941 30.3284 22.6779 24.0692 20.4308 22.4372 24.4047 34.5596 24.7006 22.8086 19.9396 18.8185 18.6534 20.7222 23.0068 18.2724 18.1984 53.5185 17.9461 23.3092 27.5343 23.9927 17.7568 17.3278 17.9124 17.1952 22.9357 27.1137 18.2101 20.2254 18.9811 16.6454 16.5538 16.4912 16.4749 16.2672 16.2283 16.14 15.9241 15.5672 16.5362 15.3203 20.6321 15.267 29.8173 32.8171 14.9705 48.5886 14.5822 16.2836 16.7543 15.4105 15.5466
threshold=70.500000000000014 6.5000000000000009 10524.572870162066 20078.288627705155 -3.4999999999999996 1.0000000180025095e-35 1.0000000180025095e-35 7.5000000000000009 20.500000000000004 245.13886936655854 8072.8597621950021 137932.52193803704 74.500000000000014 1.0000000180025095e-35 201956.50000000003 26004.097868101129 2358.6269094291715 1.0000000180025095e-35 3235.8061483235224 2059.3016413238397 -102176.85508710012 -1.0000000180025095e-35 -643.75390864585086 -117.25688954089591 1.0000000180025095e-35 28168.660406092054 54259455.500000007 201907.50000000003 54814.10636290424 151409.19009986499 1.5000000000000002 -1.4999999999999998 -92373.580483409824 12467.11458938991 1.0000000180025095e-35 -1200.9999999999998 34.500000000000007 217119.75887872261 1.0000000180025095e-35 2146.5044659365226 27061.540677652843 7.5000000000000009 22661.635089776326 -304.01488312620438 1.5000000000000002 -66095.455875399071 -8007.6986452260016 57383.811188545915 -56.642893198965503 -1.0000000180025095e-35 20976.862425201092 -16147.873465593211 -972.66422160696072 11.500000000000002 19762.10695788349 -18.340144048881992 1.5000000000000002 5.5000000000000009 -15.499999999999998 1.0000000180025095e-35 1579.98774840687 1697.3729951657372 1.5000000000000002
decision_type=2 2 2 2 10 10 10 2 10 10 10 8 10 2 2 10 10 8 10 10 8 10 10 8 8 2 2 2 2 8 10 10 8 10 10 8 10 10 10 8 8 2 8 8 10 8 8 10 8 10 8 8 10 2 8 10 10 8 8 10 2 10 10
left_child=1 6 4 5 10 8 9 20 35 12 21 -12 13 44 15 16 17 19 -19 48 26 32 -10 24 -24 33 28 -28 29 30 31 -4 -2 34 -15 36 41 -38 -37 -40 -41 45 -18 -35 51 -3 -25 -6 -7 50 -49 52 -1 -22 55 -55 -5 -58 59 60 -53 62 -60
right_child=2 3 7 56 47 14 -8 -9 22 -11 11 -13 -14 25 -16 -17 42 18 -20 -21 53 -23 23 46 -26 -27 27 -29 -30 -31 -32 -33 -34 43 -36 38 37 -39 39 40 -42 -43 -44 -45 -46 -47 -48 49 -50 -51 -52 58 -54 54 -56 -57 57 -59 61 -61 -62 -63 -64
leaf_value=0.11984061211860214 0.06671238900673622 0.07101867778001518 0.29271306004100334 -0.010694261825306538 -0.014548693822285163 0.071155977237958343 0.022654790862050415 -0.024034291759023382 -0.0067433502542478124 -0.0070130517068899426 0.098425099853177114 0.01339331412141965 0.079938310668210916 0.0081287251647223918 -0.012482144913582505 0.050470740308242328 -0.0073601310853109881 0.001705912383372787 0.06909715128556812 0.10154803799679157 -0.016967274195662147 -0.018822028885739372 0.15318052881231226 -0.0076542103587618577 0.02877104155302472 -0.0068352239714701887 0.2704163103755588 0.002793779949857926 -0.015995154831770091 0.00030198575824287333 0.023773787260472259 0.068734778593962625 0.0039193004573614548 0.078961490180898028 0.030259864237052445 0.0057111209444613937 0.0055124819128784929 0.14046074102325701 0.013790311622560076 0.056877068645801915 -0.0085694400307500113 0.069275250291376642 0.089408606753831388 -0.011829434815940145 -0.008521839656921059 -0.002787360092268498 0.046959503143239184 0.021596370241819741 0.0085794591547409156 -0.01792161743575605 0.13633585929966818 0.029873397633863024 0.016366913922880953 0.032947239027363309 -0.022233839056672956 0.27779115650196085 -0.030316953559837947 0.21699939696213402 0.010810535704750374 0.015654776636943809 0.079059008653925344 0.026166733303438768 0.054985478280916739
leaf_weight=2.8968390177469701 4.1378824380226433 2.7184325722046196 0.83273997902870178 295.62476515118033 308.72707507456653 5.2881921925581992 159.43850289983675 533.57513019372709 8.8976373092737031 71.855852100765333 5.0974119775928584 14.552912404062225 4.2476012567058197 399.37789804814383 114.80320237996057 8.3938973562326264 190.12706699036062 150.1518491266761 5.0598376460839054 4.8452555693220338 413.78135755169205 34.321560948621482 2.911113282199949 6.9612172809429467 2.4753431542776525 88.117317417636514 0.89772296231239979 2.6807530326768756 25.104793925303966 9.8041703137569129 2.7280959615018219 0.89097951375879059 197.74906017258763 1.868886280339211 35.870860085356981 268.69574645254761 3.2810580709483466 2.2649873085319996 116.9512998952996 19.734392618527636 4.9985226844437447 2.9896926968358448 1.6044247373938549 49.253419335233048 29.256857409607619 237.30609212443233 16.511890745954595 12.285936559084805 11.886826862115418 9.5173453183379007 1.2450112958904345 25.910715354140848 4.3216290643904358 1.37224683072418 3.3801051573827863 0.76864620298147102 2.0751179854851207 1.0907338054385038 681.9196527893655 58.838289737468585 8.2072039307095093 68.784019460901618 7.2463213754817835
leaf_count=147 290 186 137 44704 57575 214 916 151632 473 5270 183 577 270 23231 6786 188 19354 7218 246 194 108462 5282 131 322 146 5251 184 571 6385 1815 529 147 24524 235 877 13027 235 123 4431 550 218 226 94 7273 508 11592 709 1375 600 1092 103 433 230 231 722 130 296 137 13534 694 134 1032 336
internal_value=-0.000405982 0.00647686 -0.0142506 0.00121281 -0.00531855 0.00403072 0.0110904 -0.0195214 0.00786732 0.00989152 0.00430593 0.0354511 0.01072 0.0105189 -0.00140034 0.00197107 0.000867703 0.00889265 0.00390284 0.0440637 -0.0143121 0.00171495 0.0312325 0.0429408 0.0960082 0.00573468 0.0051586 0.0699315 -0.00073022 0.0261513 0.083079 0.17694 0.00520631 0.00801201 0.00995265 0.0065285 0.000301505 0.0606249 0.0103001 0.0190028 0.0436503 -0.00107519 -0.00655036 -0.00851038 0.0136162 -0.00195146 0.0307632 -0.0127408 0.0278468 0.0114761 0.0321538 0.014371 0.0578919 -0.016306 0.0332516 0.120854 -0.00999935 0.0548912 0.0140018 0.0252161 0.0417052 0.0126264 0.011275
internal_weight=4768.51 3185.06 1583.45 1487.65 587.634 1188.86 1697.41 995.817 696.697 1537.97 255.859 19.6503 1466.12 1461.87 492.161 377.357 368.963 177.232 155.212 22.0203 462.242 236.209 37.7572 28.8596 5.38646 574.488 42.9393 3.57848 39.3608 14.256 4.45182 1.72372 201.887 486.371 435.249 658.94 248.56 5.54605 410.38 141.684 24.7329 243.014 191.731 51.1223 887.382 240.025 23.4731 331.775 17.175 23.0483 13.5309 858.125 7.21847 419.302 5.521 2.14089 298.791 3.16585 850.906 92.9562 34.1179 757.95 689.166
internal_count=534717 172771 361946 112400 91001 67263 60371 270945 32369 59455 30856 760 54185 53915 34894 28108 27920 8472 7464 1008 119313 30096 1781 1308 277 36867 9768 755 9013 2628 813 284 24814 31616 24108 30588 12362 358 18226 5199 768 12004 19448 7508 17048 11778 1031 60145 814 2570 1478 16540 377 109545 1083 361 45137 433 16163 1261 567 14902 13870
is_linear=0
shrinkage=0.03


Tree=50
num_leaves=64
num_cat=0
split_feature=12 16 16 203 55 227 20 22 180 213 11 12 120 1 217 24 180 1 193 1 1 26 53 76 271 271 49 94 159 16 3 100 227 64 159 264 226 1 265 117 264 271 12 153 174 144 217 256 263 246 50 46 64 94 59 172 43 208 211 217 226 226 105
split_gain=430.194 98.8801 94.9959 43.4188 38.4462 36.5156 36.9011 31.2414 29.8269 29.4091 27.7534 24.1304 23.8357 22.4222 20.8601 19.9164 20.0739 26.6698 19.2546 18.8853 35.6307 23.8671 18.5222 18.4258 18.2101 17.2357 17.0407 20.3478 37.9106 19.3212 22.5393 20.5226 16.9755 16.9734 16.9469 16.7051 16.5675 16.302 16.2856 15.8588 16.2666 15.8537 37.6124 18.2904 40.3249 16.6098 15.7058 15.6902 19.6506 15.6863 20.9373 30.4838 15.3799 24.0742 15.2975 21.6268 30.6116 15.2806 21.919 21.2583 14.7762 14.4893 20.5389
threshold=8670.5830001280356 3.5000000000000004 7.5000000000000009 1.0000000180025095e-35 733.30220192056618 -38.499999999999993 787.26237430892422 22102.248524378836 -1.0000000180025095e-35 1.0000000180025095e-35 -6862.9602080940704 1.0000000180025095e-35 237.46614885570401 202051.50000000003 -3.4999999999999996 1.0000000180025095e-35 -1.4999999999999998 201909.50000000003 -7.4999999999999991 202051.50000000003 202001.50000000003 1.5000000000000002 32333.945721628075 29331.839316208385 -356.39709639742176 87.920994566806726 11.500000000000002 6405.5000000000009 863.02266102063857 2.5000000000000004 30.500000000000004 -912.49999999999989 -38.499999999999993 7.5000000000000009 12875.351392209905 -2.4999999999999996 -3.4999999999999996 201956.50000000003 -1.0000000180025095e-35 150.02279000000001 -2.4999999999999996 3357.2990441036377 14761.330294789308 152329.54047488264 -384.75442963520584 -1430.9999999999998 -7.4999999999999991 -8007.6986452260016 -9436.0916654953635 1606.1232099683632 602.50000000000011 -743.49999999999989 6.5000000000000009 526.50000000000011 2131.7799868570805 -294.93066191128918 429.79824365424003 -16147.873465593211 -295.1462879389623 1.0000000180025095e-35 -6.4999999999999991 -2.4999999999999996 26942.645539153466
decision_type=2 2 2 10 2 8 2 2 10 10 2 2 10 2 10 2 8 2 8 2 2 2 10 10 8 8 10 10 10 2 2 10 8 8 8 8 8 2 10 8 8 10 2 8 8 8 8 10 10 10 10 10 10 10 10 8 8 10 10 8 10 10 10
left_child=2 4 3 5 24 14 7 8 -7 11 -6 -4 36 -11 -1 16 17 -3 47 20 23 25 41 26 -2 -21 27 29 -29 34 31 -31 -24 57 -20 60 37 -9 -26 54 -41 -17 -43 44 -44 -46 -12 -10 -49 -13 51 -51 53 -37 -8 -56 -57 58 59 -18 -15 62 -52
right_child=1 15 9 -5 10 6 39 12 18 13 46 49 -14 35 -16 22 33 -19 19 21 -22 -23 32 -25 38 -27 -28 28 -30 30 -32 -33 -34 -35 -36 52 -38 -39 -40 40 -42 42 43 -45 45 -47 -48 48 -50 50 61 -53 -54 -55 55 56 -58 -59 -60 -61 -62 -63 -64
leaf_value=0.028801732892630213 0.021433690088310333 -0.030254758918402021 0.0030154382675782448 -0.016948975909347203 0.037850476124050243 0.019505432646814275 -0.0014707584142209147 0.024704281517504666 0.0041618091968215398 -0.014382302439632292 0.089126650953082615 -0.014597317933237403 -0.0077059747415662259 0.13887842206490955 0.0090661377262515001 -0.025649665030839791 0.1667137908200845 0.19883662358239837 0.01735163974444567 0.012252203014246385 -0.013798806739049983 0.050972393287983607 0.076819747398627874 0.039712648253002504 0.0033569362415982748 -0.021860960212707961 -0.0067156786087403881 0.0040275720262441918 0.12949270226369969 0.0091927237172583481 -0.0094999183558526785 0.12657186352763558 -0.0060689854902512995 -0.020177277915604377 0.0065171931417520208 0.00079996203112864402 0.0015158020144843709 -0.016714905059674229 -0.010726607850706392 0.017592557594895326 -0.01477692854348569 0.21177140856553214 0.34717076388176266 -0.018157105379660317 0.1819205110306851 -0.03009131625939367 -0.017794720635476522 0.098315375992176532 0.0085948416715537195 0.017673106908158275 0.058432529881971583 0.20499295394589956 0.0039140239433491063 0.10751201430497646 -0.019887209947257303 0.12408593350898431 0.020252513869367637 -0.010296840602618975 -0.0046493307846951137 0.010471743172478204 0.042584136431455956 -0.024978860721462309 -0.024395227540175965
leaf_weight=121.80274574155919 37.44650428625755 0.91304346034303285 120.38089138129726 60.666536850389093 8.6584182078950089 274.7647972847335 43.906072102254257 63.17860570573248 6.0377221254166207 14.233268589479847 1.2447007668670265 303.29691064218059 163.54054977977648 2.1133645244408399 79.768186843255535 466.31210656696931 1.6738077434711156 0.91634250083006918 178.66659412626177 624.52714211656712 77.227893575793132 14.108568950556217 2.4877856562379748 15.675536445342003 268.53642460913397 13.620600452879442 75.405581763247028 5.5788742313161475 3.5446476833894849 3.7060292498208582 82.477776785381138 2.1003372783306977 20.946945996955041 256.09813527110964 476.36326288478449 3.7334390510805013 141.93202411825769 9.8911618017591518 101.95119270938449 15.910756434313951 114.68097893684171 0.74418410914950328 0.39759176014922559 15.082463942002503 0.42449379246681929 1.5358117695432185 186.3835250295233 6.0946542080491772 3.435432404279708 2.4885110051836823 6.3550926982425207 1.1401079883798981 17.077041370095685 3.8801337240729481 4.9550069612450898 3.8477290950249889 7.6080815996974716 188.76305774529465 5.8418386711273325 1.4738784485962244 4.4626667685806751 11.336086150957266 4.6776785971596837
leaf_count=1610 2161 143 11834 4190 497 6126 2362 1509 209 1873 205 57783 13035 159 1631 160413 221 134 5305 14366 2794 234 257 133 22075 1489 3152 208 196 346 7390 245 3859 62597 10873 172 6306 333 12092 1603 10851 226 130 5152 139 519 46640 239 144 334 779 89 1221 179 301 194 422 40998 817 230 297 2097 599
internal_value=-0.000399472 -0.0132671 0.00592436 0.00814339 -0.00375276 0.00872125 0.00770456 0.00878276 0.010379 -0.00615285 -0.0146621 -0.00847847 0.000925534 0.0168312 0.0209917 -0.019233 -0.0146794 0.0844975 0.00880043 0.00847185 0.00570519 0.0123774 -0.0233181 0.00749086 0.00149653 0.0115241 0.00688073 0.0082433 0.052773 0.00769673 -0.00547799 0.0516523 0.00273032 -0.0150792 0.00947241 0.0310403 0.00749107 0.0190975 -0.000518589 -0.00495686 -0.0108332 -0.024578 0.00290273 -0.00600974 0.0716917 0.0158187 -0.0170854 0.0420003 0.0659727 -0.0126803 0.00968411 0.0765288 0.0197236 0.055184 0.00776591 0.032478 0.0551276 -0.00847697 0.0297369 0.0935547 0.0735306 -0.00115926 0.0233152
internal_weight=4758.03 1567.83 3190.2 2695.02 604.221 2634.36 2432.79 2241.88 1863.34 495.175 196.287 449.675 378.542 45.4999 201.571 963.611 455.68 1.82939 1588.57 1573 920.747 652.256 507.931 843.519 407.934 638.148 827.843 752.438 9.12352 743.314 88.2841 5.80637 23.4347 453.851 655.03 31.2666 215.002 73.0698 370.488 190.909 130.592 484.497 18.1845 17.4404 2.3579 1.96031 187.628 15.5678 9.53009 329.294 25.9975 3.62862 24.6906 7.61357 60.3169 16.4108 11.4558 197.753 8.98952 3.14769 6.57603 22.3689 11.0328
internal_count=534717 359505 175212 97796 83670 93606 90365 74632 53449 77416 47342 73515 21183 3901 3241 275835 105140 277 47323 46731 30642 16089 170695 27848 36328 15855 27715 24563 404 24159 7981 591 4116 104863 16178 2028 8148 1842 34167 15733 12454 166579 6166 5940 788 658 46845 592 383 61681 3898 423 1572 351 3279 917 616 42266 1268 451 456 3475 1378
is_linear=0
shrinkage=0.03


Tree=51
num_leaves=64
num_cat=0
split_feature=24 10 2 107 63 195 4 19 11 118 137 217 161 83 227 90 162 10 173 224 11 7 120 215 48 32 5 111 40 154 61 137 103 265 270 97 104 100 11 22 178 71 210 265 266 182 178 105 90 177 266 7 248 221 111 265 5 22 152 195 103 48 181
split_gain=365.505 152.873 77.7384 67.2833 43.3742 36.4062 35.038 33.4444 28.3576 27.3267 25.0313 24.4591 22.2225 21.7353 20.9774 20.0517 21.5039 19.7051 36.4718 54.671 50.28 22.7931 25.6732 21.389 19.2982 32.4004 59.9039 19.0279 20.0242 28.3112 18.5222 18.7402 20.119 19.6034 17.8364 23.1339 23.5943 22.9944 22.0308 28.4445 20.4865 20.3688 18.7189 17.7442 17.7762 17.6727 17.2579 16.7348 28.3682 16.6797 26.5288 16.5997 16.5673 16.5351 17.2039 22.3587 16.3044 15.7962 16.3822 15.764 16.2124 15.6584 15.2637
threshold=1.0000000180025095e-35 6.5000000000000009 1.0000000180025095e-35 32381.79083585765 594.62867994411113 423.94728076442431 62.500000000000007 1.0000000180025095e-35 -11333.351348799762 6.5000000000000009 17030.176802287377 -9.4999999999999982 4667.6854759644038 16768.667953826687 -12.499999999999998 -1278.4999999999998 5.5000000000000009 6.5000000000000009 3255.2297748898823 5.5000000000000009 -815.78835811524596 703.18837835263207 16236.978283988949 -1439.5787741142653 1031302.423821838 22.500000000000004 6138.6817403126161 41.500000000000007 4646.5000000000009 -1307.9999999999998 827.41536999418406 20840.997472174251 21.500000000000004 -1.0000000180025095e-35 -527.34144422104362 819.24532971008409 3973.5000000000005 -637.49999999999989 -5633.4249138616551 34526.221657036804 -603.99793591078503 25593.486377548172 -463.53859030699454 -17.499999999999996 4067.6880211452567 -193.05736908891978 -75.443889291109997 47923.810625418468 -819.49999999999989 -64.302378420156984 -1.0000000180025095e-35 219.96194940011 4.0000000000000009 1.5000000000000002 50.500000000000007 -1.4999999999999998 7386.7798532491133 28168.660406092054 6.5000000000000009 -2166.6052941238154 4.5000000000000009 460634.93621273868 -1.0000000180025095e-35
decision_type=2 2 2 10 10 10 2 2 2 10 10 8 8 10 8 8 8 2 10 8 2 8 10 8 8 10 8 10 10 10 10 10 8 10 8 8 8 8 2 2 8 10 8 10 10 10 10 10 10 10 8 8 10 10 10 8 10 2 10 10 8 10 10
left_child=1 7 4 6 14 13 11 8 -1 27 46 -2 49 34 30 -16 62 18 23 21 -21 -20 -23 -13 -19 -26 -27 28 -10 -30 31 32 -3 51 35 36 37 -4 40 41 42 53 -36 44 -6 61 -5 -25 -49 -11 -51 -33 -8 56 -55 -56 -40 58 -29 -57 -61 -18 -17
right_child=3 2 5 10 43 -7 52 -9 9 12 -12 17 -14 -15 15 16 45 24 19 20 -22 22 -24 47 25 26 -28 57 29 -31 -32 33 -34 -35 38 -37 -38 -39 39 -41 -42 -43 -44 -45 -46 -47 -48 48 -50 50 -52 -53 -54 54 55 59 -58 -59 -60 60 -62 -63 -64
leaf_value=0.020369707637997777 0.19267348580356233 0.014997255637701549 -0.0034277039509105411 0.035660607770433637 0.0040346788987930364 -0.017750747320034756 -0.023024074022965701 -0.0036063860158245292 0.011510314209492016 0.016781368126653394 -0.016243927145225337 0.1764310463353875 0.0047153527226233517 -0.015116279816927322 -0.0023084469811109612 0.053526009744118454 0.016416370653911265 -0.018815846381988934 -0.0071447476542401819 0.051910515305514868 0.35937568252264929 0.24940418628381977 0.0061515484441007334 -0.0080532204657285632 -0.0015373965235248 -0.0011919859473479406 0.35912710964446348 0.0055756316979615203 0.019553901636612889 0.14759586051059043 0.006023373217378611 0.044615534134332127 0.077827722888176715 0.016138719174523836 0.097369186031915703 -0.019283874177973222 0.15527788613694932 0.11990138561972671 0.0015739923153730701 -0.020625108686452349 0.0032857994141819 -0.018089115665638648 0.020713464143610433 -0.012093757992839134 0.080665462713723976 -0.0056286831108893877 -0.0040084205498118518 0.0011693924605883639 0.28423575090420433 0.0088961528104607203 0.055063951774584841 0.13603363977072191 0.016868882466372252 0.00041862184881795818 0.14256820726470218 -0.031761515144997136 -0.020576453590207718 -0.0089893371100757975 0.04237124463983085 0.10191774808111533 -0.0033089673837959532 -0.010117244904617972 0.014517039639424967
leaf_weight=265.92458831146359 0.53797649196349084 34.467303826007992 4.3457234671805054 33.68778623896651 43.93386541842483 244.43689015274867 650.57393122953363 145.51747706183232 586.29922439251095 46.857160514686257 19.592610126361251 0.58003831631503999 46.237636665115133 141.41291764681228 189.57771112699993 9.4487969451583904 96.724069450749084 150.97913773171604 5.8041679442394516 0.99322893260978162 0.92399420519359388 0.74460860225371905 0.82107684062793851 85.623758224071935 7.1054538444150221 1.0357301740441469 0.69318838650360692 568.68084794911556 4.6105620816815645 2.34443973773159 40.483352142618969 3.1380731035023928 5.2908611737657329 4.3354882018174958 3.8138205229770392 4.8785457115154722 1.9189861929044134 1.9807676963973744 252.05541162239388 96.580687249312177 142.9416206064634 61.517383918166161 11.54891617503017 168.03377075889148 2.9045359219890079 110.74449375527911 13.960538424551485 0.95918512344360352 0.47714374307542928 15.962688767118378 37.556632530642673 4.1539788865484297 9.5060733943246287 10.821525159291925 2.0786869248840958 2.4214849467389286 33.933997728629038 68.139663682552055 11.102454329142345 3.3154384107328934 2.1870211339555681 25.240331534761935 202.53744367859326
leaf_count=2339 120 1052 320 2176 3288 46511 198660 15094 20290 1015 2249 79 707 21001 9155 404 3703 40655 912 55 209 65 203 18912 1245 263 161 22391 249 133 2520 136 89 396 227 235 162 111 21145 13886 6643 13000 668 30010 141 6736 1128 294 145 336 543 252 125 680 229 230 5414 3396 115 185 162 1043 10719
internal_value=-0.000393209 0.00386524 -0.00192388 -0.016666 0.00429803 -0.00765169 -0.0187892 0.010182 0.0113952 0.00967559 0.0123006 -0.00939806 0.0219241 -0.0044777 0.00780166 0.00586107 0.00934382 -0.00982148 0.000850565 0.0573819 0.200092 0.0202569 0.121838 -0.00513997 -0.0162941 0.0268026 0.143273 0.00822874 0.0121106 0.0627152 0.0211997 0.0331561 0.0233585 0.066657 -0.0021135 0.0324976 0.0631349 0.0351855 -0.00284236 -0.00613375 0.00682384 -0.00233394 0.0397434 -0.00754218 0.0087867 0.00304737 0.0240379 -0.00634968 0.0952031 0.0298511 0.0412939 0.0966926 -0.0224496 0.000825035 0.0266345 0.0549965 -0.00105426 0.0046744 0.00628024 0.0320238 0.0600941 0.0109253 0.0162558
internal_weight=4747.04 3762.44 1963.2 984.6 941.014 1022.19 917.359 1799.23 1653.72 1387.79 67.2409 257.279 146.614 777.753 726.142 634.273 444.695 256.741 96.9272 9.28708 1.91722 7.36985 1.56569 87.6401 159.814 8.83437 1.72892 1241.18 593.254 6.955 91.8691 51.3857 39.7582 11.6275 636.34 13.124 8.24548 6.32649 623.216 464.912 158.304 368.331 15.3627 214.872 46.8384 232.709 47.6483 87.0601 1.43633 100.376 53.5193 7.29205 660.08 306.814 20.8242 10.0026 285.989 647.923 579.783 7.92394 5.50246 121.964 211.986
internal_count=534717 267061 200453 267656 69644 130809 262103 66608 51514 49175 5553 63318 2601 84298 36205 31760 22605 63198 20874 1444 264 1180 268 19430 42324 1669 424 46574 20672 382 4445 1925 1141 784 63297 828 593 431 62469 54931 7538 41045 895 33439 3429 11482 3304 19351 439 1894 879 388 198785 28045 1486 806 26559 25902 22506 577 347 4746 11123
is_linear=0
shrinkage=0.03


Tree=52
num_leaves=64
num_cat=0
split_feature=17 14 23 13 55 2 13 223 107 112 29 153 89 81 5 53 16 247 204 23 115 180 145 137 63 153 142 211 155 78 247 86 28 83 74 62 227 144 172 224 65 184 2 124 47 25 188 116 113 78 193 159 209 14 65 50 189 162 210 65 26 83 28
split_gain=377.084 111.524 96.9217 43.159 40.1063 39.2599 33.9071 36.9608 32.8273 32.3438 28.0925 26.4894 28.1325 39.143 33.8461 25.2437 25.2129 31.3006 24.5801 24.4156 24.8866 21.3213 20.8926 27.2383 20.4661 27.3661 19.4476 19.0554 20.8332 20.2916 19.0248 19.2525 20.3634 17.8374 17.1814 16.9742 16.9035 18.3497 18.2141 16.8866 21.9504 27.6618 16.1984 23.977 31.8212 25.7459 16.115 18.8936 20.5479 15.9138 36.8254 15.8801 15.7977 26.5422 15.5046 15.4176 15.4079 15.7162 15.1655 14.616 14.5949 15.6567 19.5396
threshold=6445.3348615886898 1379.0064308879853 1.0000000180025095e-35 1.0000000180025095e-35 409.25375248207388 1.0000000180025095e-35 1.0000000180025095e-35 1.0000000180025095e-35 5487.5386065961438 48.500000000000007 12098.699560571464 94690.497299989875 219121.09261103917 360.2366119925681 154.26595024651553 32333.945721628075 14.500000000000002 8072.8597621950021 -13806.722018144423 1.0000000180025095e-35 1225.0660639305963 -1.0000000180025095e-35 1.0000000180025095e-35 1753.5277277775901 1135.7898175438781 378761.9891999595 1.0000000180025095e-35 -200.110137842245 52797.392549451361 83864.525504872159 3667.6048320561454 1.0000000180025095e-35 13.500000000000002 16768.667953826687 560.90669675740503 -1.0000000180025095e-35 -7.4999999999999991 -1430.9999999999998 148.78365302570822 27.500000000000004 -1.0000000180025095e-35 -281.99018791008018 1.0000000180025095e-35 28.500000000000004 41121.82729339978 4170.694954548263 1233.7288654277115 124.07730702897601 2385.5746484287179 34345.999581958189 -1.0000000180025095e-35 9940.24104579503 138347.44402902038 318.6550509364651 -306.44210510231545 4445.5000000000009 -3585.3382865907934 5.5000000000000009 -56.245108374827161 641.49025959245864 1.0000000180025095e-35 16768.667953826687 4.5000000000000009
decision_type=2 2 2 2 2 2 2 10 10 8 2 8 10 10 10 10 2 10 10 2 8 8 10 8 8 10 10 8 8 10 10 8 8 10 10 10 8 8 8 10 10 10 2 8 10 10 10 10 10 10 8 8 10 2 10 8 8 10 10 10 2 10 10
left_child=2 3 5 9 16 6 54 36 26 -2 27 -11 13 14 -13 -6 17 21 33 20 42 22 23 -5 -19 -26 52 28 46 34 -21 32 -32 -17 -29 -31 37 -8 -38 49 -41 -42 43 -3 45 -45 47 48 -7 -23 -51 -10 60 -54 -1 -50 -56 -58 -9 -39 -4 -62 -63
right_child=1 19 8 4 15 10 7 58 51 11 -12 12 -14 -15 -16 18 -18 24 -20 30 -22 39 -24 -25 25 -27 -28 29 -30 35 31 -33 -34 -35 -36 -37 38 59 -40 40 41 -43 -44 44 -46 -47 -48 -49 55 50 -52 -53 53 -55 56 -57 57 -59 -60 -61 61 62 -64
leaf_value=0.023033879284959945 -0.015921322327883326 0.00090783188772349292 -0.016349889965833284 0.029753939596568454 -0.024004286055332846 0.034930943600193477 -0.0025986803693744615 0.076429738854366033 -0.0024970071751697436 -0.022120505521562223 -0.0077335776095444333 0.10194239756433097 0.033248247074415344 0.040024937043512752 0.2806641288769901 0.061256013739400622 -0.0095796730485791827 0.010126685886167365 -0.022404260680897715 -0.023974798063707104 -0.017548409877272193 -0.00012232258586620048 -0.011956309825309123 0.16297109784733985 0.15185179540986438 0.027109929616322442 0.045586632677042188 0.0050458223373948969 0.00025332706416656737 0.088493184234703551 -0.008368727285787211 -0.0066703522728215415 0.14926501884159671 -0.031450233128514124 -0.0086106428869878304 0.0089226672959111294 0.00059640388842453057 0.021829764823845431 0.0090716634401078224 0.011516182476461467 0.021412509967136992 0.17681474020675816 -0.01378396760764844 0.03717224830501277 -0.0023157446966467856 0.21636012256991793 0.0013718668515967443 0.0049505415699741158 0.052469513342904353 0.20125564988701072 -0.014108283388843627 0.029739966257312286 0.1740221881480378 0.0060695875153971984 0.030695469305286514 0.13427537698181971 0.017318128333999268 -0.0035465770421751232 0.025395766621875572 -0.02355393574398337 -0.0041801471538496461 0.14594970861976886 0.015157424391534743
leaf_weight=246.86515257228166 6.4201294395606991 78.576705225510523 274.45497812167741 3.4232735913246852 108.09759670612402 28.955881742294878 41.787526689004153 5.7164247203618279 29.384300150442868 2.6013827291317257 169.92236675042659 1.992355980910361 5.5069853723980486 2.81207201234065 1.8292717577423898 8.9750377051532286 147.69391426257789 5.2861845451407117 10.096186162903903 456.10530956741422 416.56196377007291 289.22426640172489 3.2212467070203274 2.3158114948309958 3.196644167881459 3.1352234077639878 5.0958758569322518 729.15582378301769 39.382150141056627 4.6513207834213972 1.3330184801015978 11.496608084067702 1.6511023994535206 2.3588308440521351 93.551077903946862 5.013607007917015 413.32167697604746 145.75588679057546 509.57740338868462 12.032543562352659 2.2880876387935132 1.8761760897468764 74.852099327137694 1.329153016675263 3.2323362110182643 1.5789529785979537 15.797068106010554 13.00384077709168 4.754122851416466 1.1652152952738104 1.8476273487322026 25.852369491942227 1.0214958903379727 4.9531243077944964 29.268661600071937 3.6771938349120328 63.272242804523557 66.78748741839081 62.960188495926559 6.6792669577989718 16.772818868979815 1.5273822338785965 3.1442090107593685
leaf_count=1755 313 11798 61524 242 33741 795 1297 205 1935 211 11233 111 286 161 158 546 22550 256 1050 159594 97733 27368 326 191 141 144 316 26973 488 137 176 3013 175 168 5174 159 14449 3756 13482 1128 201 139 15741 175 677 221 737 377 254 130 223 792 98 1139 666 180 1402 1495 1496 388 2353 145 430
internal_value=-0.000387287 -0.0118356 0.00587181 -0.00183427 -0.00330437 0.00782675 0.0108446 0.00828214 -0.00870011 0.0402797 0.00349012 0.064755 0.0833699 0.124978 0.18749 -0.0181074 0.000717832 0.00534039 0.0116375 -0.0178303 -0.0136894 0.00357004 0.0491892 0.0835092 0.0537046 0.0900859 -0.0125312 0.00552346 0.0175303 0.00400062 -0.0229 0.0109532 0.0788494 0.0419618 0.00349293 0.0472166 0.00696891 0.0150132 0.00527601 0.00224476 0.0320618 0.0914278 -0.00361523 0.00536939 0.0624621 0.134462 0.0278102 0.0360984 0.0469321 0.000592193 0.0691836 0.0125908 -0.0135123 0.0347849 0.0183252 0.0881479 0.0110295 0.00660381 0.0296437 0.0198412 -0.0144875 0.00934818 0.0579201
internal_weight=4736.18 1674.11 3062.06 627.396 606.234 2699.86 1591.99 1185.8 362.207 21.1622 1107.86 14.7421 12.1407 6.6337 3.82163 129.528 476.706 329.012 21.4301 1046.72 576.131 317.394 8.96033 5.73909 11.6181 6.33187 306.97 937.942 105.57 832.372 470.586 14.4807 2.98412 11.3339 822.707 9.66493 1117.12 194.223 922.899 308.434 16.1968 4.16426 159.569 84.7171 6.14044 2.90811 66.1881 50.391 37.3872 292.237 3.01284 55.2367 301.874 5.97462 406.194 8.43132 159.328 130.06 68.6766 152.435 295.899 21.4444 4.67159
internal_count=534717 379087 155630 89784 88544 86898 40391 35073 68732 1240 46507 927 716 430 269 35505 53039 30489 1764 289303 126345 29948 759 433 541 285 66005 35274 2831 32443 162958 3364 351 714 32147 296 33372 5441 27931 29189 1468 340 28612 12871 1073 396 2343 1606 1229 27721 353 2727 65689 1237 5318 434 3563 2897 1701 4144 64452 2928 575
is_linear=0
shrinkage=0.03


Tree=53
num_leaves=64
num_cat=0
split_feature=33 53 13 193 17 11 189 226 226 189 210 8 11 56 50 149 8 63 33 245 189 185 10 221 173 57 185 6 77 161 133 102 102 221 36 133 22 266 27 122 83 117 27 259 236 112 157 22 221 102 160 137 173 143 62 136 133 133 54 137 148 4 185
split_gain=424.741 74.5208 73.5291 42.2727 38.7456 33.628 33.6278 41.5137 29.8771 34.0332 29.0565 28.0574 28.008 26.1206 25.8271 25.3337 24.236 22.3135 21.2964 23.1375 23.7299 20.7277 20.558 21.7663 29.2762 32.6694 23.5161 19.6612 20.4204 21.9321 23.5272 24.4847 33.3064 19.9638 18.697 18.1123 16.895 24.2813 21.3952 21.5506 16.4732 16.1867 17.9756 16.6327 20.8276 16.0838 15.7908 15.6817 15.4839 15.4905 15.1781 15.1434 14.8669 23.4625 17.0581 19.9268 14.8188 18.3702 14.8013 36.663 29.3959 14.712 15.7544
threshold=70.500000000000014 32333.945721628075 1.0000000180025095e-35 1.0000000180025095e-35 1.0000000180025095e-35 -5633.4249138616551 1.0000000180025095e-35 -4.4999999999999991 -25.499999999999996 -82077.19114771641 -2249.4492491943765 -2175.4502302806191 -2274.631880964133 1.0000000180025095e-35 1532.5000000000002 -1.0000000180025095e-35 -269.70367960776696 351.89367762775606 51.500000000000007 -2.4999999999999996 -1.0000000180025095e-35 -41702.136797822655 6.5000000000000009 1.5000000000000002 2512.1881769257952 32.500000000000007 -41702.136797822655 11530.895983237833 1.0000000180025095e-35 4667.6854759644038 842.09751639623266 105211.66366665541 127504.69673268782 1.0000000180025095e-35 -577.49999999999989 3660.468978635085 28168.660406092054 1790.5608801277249 1189.1115424230209 3454.7102022794256 5076.8436547504689 521.74717126328403 1796.6678753028243 4.5000000000000009 -4981.7712008213994 65.500000000000014 10.500000000000002 34526.221657036804 -5.4999999999999991 1560102.2772597692 1.0000000180025095e-35 10192.512827569102 1911.8284850445391 113070.47670750134 1220.1575310402302 4.5000000000000009 609.67115000000013 842.09751639623266 9.5000000000000018 80401.889485738633 855.50000000000011 23.500000000000004 1.0000000180025095e-35
decision_type=2 8 2 10 2 2 8 10 8 10 10 10 2 10 10 10 8 10 2 10 8 10 2 10 10 10 10 8 10 8 8 10 10 8 8 8 2 10 2 10 10 10 2 10 10 8 10 2 10 10 8 10 10 8 8 10 8 8 2 10 10 2 10
left_child=2 4 12 6 58 35 7 21 9 10 11 -6 -1 27 51 -13 -8 47 45 20 -20 46 23 -10 26 -26 -25 28 29 30 33 -32 -33 -5 -27 40 38 -38 -18 52 -3 42 43 44 -34 -16 -4 48 -9 -50 -47 61 56 -54 55 -55 -40 -58 -2 -60 -61 -14 -63
right_child=1 5 3 13 8 -7 16 17 22 -11 -12 15 14 -15 18 -17 36 -19 19 -21 -22 -23 -24 24 25 34 -28 -29 -30 -31 31 32 41 -35 -36 -37 37 -39 39 -41 -42 -43 -44 -45 -46 50 -48 -49 49 -51 -52 -53 53 54 -56 -57 57 -59 59 60 -62 62 -64
leaf_value=0.020674011774568714 -0.0053663482203470817 0.015156691416472435 0.03505443744974801 0.0018558803104017328 0.010158857663860028 -0.0081482916058066828 -0.011301915129492145 0.055665912228103756 -0.013181397647893781 -0.010547917133800771 0.017226246338051775 0.088102432405583575 0.02759034362602408 -0.015518010603687991 0.080033134623293187 0.2882659768787395 -0.0009184319212762604 -0.0052970338301389745 0.23315279454089227 -0.0090089512425412174 0.062621247426038598 0.014970151752162797 -0.021130072316122642 0.1712801153796264 0.31386669926063904 -0.030151879983859129 -0.0024969920769237794 -0.010431978883850937 -0.023404367328104071 -0.027129408974358577 -0.0068757798403022213 0.17027772500293376 -0.018433871041613935 0.075499458268472638 0.19255062948897594 0.025563976332230745 -0.012752785451819546 0.034888089901964417 0.0020231187515143139 -0.0087512448402463413 -0.023928490609617211 -0.012311630558512275 0.1170212739537935 0.11309771519232527 0.076511465430923006 0.069426247200821051 0.11210356609147032 -0.0091286682963947693 0.007984636517348348 -0.03208750679322029 0.0092829490417872928 -0.013439374906522297 -0.0050544046036698478 0.035355505890813231 0.010641471969012949 0.097219592933315335 0.088337119250792739 0.015680572111381949 -0.0018487890470842464 0.18084635341668048 0.037395402623286902 0.010133375742792499 -0.0065412555026127606
leaf_weight=333.67400328535587 113.29323253594339 24.544720556586981 22.854766575386751 36.510851996019483 1.4635054122190925 121.76492491783574 136.25199586432427 6.0610854800324878 171.33786235563457 49.518055736785755 11.931454220786689 1.2643162910826506 30.649272477952763 157.78795384871773 4.0465820212848476 1.0348880148958404 332.34934292943217 163.26765424176119 1.3554868702776728 1.3529394790530194 1.6027492845896634 301.11576863611117 900.10733379493468 0.74472613772377272 0.61000336962751989 0.91621064790524542 11.894662734121082 67.281456985743716 13.162214687326921 8.9039200404658896 6.252651427639651 2.2349749132990864 4.8876709106843963 3.6435677432455114 0.53881255560554542 60.987560394918546 102.02781428582966 10.631730677327139 101.8171403137967 46.343206298304722 16.051996508147568 3.322041743900626 3.815767529886215 2.2866250053048125 3.6190570546314094 4.3168556201271704 2.6740119974128893 51.90092911827378 761.9886687095277 8.7821244420483691 30.168464438989758 33.252922376384959 11.890616551507263 11.304293651599442 8.8186385505832714 8.0038817529566568 3.2208744445815674 113.36974306893535 15.587568858871238 1.9701190039049823 3.7004829570651054 187.75984291476198 70.010541861644015
leaf_count=1967 13224 930 1436 2238 251 16613 17094 204 45785 9140 2190 164 793 23830 87 152 24832 17081 117 130 172 12033 263360 208 121 233 2892 7907 2835 833 410 141 341 188 129 3246 9863 425 2634 3889 931 400 145 149 219 118 214 4175 19140 328 1075 1623 336 231 286 219 97 5397 1852 216 309 4412 2727
internal_value=-0.000381337 -0.0135111 0.00577936 0.00339111 -0.0162893 0.00248412 0.00485727 0.00789436 -0.0180695 0.00165309 0.0401496 0.112839 0.0143938 -0.00691273 0.008645 0.178197 0.000337271 0.0048399 0.030526 0.0937594 0.14076 0.0171706 -0.0192537 -0.0101753 0.0248523 0.129578 0.00774214 0.00179559 0.0110769 0.01709 0.0230042 0.0449912 0.0610729 0.00853822 0.0523175 0.0152287 0.00245238 -0.0082569 0.00434607 0.010087 -0.000297642 0.0474614 0.0610536 0.0412673 0.0219592 0.0234511 0.0431249 0.00683696 0.00790364 0.00752806 0.0168117 0.0057307 0.0134653 0.0302755 0.0452112 0.0610002 0.0103852 0.0176877 -0.00105624 0.021914 0.0872341 0.00794089 0.00560454
internal_weight=4725.84 1509.26 3216.57 2518.38 1285.91 223.349 2204.67 1318.65 1151.36 65.2122 15.6942 3.76271 698.19 313.709 364.516 2.2992 886.029 992 42.8431 4.31118 2.95824 326.645 1086.15 186.042 14.7044 2.06503 12.6394 155.921 88.6393 75.4771 66.5732 26.4188 20.1661 40.1544 1.45502 101.584 749.777 112.66 637.118 304.768 40.5967 17.9312 14.6091 10.7934 8.50673 38.5319 25.5288 828.733 776.832 770.771 34.4853 321.673 258.425 40.0174 28.1268 19.3082 218.408 116.591 134.551 21.2582 5.6706 288.42 257.77
internal_count=534717 361946 172771 159550 340226 21720 119914 54611 324625 11897 2757 567 13221 39636 11254 316 65303 40928 1699 419 289 13683 312728 49368 3583 483 3100 15806 7899 5064 4231 1805 1395 2426 362 5107 48209 10288 37921 13089 1861 1254 854 709 560 1280 1650 23847 19672 19468 1193 9555 9200 1072 736 450 8128 5494 15601 2377 525 7932 7139
is_linear=0
shrinkage=0.03


Tree=54
num_leaves=64
num_cat=0
split_feature=33 12 13 24 226 226 9 27 24 103 3 1 1 119 35 1 5 26 3 2 17 160 229 21 246 181 89 172 182 35 154 40 173 154 117 221 262 221 154 154 59 48 153 58 221 208 149 9 24 122 42 210 143 211 213 122 33 57 177 5 119 27 61
split_gain=403.434 76.4777 68.763 50.6671 44.062 37.0887 42.7049 31.0352 31.5513 31.0969 37.6971 30.8495 24.7187 25.2252 24.2669 24.2217 24.0851 21.6229 21.4819 21.167 19.9536 21.5679 19.7982 19.5892 18.6146 18.4454 28.9934 22.1154 18.0971 17.8797 25.4249 19.5321 17.8234 18.5391 29.6044 17.7396 17.3176 17.2519 17.016 16.1295 15.8958 15.8832 15.7445 15.6917 25.552 35.1693 21.13 32.9048 19.9499 15.6263 24.4618 24.1099 42.7918 15.6133 15.5657 18.5231 15.5555 16.2522 15.4615 21.5134 19.9016 15.3928 15.9447
threshold=70.500000000000014 10524.572870162066 1.0000000180025095e-35 1.0000000180025095e-35 -6.4999999999999991 -4.4999999999999991 329.03560836903108 791.33740688745058 257801.28341165622 1.5000000000000002 42.500000000000007 202051.50000000003 201905.50000000003 -3632.3007205218532 114102.40966625883 201956.50000000003 2562.9382858412564 1.5000000000000002 30.500000000000004 1.0000000180025095e-35 1.0000000180025095e-35 9.5000000000000018 8.0000000000000018 2.5000000000000004 500.11323958537952 -1.0000000180025095e-35 821290.5383077109 -452.1405713080207 -113.18865982042472 114102.40966625883 -349.99999999999994 676.50000000000011 -5345.3032831946011 -1688.4999999999998 3235.8061483235224 1.0000000180025095e-35 515.19685648111238 2.5000000000000004 -455.49999999999994 -1855.4999999999998 7507.921358947001 67803.190720758008 178517.33106979393 40.500000000000007 1.5000000000000002 -92373.580483409824 80268.534914304284 5632.0929285953707 257801.28341165622 96916.050179556943 5.5000000000000009 -3474.1982862877362 140625.59296886806 -1216.4011855313449 1.0000000180025095e-35 20761.23776 51.500000000000007 43.500000000000007 57.944740855872503 1875.8285844578984 -3632.3007205218532 1521.426779836326 633.86385741671404
decision_type=2 2 2 2 10 8 10 2 2 10 2 2 2 8 8 2 10 2 2 2 2 8 10 2 10 10 10 10 10 10 8 8 10 10 8 10 10 10 10 10 8 8 10 8 10 10 10 8 2 8 8 10 10 8 10 8 2 10 8 10 10 2 10
left_child=2 4 12 5 36 19 11 8 -5 10 -10 15 -1 -14 28 16 18 39 29 24 21 32 43 54 -4 26 35 -28 -9 30 -7 -31 33 34 -3 61 41 -23 49 -15 -39 -2 -33 44 46 -46 -22 -48 -47 -21 -51 52 -52 -43 55 -13 -41 -58 -40 60 -60 -8 -63
right_child=1 20 3 7 -6 6 25 14 9 -11 -12 23 13 17 -16 -17 -18 -19 -20 38 22 37 -24 -25 -26 -27 27 -29 -30 31 -32 42 -34 -35 -36 -37 -38 40 58 56 -42 53 -44 -45 45 48 47 -49 -50 50 51 -53 -54 -55 -56 -57 57 -59 59 -61 -62 62 -64
leaf_value=0.022928232680092517 -0.017618021285915105 0.19369146205837023 0.016608976120240961 -0.016192230932347555 -0.012165199806669568 -0.012632561184714777 -0.0085166376679450262 0.19211826155729109 -0.030223564659501771 -0.0035782903338036137 0.27127237712382957 0.010425761117267939 0.018944982423036227 0.00021614312748097572 0.011071391544180515 -0.010748661269669234 -0.01417088306209242 0.050833500163415847 0.0036583994279558115 -0.00028360975465977428 -0.015319931200840572 -0.016929110940692625 0.18812557899492294 -0.019119952586379347 0.059630460750542541 -0.010434153816590085 0.014495595070886172 0.18679413190517702 0.041955314933115759 0.12011341954516687 0.045300850023647476 0.083849748304368449 -0.0025176992193182454 0.01902459174392131 0.01702851704324515 0.072573415215415368 -0.011782219604102473 0.0029204494806966018 0.0014418451252123131 0.012544975614517027 0.11872118344788013 0.030228605759259414 -0.0046944996752349829 -0.021727451079864332 0.26565463332438133 0.011032174731478647 -0.030183960723834845 0.27022989980305456 0.20771248824798763 -0.018587629664308138 0.18718807736553139 0.022294663450974909 0.0052339720303035461 0.0071162192446849416 0.020154393916735094 -0.0096973648072448283 -0.0051984931309439521 0.10115826323401263 0.13083868693066542 0.002631978681446114 0.044550873375895188 0.045801610376111121 -0.0054600439540282483
leaf_weight=196.39830567152239 19.248629230307415 1.7192921079695223 221.96386354602873 180.17260490148328 314.7791831032373 14.828867728821931 57.693558412371203 1.3437759883236142 0.56634342530742232 2.1947531895712018 1.0946554802358148 404.50028253649361 191.99158795690164 240.28151195053943 8.5659429614897817 130.67773973522708 64.760586984688416 9.0477262311615032 620.10008461237885 200.25589141971432 64.789484676206484 83.57628069492057 0.40996547881513734 20.08004931313917 9.4364005653187615 278.27355708088726 1.3117488375864925 1.3714244801085431 1.5618466285522998 3.3222345681861016 12.620029216166587 3.1214012093842038 14.94590655621141 6.2405012559611368 1.6956929066218438 3.1162532211747012 47.243621803587303 3.19659070810303 14.697443619137628 57.805795514490455 1.6012589605525134 31.603804998099804 4.29335807566531 732.7555512143299 0.60751945781521488 5.8271825017873189 0.72535804449580499 0.59922322072088718 0.50432364619337011 11.087418408133088 2.3280317124444982 26.82426957949065 2.3250342146493495 156.91180118010379 130.21800776990131 45.833326790947467 1.9756146834697563 3.7428345922380686 3.1205970770679405 8.1219756461214256 10.49996794993058 11.305453027365731 10.563789773732422
leaf_count=3193 2479 110 7984 40639 60882 453 6233 118 126 486 252 10849 1361 6734 801 5555 3583 119 24931 9616 19181 13198 42 1154 302 32622 142 134 169 134 385 126 1559 517 156 188 8018 277 728 1389 141 2264 177 233759 94 1525 165 127 94 1213 192 2144 208 17358 1911 2482 162 263 111 485 530 1281 1106
internal_value=-0.000375556 -0.013292 0.00558722 0.00327843 -0.00465639 0.00450997 0.00250337 -0.0113907 -0.0143751 0.0705386 0.168473 0.00480249 0.0138978 0.0103847 0.036484 0.00113765 0.00328589 0.00513142 0.00500324 0.0116536 -0.018645 -0.00683734 -0.0202996 0.0100116 0.0183634 -0.00669194 0.00550735 0.102561 0.111402 0.0268421 0.0140032 0.0596646 0.0180063 0.0497759 0.10597 0.00235769 0.00461241 -0.0137533 0.00609377 0.00377036 0.0415684 0.00834039 0.0325801 -0.0204056 -0.00714693 0.0476192 -0.0128949 0.105719 0.0266984 0.00322503 0.0197322 0.0332298 0.0962696 0.0109909 0.0110192 0.0083777 0.0172142 0.064414 0.0252098 0.0412764 0.0643202 -0.000392469 0.02104
internal_weight=4714.38 1488.98 3225.4 2524.15 569.787 2328.65 1817.99 195.5 184.028 3.85575 1.661 1454.36 701.243 504.845 11.4716 853.724 723.047 312.853 658.286 510.661 919.194 112.976 806.219 600.632 231.4 363.636 85.3622 2.68317 2.90562 38.1859 27.4489 10.737 24.6014 9.65549 3.41499 82.6791 255.008 88.3741 279.261 303.806 4.79785 207.764 7.41476 805.809 73.0531 6.93903 66.1141 1.32458 6.33151 242.821 42.5648 31.4773 4.65307 188.516 580.552 450.334 63.5242 5.71845 36.44 21.7425 13.6206 79.5628 21.8692
internal_count=534717 361946 172771 159550 91001 116959 93446 42591 41503 864 378 51740 13221 10028 1088 35344 29789 8667 26206 23513 270945 15958 254987 16396 8286 41706 9084 276 287 1275 838 437 2342 783 266 8808 30119 13616 15227 8548 418 22101 303 254945 21186 1713 19473 292 1619 13373 3757 2544 400 19622 15242 13331 1814 425 1854 1126 641 8620 2387
is_linear=0
shrinkage=0.03


Tree=55
num_leaves=64
num_cat=0
split_feature=12 17 17 55 20 10 180 10 66 213 183 97 143 142 244 208 211 104 53 214 247 87 226 22 53 172 58 55 211 9 172 173 210 31 217 16 120 173 144 267 40 13 162 221 214 7 225 109 184 225 2 24 53 225 230 226 13 214 24 149 36 49 101
split_gain=342.403 89.6178 77.7349 34.1404 32.5608 29.2667 40.9772 27.9318 25.9617 27.0989 23.6554 22.8226 24.6576 22.4179 22.0774 21.3795 25.4282 25.3147 20.1487 30.6385 20.4674 19.8779 19.5136 23.9001 19.4698 18.5158 17.9836 27.5466 37.0968 17.8607 23.8372 17.7785 24.2166 21.7925 17.7439 23.3528 26.684 17.5732 24.6014 21.2958 17.3058 16.6616 16.3375 22.2752 28.7065 29.5074 15.9782 15.937 40.6921 15.2669 18.2684 18.4801 16.0038 22.8131 20.9554 15.3379 15.1264 22.9795 14.8383 16.0201 15.3276 14.7264 14.2835
threshold=8670.5830001280356 965.52671810684058 13450.865976681167 409.25375248207388 1525.7098706108616 7.5000000000000009 -1.4999999999999998 6.5000000000000009 1.0000000180025095e-35 1.0000000180025095e-35 -72.562619360768466 26243.004917966908 209175.85872310321 1.0000000180025095e-35 -1.0000000180025095e-35 -16147.873465593211 -76.785337363474341 3973.5000000000005 747.05968637156559 -46.530434622574141 8072.8597621950021 1.0000000180025095e-35 -8.4999999999999982 54774.907965936385 32333.945721628075 735.34289596636484 40.500000000000007 8512.8502723100701 -1216.4011855313449 1216.2580033249224 1304.2651591105935 -5345.3032831946011 -6043.9420171786514 1.0000000180025095e-35 -2.4999999999999996 1.5000000000000002 13844.594151104329 3255.2297748898823 -1337.4999999999998 110.35174826046301 113.50000000000001 1.0000000180025095e-35 3.5000000000000004 1.5000000000000002 1.0000000180025095e-35 531.10709153475057 -14.499999999999998 8841.5114027870113 -4110.7277065833032 35.500000000000007 1.0000000180025095e-35 19127.703663159609 4114.6185845715381 74.500000000000014 -7099.7272786979875 -1.4999999999999998 1.0000000180025095e-35 -87.385951654994173 33102.286275629267 352.72300823671503 -241.49999999999997 24.500000000000004 15967.758538694088
decision_type=2 2 2 2 2 2 8 2 8 10 8 10 10 10 10 8 10 10 10 10 8 8 8 2 10 10 8 2 10 8 8 8 10 2 10 2 8 8 10 10 8 2 10 10 10 8 10 8 10 8 2 2 8 8 8 10 2 10 2 10 8 10 8
left_child=2 21 4 5 7 6 -3 22 10 11 18 56 14 40 -13 16 17 -8 19 -4 -20 -2 34 41 26 -11 27 47 -29 30 -22 32 -6 -34 35 -1 -37 38 -27 -40 -9 -24 43 -17 45 -45 -36 -5 -49 50 51 61 53 54 -51 -54 57 -10 -23 -60 -61 -42 -7
right_child=1 3 8 24 31 62 15 13 9 25 -12 12 -14 -15 -16 42 -18 -19 20 -21 29 58 23 -25 -26 37 -28 28 -30 -31 -32 -33 33 -35 46 36 -38 -39 39 -41 49 -43 -44 44 -46 -47 -48 48 -50 52 -52 -53 55 -55 -56 -57 -58 -59 59 60 -62 -63 -64
leaf_value=0.022101738713830525 0.056832126866829258 0.15335892518676844 0.16994690840394042 -0.015625719368800903 0.1291581970461663 -0.0096201567166287437 0.040337693707746342 -0.016620856376774098 0.13596087110642993 -0.0041813764091450031 -0.0076574131458197565 0.11388051485762314 -0.0080652832180442384 0.054505803378081363 -0.0045069221253756222 -0.0026415391432081667 -0.0023381349635050635 0.17971245730329211 0.0043043665657409389 0.017816526228878266 0.026192029683531695 0.0028032111109542387 0.01639743875054343 -0.0019961996107667017 0.0045627718202862584 -0.0021075674105540841 -0.02578358101588234 0.21993789363673757 0.0077952867893372841 -0.0008526712813266119 0.12445178117514324 -0.0081560747304514607 0.078119553928329172 -0.011665299757839408 -0.015995040616470609 0.036708867739357748 0.14324332984526364 0.0027772245727133776 0.1508072975365789 0.037063872637020177 0.0066056019667918653 0.0082562426322368154 -0.01452779013177184 0.12763382704715828 0.18171036060993739 -0.022388486314462955 0.014412015229989016 0.33910327669105589 -0.030096836362583996 0.088395649956548736 -0.0031934166374841633 -0.022949303707442387 0.033574935683321525 0.0036541928280007475 0.013792231899599057 -0.011913926646657826 -0.014691883061189473 0.0029895206135291453 -0.014198385892232173 0.0042651807663967225 0.080009501806787106 0.040928649544226349 -0.023522834758000054
leaf_weight=125.62616447848268 5.4181412435136727 1.4672471890226004 1.9397591184824703 53.913736429065466 1.8123193637002248 104.86216338048689 4.6365808909758917 36.075468558818102 1.4392187295015899 19.325791348936036 57.279889579862356 3.8732071095146239 8.7107900900300574 7.9040830121375611 2.2361671859398475 110.89747916255146 9.5911454958841187 1.570009132614359 45.653656184440479 3.0885139675810924 4.8666725838556877 277.0867350215558 317.67964761867188 154.56969880335964 23.008092612726614 3.097531870007515 432.89849627483636 1.0795021720696243 2.3718886051792643 4.7616853597573927 4.0889342785812905 162.41907125082798 3.2969686533324394 9.2846747359726578 18.403452273225412 6.7480610297061485 3.0825950477737933 6.7362430738285175 3.4434005112852883 2.6000540861859918 437.9817544654943 786.08751727198251 141.73047470813617 1.7036613274831318 1.272935123182833 3.8383990242145951 100.42469632579014 0.40624712384305894 0.79339848808012792 5.632470611250028 301.83050077455118 18.7006926224567 42.382922159973532 150.41129166376777 8.5059888560790551 7.9173057340085498 324.78146879631095 6.2456345788668832 103.83350653713569 13.872900831280274 2.9085593521595028 11.546974187251179 181.84473202889785
leaf_count=1549 164 130 129 18328 89 20562 590 2536 112 2251 6140 246 922 174 223 21881 1264 225 4182 246 303 18831 3231 6408 4091 194 165061 244 581 323 137 13841 255 869 422 303 169 540 180 152 12891 19609 30062 225 221 810 2203 121 262 237 17467 3321 1070 8196 550 589 61884 710 24445 1735 182 359 49490
internal_value=-0.000369909 -0.0123097 0.00511743 -0.0168228 0.00712407 -0.0117208 -0.00476093 0.0079901 -0.00570179 -0.0095415 0.00636806 -0.0120838 0.0243418 0.00417676 0.0705481 -0.00560383 0.0282796 0.0755937 0.018843 0.0765039 0.0139596 -0.00024243 0.0105839 0.00905219 -0.0224101 0.0155393 -0.0236728 -0.0080705 0.0741478 0.0460939 0.0710553 -0.00532414 0.026631 0.0118625 0.0181638 0.0255862 0.0701148 0.0395433 0.0666372 0.101872 0.00378713 0.0105994 -0.00766703 0.000593602 0.0532377 0.0237292 0.00970274 -0.0132193 0.0949288 0.00453464 0.00256174 0.00627164 0.0116058 0.00707892 0.0435127 0.0264149 -0.0137076 0.0278924 -0.00101999 -0.00980297 0.0173932 0.00748725 -0.018438
internal_weight=4703.5 1481.01 3222.49 1077.89 2718.32 563.415 276.708 2541.51 504.169 382.49 121.679 347.286 14.8202 1028.89 6.10937 275.241 15.7977 6.20659 64.3992 5.02827 59.3709 403.12 1512.62 1258.34 514.471 35.203 491.463 58.5648 3.45139 13.7173 8.95561 176.813 14.394 12.5816 254.285 135.457 9.83066 15.8772 9.14099 6.04345 1020.99 1103.77 259.443 117.712 6.815 5.54206 118.828 55.1134 1.19965 984.91 770.06 468.229 214.85 164.55 14.1385 50.3002 332.466 7.68485 397.702 120.615 16.7815 449.529 286.707
internal_count=534717 359505 175212 314148 96338 125460 55408 81284 78874 67414 11460 64097 1391 47390 469 55278 2079 815 5320 375 4945 45357 33894 29248 188688 3317 184597 19536 825 763 440 15054 1213 1124 4646 2021 472 1066 526 332 47216 22840 53199 23137 1256 1035 2625 18711 383 44680 34038 16571 10642 8983 787 1659 62706 822 45193 26362 1917 13250 70052
is_linear=0
shrinkage=0.03


Tree=56
num_leaves=64
num_cat=0
split_feature=17 14 14 205 181 78 266 76 172 66 2 221 32 90 15 211 101 270 81 177 44 162 16 62 178 212 161 153 227 158 57 54 231 225 35 0 147 222 68 115 205 115 117 157 31 79 16 41 161 74 264 66 2 94 41 270 28 49 208 251 0 38 83
split_gain=310.139 102.009 55.2423 37.4208 38.834 33.9135 30.6852 37.9112 25.0947 24.1031 23.2688 22.0613 22.1467 21.9023 20.9257 20.2061 18.9648 26.9445 21.0395 20.9537 18.7836 18.4942 18.4795 18.4074 17.912 17.5305 17.4223 19.312 17.158 19.586 22.9573 16.9028 16.8519 16.7962 16.572 16.2575 30.2325 16.1501 16.0528 20.5254 16.0314 21.9472 17.0283 15.8426 18.152 18.8744 16.9214 16.6784 15.3516 15.2873 15.247 20.3462 15.2171 15.0851 31.5139 14.8612 18.0688 17.4217 17.6468 29.3394 14.8526 31.1039 22.424
threshold=6445.3348615886898 1379.0064308879853 54814.10636290424 1.0000000180025095e-35 -1.0000000180025095e-35 1.0000000180025095e-35 8233.521365449853 11265.970162959837 999.82160016607315 18735.821376280986 1.0000000180025095e-35 1.0000000180025095e-35 1.0000000180025095e-35 -1245.4999999999998 1.0000000180025095e-35 -200.110137842245 33274.099857689776 890.11423826480882 1188.3793476783374 19.470586632454175 1.0000000180025095e-35 9.5000000000000018 11.500000000000002 -5928.3279280901143 18.388731844800002 1.0000000180025095e-35 4667.6854759644038 73983.657483300965 -7.4999999999999991 5388.5000000000009 58.500000000000007 9.5000000000000018 -9596.7041317826497 -7.4999999999999991 951487.07837961975 20381360.000000004 4.5000000000000009 1.0000000180025095e-35 113945.46410521907 830.73598056285516 101819.27314306406 115.36187411105351 1476.6187127579503 4.5000000000000009 1.0000000180025095e-35 4136.5666784943269 12.500000000000002 12771.95730611287 1859.5487174006764 840.22464788230207 2.5000000000000004 1.0000000180025095e-35 1.0000000180025095e-35 6405.5000000000009 1.0000000180025095e-35 -701.47470877043349 4.5000000000000009 -1.9999999999999998 -37832.845090944735 -6089.4958176521895 54259455.500000007 1208132.2958422538 1.0000000180025095e-35
decision_type=2 2 2 10 8 10 10 10 10 8 2 10 10 8 2 8 10 10 10 10 10 10 2 8 10 10 8 10 8 10 10 2 8 8 8 2 10 10 10 10 8 8 10 8 2 10 2 8 8 10 10 10 2 10 10 10 8 10 10 8 2 10 8
left_child=2 6 3 4 21 10 7 8 22 52 11 13 34 -6 40 -12 18 -18 55 -20 23 25 38 -15 49 -1 27 -10 29 31 -31 -25 -14 -8 -13 36 -29 -30 53 -40 41 42 -4 -35 45 -45 47 -46 -43 -17 -37 -52 -3 -2 -55 56 57 -7 -59 -60 -11 62 -62
right_child=1 9 14 -5 5 16 33 -9 26 60 15 12 32 20 -16 24 17 -19 19 -21 -22 -23 -24 28 -26 -27 -28 35 37 30 -32 -33 -34 43 -36 50 -38 -39 39 -41 -42 48 -44 44 46 -47 -48 -49 -50 -51 51 -53 -54 54 -56 -57 -58 58 59 -61 61 -63 -64
leaf_value=0.01680494529372123 0.0010657248259482435 -0.0030481443406054427 0.010735715923096212 -0.016930823562640307 0.00087294420418839217 -0.024159696953789715 -0.013043582621271956 -0.016527977822028844 -0.021566392378484917 -0.021747470207372208 0.021923293842131059 -0.018616090815000479 0.0096825959427563456 0.059725603953798841 -0.0093884482563794044 0.004284574239270908 0.015630657871545831 0.1707837411973829 0.0026279763612785017 0.12154873248620061 0.041386975753718247 0.0054699181347888006 -0.011375787448671931 0.011769976087685792 -0.012264582350175324 0.044671843258564714 -0.0012883867967945955 0.13831889990016197 0.007034137060818825 0.0094797077038423459 0.10625083419647589 0.042996235745106311 0.065703182945675689 0.01047340889252932 0.038391782546416342 0.020526996861007576 -0.014252164985345851 0.029217714625568537 0.0014833292968935599 0.21438236259100543 0.048763072493236199 0.03357480177611373 0.095889429543320914 0.031290597614851992 0.010378376939565555 0.12047475940851826 -0.0054449618344201414 0.10427850089535942 -0.014443992993184435 -0.012477280707131947 0.17000615311810452 0.035622230213064127 -0.015780540037856155 0.12162613713800614 -0.03044319065668126 -0.015966685873350275 -0.012776131583802947 0.02702729507727919 0.012930223734017261 0.2109212177038606 0.025078211693206679 0.17355401253613661 -0.023835509887082679
leaf_weight=323.13341458211653 188.2202943470329 138.57889056485146 4.9290576635394263 59.426866034278646 277.22835125541314 4.5070043907035169 12.482324644224716 152.4674606025219 6.1935326578095546 592.41873715142719 44.610581678338349 10.651898738928141 6.7765958465170115 6.620110752992332 288.64454851765186 563.45479566114955 7.5404466767795366 1.1627104342915116 3.5017516515217713 2.1535730292089283 17.340051956474781 135.32088113599457 130.16711832559668 104.02804963174276 79.942155242431909 21.680148506071419 30.541891240747645 3.3526926136109969 773.05832406319678 4.0248566097579879 4.8831919250078499 18.353889381513 16.848199078813199 27.904004534007985 8.0633441880345327 31.110450802603737 1.794536883709952 30.709531401284039 0.91402604850008973 0.73551728087477386 8.4124627057462913 7.3556378870271137 3.7000691250432283 4.0188761195167899 3.3065351389814142 4.5577643371652812 8.08687148359604 3.5091244797222316 32.322578836465254 53.631139487260953 1.4932879789266724 3.1590873296372592 216.40211713500321 2.7592590637505046 2.2078739772550762 128.18797183339484 23.444090398028493 11.056165469111875 1.337461683899164 1.3570820202585285 13.039813451003281 0.8835192562546571 23.887546740705147
leaf_count=4631 20807 27329 485 3195 7612 469 932 31985 587 195169 2116 321 166 82 46764 21782 911 107 264 126 104 2037 24521 2315 4984 172 3570 248 18871 137 155 244 408 1851 152 2236 180 646 163 129 402 103 152 180 167 185 854 179 2152 3437 97 432 55403 232 249 25158 3694 940 161 175 3812 211 7379
internal_value=-0.000364198 -0.011066 0.00519278 0.00661597 0.00713721 0.00545331 -0.00152182 -0.00378744 0.0010369 -0.0170623 0.00657703 0.00902913 0.0303227 0.00829985 -0.00611498 0.00234959 -0.00686791 0.0363586 -0.00901098 0.0479135 0.0104468 0.0148686 -0.00262379 0.00987705 0.00109685 0.0185571 0.0163596 0.0278025 0.00952413 0.0195792 0.0625275 0.016453 0.0496341 0.0181709 0.00594539 0.0352767 0.0851263 0.0078817 0.00322327 0.0964132 0.0105436 0.00388784 0.0472486 0.0257537 0.0439138 0.0786845 0.0239027 0.058724 -0.00554216 0.0028278 0.028102 0.0787559 -0.01081 0.00242756 0.0540318 -0.0109059 0.00465056 0.0270276 0.043805 0.112647 -0.020584 -0.0023543 -0.00656306
internal_weight=4693.59 1604.19 3089.4 2744.03 2684.61 2204.47 618.983 555.117 402.65 985.211 2020.23 1278.59 42.34 1236.25 345.364 741.639 184.248 8.70316 175.545 5.65532 959.018 480.134 325.004 941.678 697.028 344.814 77.6455 47.1036 935.058 131.29 8.90805 122.382 23.6248 63.8655 18.7152 40.9101 5.14723 803.768 194.837 1.64954 56.7198 48.3073 8.62913 51.3832 23.4792 8.57664 14.9025 6.81566 39.6782 617.086 35.7628 4.65238 354.981 193.187 4.96713 169.89 41.7018 18.2577 13.7507 2.69454 630.23 37.8109 36.9274
internal_count=534717 379087 155630 105572 102377 95537 89784 85436 53451 289303 63532 31213 1047 30166 50058 32319 32005 1018 30987 390 22554 6840 46101 22450 30203 4803 7350 3780 22368 2851 292 2559 574 4348 473 3193 428 19517 21580 292 3294 2892 637 3416 1565 365 1200 346 2255 25219 2765 529 82732 21288 481 30597 5439 1745 1276 336 206571 11402 11191
is_linear=0
shrinkage=0.03


Tree=57
num_leaves=64
num_cat=0
split_feature=33 227 13 24 17 266 22 1 1 55 17 27 24 204 11 20 266 50 22 204 14 30 161 1 112 266 38 17 227 22 50 211 223 138 116 157 59 116 175 14 227 204 254 20 2 254 157 211 62 90 30 101 1 25 106 24 78 247 1 31 95 186 1
split_gain=352.39 60.9655 58.5092 43.7053 40.9016 33.0485 31.2075 29.4813 46.5991 28.6907 28.1211 27.8445 28.6319 30.7641 25.036 24.6521 23.7566 22.2714 22.0612 28.1513 24.6546 26.6587 23.2645 31.7891 24.2328 21.9232 21.5043 20.7617 20.6767 25.2319 25.8314 20.2803 19.3971 19.3461 28.6188 18.9639 33.8681 18.0602 18.6818 17.8542 20.2508 17.7807 17.6769 17.339 17.2822 17.0029 16.3782 16.1216 20.0545 16.0356 16.9942 15.9689 15.8073 15.4512 23.579 15.4502 18.8041 14.6526 24.7241 14.4695 28.0926 14.346 16.414
threshold=70.500000000000014 -38.499999999999993 1.0000000180025095e-35 1.0000000180025095e-35 1.0000000180025095e-35 8233.521365449853 86478.173921436843 202051.50000000003 201956.50000000003 733.30220192056618 13450.865976681167 791.33740688745058 257801.28341165622 -6649.1204688315111 -2274.631880964133 3004.6449033147305 2575.2579420935149 1532.5000000000002 22102.248524378836 -18559.174483178878 79863.926260527252 2.5000000000000004 2295.976326163337 202101.50000000003 102.50000000000001 -1195.7472159061977 124901.31567376801 37981.236187678536 -5.4999999999999991 6061.8994864039369 2839.5000000000005 -597.29735552232648 1.0000000180025095e-35 9.5000000000000018 -1.0000000180025095e-35 11.500000000000002 2611.1608522097954 -1317.0756948576998 771.21407934632055 -12982.421778104437 -7.4999999999999991 -11668.92784485594 -334.71963744134581 787.26237430892422 1.0000000180025095e-35 -4325.0988103728096 2.5000000000000004 -6654.06901662783 -2184.2608663249134 -364.49999999999994 1.0000000180025095e-35 22025.019402942627 201956.50000000003 2268.8507993736516 5.5000000000000009 113730.1879810559 120863.35063560661 1398.3179893019594 201909.50000000003 1.0000000180025095e-35 12812.762663635554 -1.0000000180025095e-35 201905.50000000003
decision_type=2 8 2 2 2 10 2 2 2 2 2 2 2 10 2 2 10 10 2 8 2 2 10 2 8 8 8 2 10 2 8 8 10 10 8 8 10 10 10 2 8 10 10 2 2 8 10 8 8 10 2 10 2 10 8 2 8 10 2 2 10 8 2
left_child=2 47 14 6 -3 9 7 8 10 15 31 12 57 -14 52 18 -8 61 19 -6 21 -21 23 25 -25 -23 42 35 29 30 -19 -4 37 43 -35 55 -37 -9 41 40 -12 -39 -13 -33 -18 51 -32 48 -2 50 -43 -40 -1 -27 -55 -7 -57 -5 -59 60 -29 -16 -63
right_child=1 4 3 11 5 27 16 32 -10 -11 39 26 13 -15 17 -17 44 28 -20 20 -22 22 -24 24 -26 53 -28 59 -30 -31 46 33 -34 34 -36 36 -38 38 45 -41 -42 49 -44 -45 -46 -47 -48 -49 -50 -51 -52 -53 -54 54 -56 56 -58 58 -60 -61 -62 62 -64
leaf_value=0.0232260677546136 -0.026105599292209798 -0.0021796449406271431 0.026390600100307027 -0.0170057667615056 0.18617117136632869 -0.0023568841578229119 -0.013429672040641225 -0.0054995230868207633 -0.01082483805602368 -0.023496437998409773 0.082954107576401759 0.17093427436954817 0.25863175609829192 0.029735181616643232 0.039994310766988748 -0.021657348247070531 0.06331296490896314 0.14277290398226358 -0.023940166442510437 -0.0021050377218652548 -0.016593926815360122 0.18153064414153808 -0.0069454711676913824 0.26403555932777606 0.069823655408851132 -0.022386561795159569 0.0095573744293748191 -0.015793891753923921 0.011683359256960214 -0.013253195342022388 0.00030739073958121945 0.006333577633772295 0.022470052184459063 -0.012269352229218457 0.11149048180621894 0.17433115105801836 0.011949736834523619 0.057911763031365367 0.019153944723091062 -0.01151369285972785 -0.0049441341035349924 0.0065485105185866723 0.02815342520308026 -0.0083826024556432344 0.0038404929505026467 0.016393691106231161 0.081962438153436179 0.002834626307908449 0.056082247655566277 -0.0098821364082132199 0.029822066185124625 0.097996990105836679 0.0093236834527774606 0.21803737493871136 0.025330467965285198 0.13801828695167104 0.0008995062002805724 0.12002649329696176 -0.030606724594292298 -0.016161527234285732 0.11199602050481325 0.015658018139470053 -0.00025953623150114512
leaf_weight=225.84616265026852 3.5232365860138088 198.52506080805324 43.608391379239038 169.917565864278 0.69292936334386468 12.599516316084193 136.31573157291859 81.91322421352379 207.41945563699119 491.44256519083865 3.959571928717196 1.5954047543928029 0.62318972125649441 3.476311824982985 10.044455890078098 208.62347964895889 6.044927301118153 3.5716519381385305 67.535931473597884 151.35850205388851 106.31065164273605 0.84837654209695756 6.4291005027480415 1.1186804103199395 1.196845880243927 3.6921216333284992 8.8709247743245214 4.0979614171665153 28.292118644574657 3.853426596382632 3.8238718439824879 859.83469530404545 90.900943988002837 3.0531171304173768 3.7436051820404819 2.0253454062622067 2.6932172905653715 6.0815607707481822 4.635103809880091 121.71563043841161 5.8357091001234931 462.06628234847449 1.5276060362812103 78.64794123522006 16.136293587973341 131.12637596391141 5.2406262597069144 120.91921858326532 11.059638232924042 49.868498301366344 30.074918759055436 4.6130214782897383 109.19703425653279 0.72458533896133337 2.7037897449918091 1.7652467500884075 1.8366471009794625 1.8833633931353682 2.0460412816610187 33.440769948298112 2.4883882221765816 76.842862759251148 241.67912461236119
leaf_count=1279 262 22688 2050 40205 127 1676 12545 5791 11905 186210 132 134 133 731 96 52478 152 132 15741 29798 27594 158 1297 92 168 581 810 647 1090 132 190 31889 2627 149 142 234 259 126 158 20122 402 16163 144 6178 673 2754 155 12869 422 1839 931 231 688 117 646 167 288 125 309 7217 210 2151 7308
internal_value=-0.000358125 -0.0127229 0.00511836 0.00299025 -0.0147158 -0.0169708 0.00411014 0.00504086 0.00223694 -0.018226 0.00465507 -0.0108513 -0.0138334 0.0645311 0.0127415 -0.0135272 -0.00874453 0.00739879 -0.00857657 -0.00480453 -0.00528682 0.00186526 0.0378206 0.0658052 0.163652 0.0373738 0.0333918 0.00450177 0.027246 0.0539477 0.0744408 0.00638831 0.0093636 0.00546555 0.055897 0.0287217 0.0816486 0.0078171 0.00940151 -0.00837791 0.0305872 0.00690055 0.101094 0.00510031 0.0200482 0.0191665 0.0475161 0.0064282 0.0362256 0.00632818 0.00797077 0.0584813 0.018695 0.0201982 0.066059 0.013307 0.0680998 -0.0156813 0.0415918 -0.00815665 0.0324864 0.00469373 0.00358055
internal_weight=4683.58 1437.65 3245.93 2537.54 1302.15 1103.62 2347.59 2189.1 1327.82 1042.68 1120.4 189.94 177.946 4.0995 708.391 551.235 158.497 373.348 342.612 275.076 274.383 168.072 16.7135 10.2844 2.31553 7.96887 11.9939 60.9471 44.7817 16.4896 12.6362 988.888 861.28 945.279 6.79672 20.92 4.71856 770.379 688.466 131.511 9.79528 548.091 3.12301 938.483 22.1812 140.375 9.0645 135.502 14.5829 542.01 492.141 9.24813 335.043 7.1205 3.42838 16.2014 3.60189 173.847 3.9294 40.0271 6.58635 328.566 318.522
internal_count=534717 361946 172771 159550 348393 325705 116959 103589 72969 315007 61064 42591 41503 864 13221 128797 13370 11254 76319 60578 60451 32857 3059 1762 260 1502 1088 10698 1699 609 477 40408 30620 38358 291 2624 493 27993 22202 20656 534 19059 278 38067 825 3143 345 13553 684 18933 17094 389 1967 1344 763 2131 455 40639 434 8074 857 9555 9459
is_linear=0
shrinkage=0.03


Tree=58
num_leaves=64
num_cat=0
split_feature=55 16 107 10 16 2 6 11 62 259 188 113 188 119 20 225 239 193 178 11 189 51 184 3 178 204 172 79 172 189 92 231 116 264 10 28 119 209 45 59 119 192 225 247 161 171 6 179 36 100 59 192 189 189 113 236 20 46 118 154 79 3 95
split_gain=280.398 126.199 62.7039 48.8769 47.082 36.3401 28.8853 28.2544 26.9981 26.8286 31.185 25.6865 30.7937 21.6523 21.442 20.3505 19.5615 19.2637 18.972 18.7075 27.1597 30.6827 39.1782 21.2987 18.4404 17.0542 18.2819 20.7781 24.0615 32.2603 44.6904 16.6159 16.6116 16.5136 15.8632 15.4754 15.3284 14.9623 23.4076 51.9654 44.3296 19.1397 14.8938 17.4332 23.2135 24.3718 15.4333 14.8545 15.5972 17.2493 28.8557 15.3935 14.7396 16.2612 20.0901 22.8773 14.4707 14.2493 14.0825 14.0136 14.0025 18.016 30.6486
threshold=409.25375248207388 9.5000000000000018 32381.79083585765 6.5000000000000009 1.0000000180025095e-35 1.0000000180025095e-35 11530.895983237833 -8608.7084387945124 -986.35575704384678 -3.4999999999999996 -1.0000000180025095e-35 1.0000000180025095e-35 -2227.3860837949082 -10601.431916339334 551.08491476943311 74.500000000000014 -2.4999999999999996 1.0000000180025095e-35 205.97744605349018 -11333.351348799762 -132328.62943404671 1416.6157218991414 -17593.489345744802 47.500000000000007 -75.443889291109997 -34148.258643028406 -1.0000000180025095e-35 4665.950985810241 2234.5609629564437 -9152.4443872816573 268512.25268120406 -5802.864002594607 -264.25880472291595 2.5000000000000004 8.5000000000000018 4.5000000000000009 630.73183858250513 138347.44402902038 150026.99407926411 2131.7799868570805 -102.90581103512649 -17.499999999999996 1.5000000000000002 -1.0000000180025095e-35 1666.8396031759382 1486.7926627481354 13380.651565786337 116.70066836078855 -1034.4999999999998 -1153.4999999999998 5313.6195990890637 -5.4999999999999991 -1833.0913483092402 -9152.4443872816573 19646.290980030961 -10129.208206060632 5477.1443117168083 -667.49999999999989 6.5000000000000009 1.0000000180025095e-35 7188.6418023250289 36.500000000000007 487.53903437554607
decision_type=2 2 10 2 2 2 8 2 10 10 10 8 8 8 2 10 8 10 8 2 8 10 10 2 10 8 8 10 8 10 8 10 10 8 2 10 10 10 10 8 10 8 10 10 10 10 8 10 10 10 10 10 8 10 8 10 2 8 10 10 10 2 10
left_child=1 3 4 14 13 25 8 47 56 10 11 -10 33 18 15 19 -7 34 -2 -1 21 31 -23 36 -4 -5 52 42 -29 30 -30 58 -31 -13 59 -17 -22 -6 39 -39 -41 -40 -28 44 45 -44 -45 48 49 -8 51 -51 53 54 -27 -56 -3 -34 -21 60 -18 62 -62
right_child=2 6 24 5 37 16 7 -9 9 -11 -12 12 -14 -15 -16 35 17 -19 -20 20 23 22 -24 -25 -26 26 27 28 29 32 -32 -33 57 -35 -36 -37 -38 38 41 40 -42 -43 43 46 -46 -47 -48 -49 -50 50 -52 -53 -54 -55 55 -57 -58 -59 -60 -61 61 -63 -64
leaf_value=0.016593650945982915 0.0062276968790379071 -0.00040862082053969446 0.02235691580396397 0.044896446500759662 -0.023403836479986197 -0.021572195942796545 0.016200487540268236 -0.016979605221774396 0.0054485086713118424 0.0055865345661304314 -0.0030231857245789674 0.00060202360683142705 0.1902536758330618 -0.0079653573047653876 -0.0052827040060588236 0.11257129887758109 0.00055842822691302887 -0.01562449440517619 0.081633434898527119 -0.011535336005196085 0.011367000997004367 0.19641459677200093 0.029000574258350658 0.0030837638822686568 -0.012325866212109233 -0.0072790035640327806 0.005202374241497866 0.0079940087296374342 0.25921545787740768 -0.010292765017804229 0.062553719546706896 0.081818787532698042 0.031423247519549349 0.13461519222068133 -0.0093568678164300985 0.01911294755577873 -0.014806800319764559 -0.03012586138565361 0.19653340260732985 0.030614676616300299 0.41567742478059916 -0.014171214734419586 0.11062491484526779 0.026496056887741901 -0.013285764839287723 0.00084937014476008283 -0.01006448324016051 -0.02476223586847686 -0.0090396868740273712 0.10736220556116918 0.18896209441059894 -0.0087066105057850788 -0.0050699044475063324 0.017373575504549675 0.0040570177492984536 0.13374779176238619 -0.024683581175651531 0.13076394673200595 0.054383990139077479 0.086540035049880809 0.014017556419315531 0.011461081621275128 0.16511093358533535
leaf_weight=269.02230871561915 8.9232625430449826 68.979593048105016 46.322833974380046 9.9145047308411449 573.99388187169097 50.2306735124439 18.732636678032577 363.99014830053784 2.4376866822130969 41.372352652484551 5.4589885689783832 1.9326166135724641 2.9816755286883554 166.82942053140141 92.446969850920141 3.0028427506331345 406.751478391001 83.446990316268057 4.5261044539511213 10.068754716310652 753.86946773319505 2.3184526446275413 2.7506583232898256 584.94788801809773 19.649540440645069 65.515533432830125 354.33085557469167 17.498007186222821 1.5040366011671711 4.9362646704539648 3.3704362083226442 3.3534881370142111 3.9136837932746857 1.4472528295591467 131.54249389003962 3.4001532737165689 20.690257443580776 1.4364794590510452 0.39708279748447239 0.48420503782108426 0.60562218283303104 16.960619969293479 6.3096605632454139 28.223928348394114 3.3955578897148362 2.5581731158308685 16.446886532241475 10.341738054063169 14.463526923675092 1.6753001338802276 1.4945774723310021 2.6630564141087225 202.77965742070228 73.3688364115078 3.1666973240207881 1.9955395623110224 32.52074395888485 1.9455076893791545 4.1062507876195022 1.7786219869740296 3.1383709546644232 31.77041626139544 1.9646470549050716
leaf_count=2207 457 10676 3458 264 214187 4537 2080 89715 176 4867 636 260 215 30902 7569 76 28936 13287 170 509 19613 239 303 18511 1931 6101 13304 1720 163 454 284 138 317 154 14279 201 1160 456 136 109 195 6370 329 1128 323 114 1338 1405 1620 77 141 302 11933 2984 169 188 6413 95 55 102 313 4193 173
internal_value=-0.000352609 0.00308839 -0.0160488 0.00536516 -0.0184413 0.00141408 -0.009929 -0.014091 0.00101986 0.0178169 0.0533053 0.0882511 0.11998 -0.00501336 0.00877847 0.00956272 -0.0035246 -0.00215187 0.0316039 0.00935571 0.00794687 0.040566 0.105571 0.00740468 0.0120268 0.00579458 0.00530464 0.00933297 0.0321744 0.0591756 0.123234 0.0217672 0.0302512 0.0579862 -0.000203246 0.0629425 0.0106678 -0.0225176 0.00306676 0.0883868 0.244596 -0.00935104 0.00749084 0.0217331 0.0534164 0.0789571 0.0130352 0.00720554 0.0156762 0.0302282 0.0752788 0.0361145 0.000142619 0.00748048 -0.0027893 0.0541909 -0.00818633 0.0644087 0.00756034 0.00250012 0.00216318 0.0198653 0.0721881
internal_weight=4672.4 3832.27 840.129 3261.77 774.157 1511.8 570.492 413.361 157.131 55.6306 14.2582 8.79923 6.36154 180.279 1749.98 1657.53 710.624 660.393 13.4494 1651.13 1382.11 22.5976 5.06911 1359.51 65.9724 801.174 791.259 444.433 33.1679 15.6699 4.87447 17.5285 10.7955 3.37987 576.946 6.403 774.56 593.878 19.884 2.52631 1.08983 17.3577 411.265 56.9342 12.2634 8.86783 44.6708 49.3708 39.0291 24.5656 5.83293 4.33836 346.826 144.047 70.6778 5.16224 101.5 5.85919 14.175 445.404 443.625 36.8734 5.10302
internal_count=534717 276346 258371 157609 252982 107028 118737 95340 23397 6308 1441 805 629 31529 50581 43012 65820 61283 627 42735 40528 1244 542 39284 5389 41208 40944 19569 3033 1313 447 702 866 414 47996 277 20773 221453 7266 760 304 6506 16536 3232 766 443 2466 5625 4220 2600 520 379 21375 9442 6458 357 17089 412 564 33717 33615 4679 486
is_linear=0
shrinkage=0.03


Tree=59
num_leaves=64
num_cat=0
split_feature=33 12 10 226 193 10 221 0 109 97 141 11 11 82 55 56 0 55 193 226 189 57 212 141 250 11 40 97 266 62 59 224 59 108 160 6 91 224 206 262 181 95 231 35 221 210 27 141 0 147 221 173 0 238 235 56 124 189 0 8 122 114 243
split_gain=320.851 69.6687 53.0438 39.1657 36.1999 27.0677 26.2898 34.1107 40.346 32.8008 29.2279 24.9965 23.4275 32.0534 20.1128 20.0216 44.3492 19.1299 18.3282 18.033 25.4231 26.3625 17.9783 17.5054 17.4696 18.1873 35.3485 16.2524 16.0196 16.7155 15.9113 15.6095 18.1199 16.4903 17.9977 15.4808 15.2894 16.7562 14.908 17.234 15.8996 14.7408 23.0891 27.3984 14.7325 14.5899 14.5211 16.3983 31.3846 15.6237 20.7995 20.4754 17.3166 14.4047 15.2603 14.3823 14.1959 14.5259 24.5844 14.1894 14.1428 14.0475 13.8659
threshold=70.500000000000014 10524.572870162066 6.5000000000000009 -6.4999999999999991 1.0000000180025095e-35 7.5000000000000009 1.5000000000000002 51396260.000000007 3560.5022896276596 703.91355274593013 79.500000000000014 -11333.351348799762 -4676.1028341919728 4.5000000000000009 409.25375248207388 1.0000000180025095e-35 14870090.500000002 733.30220192056618 -5.4999999999999991 -4.4999999999999991 -56055.955163804349 72.500000000000014 1.0000000180025095e-35 13.500000000000002 1.0000000180025095e-35 -55.312603706060493 2969.5000000000005 9314.0497818135864 -1.0000000180025095e-35 3777.275431722273 6235.1215485962339 56.500000000000007 1919.6154879923124 6.5000000000000009 17.500000000000004 86924.510073434314 2432.0170119465974 27.500000000000004 -1.0000000180025095e-35 15816.064716996012 -1.4999999999999998 38078.17151020631 -6315.99661822486 208616.93161347244 2.5000000000000004 -675.83289283266265 1579.98774840687 73.500000000000014 22978891.000000004 -1.9999999999999998 3.5000000000000004 284.90099391364498 40149470.500000007 -3.4999999999999996 -6263.2975304646852 1.5000000000000002 4.5000000000000009 -28151.0398489285 26024990.500000004 1.0000000180025095e-35 -11589.514618090221 53591.251362952033 321.81968727238069
decision_type=2 2 2 10 10 2 10 2 10 8 10 2 2 8 2 10 2 2 10 10 8 8 10 8 10 2 8 10 8 10 10 10 10 8 10 10 8 10 8 10 8 10 8 10 10 8 2 10 2 10 8 10 2 8 10 8 10 10 2 10 8 8 8
left_child=2 3 11 18 12 6 17 15 10 -10 -9 35 13 -4 30 16 -8 38 24 20 21 -13 23 -21 53 45 -27 -16 29 -15 31 33 -33 34 46 55 37 -18 39 -3 -40 -19 -43 -44 -30 -26 -14 49 -49 51 -51 -48 -53 54 -2 61 57 58 -20 -25 -17 -1 -56
right_child=1 5 4 -5 -6 -7 7 8 9 -11 -12 19 14 28 27 60 36 41 56 22 -22 -23 -24 59 25 26 -28 -29 44 -31 -32 32 -34 -35 -36 -37 -38 -39 40 -41 -42 42 43 -45 -46 -47 47 48 -50 50 -52 52 -54 -55 62 -57 -58 -59 -60 -61 -62 -63 -64
leaf_value=0.016861821303341164 -0.032371075454654813 0.011224875043404296 -0.0019566687735740507 -0.011364600818077528 -0.010802157158758329 -0.022826788437298892 0.27301858588058514 0.20525001166816506 0.30328291274298291 0.046530612710175584 -0.020608404124759047 0.028969745611417894 0.0015294954152842652 -0.0013556382130082989 -0.016972983593898983 0.1403588935948398 0.022630346246573264 -0.022202559220544898 0.10352854776047089 0.0073544508144608098 0.01044291617760505 0.11915217689647528 0.017183229424899579 -0.0053283399385952446 0.089349740146132714 0.0022937448490128708 0.2666821548291739 0.084062653499404588 0.022998789457606184 0.069320239705941353 -0.013514062612735937 0.0122162504403408 0.1129937580646244 -0.003268226580867888 0.084294178095441902 -0.012675160756713929 -0.030171297982458753 0.17777364866376053 0.046063425117268859 0.1345626868334879 -0.011794611389585262 -0.030566075441199384 0.20302992973812098 0.0060574527691594987 -0.027424242617942844 0.012747293573125741 0.011773501379059418 0.18943972027550132 0.016509750383486736 0.0031589693898908294 0.08192237165839332 0.030245616751638952 0.10124660125525688 0.0044446392024971582 0.0806300725378057 -0.0020577915175457782 -0.011531377605844726 -0.00096326895982178822 0.012603232590703303 0.0052709581424553826 -0.017253476245844796 0.034548732818293328 0.018554781857923548
leaf_weight=177.81453479523771 2.4834383195266136 16.98744571837597 142.23408925556578 301.16720545082353 212.60628241533414 445.71974657149985 0.69261527131311851 0.63561586337163989 1.0775860787834968 0.76624344498850416 2.7324889041483402 15.807823587674649 317.58417564677075 53.095702291233465 72.388179819099605 0.52490952424705029 2.2704468856099997 191.6962136386428 3.4757510323543093 509.15160673949867 404.15001306380145 3.5775620047934344 95.118290321202949 260.83457029378042 2.9559106905944645 0.92045034770853695 0.90026693814434122 1.4618161814287294 153.20404698513448 3.1928551299497476 60.253353226464242 4.7015832641627631 2.4385659894905984 312.60361697268672 2.6021906770765773 15.253110108897088 2.8945682616904378 0.86533851805143047 4.3990393429994583 1.0847246702760447 151.18170804274268 2.880981340771541 1.1380341865587973 1.4394590442534534 5.3988646557554594 9.2104098964482528 24.69582001445815 1.363204457797109 3.0754665632266551 106.79687787801959 3.1052301418967536 7.8017864627763611 5.120697993086651 91.938999803271145 6.3172482859808925 27.542192805558443 76.018028468592092 40.379642252577469 11.635319263907148 201.47404944640584 21.477218292187903 52.301805100170895 6.6453292730730018
leaf_count=1590 209 2311 3054 60882 29165 151632 173 104 201 121 581 740 18299 2264 18698 78 592 72392 221 10263 15454 70 1446 22071 181 145 117 67 3797 106 6085 285 139 21358 242 140 752 213 192 219 34117 959 226 411 130 644 1566 159 301 6083 187 228 187 9726 253 334 13916 3508 660 7845 5671 418 539
internal_value=-0.000347322 -0.0123338 0.00481881 -0.00405566 0.000663376 -0.0177267 -0.0121103 0.013163 0.0837722 0.196584 0.0220147 0.00834422 0.00256316 0.00909062 4.57247e-05 0.000351553 0.0456613 -0.0144233 0.00464889 0.00681548 0.0120527 0.0456129 0.00473581 0.00351705 0.0130559 0.0445923 0.133023 -0.014973 0.0164027 0.00265331 0.00134731 0.00247808 0.0466347 0.00207632 0.0056149 0.0166912 0.0195482 0.0654431 -0.00716285 0.0186278 -0.0101587 -0.0208183 0.0277942 0.0930262 0.0212824 0.0313585 0.00517886 0.0128058 0.06962 0.0110963 0.00538439 0.0277838 0.0583807 0.00894824 0.0357549 0.0184297 -0.00311011 0.00842638 0.0335173 -0.000709167 -0.0134933 0.0208818 0.0488069
internal_weight=4663.26 1404.51 3258.75 554.048 1495.72 850.464 404.745 33.937 5.21193 1.84383 3.3681 1763.03 1283.12 357.126 925.993 28.7251 6.72297 370.808 252.881 1490.11 423.535 19.3854 1066.58 971.46 121.372 13.987 1.82072 73.85 214.891 56.2886 852.143 791.889 7.14015 784.749 472.145 272.912 6.03035 3.13579 173.653 18.0722 155.581 197.155 5.45847 2.57749 158.603 12.1663 469.543 151.959 4.43867 147.52 109.902 37.6183 12.9225 107.385 15.446 257.659 131.509 55.4907 15.1111 462.309 22.0021 230.116 12.9626
internal_count=534717 361946 172771 91001 112400 270945 119313 8486 1007 322 685 60371 83235 9351 73884 7479 1730 110827 30119 57889 16264 810 41625 40179 11814 1087 262 18765 6297 2370 55119 49034 424 48610 27252 2482 1557 805 36839 2530 34309 73988 1596 637 3927 825 27010 8711 460 8251 6270 1981 415 10727 1001 2342 18305 4389 881 29916 5749 2008 792
is_linear=0
shrinkage=0.03


Tree=60
num_leaves=64
num_cat=0
split_feature=17 24 14 267 20 226 254 119 270 265 62 27 46 180 14 141 14 65 59 76 204 225 60 9 226 110 73 173 98 225 137 265 20 130 226 224 133 183 184 17 210 264 46 204 204 23 235 264 46 133 133 59 148 62 224 255 130 57 46 59 35 152 64
split_gain=258.191 101.617 54.8961 44.4144 42.8672 29.7565 26.4043 25.5324 22.7913 24.164 42.6855 23.1038 30.3197 22.4152 23.4584 20.004 18.7866 28.3928 27.0813 17.816 21.2862 18.7423 20.5934 17.0078 16.9036 18.2021 20.8919 21.7113 16.88 16.4477 16.8702 16.3162 16.1453 24.8943 15.873 22.2526 15.6503 19.7259 17.6933 20.2008 27.6459 21.1932 16.0322 15.5804 15.1061 14.9964 14.7534 14.5992 14.5024 16.8579 25.2465 14.5026 21.0645 14.3521 14.5903 14.062 13.8165 13.55 14.3575 22.7364 30.4046 13.392 13.2516
threshold=13450.865976681167 19127.703663159609 3259.2540768480844 5083.0411112877746 787.26237430892422 -4.4999999999999991 46908.641506224121 -10601.431916339334 3309.2160916993394 1.0000000180025095e-35 -271.20169213520597 1727.1354339293548 -988.49999999999989 -1.0000000180025095e-35 14454.456124657887 91.500000000000014 35152.103847702405 -410.75800065810296 1526.4959462037132 42616.715836534473 -21333.309750448094 35.500000000000007 38479.896683405641 1759.3113922275622 -25.499999999999996 1.0000000180025095e-35 15.500000000000002 -1832.4508458761654 6.5000000000000009 -60.499999999999993 136213.8014591189 -6.4999999999999991 443.64809098441066 257411.96710103241 36.500000000000007 7.5000000000000009 2703.3934325215387 101.41027064237998 -4110.7277065833032 965.52671810684058 -1495.5043862966522 -1.4999999999999998 -2006.4999999999998 -9249.5861002840957 1.0000000180025095e-35 1.0000000180025095e-35 6569.2755322494886 -1.0000000180025095e-35 -1490.4999999999998 4680.6952247102299 5819.0117696013167 1.0000000180025095e-35 1830.5000000000002 -271.20169213520597 -3.4999999999999996 4664.2984299450145 233092.92341744827 36.500000000000007 -1794.4999999999998 1526.4959462037132 86847.903551489042 8.0000000000000018 7.5000000000000009
decision_type=2 2 2 10 2 10 10 8 10 10 10 2 8 10 2 10 2 10 8 10 10 10 8 10 8 8 8 10 8 8 10 10 2 10 10 8 10 10 10 2 10 10 8 10 10 2 10 10 10 10 10 8 8 8 10 10 8 10 8 8 8 10 8
left_child=1 4 6 7 5 23 15 28 11 16 -11 31 -13 44 19 24 17 -10 -19 21 56 29 -23 36 -2 26 27 -26 -3 -15 43 34 -5 46 -9 -36 37 42 39 -38 41 -41 55 -31 -7 62 -34 57 -29 -50 -51 52 -52 -42 -55 -1 -21 58 -16 60 -60 -44 -4
right_child=2 3 45 32 -6 13 -8 8 9 10 -12 12 -14 14 47 -17 -18 18 -20 20 -22 22 -24 -25 25 -27 -28 48 -30 30 -32 -33 33 -35 35 -37 38 -39 -40 40 53 -43 61 -45 -46 -47 -48 -49 49 50 51 -53 -54 54 -56 -57 -58 -59 59 -61 -62 -63 -64
leaf_value=-0.0050929889403555769 0.06292521166094521 -0.0073840319687380942 -0.0077977845952381742 0.014816028655508767 -0.0062075461032648606 0.017330468845582488 0.023237432162357297 -0.011394724264446052 -0.034505586731276974 -0.030093600020276119 0.39977506663878626 -0.030424877016023089 0.17479232793556371 0.056471720509593031 -0.017223071720529632 -0.014892884486320986 -0.018490804347134061 0.035800498847571853 0.26822938194211471 0.04557045151521643 -0.0076437930347344812 0.019271283121723323 0.092295279371915159 -0.0035987086437347534 -0.012588482280875172 -0.0090348154117563216 0.12409004401458169 -0.00045368396971285778 0.048464249658294815 0.042632774165516509 -0.028007939699930772 -0.023528269464760686 0.10842766142841608 0.17174358106264631 -0.0003230785237740039 0.23480370998788255 0.023785418392679232 -0.00076505294489675828 0.016489314586502272 0.23608578133997429 -0.017262950354735226 0.07882756495081418 0.014304032501994676 0.0056597588018871174 -0.022427828335891502 -0.022917346577508831 -0.019544508517617888 -0.014055511929571681 0.006868489673025501 0.13456393378905143 0.015204199723104455 0.019927795659734845 0.15526688975498149 0.13619742616029959 0.023283871754263444 0.03779864074647548 0.0051567926960300655 -0.0029112276435404377 0.15758731993678896 0.0040689598177384217 0.033645016932272426 0.063485329507659657 -0.019149089021487851
leaf_weight=63.308957225177437 3.6163991743233055 9.7960190922021884 168.87092513288371 25.473676637513567 255.79847957543097 156.2150937311817 28.62733713304624 182.86993440776132 1.2482161715161058 0.41297296644188464 0.41865931521169919 1.2835692323278634 1.308460627915337 5.7473589007277042 6.605077748419717 160.52895275899209 5.1292187040671706 0.90563314012251417 0.89903925568796694 11.17835095641203 168.98951263865456 17.168973590712994 4.3578860838897553 64.534036367665976 38.509868900757283 153.85395529307425 1.3535931580699969 29.634479672880843 9.6876029521226865 10.340499773155896 13.297875134274362 166.72852096799761 1.2961004620883607 1.5910428203642366 1.0061019710265089 0.56608611810952414 15.699543403927239 113.94328335323371 98.462834859732538 1.4565515201538803 2.2566284774802625 1.6393733308650551 495.28941674460657 1281.2070439478848 9.1019535060040635 313.47897542291321 2.1652672009076923 94.964031618786976 19.178375373361632 2.5341449785046306 1.9318587300367629 14.619836691068489 1.9336695703677831 1.9584462894126771 2.1724205454811436 7.7179255324881515 23.873968535801396 145.95761637645774 2.529857553308827 10.253969740122562 6.0204136997926989 5.033616052241995 204.82316309097223
leaf_count=2710 179 1361 39627 547 24538 2804 3090 40524 139 147 129 219 148 246 535 38988 1443 148 132 257 10663 509 230 5426 4446 25424 147 2777 321 185 471 57641 249 61 259 138 126 3747 2629 101 299 169 14226 30696 122 127462 229 12322 1769 198 118 1210 140 167 193 119 931 11695 125 806 358 50 57852
internal_value=-0.000341663 0.00369182 -0.0127221 -0.0102903 0.00555539 0.00661439 -0.00465586 -0.0130711 -0.0148679 0.0322395 0.18631 -0.0160682 0.0731691 0.00456894 0.00359928 -0.00652286 0.0165797 0.0755024 0.15159 0.00502432 -0.00323074 0.00628875 0.0340542 0.0112225 -0.00149367 -0.00237762 0.00695944 0.00549605 0.0203847 0.00583269 0.00560965 -0.0167269 0.0245326 0.0735224 -0.0105787 0.0843373 0.0124049 0.0106324 0.0222285 0.0446683 0.0792394 0.152813 0.0129054 0.00595578 0.0151415 -0.0180786 0.0283744 -0.00462015 0.015469 0.0272074 0.0457648 0.0335913 0.0852684 0.0435792 0.0768163 -0.000432297 0.0180449 0.000608506 0.0208268 0.0341919 0.0703171 0.0147988 -0.0140195
internal_weight=4653.36 3509.87 1143.5 412.786 3097.08 2841.28 456.322 382.26 362.776 9.01374 0.831632 353.763 2.59203 1967.81 1802.49 427.695 8.18211 3.05289 1.80467 1536.16 204.042 1332.12 21.5269 873.473 267.166 263.55 109.696 108.342 19.4836 1310.59 1304.85 351.171 30.5261 5.05241 184.442 1.57219 808.939 685.293 123.646 25.183 9.48342 3.09592 571.35 1291.55 165.317 687.173 3.46137 266.331 69.8324 40.1979 21.0195 18.4854 3.86553 6.3875 4.13087 71.0269 35.0523 171.367 25.4093 18.8042 8.55027 500.323 373.694
internal_count=534717 231290 303427 103835 127455 102917 78486 102749 101067 2138 276 98929 367 72955 70029 75396 1862 419 280 44188 11851 32337 739 29962 36408 36229 10805 10658 1682 31598 31352 98562 1086 539 40921 397 24536 20852 3684 1055 929 270 17105 30881 2926 224941 478 25841 6212 3435 1666 1468 258 659 360 2829 1188 13519 1824 1289 483 14276 97479
is_linear=0
shrinkage=0.03


Tree=61
num_leaves=64
num_cat=0
split_feature=23 20 266 14 22 68 226 50 14 13 226 45 145 254 27 60 195 100 63 170 115 156 208 100 220 226 209 122 0 50 122 89 185 45 50 180 224 30 140 83 119 247 135 70 27 174 11 136 264 185 92 219 0 76 105 271 61 247 63 117 45 6 218
split_gain=245.12 103.339 50.3869 48.3471 38.2176 40.0327 38.4409 37.757 35.9429 28.7613 26.7595 25.8322 24.0268 23.3695 22.9094 26.0299 22.7437 30.5126 21.0929 20.5929 22.16 24.7409 22.0203 21.7536 20.321 23.8552 19.7868 19.6587 36.2216 19.0552 18.7652 18.227 40.0914 29.4371 46.0894 18.1265 20.8917 17.9422 17.7728 17.2144 17.0647 17.0296 19.3834 16.8069 18.0154 16.731 19.832 16.6477 16.4447 15.9897 15.5417 23.9594 16.9293 15.2056 14.7534 29.3875 49.8095 33.0423 14.5113 14.0903 14.0334 13.8885 17.0096
threshold=1.0000000180025095e-35 551.08491476943311 8233.521365449853 79863.926260527252 16379.165308415812 164843.40843950617 -1.4999999999999998 1181.5000000000002 1379.0064308879853 1.0000000180025095e-35 -4.4999999999999991 150026.99407926411 48658.542731274734 -334.71963744134581 791.33740688745058 27061.540677652843 -1334.8016525790301 -1002.4999999999999 351.89367762775606 6007.684038653777 115.36187411105351 81654.455842660813 -92373.580483409824 -1853.4999999999998 2.5000000000000004 -13.499999999999998 84165.307009495751 165126.14380862736 49191630.500000007 3971.5000000000005 96916.050179556943 83062.936979428327 -62972.46759587765 104308.46580673622 2619.5000000000005 -1.0000000180025095e-35 5.5000000000000009 29.500000000000004 1.0000000180025095e-35 1.0000000180025095e-35 -3632.3007205218532 8072.8597621950021 3141.294088425856 2.5000000000000004 1727.1354339293548 505.28231104699216 -6862.9602080940704 1.0000000180025095e-35 -1.0000000180025095e-35 -7080.9679245593707 206040.31893281554 3264.3845465626086 26024990.500000004 133794.8462116782 47923.810625418468 711.72789692556046 633.86385741671404 -212.42263887659394 278.46409157342504 150.02279000000001 1355984.9973421383 6003.6051675385361 1458.3888190029863
decision_type=2 2 10 2 2 10 10 10 2 2 8 10 10 8 2 8 10 10 10 8 8 10 10 10 10 8 10 10 2 10 10 10 8 8 10 10 8 2 10 8 10 10 10 10 2 8 2 8 10 8 10 8 2 10 10 10 10 8 8 8 10 10 10
left_child=1 3 7 4 5 9 13 12 41 29 30 19 26 -6 37 16 17 -16 60 20 21 23 -22 -5 25 49 54 -14 -29 40 61 58 -33 34 -34 36 -20 -9 53 -15 -1 42 59 44 -8 -41 -47 -28 -18 -7 51 52 -32 -4 -2 57 -57 -56 -21 -3 -12 62 -11
right_child=2 8 38 11 6 24 43 14 -10 10 18 -13 27 39 15 -17 48 -19 35 31 22 -23 -24 -25 -26 -27 47 28 -30 -31 50 32 33 -35 -36 -37 -38 -39 -40 45 -42 -43 -44 -45 -46 46 -48 -49 -50 -51 -52 -53 -54 -55 55 56 -58 -59 -60 -61 -62 -63 -64
leaf_value=0.020272272064766502 -0.013202720672962995 0.0077822310560951352 0.0028476631287178405 0.12143661028388839 -0.013581089513552769 0.15984597087116334 -0.01014080888734765 -0.022681109083602127 -0.016122531858828847 0.014588214960936539 0.0058932236644274518 -0.013702004450152371 0.014905810345282253 0.014731269814753596 0.052769072006608866 -0.026862442029771887 0.086483488188565077 0.25396825852536287 0.010931846353633503 0.096310745386220462 0.098697173513576458 -0.0087595167800979413 -0.013777091509140901 0.011064109339191528 0.14231979793884156 0.021844047885952428 0.16030884998645425 -0.001852486935818148 0.26962195830802022 0.039341189700333214 0.099405662371352316 0.20695959072110329 0.020784890992672986 0.0018831567591916793 0.26857149565456212 -0.0063833725658425655 0.10585736370730212 0.16490252620351167 -0.0018710670163175705 -0.015451328557917643 0.0076307426836160581 0.023213738038436248 0.082360201569216238 -0.024475731775335564 0.014171152753024278 0.029065890958121014 -0.0057778509680296436 0.017743132165408071 -0.023580958088067625 0.048082595684224863 0.010399673063243018 0.14571676186109098 0.020129044381238845 0.051932059533761225 0.26429222551969594 0.39904644245797805 -0.030106487465010125 -0.017406779340950387 0.00059591604106752063 -0.0082868559205406395 -0.023636216304908638 0.0070640901798453932 0.045727740052189575
leaf_weight=165.77111012744717 235.56291336100549 66.189474542625248 9.4022698821499961 3.6876454099547118 47.684081509010866 2.1142130601219833 147.11193715850823 512.7249263569247 292.97080678329803 113.56582561950199 1240.850302117411 178.93065701099113 17.574525938369337 178.87781938374974 2.3755280310288076 7.8347653646487769 1.7888351101428268 0.94952784874476481 10.244912818307055 1.5471380471717582 1.6077523624990124 6.6811725101433694 61.216219519730657 2.8485839483328146 1.8666290959808964 16.227186383912347 0.78682294371537587 0.99147702171467134 0.79864000459201634 26.248429185478017 3.2840584190562394 1.3874065941199658 1.7571071730926608 7.0550824278034279 1.0976284840144215 217.14596551749855 2.6203659989405415 0.45932224881835182 31.490265305386856 41.266548622399569 228.677779735066 23.700957159744576 2.3528627292253068 55.537021223921329 33.718574963742867 26.022360508562997 33.792684600455686 11.680953258648515 3.8537374362349492 2.5316106711979955 11.126965908799319 2.3258402280043802 9.260705635417251 14.348391141742466 0.40755560761317611 0.48855533474124957 0.48508024937473238 4.6557431211695066 18.14386131241918 190.33853177400306 14.655252937693147 273.3345788300503 18.336588388308883
leaf_count=1064 58802 3512 959 111 4073 134 7650 194118 65130 3858 38894 32954 1496 5723 284 2273 235 186 599 41 97 469 7665 198 138 1793 120 184 126 516 226 156 200 817 134 26750 244 117 4152 2314 2840 1460 249 9796 1654 589 2522 2590 480 154 833 187 524 573 125 119 170 1457 2149 22734 657 13273 1070
internal_value=-0.000336273 0.00294607 -0.0148077 0.00504481 0.00619612 0.00787269 -0.00081971 -0.0167133 -0.0087597 0.00748732 0.00592828 -0.00672837 -0.00765893 0.00583252 -0.0213846 0.0130858 0.0479875 0.110225 0.00401845 0.00493005 -0.00347038 0.0318374 -0.0108987 0.0733347 0.0474854 0.0390045 -0.0101141 0.0245528 0.119263 0.0145905 0.0125073 0.0255437 0.0559196 0.0347735 0.116057 -0.00433345 0.030266 -0.0225132 0.012907 0.00913914 0.0129435 -0.00112617 -0.00335453 -0.0100408 -0.00560748 -0.000756903 0.00938082 0.0267402 0.0113122 0.0989437 0.0372148 0.0572793 0.0408826 0.0325008 -0.0120159 0.034293 0.185236 0.00526777 0.00811631 -0.0041407 0.00554853 0.0109222 0.0189171
internal_weight=4644.37 3785.71 858.66 3210.16 2924.2 2360.19 564.011 803.419 575.553 2337.45 1916.75 285.96 273.432 327.643 529.987 16.8024 8.96763 3.32506 1485.52 107.03 76.0414 13.2174 62.824 6.53623 22.7396 20.873 254.068 19.3646 1.79012 420.697 431.235 30.9882 11.2972 9.90982 2.85474 230.011 12.8653 513.184 55.2409 279.959 394.449 282.582 258.881 236.368 180.831 101.082 59.815 12.4678 5.64257 4.64582 25.9976 14.8706 12.5448 23.7507 241.6 6.03693 0.973636 5.0633 19.691 256.528 1255.51 405.237 131.902
internal_count=534717 266151 268566 173066 128075 93754 34321 262882 93085 91535 87115 44991 65189 15221 197693 3458 1185 470 67144 12037 8540 778 7762 309 2219 2081 63383 1806 310 4420 19971 3497 1307 1151 334 27593 843 194235 5684 11148 3904 27955 26495 19100 9304 5425 3111 2710 715 288 1770 937 750 1532 60673 1871 289 1582 2190 26246 39551 18201 4928
is_linear=0
shrinkage=0.03


Tree=62
num_leaves=64
num_cat=0
split_feature=33 53 13 226 193 64 30 58 86 242 226 22 9 60 5 68 27 65 45 210 2 144 78 140 179 210 37 250 183 181 94 179 226 20 106 224 204 0 115 155 60 64 204 94 182 82 81 25 112 236 155 145 7 112 3 105 120 141 192 2 230 33 112
split_gain=280.433 59.6919 46.8206 33.1715 29.1677 24.861 25.3443 26.4989 47.5799 40.1605 23.933 27.1314 23.3385 23.0517 24.1281 20.9285 23.5019 20.8236 19.0237 18.6987 18.4289 17.4531 37.3094 17.14 16.6384 18.375 22.8549 16.571 16.5413 15.8594 15.5693 15.5486 15.57 19.8589 18.2951 22.6283 15.182 14.8055 26.0063 35.6432 14.3396 13.997 13.8867 25.1659 14.0721 18.8518 19.4531 19.8347 23.5058 21.9769 24.4044 19.0917 13.9725 21.7419 13.7718 28.8919 13.6683 13.533 15.6042 13.3305 19.9669 20.0759 30.0934
threshold=70.500000000000014 32333.945721628075 1.0000000180025095e-35 -25.499999999999996 1.0000000180025095e-35 7.5000000000000009 1.5000000000000002 40.500000000000007 95.500000000000014 19490.424591413259 -4.4999999999999991 34526.221657036804 401.27894944712506 8007.1853119999269 703.17703564326723 1.0000000180025095e-35 2316.9213514955786 -3017.5755559811596 1355984.9973421383 -998.77119475854238 1.0000000180025095e-35 1.0000000180025095e-35 19871.349717022309 41.500000000000007 -200.75610305346297 -2249.4492491943765 -1.0000000180025095e-35 -1826.4011364471587 1.0000000180025095e-35 -1.4999999999999998 4365.5000000000009 -142.36599559516802 5.5000000000000009 2449.7319281609216 9.5000000000000018 1.5000000000000002 1.0000000180025095e-35 54259455.500000007 729.41192073995012 17738.929694734754 38479.896683405641 4.5000000000000009 -4423.740426832398 1175.5000000000002 -113.18865982042472 6.5000000000000009 2307.6352313294378 1.0000000180025095e-35 74.500000000000014 -6880.3824961845039 3800.2650865656324 1.0000000180025095e-35 219.96194940011 48.500000000000007 27.500000000000004 4594.5320592615271 1.0000000180025095e-35 22.500000000000004 -1.4999999999999998 1.0000000180025095e-35 -15615.687999311425 44.500000000000007 165.50000000000003
decision_type=2 8 2 8 10 10 2 8 8 8 8 2 10 8 10 10 2 8 10 10 2 10 10 10 10 10 8 10 10 8 10 10 8 2 10 10 10 2 8 8 8 8 8 10 8 10 8 8 10 10 10 8 8 10 2 8 8 10 8 2 8 2 8
left_child=2 3 15 24 10 6 -5 8 37 -10 28 12 18 14 -6 36 19 23 42 -17 31 -7 -23 -3 25 26 -2 30 59 -14 -16 32 33 34 35 -9 -1 -8 -39 -40 -41 -31 43 52 45 -44 47 -47 -49 50 -50 -52 -12 -54 55 -15 -27 -51 -59 60 61 -4 -63
right_child=1 17 4 5 13 21 7 20 9 -11 11 -13 29 54 27 16 -18 -19 -20 -21 -22 22 -24 -25 -26 56 -28 -29 -30 41 -32 -33 -34 -35 -36 -37 -38 38 39 40 -42 -43 44 -45 -46 46 -48 48 49 57 51 -53 53 -55 -56 -57 -58 58 -60 -61 -62 62 -64
leaf_value=0.016158661519721732 0.16228318284550972 0.016932785888792885 0.029143771434616966 -0.013992935410951493 -0.0044546481328261289 -0.020951491426258368 -0.022783892466928836 0.089167485912919578 0.04117456051101847 0.32869997344601637 -0.0018584502632427943 -0.010333363801532271 0.054932448760158029 -0.030438275247683569 0.028164511915114036 0.023649200291940682 0.072492213764699581 -0.0072069353484225671 -0.027906854231091807 -0.00033439866826269168 -0.011871850127077144 0.31644395747424481 -0.030280014176118801 -0.012304238803108785 -0.015847550284348224 0.055901984870210357 0.030151178278884212 -0.031124366789180062 -4.1646039085772712e-05 0.050076358057765565 0.10933911561909047 -0.00092597854592381846 0.010296608460742733 -0.0028654590827237496 0.038773534847476837 0.31395130452358205 -0.0097732781561430757 -0.01744265687042363 0.29951962175521024 -0.0062115502024802371 0.17352540158075935 -0.0069150047591996795 0.0060105683749039941 -0.016029613132511694 0.0016235851944458493 -0.0036243383579372037 0.082074614598538376 -0.0060744988418120986 0.12043231563907666 0.065557080619228394 0.095736941488222982 -0.013477204511116449 0.064727646861457072 0.0058695996839870229 -0.01319082419263989 0.14329464953112694 -0.002962620207085227 0.06887748362029085 -0.010241253926951091 0.0072393472673602122 0.01527729871616401 0.1713755071991134 0.01256304710955774
leaf_weight=443.87955600931309 1.2894814470782874 93.384848411893472 10.823831860208882 470.80822647060268 71.23806692683138 514.9792647541035 3.9109882675111258 0.75170656153932192 0.83416391047649152 0.9187565753236413 7.1944127401802707 146.98159140371718 3.8993398239836097 1.9340029524173576 26.049106724793095 33.942022688919678 4.4563377425074568 104.13805709057488 15.861026503145693 211.94354382297024 45.321466037305072 0.43268456473015138 0.78799438546411693 22.368960774037987 26.334760079160333 3.9268936980515736 13.647821497637777 3.9051235283259293 128.9187821848318 3.9394986149854949 2.3155544989276668 8.1108036325313133 2.9586051281075925 1.0996959505137054 0.86414784076623608 0.86900329450145364 21.293699966277927 2.309130989480765 0.72488022199831881 1.2522578493226317 0.58663509995676477 250.26853094063699 516.50996267632581 11.776335973059757 677.83907470526174 23.310454526450485 4.6373445747885844 11.136212935438378 5.8393207530025375 5.0819106078706744 2.5403006009291857 3.3275235255714506 17.247243194840848 8.399124297546221 196.7321455872152 1.5535008357837798 37.007047253893688 2.9010788009036332 9.8976583261974138 214.3617086710874 168.56228694459423 2.5712384004145852 1.8439681311137972
leaf_count=4397 75 5067 324 137719 7579 170933 859 152 174 175 171 14810 119 310 1760 1020 93 14781 699 7429 13241 97 266 1872 4624 195 1485 363 6931 120 128 1707 756 302 177 123 282 482 116 312 101 34598 9215 449 29899 741 166 473 119 83 112 190 290 179 29242 254 6155 142 507 12258 6935 198 186
internal_value=-0.000331424 -0.0117846 0.00442348 -0.0145456 0.00252686 -0.0159726 -0.0114808 0.00529271 0.0491695 0.191875 0.00370205 0.00199567 0.00314143 -0.00620083 0.00529386 0.0112077 0.00421375 0.00252632 0.00475077 0.0029763 -0.00241581 -0.0206829 0.0926205 0.0112828 0.00381117 0.0130773 0.0415576 0.0268145 0.00929819 -0.00511079 0.0347912 0.0268296 0.0612351 0.103279 0.150254 0.209694 0.0149716 0.0206911 0.0555841 0.121358 0.0511273 -0.0060318 0.00514689 0.0215956 0.00456582 0.00797394 0.0227413 0.0184444 0.0310765 0.0450594 0.0770126 0.0338038 0.0350875 0.0454518 -0.0121433 0.0469507 0.00268441 0.0241384 0.00769252 0.0123223 0.0182503 0.0511358 0.105049
internal_weight=4634.53 1359.62 3274.91 1139.73 2559.4 1057.52 541.32 70.5122 10.5368 1.75292 2255.67 1728.59 1581.61 303.728 103.508 715.515 250.342 219.892 1323.5 245.886 59.9754 516.2 1.22068 115.754 82.206 55.8712 14.9373 32.2698 527.082 258.107 28.3647 14.654 6.54316 3.58455 2.48486 1.62071 465.173 8.78389 4.8729 2.56377 1.83889 254.208 1307.64 44.6171 1263.02 585.182 68.6718 64.0345 40.724 29.5878 11.7071 5.86782 32.8408 25.6464 200.22 3.4875 40.9339 17.8806 12.7987 398.163 183.801 15.239 4.41521
internal_count=534717 361946 172771 340226 159550 327692 156396 18677 2219 349 119914 93082 78272 39636 9830 13221 8542 21720 43435 8449 16458 171296 363 6939 12534 7910 1560 2251 26832 34837 1888 3217 1510 754 452 275 4679 1870 1011 529 413 34718 42736 1089 41647 11748 2533 2367 1626 1153 421 302 640 469 29806 564 6350 732 649 19901 7643 708 384
is_linear=0
shrinkage=0.03


Tree=63
num_leaves=64
num_cat=0
split_feature=12 16 192 203 13 226 17 24 11 12 47 14 68 270 224 75 1 227 58 1 86 154 35 30 14 27 125 150 183 27 58 23 120 155 246 17 115 154 58 226 120 60 1 227 68 60 60 271 115 46 111 28 28 136 193 155 5 115 58 14 255 11 111
split_gain=237.966 74.0191 54.0274 38.8759 27.4664 23.5338 28.6238 22.1284 23.8909 20.4995 23.9984 20.3602 28.1107 35.0398 26.2529 20.258 22.1917 19.3813 19.3423 22.2748 52.373 84.6437 40.1293 17.9427 17.4961 17.3287 20.5301 17.1799 16.4589 19.8818 23.3651 16.4514 22.1812 34.262 18.243 20.2655 17.883 24.3042 45.7419 21.011 15.7972 15.6145 15.449 18.5605 14.9822 15.5999 18.4322 14.7622 16.5408 14.4723 16.8961 15.202 15.1238 14.1763 14.5156 15.9918 20.4199 13.8928 13.5442 14.452 21.1637 16.376 13.5313
threshold=8670.5830001280356 3.5000000000000004 1.0000000180025095e-35 1.0000000180025095e-35 1.0000000180025095e-35 -10.499999999999998 22106.221487363338 33102.286275629267 -6862.9602080940704 1.0000000180025095e-35 940.12056698103515 95357.135522786921 203700.7788664746 2059.0191978513744 82.500000000000014 1.0000000180025095e-35 202051.50000000003 -12.499999999999998 40.500000000000007 201907.50000000003 60.500000000000007 -667.49999999999989 86847.903551489042 1.0000000180025095e-35 202088.33124547909 2146.5044659365226 2421.3781934834424 9.5000000000000018 317.39362997965503 1189.1115424230209 182.50000000000003 1.0000000180025095e-35 93488.390256212835 2379.2253101998026 2738.8435832542268 13450.865976681167 1473.0984421279402 -1734.4999999999998 117.50000000000001 -17.499999999999996 25022.610849118577 4179.6615893062435 202001.50000000003 -1.0000000180025095e-35 -6663.7197524214325 42432.914449040298 60982.995748101232 -356.39709639742176 729.41192073995012 -1612.4999999999998 68.500000000000014 4.5000000000000009 1.0000000180025095e-35 4.5000000000000009 5.5000000000000009 29809.033332950992 703.17703564326723 1081.5928470933998 23.500000000000004 -2661.0679072241223 -1.0000000180025095e-35 -289.88156316000897 62.500000000000007
decision_type=2 2 10 10 2 8 2 2 2 2 10 2 10 8 10 10 2 8 8 2 10 8 8 2 2 2 10 10 10 2 10 2 10 8 10 2 8 10 10 10 8 8 2 10 10 10 8 8 8 8 8 10 8 8 10 8 10 10 10 2 10 2 10
left_child=2 7 3 4 9 40 23 24 -9 42 -11 12 31 14 -14 16 44 -12 19 20 22 -22 -13 28 47 -25 -27 -24 29 30 -7 32 41 -34 -33 -36 37 38 -35 -39 -6 -3 -1 -44 45 -4 -47 48 -2 -32 52 -52 -51 54 -18 56 -56 -50 59 -30 -61 -62 -10
right_child=1 11 15 -5 5 6 -8 8 62 10 17 18 13 -15 -16 -17 53 -19 -20 -21 21 -23 27 25 -26 26 -28 -29 58 -31 49 34 33 36 35 -37 -38 39 -40 -41 -42 -43 43 -45 -46 46 -48 -49 57 50 51 -53 -54 -55 55 -57 -58 -59 -60 60 61 -63 -64
leaf_value=0.020396882413018944 0.0098460678632015103 0.0085087771661166295 0.00077463411219912787 -0.016930611737211949 0.0088622120017978721 -0.0020350196971009767 -0.011294492947853077 0.035423636182104624 -0.01653388631861594 0.0027118053008556441 0.0055375052861174221 0.23287940894969558 0.012035430822840225 0.27662197965337532 0.25048157880496447 -0.019108297391627206 0.012911018823382091 0.042456553034652705 -0.024445437484966373 -0.018133377557180124 0.48139202795993519 -0.030102776229171607 -0.017775882098364608 0.01077619287990618 -0.011828154667325657 0.076801641100920526 -0.0015125511572586271 0.17598114834126663 -0.010798702397587108 0.0075556111396242777 -0.010544257176037297 -0.021991768650208826 0.2322892978138644 0.010447986371167057 0.17720940571074489 0.0097404467618463931 -0.0074243230222902521 0.16929432370280914 0.36100099443212313 -0.0056134986890822927 0.026836966829607897 -0.014549134294147288 -0.00651542170484571 0.019601557889246387 -0.014458967289401376 0.13797839622973518 0.0066617269647982072 0.0020071611233193998 0.091555044922468326 0.070902735973575354 -0.032844739225952824 0.047518924594909459 0.02474881269514417 -0.0015823041383276628 0.031506310458623669 -0.015078327945670943 0.14886583401656536 0.018060469717826842 -0.0060988534965947432 0.086518642879370583 0.055456986857064405 -0.015321522147361289 0.022817051060641299
leaf_weight=244.69297491316684 23.648685110034421 30.958222184795886 19.010697084944699 68.44530333369039 250.9980591183994 494.40954692894593 117.85670693707652 9.1234764573164266 151.42313335160725 294.39959260309115 24.348261609906331 0.68414607597515065 14.921715858858075 0.48906725505366822 0.42746999533847052 92.601985845947638 37.94570451695472 26.976147393463179 313.58195322565734 17.531207186868414 0.58613779651932418 0.57861251360736676 7.2934374001342812 137.70808627991937 76.209264564560726 7.9814744794275594 4.8393145175650716 0.43650684226304282 11.10733645106666 763.51203650142998 12.538079671096055 196.17468394641764 0.68502478115260601 0.73792402725666739 0.72145487158559163 6.5961817163042724 10.573374162428086 0.74451815919019271 0.613537393277511 3.6407546298578382 53.359271146357059 180.78800413268618 49.907119432929903 48.08622055593878 124.10934541723691 1.7752101253718127 2.1000626063905661 297.21636352315545 4.9348927829414588 8.3192783899139595 7.0114158859942091 3.0357043601106852 27.550240174401551 63.963621110888198 2.888367914594709 1.9242288931272922 2.4799716966226697 4.3600239353254437 237.68957755877636 4.8085074459668276 4.8294422954786596 7.5280319184530482 8.2953264268580806
leaf_count=1546 1373 5459 2083 6001 12359 25122 21191 498 44599 8212 262 207 4696 195 111 18334 2170 886 120506 5695 117 191 2252 6962 9487 185 299 95 432 22484 842 83743 117 155 175 1544 3026 101 141 831 2587 46478 340 331 18384 180 161 25074 199 158 223 206 1558 8074 257 195 113 149 12231 268 220 356 2291
internal_value=-0.000326284 -0.0108481 0.00407503 0.00541152 0.00594931 0.00428288 0.00301156 -0.00266441 -0.011793 0.0111661 0.00601201 -0.0168161 -0.0126133 0.0266412 0.0186761 -0.00708265 -0.00273601 0.0249422 -0.0223437 0.00196744 0.038756 0.227297 0.0126565 0.00398455 0.00112841 0.013882 0.0472413 -0.0068345 0.003043 0.00441828 8.55955e-05 -0.0140516 -0.00853132 0.0244439 -0.0202569 0.0262514 0.0157143 0.0583612 0.169592 0.0240818 0.0120135 -0.011178 0.0163659 0.00630042 -0.0103462 0.0119574 0.0668161 0.00411911 0.0231731 0.0180217 0.025822 -0.00856312 0.0354534 0.00750791 0.0203608 0.0591247 0.085722 0.0570805 -0.00376394 0.0158654 0.0331185 0.0123395 -0.0144901
internal_weight=4624.71 1363.98 3260.74 2911.94 2843.49 2155.08 1850.72 575.211 168.842 688.41 345.724 788.764 448.072 15.8383 15.3492 348.799 256.197 51.3244 340.692 27.11 9.57884 1.16475 8.41409 1732.87 406.369 150.529 12.8208 7.72994 1582.34 1316.38 552.864 432.234 228.741 16.9951 203.492 7.31764 16.3101 5.73673 1.35146 4.38527 304.357 211.746 342.686 97.9933 146.995 22.886 3.87527 330.16 32.9436 58.4547 45.9166 10.0471 35.8695 109.202 45.2383 7.29257 5.36834 9.29492 265.963 28.2733 17.166 12.3575 159.718
internal_count=534717 359505 175212 125261 119260 107683 92737 83670 47388 11577 9360 275835 146772 5002 4807 49951 31617 1148 129063 8557 2862 308 2554 71546 36282 7446 484 2347 64100 50593 28109 141770 56308 4371 85462 1719 4254 1228 296 932 14946 51937 2217 671 20808 2424 341 26795 1721 2987 2145 429 1716 10809 2735 565 370 348 13507 1276 844 576 46890
is_linear=0
shrinkage=0.03


Tree=64
num_leaves=64
num_cat=0
split_feature=33 53 55 10 37 193 9 220 161 238 179 142 68 26 44 51 36 120 27 55 37 99 32 162 116 193 173 0 224 132 100 264 231 0 68 257 32 262 216 137 216 53 117 206 137 125 247 111 157 0 114 46 23 59 143 253 120 218 136 109 174 210 173
split_gain=255.874 56.243 52.131 42.9163 34.5422 30.1971 29.143 23.2289 20.7198 25.9912 20.0073 17.6802 17.6594 18.2914 17.3731 16.5113 18.2199 22.2067 30.4991 16.3323 18.645 15.743 17.2474 15.3679 16.5728 15.1594 20.3022 46.8071 26.8282 18.8268 19.6178 24.1263 15.6878 15.0114 36.067 36.4166 55.2859 21.2459 20.7823 43.2928 17.1512 17.2205 25.4559 14.9012 14.8776 30.4544 14.5853 14.2855 16.5282 14.3813 15.4308 20.9567 14.2596 13.82 13.7453 21.441 19.3277 20.3761 13.722 13.3396 23.2328 13.2619 14.7529
threshold=70.500000000000014 32333.945721628075 733.30220192056618 6.5000000000000009 547.80860464374109 1.0000000180025095e-35 1997.6954789459362 1.0000000180025095e-35 341.69575606537057 1.5000000000000002 -51.878123134583511 1.0000000180025095e-35 -11585.032518984313 1.5000000000000002 6.5000000000000009 18344.419770128417 -318.99999999999994 93488.390256212835 1322.2397681805032 733.30220192056618 85411.947600401982 802070.09473407699 22.500000000000004 5.5000000000000009 -264.25880472291595 -6.4999999999999991 -1472.2581216177937 20381360.000000004 -31.499999999999996 87289.228507461012 -1733.4999999999998 1.5000000000000002 -7851.9605844111638 54259455.500000007 136247.94168963181 6965.2188794128024 12.500000000000002 -43876.581419854338 -2.4999999999999996 110009.70941761673 5.5000000000000009 19036.834368759621 3839.2444686367835 -1.0000000180025095e-35 546474.68948352442 9466.4867662434899 677.69473405014912 41.500000000000007 5.5000000000000009 51396260.000000007 27355.168656028673 -2159.4999999999995 1.0000000180025095e-35 937.66282122115615 95931.987971575698 59.500000000000007 9616.2105489856149 -772.13170142680269 4.5000000000000009 2677.0788649432257 -1429.2636269885854 -1495.5043862966522 -1.0000000180025095e-35
decision_type=2 8 2 2 10 10 10 8 8 10 8 10 8 2 10 8 8 8 2 2 10 8 10 8 8 8 10 2 8 10 10 8 8 2 10 10 10 8 10 8 10 10 8 8 10 8 10 8 8 2 8 10 2 8 10 8 10 8 8 8 10 8 10
left_child=3 2 4 12 6 11 7 25 9 -9 -11 19 -1 14 47 16 -10 -18 -19 23 -21 22 -3 -5 46 26 -2 -28 -29 44 -31 32 -32 -4 37 38 -37 -35 39 -36 41 -39 -43 -8 -27 -46 -25 54 52 -50 -51 -52 61 -15 -14 56 57 -56 -26 -57 -61 62 -49
right_child=1 21 33 5 -6 -7 43 8 15 10 -12 -13 13 53 -16 -17 17 18 -20 20 -22 -23 -24 24 58 29 27 28 -30 30 31 -33 -34 34 35 36 -38 40 -40 -41 -42 42 -44 -45 45 -47 -48 48 49 50 51 -53 -54 -55 55 59 -58 -59 -60 60 -62 -63 -64
leaf_value=0.015188624781290676 -0.0035143065470041894 0.017937155817069967 -0.023514378282204814 0.0064890205131942656 -0.016757678790016255 -0.010224832624951554 0.023762827067025972 0.0041985455727735583 0.012263115179780598 0.19424630373939736 0.063978098159908556 0.045860422177508492 0.0058820116473007307 -0.0028881726903599273 0.017248739051385988 -0.015430032896906974 0.029659613660152698 0.25569046883392221 0.028728916943589047 -0.014816658857683802 0.07052317718395805 -0.0058704770732659383 -0.0074314239848272071 -0.015850011722920304 -0.0046770223920485389 -0.0067770394862312526 0.23649149411894635 0.16044505788144856 0.0096818757858341785 -0.016708617511650863 0.095920004038302448 0.17881686348463449 -0.017892309956616718 0.15031189300252465 0.01067164235851477 0.044827934285993312 0.38967460118624581 -0.026588201655510783 -0.010455075717832251 0.30998571973678773 0.15759353326090586 -0.030424254890163142 0.20372884181876952 -0.019610375586238758 0.20671308277148084 -0.030125086962252631 0.024185712893487619 0.013066605807776908 -0.00306471038561757 -0.0039652400979929446 0.035170319996197567 -0.002334528111043586 -0.016401731556290846 0.039081277039354607 0.10992583230753213 0.0099894450775699431 -0.021782192770478277 0.037620660890802189 0.0049551520333570151 0.19957754150607546 0.023275989139276868 0.0080183002754408966 0.082421938056300381
leaf_weight=224.2760087121278 12.281689846422525 79.088414523750544 425.25033801794052 533.20946511207148 264.34907224471681 206.37084446754307 7.721203446155414 3.4038931063842019 17.683781267609447 1.7261546540539709 2.7540640840306878 8.2688727702479792 395.45944346487522 9.7477843691594881 108.73153303004801 12.166942420415578 3.8400798188522485 1.146674244431779 0.9954944576602428 69.880302074830979 2.3826555197592816 105.92543330858462 34.703289277851582 85.104175839805976 205.38566588610411 188.77505666716024 1.1239815619774152 1.236164456233382 7.5523942301515472 3.687108323443681 2.0981693216599524 1.4287479219492523 2.2684538080356997 0.66237800731323659 1.4710947072599077 1.2000744065735478 0.64238304644823063 42.146113721653819 6.1120880423113695 0.61746054026298214 0.47948576440103252 0.9673860145267088 0.73560359189286828 92.930456273490563 0.88517065555788454 1.090789400273934 9.0616197418421489 6.8963889009319246 445.80383289698511 42.667652876116335 33.176097916206345 22.504501682473347 20.865978775778785 25.62166797183454 4.7990279477089643 110.1380696662236 3.3175165515858671 13.036112784640869 378.25763360154815 0.91372239473275874 2.5504371360875657 310.87062132102437 4.6025058999657613
leaf_count=2297 1952 4990 181590 25890 67115 29165 1300 334 2719 150 228 178 12295 260 606 2717 445 156 152 17716 57 12535 4195 8181 7734 35078 212 131 919 291 173 159 215 168 496 347 129 15229 2330 205 169 244 105 24353 109 306 526 389 17344 1092 1450 1137 4558 503 133 4948 400 379 22953 235 431 11730 184
internal_value=-0.000321512 -0.0114165 -0.0141583 0.00417592 -0.00849054 0.000431093 -0.00253243 0.00266785 0.0226593 0.0666899 0.114168 0.00213375 0.00731674 0.00618626 0.00569202 0.0129716 0.0275731 0.0728302 0.150218 0.001852 -0.0120028 0.00245267 0.0102004 0.00267873 -0.000318688 -0.00126138 0.0222629 0.054201 0.0308876 -0.00386885 0.0373896 0.0718078 0.0367947 -0.0216064 -0.00686325 0.0445398 0.165061 -0.0183377 0.0174621 0.0991609 -0.0208577 -0.0228091 0.0707178 -0.0162831 -0.00591986 0.0759713 -0.0119974 0.00480561 0.00247773 -0.000773994 0.00960962 0.0200119 0.00763288 0.0275145 0.00870165 0.0169763 0.0447084 0.0570763 0.00156556 0.0118126 0.0697781 0.00918857 0.0408265
internal_weight=4615.05 1331.15 1111.43 3283.9 631.146 1497.92 366.796 266.145 43.7171 7.88411 4.48022 1291.55 1785.98 1561.7 1526.33 35.833 23.666 5.98225 2.14217 1283.28 72.263 219.717 113.792 1211.02 677.809 222.428 22.1942 9.91254 8.78856 200.233 9.48248 5.79537 4.36662 480.284 55.0341 10.0431 1.84246 44.991 8.20064 2.08856 44.3286 43.8491 1.70299 100.652 190.751 1.97596 94.1658 1417.6 887.388 544.152 98.3483 55.6806 343.235 35.3695 530.214 134.755 21.1527 17.8351 583.643 113.602 3.46416 322.37 11.4989
internal_count=534717 361946 340226 172771 139214 112400 72099 46446 6901 712 378 83235 60371 58074 57311 6189 3472 753 308 83057 17773 21720 9185 65284 39394 39545 3214 1262 1050 36331 838 547 388 201012 19422 3507 476 15915 3031 701 15747 15578 349 25653 35493 415 8707 56705 37884 21023 3679 2587 16861 763 18821 6526 912 512 30687 5614 666 12303 573
is_linear=0
shrinkage=0.03


Tree=65
num_leaves=64
num_cat=0
split_feature=55 16 53 14 203 4 226 68 251 242 208 94 130 20 83 60 74 34 185 130 68 159 251 157 162 178 3 55 159 108 139 14 6 220 226 62 61 251 68 3 102 3 94 188 238 27 6 207 110 142 102 60 141 157 230 262 94 112 87 173 110 263 62
split_gain=210.872 93.4947 67.4802 45.7881 33.5462 32.2832 30.2057 28.2005 25.6376 42.3913 34.306 23.7093 25.247 23.5266 22.2288 20.3121 21.1484 20.1077 18.3534 19.4958 17.936 17.8628 20.4388 17.9852 17.8569 20.6828 17.4628 17.532 33.5679 17.1714 18.5247 17.1298 16.9913 16.9356 23.0899 21.2797 16.5583 16.0262 15.9745 15.8443 15.8022 14.3345 15.8236 14.9803 27.4722 14.2405 19.7605 31.8583 13.7285 14.1618 13.622 13.5157 13.2539 13.0043 18.957 21.3801 24.5916 12.9638 13.3569 15.8097 14.4825 12.8385 12.7006
threshold=409.25375248207388 12.500000000000002 19036.834368759621 95357.135522786921 1.0000000180025095e-35 40.500000000000007 -4.4999999999999991 203700.7788664746 34820.892355841126 -2666.3798056542601 46651.515118501578 2018.5000000000002 193697.49232102107 787.26237430892422 16768.667953826687 13593.881502481285 5843.9492776993629 1.0000000180025095e-35 -41702.136797822655 74480.864736380216 164843.40843950617 23792.681966088654 106808.03727724261 8.5000000000000018 4.5000000000000009 1.0000000180025095e-35 69.500000000000014 8512.8502723100701 40558.611345659439 4.5000000000000009 1.0000000180025095e-35 -8150.6279628174116 11530.895983237833 1.0000000180025095e-35 7.5000000000000009 -364.44599419081595 3236.1287406746164 -5115.2801913526519 10070.718896970126 65.500000000000014 241244.17653191401 47.500000000000007 254.50000000000003 -66095.455875399071 2.5000000000000004 791.33740688745058 15172.246373753807 -1.0000000180025095e-35 1.5000000000000002 1.0000000180025095e-35 377592.41505615844 42432.914449040298 1.0000000180025095e-35 5.5000000000000009 -1470.5959200741015 -888.63665300077207 1479.5000000000002 110.50000000000001 37.500000000000007 -1141.2718204190612 1.0000000180025095e-35 -2842.0029895378998 -1.0000000180025095e-35
decision_type=2 2 8 2 10 2 8 10 8 8 10 8 8 2 10 8 10 10 8 10 10 8 8 10 8 10 2 2 10 10 10 2 8 10 10 10 8 8 8 2 10 2 8 8 10 2 8 10 10 10 8 8 8 10 10 10 10 10 10 10 8 8 8
left_child=1 3 5 4 6 7 18 26 39 -10 36 12 -4 17 29 16 -3 24 19 20 21 22 23 32 33 41 27 -2 -29 -14 -31 -17 -1 61 37 -36 -11 -35 -5 -9 62 42 52 44 -43 -7 47 -47 49 -20 -19 -32 -26 54 -44 56 -56 -55 59 60 -59 -8 -40
right_child=2 15 11 38 -6 45 13 8 9 10 -12 -13 14 -15 -16 31 -18 50 48 -21 -22 -23 -24 -25 25 -27 -28 28 -30 30 51 -33 -34 34 35 -37 -38 -39 40 -41 -42 43 53 -45 -46 46 -48 -49 -50 -51 -52 -53 -54 57 55 -57 -58 58 -60 -61 -62 -63 -64
leaf_value=0.092783316081124848 -0.013384015359170685 0.0070116085047120611 -0.0015888023035038571 0.025389839108559766 -0.017189911412683733 -0.023274512536457244 -0.009627581010511593 0.0037152537073178423 0.34468016290815739 -0.030105377324950573 0.25785822253568347 -0.0062078123264801824 0.028041624419834935 -0.0059017007308135774 -0.0098369691015667959 0.0026973448682611756 -0.022291529603698682 0.0072844002983553542 0.0093374271150741001 -0.023307420178155389 0.11265151698002841 0.0058972730563482782 0.13534511618154732 0.1069838243967814 0.032458478116852443 -0.0059287967278993901 0.13722789942705502 0.0028800777688551184 0.25815148831381318 0.13612079150279113 0.10094313877983777 -0.018359019446785394 0.012095747723917442 0.037123397383236022 0.15968642459569296 0.039309238591017565 0.17384279483396103 -0.0012694470703249702 -0.012450213943272543 0.19752490591326083 -0.017126923074986932 0.011561301493666366 0.0095443975766377059 -0.00068609489117877037 0.13871242385980129 0.24357935658575589 -0.015161544310954844 0.020709578649811582 -0.021038708556319827 0.03497135552490107 0.031004892253113248 0.014861576176744355 -0.022921720399830297 -0.011800860520391521 0.02678743335984124 -0.0057839302428900142 0.11402978130263411 0.082622302763666305 -0.020253175805428205 -0.0027353320261522111 0.016426124281258229 0.0075222455332081195 0.0058992745824090215
leaf_weight=2.8572461686562836 97.848538236692548 86.196238153846934 29.450694940518588 12.548364456743 59.310351896099746 484.13743735232856 41.57677290844731 9.7576415156945533 0.55916082533076406 1.924602917395533 0.62446888629347075 95.710018820594996 12.167702752631163 203.69660059316084 6.778762638103216 40.469045742880553 29.839876497397199 44.568304211366922 732.59582075523213 5.5193598740734151 2.6269150951411566 14.60043243085965 2.2107275188900521 2.9552619042806318 4.626931548118594 244.473997176392 0.7165130393113931 1.8159232491161668 0.62256693653762329 3.5527709429152292 2.8533978341147304 246.99436955782585 13.20078756217845 18.894330254988745 2.0290894717909396 3.7908620254602274 0.44022795232012968 20.297005561878905 61.313307086471468 0.39500219444744367 121.97261195117608 7.4745439253747445 370.06444124202244 459.50825806986541 1.9227015865035353 0.76597048575058613 7.0548303092364222 2.342898319475351 13.033557325368745 19.924371163360775 42.630351153202355 3.865295154042542 24.398813119158149 49.248616157798097 6.7323152588214743 5.8099257014691821 5.1188334214966744 5.8014823687262842 7.8338891225866965 9.8220149218104797 6.1043759321328261 713.0262700447347 76.064463471295312
leaf_count=141 29548 12890 3329 1307 4291 200289 3359 3318 82 627 142 15607 746 22959 512 5561 6225 262 29880 333 202 583 61 220 91 13157 168 459 83 96 133 69237 839 696 168 225 91 748 10613 102 22244 608 12441 19533 190 147 2223 430 188 214 257 239 1237 1732 200 394 212 130 948 312 284 23124 8050
internal_value=-0.00031673 0.0025436 -0.0147186 0.004146 0.00515991 -0.0192094 0.00558628 -0.00487089 0.0355169 0.104932 0.0600856 0.00299692 0.0180132 0.00383175 0.0377714 -0.0111183 -0.000523994 0.00477779 0.01057 0.0294182 0.0369865 0.0314382 0.0490084 0.0389698 0.00416552 0.00186503 -0.0103495 -0.0114039 0.068053 0.0521536 0.080717 -0.0153947 0.0264527 0.00764364 0.02552 0.081278 0.00786084 0.0172399 -0.00766849 0.0112557 -0.00926798 0.00384062 0.00739827 8.07237e-05 0.0375768 -0.0225367 0.0126069 0.0756208 0.00948742 0.0100161 0.0188811 0.05142 -0.0140937 0.0087354 0.0109935 0.0413586 0.0644698 -0.00237406 0.0133306 0.0254391 0.0486822 0.00657733 -0.00229032
internal_weight=4607.07 3843.68 763.384 3440.18 3168.29 609.006 3108.98 114.705 13.7011 3.54846 2.9893 154.379 58.6686 2299.45 29.2179 403.5 116.036 2095.75 809.524 43.9707 38.4514 35.8245 21.224 19.0133 2008.56 1208.94 101.004 100.287 2.43849 22.4392 10.2715 287.463 16.058 799.614 45.0113 5.81995 2.36483 39.1913 271.899 10.1526 259.35 964.467 495.562 468.906 9.39725 494.301 10.1637 3.10887 765.554 752.52 87.1987 6.71869 29.0257 466.536 387.726 17.6611 11.8511 78.8104 29.5618 21.7279 11.9059 754.603 137.378
internal_count=534717 276346 258371 182433 140219 237709 135928 34620 4362 942 860 20662 5055 103267 1726 93913 19115 80308 32661 2379 2046 1844 1261 1200 79789 51469 30258 30090 542 1214 468 74798 980 28320 1837 393 718 1444 42214 3420 40907 38312 17981 20331 798 203089 2800 577 30282 30094 519 372 1328 16653 13247 806 412 3406 1674 726 414 26483 18663
is_linear=0
shrinkage=0.03


Tree=66
num_leaves=64
num_cat=0
split_feature=12 16 16 203 2 77 199 223 13 181 28 155 1 11 22 47 181 4 242 267 224 188 107 55 115 14 3 220 3 158 182 102 87 47 124 87 209 52 1 267 28 52 257 155 12 3 114 87 265 94 93 181 265 251 3 220 87 212 14 94 201 38 227
split_gain=208.258 62.5847 54.8053 34.9471 28.2583 28.862 23.3136 21.8407 22.2093 21.3028 23.686 20.0688 18.8616 27.487 23.1856 26.669 17.9934 17.7769 20.0898 19.7866 17.5468 17.4359 16.9305 15.7064 17.3431 19.4418 34.4446 29.1694 15.5108 15.5775 15.3695 19.353 22.638 15.021 20.9703 14.8559 16.6834 28.5763 16.4031 20.1208 30.3319 18.2375 26.3086 14.8018 14.742 14.4948 14.268 14.2235 13.7728 25.1787 17.4094 16.9246 14.2978 13.7205 13.674 23.9534 22.2964 13.4135 13.8168 15.9032 19.0311 15.2789 20.692
threshold=17164.911010153861 11.500000000000002 3.5000000000000004 1.0000000180025095e-35 1.0000000180025095e-35 1.0000000180025095e-35 1.0000000180025095e-35 1.0000000180025095e-35 1.0000000180025095e-35 -1.0000000180025095e-35 4.5000000000000009 46488.753110812722 201956.50000000003 -18859.875123774757 11048.616865327827 70942.09470173021 -1.4999999999999998 40.500000000000007 19490.424591413259 -1105.0527671290556 13.500000000000002 -208139.19991023102 32381.79083585765 409.25375248207388 1881.7903359935383 5987.3911586761069 63.500000000000007 1.0000000180025095e-35 45.500000000000007 3968.5000000000005 -450.37792458279802 493282.54031420877 52.500000000000007 60722.61038057851 2.5000000000000004 72.500000000000014 138347.44402902038 18.500000000000004 202051.50000000003 -2281.6100702264816 10.500000000000002 14.500000000000002 -7814.6696502719997 162200.52347169188 1689.3715546979363 57.500000000000007 47599.273073415512 1.0000000180025095e-35 -3.4999999999999996 4955.5000000000009 2.5000000000000004 -1.0000000180025095e-35 -9.4999999999999982 -5115.2801913526519 30.500000000000004 5.5000000000000009 52.500000000000007 -1.4999999999999998 5987.3911586761069 2206.5000000000005 -1343.8451521815957 115898.29534081802 7.5000000000000009
decision_type=2 2 2 10 2 10 10 10 2 8 10 10 2 2 2 10 10 2 10 8 10 8 10 2 8 2 2 10 2 10 10 10 10 10 10 10 10 10 2 8 8 10 8 10 2 2 8 8 8 10 8 10 10 8 2 10 8 8 2 8 10 8 10
left_child=1 3 9 4 5 7 12 8 28 -2 47 -7 13 16 21 43 -6 18 54 -20 33 -15 35 24 25 26 27 -19 -1 -30 -22 53 -33 -10 -35 38 -37 -38 39 40 -3 -40 -43 44 45 -16 -14 -11 49 50 51 -23 -53 -32 55 56 -4 -49 59 60 -59 62 -62
right_child=2 22 17 -5 6 11 -8 -9 20 10 -12 -13 46 14 15 -17 -18 23 19 -21 30 48 -24 -25 -26 -27 -28 -29 29 -31 31 32 -34 34 -36 36 37 -39 41 -41 -42 42 -44 -45 -46 -47 -48 57 -50 -51 -52 52 -54 -55 -56 -57 -58 58 -60 -61 61 -63 -64
leaf_value=0.01929769984456951 0.0125758225784218 0.007058215813190263 0.16959386575178725 -0.016478989047261448 0.010485784960861538 -0.012341357330991752 -0.016710423697235886 0.022621393834682278 0.0040976357799720493 0.05677557151539242 -0.014406623504904644 0.043668545201486567 -0.001120750001539973 0.051291938514254128 0.000612420435794957 0.015753415802630639 0.041609228138994217 -0.0080381093147920968 0.21122415494003036 0.024652204050039195 -0.0060856115364735387 0.12139237820485332 0.0090904287826084201 -0.025195291688161304 -0.021045075844652348 -0.0093384810713819065 0.19831324618995708 0.1572161289682211 0.0049487767869114503 0.039657531274524087 0.029176574964100369 0.037525236778574715 0.14459018853956757 0.085962459413196551 0.013998103241801226 -0.016314406467088365 -0.030108701013064957 0.26939616207017425 0.0034930725572405244 -0.015874115853889408 0.18338596274081212 0.019997751019072831 0.15574199820224571 0.053495350245912524 -0.019208207641442012 -0.027951562966885682 -0.018576980729122977 0.10347329953475455 0.0046537652403736487 0.1238453169389367 0.0032101053172417082 0.086108871264523143 0.0037483070079374517 -0.010065309821951553 -0.014792360184587496 0.19597266143076539 0.0012202989204509614 0.14939252067445366 -0.0040181195645757539 -0.0036563887166277832 0.03342586313580008 0.0022361853079376224 0.21066997715267644
leaf_weight=206.58611637214199 59.710628589848056 4.0176888743881136 0.7508789286948695 70.556579172378406 42.813591827172786 89.285690813325346 59.90347356221173 89.824329394614324 1137.8904617740773 4.0605262997560194 178.95176725252531 6.154378291219472 282.84282396221533 7.6852929954184219 116.62005639029667 49.785557085415348 27.427916523301974 6.7713867756538075 0.74352122424170375 1.6400446263141923 15.509511986747382 2.2816851614043108 43.874323660740629 264.54722635739017 162.24000860261731 96.540175263071433 1.0501100753899661 1.1203689388930795 170.95975865703076 12.487618602812288 34.082996548851952 5.9890455130953324 2.5274995893705636 4.6196591833140728 17.260531380772591 207.29302315274253 0.67489222867879906 0.49846944469027221 47.169192619039677 70.773677352932282 1.1235487393569199 4.6792575230356306 1.7714412512723345 3.4113248847424975 85.720233543077484 18.529253207612783 49.518950070021674 1.1182433755602685 566.93743445549626 2.1200898736715308 24.318707554833964 2.7695199406007296 6.0216679124860102 10.485962392995132 41.054821631405503 0.66096761683002192 12.346850576810539 1.4879490023013202 142.01712348079309 9.798593139741568 1.8602833552286049 5.1900017666630447 0.87002944364212442
leaf_count=2232 4229 629 189 6883 427 17243 8234 2207 34329 122 36817 638 11466 721 6248 1607 634 1497 126 382 891 80 5197 127037 52057 25485 215 231 2276 146 1768 231 236 166 726 60029 223 126 4390 13683 196 445 197 107 13744 1277 2829 96 38325 195 1754 195 676 569 13004 127 4254 177 22239 1155 268 685 150
internal_value=-0.000311728 0.00304134 -0.0124654 0.00440201 0.00486937 0.00732553 0.00158468 0.00822254 0.00742338 -0.00396983 -0.00683051 -0.0087296 0.00243503 0.00457444 0.00314262 -0.00410941 0.0226389 -0.0183032 -0.00241052 0.0828508 0.00544307 0.00638952 -0.00844228 -0.0200111 -0.0148883 -0.00541871 0.0369008 0.0154225 0.0136601 0.00731147 0.0201864 0.0278621 0.0692995 0.00457107 0.0291922 -0.0107181 -0.0156759 0.0971274 -0.00273935 -0.0117114 0.0455923 0.00996324 0.0572748 -0.00851853 -0.00947633 -0.00330376 -0.00372157 0.00131694 0.00581861 0.0234236 0.017408 0.04859 0.0296947 0.0199439 -0.0061181 0.0197652 0.010873 -7.01974e-05 -0.000788371 0.0230927 0.0509515 0.0324579 0.0899057
internal_weight=4599.33 3604.8 994.532 3222.93 3152.37 1803.66 1348.71 1708.22 1618.4 405.065 345.355 95.4401 1288.8 956.442 886.201 274.066 70.2415 589.466 57.1971 2.38357 1228.37 612.134 381.876 532.269 267.722 105.482 8.94187 7.89176 390.033 183.447 68.595 53.0855 8.51655 1159.77 21.8802 338.001 208.466 1.17336 129.535 75.9149 5.14124 53.6199 6.4507 224.281 220.87 135.149 332.362 166.403 604.449 37.5117 35.3916 11.0729 8.79119 44.569 54.8135 13.7587 13.0977 162.342 161.224 19.2069 9.40826 7.92031 2.73031
internal_count=534717 244175 290542 159060 152177 63658 88519 45777 43570 65938 61709 17881 80285 65990 64929 22983 1061 224604 18082 508 38916 41946 85115 206522 79485 27428 1943 1728 4654 2422 3695 2804 467 35221 892 79918 60378 349 19540 14508 825 5032 642 21376 21269 7525 14295 24892 41225 2900 2705 951 871 2337 17574 4570 4443 24770 24674 2435 1280 1103 418
is_linear=0
shrinkage=0.03


Tree=67
num_leaves=64
num_cat=0
split_feature=33 12 13 265 14 76 266 64 221 209 9 236 8 225 162 84 88 11 53 70 1 45 189 39 154 113 68 51 181 95 154 87 71 70 94 145 111 41 94 270 1 1 205 1 205 45 236 87 198 84 146 189 52 226 145 127 154 90 162 156 186 118 1
split_gain=223.028 59.531 37.5381 33.8645 28.1618 24.3419 29.157 23.7608 22.6336 27.3267 28.9906 31.9023 22.2675 22.0462 20.1822 19.2403 18.5423 18.5204 18.2021 19.9988 16.8376 17.4616 19.9016 16.4716 19.5283 38.2888 16.8095 15.9501 15.747 17.0674 15.7249 21.5202 20.4253 38.7482 15.6469 21.7479 19.6183 15.5123 15.3118 19.8618 15.1108 19.8708 15.1372 14.7676 14.5745 14.2443 17.571 13.6215 13.5025 13.9333 13.5747 13.4788 13.4612 34.9303 13.2395 21.2728 15.486 20.8589 13.2241 15.9899 15.359 14.7369 13.2222
threshold=70.500000000000014 10524.572870162066 1.0000000180025095e-35 -3.4999999999999996 54814.10636290424 35706.189865999222 1790.5608801277249 7.5000000000000009 1.5000000000000002 138347.44402902038 329.03560836903108 -3060.341253647995 -695.05456645962602 35.500000000000007 3.5000000000000004 15.500000000000002 8.0000000000000018 -2274.631880964133 346.41934305217802 24.500000000000004 202103.50000000003 150026.99407926411 -3585.3382865907934 1.5000000000000002 -455.49999999999994 2385.5746484287179 113945.46410521907 859.42761080194521 -1.0000000180025095e-35 38078.17151020631 -1519.9999999999998 66.500000000000014 21254.404066266474 15.500000000000002 4365.5000000000009 3868.6453022392752 52.500000000000007 1300.2242570073097 1175.5000000000002 -3702.5807235787047 202051.50000000003 202001.50000000003 -12280.153763962016 202051.50000000003 -64235.475151565879 92229.077479872081 -2331.2580867722204 12.500000000000002 -1.4999999999999998 3.5000000000000004 117141.51690511561 276924.22716159467 5.5000000000000009 -17.499999999999996 138349.6081385639 1.5000000000000002 -1734.4999999999998 -1153.4999999999998 2.5000000000000004 102596.26647972241 -1.0000000180025095e-35 4.5000000000000009 201956.50000000003
decision_type=2 2 2 10 2 10 10 8 10 10 8 8 8 10 8 8 10 2 10 8 2 10 10 8 10 10 10 8 8 10 8 8 10 10 8 8 10 8 8 10 2 2 8 2 10 10 10 10 8 10 8 10 10 8 10 8 8 10 8 10 8 10 2
left_child=2 3 17 37 5 12 16 8 28 10 11 -10 14 23 30 20 -7 62 58 27 38 22 -22 24 26 -26 -14 -20 29 34 -4 47 -33 -34 -3 36 -36 48 39 -12 41 -25 -42 -8 -37 46 51 -32 49 50 -2 -6 -52 -54 -9 -56 57 -57 59 61 -60 -19 -1
right_child=1 7 4 -5 45 6 43 54 9 -11 15 -13 13 -15 -16 -17 -18 18 19 -21 21 -23 -24 40 25 -27 -28 -29 -30 -31 31 32 33 -35 35 44 -38 -39 -40 -41 42 -43 -44 -45 -46 -47 -48 -49 -50 -51 52 -53 53 -55 55 56 -58 -59 60 -61 -62 -63 -64
leaf_value=0.019221527154074668 0.090518395396178411 -0.012170081613292281 -0.007589676634867256 -0.010190731228403853 0.010887975860753338 -0.011489784380852153 0.027578032603138722 -0.022025856210396929 0.23912440973611757 0.18232874165975549 0.17553017538411231 0.014683598096891331 0.0072970934819209035 0.026662983463316747 -0.013246460308997246 0.16869580655693545 0.08774340340284395 0.027510629173857222 0.043644905572148354 0.10148780175642869 0.2373893961140606 -0.030192938934051845 0.032945707145719622 0.0022713215805172122 0.021095465759890315 0.12633192979057636 0.074480429867540277 0.00042575176205483426 -0.014712553865755 0.14247746295146968 0.064253295699894408 -0.010156869537272285 0.26731879945651321 0.043639578697394918 0.010342700677174171 0.11906924665429412 0.21050059605646257 0.00099163809684395883 -0.026679960450839417 0.0090193422594113688 0.038382769173129508 -0.013271947107143384 0.0063961179103970978 -0.022981264069797697 -0.010692104237452083 -0.011016674261556668 -0.021474325798014067 0.0052490210009103495 0.0068622650989061508 -0.017145315923272519 0.017160343574467003 0.08545617532992987 0.20860235536324986 -0.0091757335988165972 0.16468294243983139 0.0062231024659018478 -0.022396214042834647 0.1629782727215659 0.033198421329793074 0.0572357393017053 -0.0011807187929979257 -0.0009169585980353767 0.0065244609408077418
leaf_weight=224.52156975865364 4.9319496704265537 14.169766551814979 37.572795497020707 286.35992574389093 45.203992887400091 193.3196526968386 29.759331845678389 405.45762351423036 0.99924121971707791 0.8452646202640598 0.71258013451006252 1.3268155182013299 352.92025609128177 42.209749052766711 117.74950537853874 0.60123592126183112 1.7096860609017301 26.700063426047564 13.650705553824082 2.9141118377447119 0.78383032290730625 1.034683689009398 0.94538880675099723 821.11284552328289 36.21777775301598 3.4040393989998838 3.3839128946419796 17.585724066011608 287.05268261185847 0.86023999168537457 3.9519113213755181 1.4661759787704784 1.1075905368197712 1.8803174216300247 0.73073174268938501 0.94217003392986942 1.110435053007677 191.58033453277312 16.879828746896237 6.7709048548713495 13.657969089923425 81.358850047923625 530.75670928088948 6.3000875464640549 4.4985868488438427 201.96769263246097 16.46848488249816 32.314991000806913 32.193657006369904 3.5253267898224285 10.645554318791254 2.2922899599652728 1.244168826844543 1.4186773828696453 0.73870253865606805 2.7467891209525992 8.9753580670803768 1.0583697367692364 12.236342397518456 7.1238514075521371 264.57871238491498 42.595307580661029 109.96677824063227
leaf_count=1279 248 3758 3036 60145 4943 18958 1272 155313 195 241 43 230 16550 1896 14249 134 31 629 362 146 154 303 185 35914 1281 214 286 1141 98959 170 104 176 159 199 193 38 152 25206 5469 1624 203 4192 15407 366 903 34631 2463 2875 4554 162 286 145 98 302 111 435 2135 200 98 157 7577 1144 688
internal_value=-0.000306729 -0.0108776 0.00382922 -0.00318129 0.00213611 0.00319947 -0.0060378 -0.0162693 -0.0103802 0.0141018 0.00937051 0.1111 0.00422521 0.00522597 -0.00539748 0.000836708 -0.0106199 0.00987596 0.00541082 0.0263251 -0.00288365 0.0672887 0.125617 0.00473495 0.0101569 0.0301367 0.00793515 0.0193131 -0.0128256 0.0114516 0.00640695 0.0193215 0.0815531 0.126555 0.00619727 0.041938 0.131061 0.00499345 -0.0108444 0.0248746 0.00325128 0.000870078 0.00719858 0.0187446 0.0117785 -0.00710929 0.0052282 0.0116786 0.0192017 0.037453 0.0480053 0.0144868 0.0322503 0.0925773 -0.0210521 0.00815302 -0.000894269 0.0498231 0.00338883 0.0144364 0.000338978 0.0100364 0.0150472
internal_weight=4591.1 1291.14 3299.96 531.9 2578.09 2312.15 231.089 759.241 340.264 30.8998 30.0545 2.32606 2081.07 1885.02 196.043 27.7285 195.029 721.873 387.385 34.1505 27.1272 2.7639 1.72922 1842.81 395.926 39.6218 356.304 31.2364 309.365 22.3119 78.2938 40.721 4.45408 2.98791 21.4517 7.28192 1.84117 245.54 24.3633 7.48348 1446.89 902.472 544.415 36.0594 5.44076 265.932 63.9648 36.2669 53.9593 21.7657 18.2404 47.4963 13.3084 2.66285 418.977 13.5192 12.7805 3.80516 353.234 76.4192 276.815 69.2954 334.488
internal_count=534717 361946 172771 91001 159550 117368 20627 270945 112751 8578 8337 425 96741 75943 20798 7912 18989 13221 11254 1649 7778 642 339 74047 18331 1495 16836 1503 104173 5214 6549 3513 534 358 5044 1286 345 30856 7136 1667 55716 40106 15610 1638 941 42182 7551 2979 5650 1096 934 5088 686 400 158194 2881 2770 635 9605 1930 7675 1773 1967
is_linear=0
shrinkage=0.03


Tree=68
num_leaves=64
num_cat=0
split_feature=33 226 10 17 266 193 23 60 270 2 81 120 29 111 50 120 2 1 17 60 37 5 210 193 236 223 211 103 116 183 93 45 234 263 90 178 221 50 145 270 236 226 251 261 87 175 137 263 8 265 226 144 81 145 60 185 50 122 130 271 113 45 111
split_gain=211.674 46.2734 36.8618 33.2814 31.2079 27.1671 23.1399 21.8831 21.4591 19.3413 23.6218 26.3255 34.5463 58.7203 31.7272 30.023 19.0115 21.3111 18.948 25.6946 19.6824 30.9761 18.4096 18.1453 30.3904 17.6879 17.6545 17.5996 19.9886 26.0619 25.1236 17.3603 16.6127 16.5534 16.441 15.2212 15.1558 29.9902 15.0389 14.8727 34.7256 14.8401 14.9115 18.7285 23.5316 16.4158 15.9371 15.5669 15.3191 15.262 14.3313 14.274 14.1091 14.1041 17.0031 17.7219 45.0886 15.5126 13.9152 13.5307 25.7225 13.3565 40.3476
threshold=70.500000000000014 -25.499999999999996 6.5000000000000009 1.0000000180025095e-35 8233.521365449853 1.5000000000000002 1.0000000180025095e-35 11745.230476093739 -1.0000000180025095e-35 1.0000000180025095e-35 1367.9364705596824 9616.2105489856149 39102.521832479099 54.500000000000007 1727.5000000000002 3091.6667417687054 1.0000000180025095e-35 201905.50000000003 20152.601714816989 87138.487615823469 141055.50644832681 1493.9325209389447 -3474.1982862877362 -6.4999999999999991 -3971.0207194109967 -1.0000000180025095e-35 -849.86291265053785 20.500000000000004 32.947959846068009 -2925.9446405233398 4.5000000000000009 232542.360636322 -1507.5274011385693 1.0000000180025095e-35 -1278.4999999999998 -14.874467218547975 2.5000000000000004 4201.5000000000009 84538.943574753299 890.11423826480882 7618.2769021510039 -8.4999999999999982 -5115.2801913526519 59.500000000000007 12.500000000000002 1092.7170467020019 17030.176802287377 6485.6270834870065 -695.05456645962602 -1.4999999999999998 4.5000000000000009 1.0000000180025095e-35 1295.4964023024074 -1.0000000180025095e-35 2153.6071747844553 -2161.8644196580785 2839.5000000000005 -11589.514618090221 503094.32608612056 1501.0024642963901 952.81389810090411 73286.258110126757 34.500000000000007
decision_type=2 8 2 2 10 10 2 8 8 2 10 8 2 10 10 10 2 2 2 8 10 8 8 10 8 10 10 10 10 8 8 8 8 10 10 8 10 10 10 10 10 8 10 8 10 10 10 10 10 8 8 10 10 10 8 10 8 10 8 10 10 10 8
left_child=2 26 41 -3 6 16 7 9 23 10 11 12 25 14 15 -14 27 22 19 58 -20 -22 34 24 -9 -5 35 38 29 -29 -30 -23 33 -27 -18 -2 39 -38 -4 -24 -41 -1 43 47 46 59 53 48 -43 -50 -47 -10 -52 -45 -55 56 -56 -57 -6 -46 -61 62 -13
right_child=1 3 5 4 18 -7 -8 8 51 -11 -12 61 13 -15 -16 -17 17 -19 20 -21 21 31 36 -25 -26 32 -28 28 30 -31 -32 -33 -34 -35 -36 -37 37 -39 -40 40 -42 42 -44 44 45 50 -48 -49 49 -51 52 -53 -54 54 55 57 -58 -59 -60 60 -62 -63 -64
leaf_value=0.013091635914479866 0.030483923284520788 -0.0012124422917867261 0.0029828359226494834 0.1158032015132609 0.00094196134445585723 -0.013608076808925356 -0.021446145663279778 0.21015014919787017 -0.01669851648949032 -0.022498167384432204 -0.020324755899586308 0.17746870346407553 0.018284680611201466 0.26698692456631828 0.0041519490374030783 0.2119645471405249 0.011331661817502262 -0.0066305167186376619 -0.01227733355558581 0.13699409588056888 0.15668241495985721 0.084900711410744192 0.0016084996735329074 0.0046323411145411785 0.0064982441713756613 0.0036774818453840074 -0.0040684182612657875 0.076184628778174099 0.096072908485535929 -0.0034659017544280677 0.016700468813426933 -0.010213940303043106 -0.0065443246375454667 0.19124942854613788 0.1502710931627223 0.001156541553109395 0.013127496547496087 0.14134736068315884 0.046760542460233145 -0.030172361005897937 0.27418539823053323 -0.013987845714310495 -0.0014793995692279139 0.0071029083866581029 -0.0015931968593016323 0.010739396781537727 -0.022467657043536097 0.078612646117368387 0.065367194227453282 0.017740447890540943 0.01755031523641027 0.13865774442908996 0.10417865986289276 0.00065865892933227564 0.12900447024825637 0.037785230064082159 0.0018845500832307637 0.01336937378091628 0.11010029280108764 -0.0094786153075889015 0.19235865628221899 -0.01036242237100379 -0.012358484495875852
leaf_weight=269.40195452654734 34.79055597144179 188.81424632691778 731.53289831080474 1.4364783233031619 6.338430345989762 117.6064154850319 423.49283738841768 1.1227530890610067 356.92383715859614 23.204817966325209 18.179150894051418 1.4416138399392391 1.2333287845831349 1.4127180066425351 4.3511656615883112 1.7317413897253571 1.5925047313794496 398.47039099805988 34.842703071655706 2.1275996640324593 1.5810582449194024 2.2875119945965681 189.28367247455753 11.863058395450933 1.5982638858258718 0.88461892143823184 79.970544627169147 4.3564511071890593 6.423396014608441 24.431376753374938 8.1339879664592427 7.0489240393508235 12.562343367375435 0.81223507970571518 1.4778252616524694 29.376026204670779 7.6265470753423852 2.0921446660067886 7.1312550641596308 0.78542961366474517 0.59143484476953745 12.608498593093826 235.9990128739737 527.31120915384963 427.62326810695231 27.143245876999572 14.187116663204504 3.8167792051099232 6.5727369240485132 76.955749709857628 3.4930626740679136 0.53306161123327811 3.2818717327900231 45.922179335495457 4.6179235626477722 30.02014591358602 5.5045531811192641 106.52097469079308 1.2599612101912496 1.4403630453161889 0.93855829397216428 22.663240187102929 3.348243480315432
leaf_count=6656 2369 22639 37488 183 823 18561 194821 174 99765 4682 3736 166 170 225 679 218 129 34178 8188 170 200 170 18455 1860 251 146 9519 116 218 1601 313 978 1642 125 153 2666 474 199 158 204 153 861 10670 10964 23605 728 368 305 217 2207 164 125 121 961 171 228 136 1584 69 278 147 4663 524
internal_value=-0.000301769 -0.0106738 0.00370669 -0.0127104 -0.0150095 0.000234493 -0.0163722 -0.0117542 -0.0150115 0.00124011 0.0091029 0.019415 0.0420719 0.0899148 0.0557233 0.131403 0.00141084 -0.00259699 0.00681834 0.0448449 -0.00126392 0.0338849 0.00530296 0.0206586 0.0905296 0.0154647 0.0053364 0.0044957 0.0230746 0.00858758 0.0517233 0.01309 0.00535659 0.0934628 0.0782066 0.0170576 0.00418588 0.0407294 0.00340548 0.00232312 0.100565 0.00659775 0.00545726 0.00671851 0.0056776 0.000388658 0.00902006 0.0191944 0.0168354 0.0214881 0.0204819 -0.0164668 0.0595143 0.00964059 0.0165889 0.0215769 0.0598773 0.0187375 0.0190425 -0.00119628 0.0701525 -0.000742501 0.0447742
internal_weight=4582.13 1277.23 3304.89 1133.1 944.282 1501.54 888.796 465.303 372.041 93.2617 70.0569 51.8777 24.4246 8.72895 7.31624 2.96507 1383.93 601.92 55.4862 9.72599 45.7602 10.9175 203.45 14.5841 2.72102 15.6957 144.137 782.009 43.3452 28.7878 14.5574 9.33644 14.2592 1.69685 3.07033 64.1666 200.379 9.71869 738.664 190.661 1.37686 1803.36 1533.96 1297.96 1198 463.92 734.084 99.9538 96.137 83.5285 33.9182 357.457 6.77493 719.897 192.586 146.664 10.1225 136.541 7.59839 430.002 2.37892 27.4531 4.78986
internal_count=534717 361946 172771 347392 324753 112400 314155 119334 102175 17159 12477 8741 3388 1292 1067 388 93839 53945 10598 1062 9536 1348 19767 2285 425 2096 14554 39894 2248 1717 531 1148 1913 271 282 5035 19485 673 37646 18812 357 60371 53715 43045 39455 25043 14412 3590 3285 2424 1013 99890 285 14044 3080 2119 307 1812 892 24030 425 5353 690
is_linear=0
shrinkage=0.03


Tree=69
num_leaves=64
num_cat=0
split_feature=12 17 17 204 22 1 266 107 1 22 120 177 221 68 140 10 195 105 133 94 153 215 116 141 226 103 0 122 1 140 183 35 146 212 40 133 170 221 246 254 9 220 194 23 132 177 189 99 1 120 51 230 9 59 204 221 119 208 28 118 79 118 28
split_gain=182.599 56.9126 55.6942 26.6652 23.2988 36.2242 32.3556 22.2438 24.4138 32.3791 24.5899 21.4653 20.6805 18.9192 18.4839 18.2424 18.215 21.6339 17.7887 25.7257 32.3616 20.9514 16.2339 23.9579 16.0374 26.0232 16.0221 24.5746 38.6799 25.2777 23.0551 37.9919 24.6428 15.6976 15.5714 15.1844 22.3298 14.9802 14.6974 14.4156 20.3152 16.5401 13.9291 13.8926 26.0439 15.8267 28.5292 19.2084 13.4006 16.2523 23.7441 47.8176 16.6211 14.4628 13.3285 13.2203 23.6035 12.9154 25.9074 12.5306 15.1237 12.4988 14.7566
threshold=17164.911010153861 5088.2051695196124 13450.865976681167 -34148.258643028406 16379.165308415812 202001.50000000003 557.69317745021112 32381.79083585765 202051.50000000003 6061.8994864039369 9616.2105489856149 -368.1793295684102 -2.4999999999999996 -3469.8872587081873 41.500000000000007 7.5000000000000009 52489.228579567833 18607.992863074865 2703.3934325215387 254.50000000000003 191863.9759431514 -2231.210816800367 1213.6182967386023 22.500000000000004 36.500000000000007 4.5000000000000009 54259455.500000007 136846.00501414758 201956.50000000003 53.500000000000007 -23.583327844626016 166125.87395885665 1218183.7663883464 1.0000000180025095e-35 843.50000000000011 2703.3934325215387 -58.047989779467109 2.5000000000000004 6068.238004045711 5035.5485558797236 1216.2580033249224 1.0000000180025095e-35 1675.0699373049745 1.0000000180025095e-35 58002.851186124812 400.89781320845674 -82077.19114771641 217119.75887872261 201956.50000000003 25022.610849118577 5440.060890668331 -6192.3442465660582 26.044188277668002 inf -1297.9716693420935 2.5000000000000004 -157.49571815751946 137269.58819705551 4.5000000000000009 6.5000000000000009 3636.6909779281873 7.5000000000000009 4.5000000000000009
decision_type=2 2 2 8 2 2 8 10 2 2 8 8 10 8 10 2 8 10 10 8 10 10 10 10 10 8 2 10 2 10 10 8 8 8 8 10 10 10 10 10 10 8 10 2 10 8 10 10 2 10 10 8 8 8 10 10 10 10 8 10 10 10 10
left_child=2 15 3 12 33 6 38 8 -4 10 16 22 -1 -13 39 24 18 -18 54 20 -20 -21 23 -8 57 -26 43 -28 29 30 31 -29 37 35 -35 42 48 -32 -6 -9 41 59 -5 44 -3 46 47 -46 49 52 -51 -52 -37 -54 -10 -17 -57 61 -59 -41 -61 62 -2
right_child=1 26 7 4 5 -7 11 14 9 -11 -12 13 -14 -15 -16 55 17 -19 19 21 -22 -23 -24 -25 25 -27 27 28 -30 -31 32 -33 -34 34 -36 36 -38 -39 -40 40 -42 -43 -44 -45 45 -47 -48 -49 -50 50 51 -53 53 -55 -56 56 -58 58 -60 60 -62 -63 -64
leaf_value=0.062249454955378487 0.0048712999360499666 -0.016255709011581999 -0.012543758673387671 0.0040453706860356089 -0.0086203387553289122 -0.014597068571944805 0.10172695133854921 -0.0030286685495297147 0.099608644029307247 -0.02579707267252461 -0.012692865648840016 0.014759937040354346 0.015862553681411682 -0.0023294510274832472 -0.021387516908038529 -0.014565222015330347 0.17915653196868545 -0.0027589573564189194 0.015394898241272855 0.11793415957160006 0.19332523340444377 0.014550207068180668 0.014205431903559315 0.026615926210508453 -0.030435530660554256 0.16437198772057202 -0.015003216123058803 0.33840743338451945 -0.020309740301168614 0.24753169003119918 -0.021358229871402831 0.036801767339398044 0.19987860520046752 0.0011801929603039699 0.015964863129342616 0.085021668958326718 0.0010032942555894644 0.15860935523793593 0.059464903769858621 0.093316524603558465 -0.00055814599757523218 0.11267064284365277 -0.010790680797508495 -0.023789836454759239 0.235279379086202 -0.0087440185853566669 0.016631832854820307 0.05633904047098378 0.0091466124094727597 0.041414617658413852 0.33885165940467926 0.029098505929989964 0.012923490486618221 0.055439082336095569 -0.0035588828677095121 0.11488723076387408 -0.0096717370321694265 0.19402332510560827 0.00044536921187258597 -0.00940044010410249 0.050866913922204188 0.021207728744588258 -0.010807100959945507
leaf_weight=9.9018247472122294 127.41697099385783 259.72870407742448 333.9627256601816 1777.6885919154156 171.15328931575641 140.45302637212444 5.399272060487422 17.345930300652981 1.1526167215779413 34.139697852078825 44.461943666101433 101.12837249017321 68.416024778969586 137.67902768356726 12.592578213429077 115.00814507633913 1.2840490106027567 1.0859214114025233 1.9527145208558061 1.8188245175406326 1.7394689600914715 58.744467330281623 37.49931520188693 13.082664312212726 1.1132348739774887 1.3849187521263959 29.729648558073677 0.64789026766084101 6.1144524787086993 0.75281249289400864 3.4143070905702175 0.89531848335172992 0.65202483872417349 90.595525178592652 219.32850593002513 3.9098791484721014 82.149365684017539 0.47406436898745585 2.9018737254664293 3.0188905254472109 12.068778572836889 3.0581784255336961 58.839922983548604 276.96311468689237 1.1240720385685565 5.5581554446835071 4.4743205450940859 1.0389014477841554 42.199406189261936 5.1336150281131259 0.81164909165818244 1.0026004310930146 39.34198350191582 8.8144901933846977 50.774908962193877 2.0104306598659605 4.2928562304005018 0.93587483046576325 1.8566892051603643 6.2853089093696317 9.2809691515285504 23.560880743199959 93.805596247664653
leaf_count=145 16340 79730 78883 57331 16951 11532 100 2364 160 9222 10856 1779 913 7600 1933 22033 110 168 181 219 155 6789 1392 464 180 189 10052 117 2113 82 1067 238 170 3775 5178 87 4801 79 117 129 1063 177 6633 137514 100 923 752 175 2321 275 115 178 2823 597 5896 185 653 171 341 329 434 1174 16164
internal_value=-0.000297376 -0.0119052 0.00279708 0.00445093 0.00399057 -0.0012325 0.00277117 -0.00559337 -0.00760181 0.000769424 0.00633316 0.00882695 0.0217273 0.00490744 0.0111655 -0.00270044 0.0134687 0.0958028 0.0117892 0.0223419 0.0992218 0.017655 0.025547 0.0485587 0.00193047 0.0775613 -0.0176839 2.14419e-05 0.0345116 0.0835435 0.0632509 0.163426 0.029203 0.00535652 0.0116431 0.00439193 0.0126238 0.000583146 -0.00748521 0.0191942 0.0306285 0.0480189 0.00357004 -0.0190607 -0.0142439 0.0286022 0.0598765 0.149332 0.0220555 0.0312863 0.0743839 0.167674 0.0255353 0.0207055 -0.00126891 -0.0122467 0.0300563 0.00116732 0.0653193 0.0373804 0.0265323 0.000435456 -0.00177685
internal_weight=4575.15 962.953 3612.2 3017.43 2939.11 609.297 468.844 594.768 531.117 197.155 163.015 294.789 78.3178 238.807 63.6506 371.386 118.553 2.36997 116.183 64.2555 3.69218 60.5633 55.9813 18.4819 250.074 2.49815 591.568 42.6805 12.9509 6.83642 6.08361 1.54321 4.5404 2329.82 309.924 2019.89 183.363 3.88837 174.055 51.0581 33.7121 21.6433 1836.53 548.887 271.924 12.1954 6.63729 2.16297 101.214 59.0142 6.94786 1.81425 52.0664 48.1565 51.9275 121.311 6.30329 247.576 2.79256 18.5852 15.5663 244.783 221.223
internal_count=534717 290542 244175 125107 124049 39935 28403 119068 112639 33756 24534 11335 1058 9379 6429 57430 13678 278 13400 7344 336 7008 1956 564 34559 369 233112 13918 3866 1753 1671 355 1316 84114 8953 75161 11197 1146 17068 4496 2132 1069 63964 219194 81680 1950 1027 275 6396 4075 568 293 3507 3420 6056 22871 838 34190 512 892 763 33678 32504
is_linear=0
shrinkage=0.03


Tree=70
num_leaves=64
num_cat=0
split_feature=33 14 226 11 213 55 1 1 193 84 45 226 71 163 97 50 68 24 103 36 4 209 103 182 55 212 5 6 124 0 189 59 220 83 7 183 54 213 149 251 6 75 162 174 172 66 114 45 11 174 254 153 111 32 131 43 218 205 242 265 59 8 103
split_gain=193.227 44.0394 39.3411 32.0375 30.2048 30.7343 24.8907 21.8929 21.5166 25.1963 21.1496 20.9835 22.4708 21.3772 20.2707 19.1293 18.5989 17.1296 23.1867 27.3558 16.4102 17.2596 43.4177 16.125 15.8254 15.7905 15.6598 15.4753 16.0888 16.0676 19.6835 34.7864 15.7184 14.3909 14.3478 21.4602 26.2028 14.2838 14.5204 22.5804 15.1485 14.2354 14.1299 15.7106 15.6496 14.0164 31.3952 19.6682 15.1932 13.9616 21.397 19.481 13.8754 19.345 13.2452 21.9479 13.1385 18.6361 13.1176 14.6509 16.8487 13.0902 13.01
threshold=70.500000000000014 79863.926260527252 -6.4999999999999991 -4676.1028341919728 1.0000000180025095e-35 409.25375248207388 201956.50000000003 202051.50000000003 -6.4999999999999991 22.500000000000004 189380.99459997975 -1.4999999999999998 6671.7168491915545 414.83239497089431 14515.000526051364 1181.5000000000002 136247.94168963181 257801.28341165622 1.5000000000000002 -1247.4999999999998 23.500000000000004 47028.878873089576 4.5000000000000009 -1761.6048114459259 8512.8502723100701 1.0000000180025095e-35 901.66435888381113 60793.879937849088 11.500000000000002 24041036.000000004 -19898.348250352588 3608.3982252424266 1.5000000000000002 56776.37947566613 5903.0995163893685 -2071.6599976015923 4.5000000000000009 -1.4999999999999998 17622.525842184572 192028.32199008155 172428.16565549499 1.0000000180025095e-35 5.5000000000000009 -18.379024122689994 -998.94811062400356 49172.297312125775 19293.076691681697 83476.196129342905 -148.61922422435899 184.92167588119705 -1405.1358044097922 166125.87395885665 27.500000000000004 1.5000000000000002 4.5000000000000009 69.085210514931006 -772.13170142680269 -6691.6905033743815 -2666.3798056542601 -5.4999999999999991 3608.3982252424266 -108.68920152106999 3.5000000000000004
decision_type=2 2 8 2 10 2 2 2 8 8 10 8 10 10 10 10 10 2 8 10 2 10 8 10 2 10 8 8 10 2 8 10 10 10 10 8 2 8 10 8 10 10 10 10 8 10 8 10 2 8 10 8 8 8 10 8 8 8 10 10 10 10 10
left_child=3 2 8 6 5 11 10 49 24 27 26 13 -13 42 17 37 -9 20 19 -19 21 -7 -23 58 33 34 -1 32 29 30 31 -29 -10 -2 -4 36 -36 -3 54 40 -40 -8 44 -44 -5 47 -47 48 -27 -6 51 -51 53 -14 -39 -56 57 -34 -12 -60 61 -61 -18
right_child=1 15 25 4 7 14 41 16 9 -11 23 12 52 -15 -16 -17 62 18 -20 -21 -22 22 -24 -25 -26 45 -28 28 -30 -31 -32 -33 56 -35 35 -37 -38 38 39 -41 -42 -43 43 -45 -46 46 -48 -49 -50 50 -52 -53 -54 -55 55 -57 -58 -59 59 60 -62 -63 -64
leaf_value=0.02613124996986893 0.019495550504771541 0.12200540588496318 -0.013117866234249684 0.018507909828599827 -0.015764266743270215 -0.0033221783488782213 0.0052873269913885365 0.014923785037746768 -0.011658546700390194 0.14552594640636798 0.0061764497420722115 0.00068423498753301774 -0.030446973645195149 0.027339928855045055 0.081618591580548669 -0.021589301274616803 0.030902826585295629 0.013648520104319189 -0.0018297858279237378 0.28339388623582268 -0.02167701705870867 0.0032827054933744714 0.28810801904418043 -0.0082534246346831017 0.11438182257544539 0.013550143272598318 0.012466232764699915 0.26268104602607223 -0.014268107641087414 0.010515329770972345 0.02646252709571693 0.040411227259565433 0.15843312663132122 -0.0073012681037653284 0.0065785362963155314 -0.001840983537576819 0.1835694231200859 -0.011815029919379268 -0.011904780785903809 0.14581044862745449 0.13587257386467116 -0.0086975434585835724 0.0050725133048475065 -0.0080567800646594474 0.0044150152593994381 0.27624878901172339 -0.00070898843271702987 -0.01393804637627459 0.12464337496226147 0.07149326417034875 -0.0033101731871210461 0.014539735906071464 -0.011325322943498917 0.11492277163000947 -0.030140323943656403 0.2699794909270033 0.0014996087947988714 0.026212557289076784 -0.0012013321054833461 0.075094135701505749 0.11433603512556399 -0.011482125374724317 0.11484892235922804
leaf_weight=102.21075627650134 69.076867158175446 0.78527466452214867 501.28096090711188 96.149065331555903 33.877067140303552 26.758716866374019 331.08293720032088 180.6828185133636 144.94402565213386 1.0209586087148625 81.761697958689183 938.11198424408212 1.4822212161961936 37.296993235591799 2.0053261001594356 329.84080903045833 4.0679658872541031 0.68402045615948737 3.08762545324862 0.66959112836047896 108.49356261116918 1.7914351010695089 0.65881012403406236 66.058656946988776 1.3925541612552468 2.6070143319666386 288.55417929170653 1.0225005103275182 16.291441398556344 27.119259011931717 5.7010844843462092 1.666635919944383 1.2671010469784958 24.410998340812512 1.629102109349333 10.972003733972086 1.3995580826885996 72.685074499575421 4.6073521582875392 1.3417925881221888 0.72215810860507179 81.666981099406257 196.99135504174046 140.55115150893107 270.2204764643684 0.58728974126279243 0.98818256775848567 10.561883368180132 1.9268058009911353 6.7914308367762706 66.405111236963421 26.48160825506784 200.12848380138166 1.8549078668002037 0.48748062830418248 0.39864269702229649 12.285873609944248 3.9507754498627037 5.8110291780903927 3.0487079806625834 3.2781543540768325 3.2444781025405964 2.8088463563472033
leaf_count=1422 5844 134 146506 5170 1226 6327 4914 3447 31621 141 1982 40876 140 1337 85 136464 189 131 641 132 31027 394 110 2169 96 203 5224 147 4004 2951 723 249 254 2821 373 2661 230 19449 1201 119 128 2445 10977 7272 13876 128 222 1947 180 213 2386 624 27224 151 182 99 2161 708 130 157 120 112 141
internal_value=-0.000292963 -0.010329 -0.00640034 0.00350061 0.00160818 0.000253879 0.00809712 0.0101568 0.00209171 -0.00315418 0.0122523 0.00127604 -0.00127594 0.00520649 -0.0130969 -0.0183809 0.0167668 -0.0144331 0.0435564 0.147083 -0.0163034 0.00365614 0.0798652 0.00318195 0.0139939 -0.0113515 0.0160405 -0.00386268 0.0104154 0.02174 0.0580208 0.124926 -0.00841564 0.0124985 -0.0122813 0.017673 0.0883669 -0.0053206 -0.00656665 0.035813 0.00811931 0.00252027 0.00403374 -0.000394464 0.00811352 0.0173842 0.102533 0.00849758 0.0607631 0.000873928 0.00652866 0.0261646 -0.0103137 0.0503553 -0.0104096 0.104875 0.018438 0.0583208 0.0109581 0.0363739 0.0591869 0.0304594 0.0651908
internal_weight=4567.74 1252.97 842.103 3314.77 2348.05 2026.94 966.718 321.115 310.15 215.27 553.968 1882.79 1141.58 741.209 144.149 410.869 187.56 142.144 4.44124 1.35361 137.703 29.209 2.45025 163.203 94.8804 531.953 390.765 214.249 51.8009 35.5095 8.39022 2.68914 162.448 93.4879 515.282 14.0007 3.02866 81.0278 80.2425 6.6713 5.32951 412.75 703.912 337.543 366.37 16.6712 1.57547 15.0957 4.53382 133.555 99.6782 33.273 203.466 3.33713 73.5712 0.886123 17.5038 5.21788 97.1441 15.3824 9.57134 6.29319 6.87681
internal_count=534717 361946 204170 172771 154096 145870 18675 8226 51720 42959 11316 107023 68391 38632 38847 157776 3777 38762 904 263 37858 6831 504 4670 8761 152450 6646 42818 8074 4070 1119 396 34744 8665 149770 3264 603 21312 21178 1448 1329 7359 37295 18249 19046 2680 350 2330 383 4449 3223 837 27515 291 19730 281 3123 962 2501 519 389 269 330
is_linear=0
shrinkage=0.03


Tree=71
num_leaves=64
num_cat=0
split_feature=33 227 23 13 135 23 22 116 60 255 54 143 8 247 56 153 0 4 270 206 7 132 43 65 162 211 25 141 172 65 103 87 25 83 211 46 116 185 8 30 58 105 143 65 135 254 113 22 94 161 30 221 118 61 78 267 103 146 254 46 29 61 25
split_gain=183.357 42.4461 33.7409 32.6284 26.679 24.1481 22.9252 22.4991 21.9559 20.9397 26.3697 45.5031 20.6814 19.8152 19.6564 29.2638 31.4333 19.6202 18.4303 20.1424 18.6185 16.7667 16.7521 16.5132 16.4557 17.2257 19.7525 39.4209 20.1509 17.1572 26.1864 16.4247 15.7015 15.602 15.2389 28.6098 15.1436 15.0734 28.5521 15.0171 14.7954 15.943 34.7447 18.6561 16.6531 16.0911 14.4732 14.3036 18.3158 20.1962 14.1243 13.981 13.5527 39.5344 13.3804 23.7212 15.2793 13.3344 13.6191 14.1462 12.8403 23.097 27.3576
threshold=70.500000000000014 -38.499999999999993 1.0000000180025095e-35 1.0000000180025095e-35 1365.3173127957402 1.0000000180025095e-35 86478.173921436843 -356.45955699758395 9890.4967436944771 12759.895804203354 8.5000000000000018 140625.59296886806 -269.70367960776696 3667.6048320561454 1.0000000180025095e-35 61505.236091766703 40149470.500000007 289.50000000000006 2059.0191978513744 1.0000000180025095e-35 613.31813943890404 77637.595122878658 9166.4086526970368 -3642.4416024394509 3.5000000000000004 -43.128384357776376 8951.8362891718461 73.500000000000014 1697.3729951657372 -4390.5114052931485 1.0000000180025095e-35 12.500000000000002 3664.2650998253962 253231.52180654198 55.833157078510347 -1733.4999999999998 -264.25880472291595 -29750.394469925242 -186.30820110523447 29.500000000000004 40.500000000000007 40580.395980457026 95931.987971575698 59100.372326597528 1439.2049986393222 46908.641506224121 551.1035817801901 150308.35747960792 849.50000000000011 7878.9299437276832 2.5000000000000004 1.5000000000000002 10.500000000000002 1225.0593618203952 83864.525504872159 -434.39060303844957 6.5000000000000009 117141.51690511561 768.31019850691996 -1490.4999999999998 6633.214344416966 344.14685984537505 1.0000000180025095e-35
decision_type=2 8 2 2 10 2 2 10 8 10 2 8 8 10 10 10 2 2 10 10 8 10 10 10 8 8 10 10 8 8 10 10 8 10 10 10 8 10 8 2 8 10 8 8 10 10 8 2 8 10 2 10 10 10 10 10 8 8 8 10 2 10 10
left_child=3 46 4 23 7 6 12 54 14 -10 17 -12 24 39 15 16 -9 37 52 20 -20 33 -8 51 25 26 31 28 -28 30 -26 -5 -25 50 -32 -36 -17 38 -11 40 41 43 -43 44 45 -4 -2 -15 -49 -50 -14 -1 -7 -54 -3 56 -56 -34 59 -59 -52 -62 -63
right_child=1 2 13 5 -6 18 22 8 9 10 11 -13 21 47 -16 36 -18 -19 19 -21 -22 -23 -24 32 29 -27 27 -29 -30 -31 34 -33 57 -35 35 -37 -38 -39 -40 -41 -42 42 -44 -45 -46 -47 -48 48 49 -51 60 -53 53 -55 55 -57 -58 58 -60 -61 61 62 -64
leaf_value=0.015467193873364893 -0.017780985864714119 -0.0090019017027477017 -0.016162043861571718 0.097187706439013963 -0.014762079111685521 -0.012128786909526653 -0.011282445097435189 0.15607410778994443 -0.0043630793900639574 0.28490840730885697 0.31769378601970893 0.032214694933231001 0.0039055645183388135 -0.012825281181067466 -0.01139255860863523 0.10659529536542957 0.022629587496170712 0.19288942840785189 0.17715967398033491 0.0041641926237543161 0.0019219924434461695 0.030395872931402917 0.027299530740490057 0.0030706898676136963 0.079548194881250353 -0.0024533186182634356 0.01144525983470032 0.22041796343563344 0.12820521185529365 -0.011663596453374541 -0.0089462211406626229 0.0051516572449604205 -0.015937839376967716 -0.028033632640609121 0.15123659413791171 -0.00263317552956897 0.013332447274903264 -0.0076632089871465038 -0.030155052951138475 0.1413994816613213 -0.021358852622367763 0.21572920443011886 0.011783340207791666 0.19365164590604719 0.1694665999724497 0.095699602879460041 0.0099569788931887591 0.075914900742494226 0.12815630522178506 -0.022168633764134759 0.010443845630071509 -0.012254671524113615 -0.012438760404035154 0.27216723445508689 0.038186002616857943 -0.0241272306092539 0.15231071839642418 0.10751777821489665 0.020569153118398662 0.024452371562740622 0.00035130928793351287 0.029793547573398731 0.1315571732929906
leaf_weight=310.13660781434737 19.887537142494693 217.17657841485925 59.315059938817285 1.8425678801722813 246.88324542576447 162.94373017956968 144.15130813606083 3.6717963949777248 79.942491680849344 0.47609726083464921 0.77192300069145803 1.4397015031427143 1774.1070010757539 13.216256769723261 7.6049932970199725 1.751349585596472 2.8002115846611559 0.53794882050715465 1.4349438296630967 5.2053442050237209 0.88050570175983045 22.402045162161812 10.893898641457779 363.27583392593078 4.4476519667077801 90.825079781701788 6.4387976331636301 1.1906624268740404 1.6767213165294368 191.40980401006527 23.150984135456387 32.994181237416342 6.1103681246750048 13.345768495462833 1.6451270272955296 3.2088565658777943 14.88225843408145 7.9655335608404112 0.56737543526105383 0.52436596073675801 416.38012569770217 0.85193944559432466 6.3958268886199221 0.39716278633568336 0.44867364747915317 1.180387757369316 113.84734301571734 5.0245679060462836 0.94072027050424445 5.5491415959550068 80.174052987713367 17.285813842667267 1.6923464396968477 0.59325464139692474 3.7064228451345116 4.3819018320646119 1.4763654842972753 3.8706286528613418 20.955071111908183 3.5261785886250445 7.989206726197156 6.2255844243336451 3.8466262235306203
leaf_count=2346 2713 50963 21130 38 61840 40604 13046 167 12458 132 108 349 62178 3509 757 208 154 150 239 975 144 463 324 9503 148 7141 787 115 118 24409 1224 2458 281 717 108 279 1183 1862 146 153 188295 190 1854 84 106 303 10840 279 217 685 2603 152 549 111 336 612 163 151 609 179 340 171 261
internal_value=-0.000288324 -0.0101317 -0.0120616 0.00338824 -0.00721409 0.00181596 0.0025889 -0.00187696 0.00848758 0.00113496 0.0385142 0.131855 0.00335221 -0.0177243 0.0304423 0.0442119 0.0983373 0.016891 -0.00902062 0.0369087 0.110521 0.00459483 -0.00857157 0.00901407 -0.00325545 0.00501844 0.0203917 0.0592189 0.0355687 -0.00824383 0.0119264 0.0100196 0.00490658 0.00428831 0.00118694 0.0495168 0.0231521 0.00638176 0.113597 -0.0190586 -0.0192321 -0.00632158 0.0357562 -0.0112933 -0.0126289 -0.0139794 0.0058321 0.00847044 0.0329137 -0.000378691 0.0045187 0.0140037 -0.0111112 0.0614341 -0.00747251 0.0272541 0.0706955 0.0242592 0.0329224 0.0679191 0.0155918 0.0384433 0.0686576
internal_weight=4559.87 1240 1106.26 3319.88 596.036 2594.72 2421.97 349.153 122.412 91.7011 11.7586 2.21162 2266.92 510.224 30.7106 23.1056 6.47201 9.54696 172.75 7.52079 2.31545 1908.09 155.045 725.161 358.83 134.968 44.1429 9.30618 8.11552 223.862 32.4526 34.8367 397.738 1885.69 28.005 4.85398 16.6336 9.00901 1.04347 485.494 484.969 68.5891 7.24777 61.3413 60.9441 60.4954 133.735 24.7307 11.5144 6.48986 1872.34 327.422 165.229 2.2856 226.741 9.56469 5.18279 34.4622 28.3519 7.39681 98.2355 18.0614 10.0722
internal_count=534717 361946 348393 172771 131588 159550 116928 69748 17674 15205 2747 457 103558 216805 2469 1712 321 2290 42622 1358 383 66733 13370 13221 36825 10657 3516 1020 905 26168 1759 2496 10723 66270 1611 387 1391 2140 278 212115 211962 23667 2044 21623 21539 21433 13553 4690 1181 902 65553 2498 41264 660 52074 1111 499 1220 939 330 3375 772 432
is_linear=0
shrinkage=0.03


Tree=72
num_leaves=64
num_cat=0
split_feature=33 53 23 29 204 115 58 194 53 163 19 117 119 36 256 29 224 14 2 58 127 2 223 195 161 46 25 38 99 50 140 157 104 91 14 117 225 221 109 194 162 63 221 105 201 104 19 116 33 33 39 210 170 236 158 153 262 215 52 105 262 53 173
split_gain=173.986 44.8903 46.1737 26.6538 26.9119 26.6413 21.9372 23.0215 24.6474 21.7152 20.782 20.2441 30.8903 20.1665 19.5827 18.4952 17.21 18.155 18.7057 31.9099 35.7324 16.6277 19.5546 19.0147 18.6276 16.418 15.9654 17.782 20.98 19.8213 16.7734 18.0829 24.2491 18.3465 14.6377 19.7826 16.7669 17.3421 14.5745 19.9767 28.52 15.2235 15.8194 18.8297 14.033 14.9131 13.6456 13.2593 18.5395 13.2364 13.0872 13.0361 15.0085 16.3531 14.0487 12.9335 12.8547 12.6758 13.6024 14.2314 37.0272 69.42 12.569
threshold=70.500000000000014 32333.945721628075 1.0000000180025095e-35 28024.071722059114 -34148.258643028406 555.75616560319713 40.500000000000007 -9297.5978680608077 2896.874499436643 5583.282099106279 1.0000000180025095e-35 521.74717126328403 -58.214927238866998 -698.49999999999989 -9122.3945524512364 65755.319192425435 1.5000000000000002 163563.34581671018 1.0000000180025095e-35 191.50000000000003 1.5000000000000002 1.0000000180025095e-35 1.0000000180025095e-35 1.0000000180025095e-35 31732.430164217832 -548.49999999999989 5845.4321904176986 514527.58422936505 570062.91400115518 2839.5000000000005 31.500000000000004 4.5000000000000009 1950.5000000000002 62389.299816425846 -8150.6279628174116 440.20675951697507 35.500000000000007 1.0000000180025095e-35 2039.518411472932 -272.92078945739007 6.5000000000000009 2072.9633237218472 1.0000000180025095e-35 863.7377176825961 -9858.3137670212109 605.50000000000011 13.500000000000002 275.08460931791603 12.500000000000002 100.50000000000001 1.5000000000000002 1625.6979844032639 6007.684038653777 -7888.5858652199959 1956.5000000000002 86533.880297432057 -24432.596499475276 1464.0107126935761 1.0000000180025095e-35 5522.6137446138046 2534.3231153605366 1033.5694131653611 -1472.2581216177937
decision_type=2 8 2 2 8 8 8 10 8 10 2 10 10 10 10 2 8 2 2 10 10 2 10 10 10 10 10 10 10 10 10 10 10 8 2 8 10 10 10 10 10 10 10 8 8 8 2 10 2 2 10 8 10 10 10 8 10 10 8 8 10 8 10
left_child=3 2 5 4 -1 13 7 8 9 11 38 12 49 -2 -11 26 62 18 19 20 50 22 34 -23 -25 -24 44 28 30 -30 31 -28 -33 -34 35 47 -36 -38 41 40 -40 42 51 -44 45 -3 -5 -6 -49 -4 -18 52 -7 54 -54 -50 -20 58 -53 60 -60 -62 -15
right_child=1 15 6 46 21 10 -8 -9 -10 14 -12 -13 -14 16 -16 -17 17 -19 56 -21 -22 23 25 24 -26 -27 27 -29 29 -31 -32 32 33 -35 36 -37 37 -39 39 -41 -42 -43 43 -45 -46 -47 -48 48 55 -51 -52 57 53 -55 -56 -57 -58 -59 59 -61 61 -63 -64
leaf_value=0.023225339018466063 -0.001347060854193083 0.074141497683005889 0.16940679363552627 -0.0065816186420005968 0.00049695596887489588 -0.010909487984472496 -0.022578712063821785 -0.012441411209122615 -0.015758157149971929 0.29606513946274954 -0.017030073616389658 0.00096419779811932494 0.28687361399423861 -0.025772653303222676 0.075901638842977695 -0.013988261360691139 0.13670237192030807 -0.030202408360011136 0.088866857208528077 -0.030432897606288815 0.24295464687909424 0.0024153532817086675 0.014448828523141716 -0.0095838041704795172 0.091304361607955617 0.055296291203781732 0.019865242963528255 -0.0074388278427154975 0.037908720640301277 0.17909573297963494 -0.026500582106172281 0.16562892018456138 -0.033239504798434329 0.095059244240983998 0.0028008504475091696 0.020608521160334448 0.01224415634178418 0.068502755706072518 0.14213499180958489 -0.031146413922405664 -0.0023376286033553457 -0.01732959376470837 0.092422707828033496 0.01196432506695742 -0.0031492114514756857 0.011744291780779331 0.095762963895149211 0.024852898151989617 0.036959806971171252 -0.030229996237145271 0.036503972115286908 0.064438315944038385 0.2016497424998977 -0.016753203454135536 0.033109219090571178 -0.013918289790232978 -0.030449444352181054 0.13591754532067679 -0.017198497869330847 -0.0042642664574257848 0.42710622542405352 0.0046902164534817596 0.029256589219838026
leaf_weight=64.481091263936833 76.975267850793898 4.082728142617273 0.44910406856797658 250.67114190361463 167.3733642695006 111.65669898269698 380.33200521068648 54.104669386870228 5.4226591369370007 0.64172932400833815 207.79988839593716 3.7157593958545476 0.66248625807929507 6.4090431157965204 0.83893587708007522 48.049588466994464 2.0991930831223744 2.0233431223314247 1.2381235256325456 1.5228745823260394 1.6435061648953704 1059.0373852051562 86.37737264635507 162.39524078252725 1.6639764474239189 9.8675697555299831 14.931145754177132 11.936079681850968 1.9148580485489213 1.680155324982479 4.4412446331698439 2.0374176956247529 1.7846844031009821 2.2905874289572239 1298.7309406554559 111.12171940039843 17.887161473860036 6.8083615715149781 2.5461385801900178 2.5458777907770118 2.3786018553655595 69.379823133582249 3.0713530485518277 17.729176260298122 101.89869492710568 22.150070283096284 1.1779890586622048 57.519544712267816 5.5332991380710181 0.89373603439889848 2.6595441719982773 3.5859573213383547 0.87344283633865438 1.5831293344963331 0.90765897068195045 24.00408320594579 2.3648420555982739 0.72217315435409446 2.2901838915422581 28.836159046040844 0.59017684939317372 0.86090990435332071 8.9551567684393358
leaf_count=762 11280 84 105 31138 1996 22063 187235 20452 1490 111 60007 1058 235 1057 183 6884 154 422 69 246 183 58101 2672 22445 136 291 1401 1849 119 158 600 117 202 192 50966 1585 1153 236 156 282 143 19087 254 3195 9357 757 113 445 146 298 286 226 72 198 192 586 404 173 382 7033 120 222 1153
internal_value=-0.000284041 -0.00993633 -0.0125964 0.00327972 0.00404873 -0.00688256 -0.0197951 -0.00392967 0.0325493 0.068923 -0.010022 0.0424214 0.119239 0.00667706 0.171322 0.00243697 0.0280378 0.0526816 0.0672289 0.0929955 0.122355 0.00363769 0.00548381 0.000943109 -0.00856054 0.0186367 0.00710287 0.0233932 0.0360483 0.103893 0.0264778 0.0376588 0.0811222 0.0388734 0.0047343 0.0100483 0.00326649 0.0277542 -0.00418653 0.037084 0.0723561 -0.00546011 -0.000691899 0.0238446 0.00188818 0.0214554 -0.00610292 0.00543614 0.0149321 0.0365372 0.0807039 -0.00405168 -0.00902843 0.0534027 0.115761 -0.00438719 0.0105524 0.0114674 0.00898219 0.00287786 0.0579264 0.176493 0.00630162
internal_weight=4552.16 1227.51 1010.31 3324.65 3072.8 563.248 447.061 66.7291 12.6244 7.20175 457.357 5.72109 2.00533 105.891 1.48067 217.197 28.9156 13.5514 11.5281 7.92512 6.40224 3008.32 1785.22 1223.1 164.059 96.2449 169.148 41.0162 29.0801 3.59501 25.4851 21.0438 6.11269 4.07527 1688.98 365.552 1323.43 24.6955 249.557 7.47062 4.92474 242.087 172.707 20.8005 128.131 26.2328 251.849 254.43 87.0569 1.34284 4.75874 151.906 115.021 3.36423 1.7811 29.5374 3.60297 36.8856 36.1634 32.5774 3.74127 1.45109 15.3642
internal_count=534717 361946 340226 172771 141520 129059 211167 23932 3480 1990 113805 1696 638 15254 294 21720 3974 1764 1342 869 623 140758 60076 80682 22581 2963 14836 4638 2789 277 2512 1912 511 394 57113 4758 52355 1389 53798 581 299 53217 34130 3449 10198 841 31251 3173 1177 403 440 30681 22525 462 264 732 473 8156 7983 7757 724 342 2210
is_linear=0
shrinkage=0.03


Tree=73
num_leaves=64
num_cat=0
split_feature=12 17 192 29 204 21 226 213 1 109 224 122 266 179 41 204 227 22 266 183 119 221 102 156 188 271 62 111 257 24 36 1 148 188 51 12 162 180 270 106 62 194 177 36 210 179 35 212 218 50 226 174 64 226 259 9 51 263 58 68 183 174 183
split_gain=155.145 52.7143 47.3945 23.142 23.8789 20.8812 19.9578 25.6344 17.7217 20.818 19.25 28.1186 25.5723 18.4429 21.8795 17.1256 16.9275 16.7334 23.2474 21.0444 17.3203 15.9582 15.6664 15.395 26.6528 21.0817 27.7596 24.0267 33.5613 20.2859 30.0112 14.6507 22.7786 14.1989 40.5849 14.0628 13.7642 13.5187 13.2277 13.2111 13.157 13.6063 13.0708 13.0105 12.9777 16.8348 29.7846 12.8351 24.0671 14.1733 12.8079 14.1662 12.7816 16.0427 16.8364 12.4877 23.7949 12.4238 15.3023 12.3979 12.3873 14.7335 18.86
threshold=17164.911010153861 5088.2051695196124 1.0000000180025095e-35 58762.51863460827 -34148.258643028406 1.0000000180025095e-35 3.5000000000000004 1.0000000180025095e-35 202051.50000000003 423.1017551516731 10.500000000000002 -1.0000000180025095e-35 -1.0000000180025095e-35 24.37756106047647 1.0000000180025095e-35 1.0000000180025095e-35 -38.499999999999993 28168.660406092054 2575.2579420935149 -1085.2486731330057 630.73183858250513 -2.4999999999999996 1560102.2772597692 184584.30439872961 -102176.85508710012 -1635.4193434705294 -835.12229201051343 60.500000000000007 -6698.3982945428497 359670.1788336676 -1353.9999999999998 201905.50000000003 526.50000000000011 -102176.85508710012 inf 1.0000000180025095e-35 1.5000000000000002 -1.0000000180025095e-35 2059.0191978513744 5.5000000000000009 486.33826952411511 -1986.4649795285638 -490.33498873642105 -394.49999999999994 -9.1715915023200107 -51.878123134583511 114102.40966625883 1.0000000180025095e-35 -1.0000000180025095e-35 1353.5000000000002 4.5000000000000009 950.28425893182782 7.5000000000000009 36.500000000000007 4.5000000000000009 401.27894944712506 859.42761080194521 -3906.2382147747289 14.500000000000002 -6663.7197524214325 -1085.2486731330057 1.0000000180025095e-35 -6585.3797730920542
decision_type=2 2 10 2 8 2 10 10 2 10 10 8 10 8 8 10 8 2 10 10 10 10 10 8 10 10 10 10 10 2 10 2 10 8 8 2 10 8 10 8 10 8 8 8 8 8 10 10 10 8 10 10 10 10 8 10 10 10 10 10 10 10 10
left_child=2 37 3 4 21 8 15 -8 59 10 57 12 -12 -13 -15 16 -6 20 35 -20 22 -1 47 24 25 26 -3 31 -29 -26 -31 32 -27 34 -5 40 -9 -2 -37 -14 41 -19 -43 -16 -38 46 -46 -18 -49 -50 -47 -52 53 -39 -55 -44 -57 -10 -59 -4 61 62 -60
right_child=1 23 5 33 6 -7 7 36 9 -11 11 13 39 14 43 -17 17 18 19 -21 -22 -23 -24 -25 29 27 -28 28 -30 30 -32 -33 -34 -35 -36 38 44 52 -40 -41 -42 42 55 -45 45 50 -48 48 49 -51 51 -53 -54 54 -56 56 -58 58 60 -61 -62 -63 -64
leaf_value=0.05354937862323491 0.012799665003026608 -0.030187392919285846 0.010382444326724707 -0.0039859812850470758 0.013313256707281637 -0.018648509860742062 -0.0071864933400449249 -0.023695161326123374 -0.018543063625511613 -0.028138873377598576 0.0021485610857386313 -0.012907412396472417 0.14749163235491072 0.15029868108016736 0.0013937479271461403 -0.01494803109730199 0.0053588025911446837 -0.028968686070850427 0.032313284579677901 -0.0072538233086210952 -0.011965918186568782 0.015060463206976273 -0.020616533385387225 -0.020043606290204533 -0.013521713091390657 0.22420574274625474 0.20833305598720867 0.25185909927026245 -0.030108696155520576 0.30526531055885398 -0.030131036888617766 -0.025489489367229508 0.0063890268174745697 -0.010086055898830347 0.19367365593901947 -0.0090378609127613405 -0.012458976261075805 -0.0015158819411110267 0.089676028071287883 0.049566073152207395 -0.0067783775567783963 0.051086815173761027 0.005842973229226789 0.098279638644317782 0.13090643866484744 -0.016583636699518116 0.012293010929600921 0.038550710275157107 -0.0041380488794363441 0.016123938837077204 0.052883688678139008 -0.0081352932686382905 -0.013738137353131608 -0.030392446542437716 0.12985211628574275 0.09911672807784451 -0.013182903072727724 0.068513282819103322 -0.03059943891784998 -0.01267478160303437 -0.0018051432348107344 -0.0017578074719602622 0.082826899348476854
leaf_weight=11.307362909079528 46.161359857302159 0.67630995123181481 24.424339254037477 4.2796306547243148 202.29808965011034 104.45035102625843 252.10161037708167 6.1359311132691792 19.66329052997753 15.025134833878836 2.722019943408668 11.602012403076515 3.6721388730220479 1.4734699008986387 5.51529231807217 39.416989570483565 1816.5207907613367 6.2576266741380095 32.232358651584946 19.366997100529261 50.539098548120819 67.997452333802357 19.977393836015835 408.62469841609709 139.02674242621288 0.58616513304877882 1.2522541816579167 0.85070692689623684 0.6864819397451345 0.44526861142367125 0.52112280088476737 6.4908350536134094 1.6440326595911754 134.75939744419884 1.1962397962342946 226.32555072533432 6.8340722458669916 221.76375896739773 1.2283432042459015 1.8719877566909415 54.359783275052905 8.8925794430542719 44.302557606715709 1.61202459433116 3.826978433644399 6.1630021978635403 3.7944278076756746 29.725031847250648 48.997559285955504 84.920887846266851 11.21510057768319 4.929275319678708 95.81938498315867 0.90944653551559806 1.6805091925198214 3.8269638759084037 3.0526764802634716 3.6198035101406267 1.6886790646240113 149.19076068117283 51.409384904662147 7.1451477145310491 6.0322469029342738
leaf_count=254 2684 195 2959 545 4639 26350 27817 217 1954 5644 228 1215 189 131 577 2478 72720 517 1030 1172 3427 1130 1141 172626 56113 109 225 241 222 100 199 2426 656 20694 66 24333 394 35017 199 208 2207 186 1308 147 123 125 157 612 731 1234 355 145 19365 148 216 85 307 237 206 28253 4516 625 388
internal_value=-0.000279633 -0.0112287 0.00252622 0.00375565 0.00430065 -0.00706355 0.00386931 -0.00353848 -0.00311774 0.00512027 0.00935422 0.0308431 0.0774539 0.0117719 0.0450629 0.00468101 0.00497267 0.00428413 -0.00133006 0.0174624 0.00537879 0.0205483 0.00581706 -0.0170103 -0.0088653 0.033687 0.124689 0.0165786 0.125937 -0.0125696 0.124404 -0.00269724 0.063638 -0.00816178 0.0391941 -0.00411452 0.0178997 -0.00237794 -0.008505 0.114427 0.00416331 0.0131301 0.0175153 0.023307 0.0248421 0.0333596 0.071853 0.00608374 0.0141309 0.00871056 0.0202081 0.0342531 -0.00456619 -0.000648932 0.0735833 0.0116824 0.0492864 0.00252333 0.00844983 -0.00943107 0.00516931 0.0292882 0.0580189
internal_weight=4545.04 927.139 3617.9 3206.78 3066.55 411.118 2987.24 295 306.668 133.053 118.027 28.4689 8.26615 20.2028 8.60079 2692.24 2652.82 2450.53 399.845 51.5994 2050.68 79.3048 2000.14 560.805 152.18 12.1868 1.92856 10.2582 1.53719 139.993 0.966391 8.72103 2.2302 140.235 5.47587 348.246 42.8988 366.334 227.554 5.54413 120.692 66.3324 60.0748 7.12732 36.7629 29.9288 7.62141 1980.16 163.643 133.918 22.3074 16.1444 320.173 224.354 2.58996 51.1822 6.87964 89.5586 69.8953 173.615 66.2755 14.8661 7.72093
internal_count=534717 290542 244175 170348 149043 73827 147659 29333 47477 16265 10621 2695 625 2070 855 118326 115848 111209 31344 2202 79865 1384 76438 233112 60486 4074 420 3654 463 56412 299 3191 765 21305 611 29142 1516 57430 24532 397 4610 2403 1886 724 1299 905 280 75297 2577 1965 625 500 54746 35381 364 1700 392 7926 5972 31212 5735 1219 594
is_linear=0
shrinkage=0.03


Tree=74
num_leaves=64
num_cat=0
split_feature=33 53 17 11 22 212 17 250 22 204 68 121 17 1 11 193 62 183 7 31 43 221 35 189 270 265 144 188 220 262 70 262 40 105 36 250 53 1 1 114 86 177 25 78 237 118 3 177 157 1 110 86 87 188 157 144 63 106 53 27 110 211 63
split_gain=158.589 41.9182 27.0991 26.7471 24.741 23.0311 23.0198 20.3761 20.1343 19.7743 32.76 19.7563 19.6729 23.6407 19.6221 18.8267 17.8473 17.5819 16.5165 16.2781 15.8876 19.5817 15.7756 21.6613 19.6589 40.3969 46.4726 16.5525 14.828 21.9368 14.5633 26.5898 21.8307 31.4932 17.6842 17.84 25.3963 14.5595 14.3197 13.5917 20.2355 27.636 20.5547 15.7918 22.1617 13.2884 13.2412 13.9558 17.4402 16.6382 14.7071 13.0944 16.7659 16.5115 21.012 13.0866 13.0356 14.9372 32.9726 13.0209 18.3009 12.9021 14.0725
threshold=70.500000000000014 32333.945721628075 1.0000000180025095e-35 -6862.9602080940704 28168.660406092054 1.0000000180025095e-35 965.52671810684058 -27939.161005935046 16379.165308415812 -34148.258643028406 6288.250242682122 1.0000000180025095e-35 7759.2896064684746 202101.50000000003 -5633.4249138616551 -6.4999999999999991 -578.55861352138174 -231.85040254176968 165.95470516465303 1.0000000180025095e-35 512.32743639859063 -1.4999999999999998 232542.360636322 -132328.62943404671 3309.2160916993394 1.0000000180025095e-35 -1504.9999999999998 7393.4182379914755 1.5000000000000002 -43876.581419854338 6.5000000000000009 23662.341029837069 526.50000000000011 21024.404087655534 -241.49999999999997 -8210.1563595812313 473.35069914448508 201956.50000000003 202051.50000000003 25076.258801046617 1.5000000000000002 -1111.7511508601317 16917.509677322199 1.0000000180025095e-35 -8724.3971951279436 5.5000000000000009 51.500000000000007 -490.33498873642105 11.500000000000002 202001.50000000003 1.0000000180025095e-35 177.50000000000003 121.50000000000001 -208139.19991023102 3.5000000000000004 -623.49999999999989 278.46409157342504 18.500000000000004 2592.0446376871837 1595.0640804040872 1.0000000180025095e-35 -295.1462879389623 208.89023712959104
decision_type=2 8 2 2 2 10 2 8 2 8 10 10 2 2 2 8 8 10 10 2 10 8 10 8 10 10 8 10 8 8 10 8 8 10 10 10 10 2 2 8 10 8 8 10 10 10 2 8 8 2 10 8 10 10 10 8 8 10 8 2 10 10 8
left_child=3 2 -2 11 5 12 7 -6 9 10 -4 55 -5 -14 38 16 45 37 20 -7 21 -15 23 30 28 -26 -27 -28 56 -30 31 34 33 -32 35 36 -17 -13 -3 40 -18 -42 43 44 -43 -11 47 48 -9 50 -50 53 -53 54 -41 -1 57 -25 -59 -49 -61 62 -23
right_child=1 14 8 4 6 19 -8 46 -10 15 -12 17 13 18 -16 22 39 -19 -20 -21 -22 61 -24 24 25 26 27 -29 29 -31 32 -33 -34 -35 -36 -37 -38 -39 -40 51 41 42 -44 -45 -46 -47 -48 59 49 -51 -52 52 -54 -55 -56 -57 -58 58 -60 60 -62 -63 -64
leaf_value=0.043376858689716115 0.00091893172999362783 0.015977469917833921 0.2672985331694549 0.0032018413632261414 0.032082489407447928 0.0039992696997641968 -0.01970922601465961 -0.011661645178869256 -0.022229273291875896 0.13926315619015545 -0.030269686742641674 0.013016612190896398 -0.01017449604888398 0.13565466688336639 -0.0064199291530287368 0.23416093635285853 -0.013363141886027411 -0.0052590841243150242 0.0009757679782262963 0.021241257456562086 0.10649757131976985 0.10022117112424218 -0.019376160960762414 -0.0025092678167247489 -0.030090447171925858 0.43542684720386554 0.23043879401327019 -0.030090350450524821 0.1610495079405504 0.00088500622208342427 -0.030134405751991177 0.25605727615255719 -0.014302500094759307 0.27906151336980117 0.20878551569702603 0.0052505266698321239 -0.030094219973954242 0.0026766718317516535 -0.016508561899133238 0.2270628682002207 0.26817948676790854 0.14497925168555401 0.22932296044311967 -0.010052353503839167 0.0029639507748236396 -0.011884529186365999 -0.014436718005595022 -0.00719497471867104 0.091521279849386156 -0.013091443579461671 0.029869968736698213 0.19754920788401853 0.020051779773013197 -0.018347274084501274 -0.030389495608418901 0.014647172239471049 -0.017373246345029028 0.26141145207143579 -0.030163614350351232 0.040718634601910664 -0.011719435715501783 -0.0017188610806668008 -0.0024375794368993861
leaf_weight=15.890198366716502 123.578164761886 91.220678009325638 0.60436336765997112 1680.2520224890905 15.307864547241479 98.93743215687573 82.075412997393869 11.0076026415918 208.18124958651606 0.53091521689202537 0.74152134940959513 253.48541463003494 232.77510056749452 1.2601702641695736 111.72330881538801 0.7906464501284034 3.5349962669424704 109.87352310819551 99.412170830648392 98.186135691823438 2.1871314409654579 2.7404646456707349 239.88486714696046 39.827932552900165 1.8389226834988215 0.44877043971791863 0.34529449755791553 0.60235606657806784 0.78266233124304563 46.233524499111809 0.6065171245718346 0.52388846757821639 11.231236403807998 0.57998783409129828 0.50144728471059608 6.7380201033083731 0.55854275508318096 237.29452347720508 14.099441100843249 0.58272785530425497 0.60218987858388573 2.2123523561749607 0.57509694609325368 2.9433709697332233 1.7883865924086402 37.458703560056165 71.78859985480085 119.18589505390264 5.1774433068931147 4.925126645481213 10.637377939652652 0.65401929686777416 1.7891661014873532 12.072252900339663 0.55900247290264815 139.90589239960536 236.99713882082142 0.61710354918613908 0.80360363167710613 13.216799120418727 10.954665130469948 13.486955163534731 2.1403930267551914
leaf_count=96 15601 3982 103 71180 168 1559 14271 419 81513 136 242 3889 42416 96 16613 143 930 3018 11293 2751 220 144 97289 9092 805 101 129 269 204 15582 210 152 4236 112 118 1749 220 3755 1125 171 143 232 142 1099 228 13263 4382 7414 123 234 380 130 607 3815 203 1967 90904 123 230 531 570 1610 285
internal_value=-0.000275118 -0.00960015 -0.0122219 0.00309814 0.00164153 0.00279645 -0.00584394 -0.00150376 -0.0140998 -0.0115221 0.103352 0.00805783 0.00184768 -0.00457975 0.00233805 -0.0117581 0.00352613 0.00558866 0.00616304 0.0125874 0.0298016 0.0212554 -0.01345 -0.00938869 -0.0112993 0.0622861 0.183935 0.0648384 -0.0120312 0.00355121 0.0197623 0.0485647 -0.0013738 0.121007 0.0359081 0.0251889 0.124764 0.0080172 0.0116285 0.0220224 0.0465493 0.0726274 0.0569662 0.042692 0.0814964 -0.0097722 -0.00358617 0.000862275 0.0188594 0.0350583 0.0500533 0.00376263 0.0675663 -0.00803428 0.101012 0.0175774 -0.0146643 0.000900379 0.096486 -0.00312333 0.0169534 0.0134068 0.0552024
internal_weight=4537.47 1205.36 988.321 3332.1 2575.65 2231.38 344.277 262.201 864.743 656.562 1.34588 756.45 2034.25 354.002 217.043 655.216 65.3032 600.653 121.227 197.124 21.8151 19.628 589.912 350.028 328.497 3.23534 1.39642 0.947651 325.262 47.0162 21.5303 9.11255 12.4177 1.1865 8.58866 8.08721 1.34919 490.78 105.32 27.3136 11.6564 8.1214 7.51921 6.94411 4.00074 37.9896 246.894 175.105 31.7476 20.7399 15.8148 15.6572 2.44319 13.214 1.14173 155.796 278.246 41.2486 1.42071 143.357 24.1715 18.3678 4.88086
internal_count=534717 361946 340226 172771 160046 131554 28492 14221 324625 243112 345 12725 127244 56064 21720 242767 21099 10662 13648 4310 2355 2135 221668 124379 117439 1304 499 398 116135 15786 6940 2382 4558 322 2230 2112 363 7644 5107 7700 2774 1844 1701 1559 460 13399 14053 9671 1156 737 503 4926 737 4189 374 2063 100349 9445 353 8515 1101 2039 429
is_linear=0
shrinkage=0.03


Tree=75
num_leaves=64
num_cat=0
split_feature=33 12 10 10 226 193 221 225 172 2 29 183 204 254 54 4 156 148 177 172 147 83 209 148 148 29 211 251 241 148 116 111 256 116 225 90 160 106 30 90 153 148 175 91 239 4 145 203 39 143 148 105 59 4 209 210 247 244 143 16 51 130 61
split_gain=150.529 51.0082 29.408 27.0495 26.7671 23.0056 21.2982 25.1957 40.4485 15.1966 19.2811 14.7141 18.3233 16.2899 15.1197 15.1536 15.1847 20.6907 14.522 14.3859 18.4857 14.2156 15.293 21.8466 14.1074 13.9962 14.2344 13.7168 18.9508 15.794 18.1292 14.7944 15.1506 13.0304 13.0013 12.7108 18.61 25.5547 12.5617 12.5414 13.4912 13.0935 12.3755 11.9133 16.5405 11.7808 16.248 12.631 12.4322 11.7511 13.5616 21.3702 37.6538 14.8099 11.6165 17.6962 11.575 13.1697 21.1408 24.393 16.1465 12.6406 11.7519
threshold=70.500000000000014 10524.572870162066 6.5000000000000009 7.5000000000000009 -6.4999999999999991 1.5000000000000002 1.5000000000000002 28.500000000000004 1304.2651591105935 1.0000000180025095e-35 12098.699560571464 -231.85040254176968 -34148.258643028406 768.31019850691996 3.5000000000000004 113.50000000000001 169255.04497209183 3343.5000000000005 -184.65148091494299 -1.0000000180025095e-35 5.5000000000000009 136502.08406005419 61437.399313061593 389.50000000000006 1332.5000000000002 45846.78982229859 -6654.06901662783 -5115.2801913526519 59.500000000000007 3154.5000000000005 785.58061329281725 41.500000000000007 -4737.0399606431884 1.0000000180025095e-35 3.5000000000000004 -1094.4999999999998 9.5000000000000018 5.5000000000000009 3.5000000000000004 -272.49999999999994 49570.42103423956 2410.5000000000005 26.120125281765159 139316.989543698 5.5000000000000009 70.500000000000014 -161.08419374688745 1.0000000180025095e-35 10.500000000000002 71539.848603338221 1830.5000000000002 18607.992863074865 734.37197497848013 98.500000000000014 138347.44402902038 -122.22383568185795 3667.6048320561454 -1.4999999999999998 105427.36521460405 7.5000000000000009 1.0000000180025095e-35 111848.09487566358 1225.0593618203952
decision_type=2 2 2 2 10 10 10 10 10 2 2 8 8 8 2 2 10 8 8 10 10 10 10 8 8 2 8 10 8 10 8 10 10 10 8 10 8 10 2 10 8 8 8 10 8 2 8 10 10 8 10 10 8 2 10 10 8 8 10 2 8 10 8
left_child=2 4 21 6 25 9 43 24 35 11 -11 13 -13 39 -15 18 -17 -18 -16 -14 49 22 27 -24 33 26 34 28 29 30 -1 -31 -33 -8 -2 -9 37 -37 -35 40 -4 -41 -25 -3 -45 46 -30 48 -48 -21 -51 53 -53 -52 -6 -56 -28 58 59 -58 62 -60 -59
right_child=1 3 5 -5 54 -7 7 8 -10 10 -12 12 19 14 15 16 17 -19 -20 20 -22 -23 23 42 -26 -27 56 -29 45 31 -32 32 -34 38 -36 36 -38 -39 -40 41 -42 -43 -44 44 -46 -47 47 -49 -50 50 51 52 -54 -55 55 -57 57 60 61 -61 -62 -63 -64
leaf_value=0.0085560989160760655 0.017393828571966266 -0.012087013378600452 0.038545548138896366 -0.020691477377299212 -0.0092995208638539783 -0.013070328488567005 0.0092761227593272377 -0.01897536219550303 0.21519774838008321 -0.00031724994084082633 -0.015065442115208608 0.061041914466566066 -0.0040961356892741038 0.0020689484470668164 0.057744743046403722 0.02602698112806778 0.12348949818142835 0.035932037089794609 0.0018276576772284228 -0.0098095262802703267 -0.014566046340528518 -0.019270574945839367 0.16886656258001775 0.074881082778806729 -0.01509024792733237 -0.010812731151570804 -0.0013962544625445729 -0.00041265506817346074 -0.038166890717424233 0.083225709359861066 0.061004187174461232 0.01188127525273233 0.072141949001671618 0.15659546399813004 0.086656312571964461 0.016104993868779456 -0.030167180256589869 0.28048812755791669 0.026572098503692628 0.063153983695972998 0.0024108923944782595 -0.0058295796808419216 -0.024121770528989183 0.0082812676869561362 0.13935616471957007 0.0031246804314734675 0.010307518989893136 -0.020418157602959529 -0.012907480289340727 0.008647357977269678 0.060795649119067791 0.23540901708887055 0.019608926263723618 0.011900580697274534 0.18724723655111483 -0.030200700265328975 0.029488840258621293 -0.0030083379295773572 -0.025567188572289221 0.13901622447555187 0.0023823082678244849 0.04019144942871225 0.057300142927885718
leaf_weight=76.536283282679506 6.8945549905765802 299.64415092079435 9.6887895262334478 344.53614244936034 263.56424962135497 113.80584330810234 7.3708786126226205 2.4397930370178069 1.340627545956522 505.40863404388074 94.734511726535857 4.4375333786010742 304.95885926613118 22.031041009351611 5.5713700982742012 10.065872882725673 4.7372398257721189 4.9851719357538977 16.738405197858814 20.096560721518472 29.959494366194122 20.520707063493319 1.1950362529605616 2.2428409543354064 16.639828503713943 42.237047062488273 91.939956273185089 280.41563836357091 6.6231011648196727 5.5093883010558811 6.429752415046095 14.436419271165509 5.074949694797394 1.23859385389369 3.7743984680855647 0.64377246715594061 0.82969489635433991 0.673031160607934 1.4534547209041191 6.5979292225092623 231.23829420702532 3.9641115919221201 2.3033263449324295 5.5691274957498527 1.0261116727488113 701.83824877347797 670.78250071033835 12.859543084166942 21.424341761274263 85.550313475425355 7.3341233117971596 1.2260305201634754 1.7902990954462441 23.247782417107373 0.6767146463971585 0.67063752142712363 4.4172119407448944 4.2467313485685736 4.99081868608482 3.1245510111330077 69.01958876370918 5.5638663130812347 9.224738890421575
leaf_count=2537 288 109929 309 151632 60624 18561 1660 625 223 41606 12339 107 20504 782 147 218 122 189 374 1419 2044 1185 156 254 5083 6681 13505 11811 160 127 139 393 204 128 169 161 284 137 185 227 6174 137 312 837 61 22973 18813 562 745 4931 352 68 248 1542 88 170 104 182 193 243 8248 157 349
internal_value=-0.000271071 -0.00941339 0.00300005 -0.0147723 -0.00223724 -0.000100959 -0.00875416 0.0142868 0.0702422 0.000957583 -0.0026453 0.00368006 0.000364076 0.0087084 0.0222052 0.0327431 0.0518545 0.0785944 0.0157917 -0.000203787 0.00681142 0.00555824 0.00584009 0.0547251 0.00186698 0.00490071 0.00816696 0.00568434 0.00680802 0.0189214 0.0126208 0.0398134 0.0275552 0.0299071 0.0418971 0.0278699 0.0811161 0.151234 0.086395 0.00526674 0.00386403 0.0372633 0.0247211 -0.0112092 0.0286744 0.00588261 0.00860237 0.0090417 0.009589 0.0114109 0.0149901 0.0311406 0.107324 0.0236265 -0.00885036 0.0790137 0.00629779 0.0133304 0.0365066 0.074866 0.0082461 0.00909725 0.0382886
internal_weight=4530.11 1193.75 3336.36 683.405 510.345 1508.17 338.869 32.6297 5.92692 1394.36 600.143 794.219 478.601 315.618 64.1291 42.0981 19.7883 9.72241 22.3098 474.163 169.205 1828.19 1807.67 5.7412 26.7028 245.433 203.196 1801.93 1521.51 107.987 82.966 25.0208 19.5114 10.0629 10.669 4.58629 2.1465 1.3168 2.69205 251.489 240.927 10.562 4.54617 306.239 6.59524 1413.53 711.689 705.066 692.207 139.245 119.149 33.5982 3.01633 30.5819 264.912 1.34735 192.527 100.588 18.0964 7.54176 82.4911 10.5547 13.4715
internal_count=534717 361946 172771 270945 91001 112400 119313 8486 1430 93839 53945 39894 31215 8679 1832 1050 529 311 521 31108 10604 60371 59186 722 7056 30119 23438 58464 46653 3400 2676 724 597 1973 457 1207 582 298 313 6847 6483 364 566 110827 898 43253 20280 20120 19558 8560 7141 2210 316 1894 60882 258 22981 9476 697 347 8779 350 531
is_linear=0
shrinkage=0.03


Tree=76
num_leaves=64
num_cat=0
split_feature=55 20 53 56 17 269 11 17 14 181 189 226 42 182 271 81 149 110 247 217 50 141 44 22 78 262 172 59 35 87 154 116 255 11 224 26 104 22 227 255 172 254 5 12 214 5 29 227 182 29 45 133 58 17 171 49 129 115 29 137 53 237 84
split_gain=141.998 64.0662 56.631 30.3342 33.6969 33.0457 28.2808 27.7812 23.5802 22.8402 21.7075 21.0882 24.7622 19.6359 19.0894 18.5346 19.1461 17.9122 17.3224 16.4745 16.3664 16.3088 15.9382 15.249 17.3489 25.0275 15.2002 15.0624 28.315 29.2707 31.3251 64.4158 15.6992 14.8938 18.6031 14.7398 14.1805 13.8515 13.3183 19.4012 13.189 16.6249 24.0905 14.6684 13.033 22.0771 28.9993 12.9739 14.0866 12.475 12.3761 12.5636 14.2925 13.1654 12.2402 12.056 12.3775 17.0786 15.5555 11.9921 13.7415 12.3089 11.9089
threshold=409.25375248207388 787.26237430892422 19036.834368759621 1.0000000180025095e-35 20152.601714816989 -1.9999999999999998 -2731.8544827623791 1.0000000180025095e-35 1379.0064308879853 -1.0000000180025095e-35 -286632.53730143706 -4.4999999999999991 1.0000000180025095e-35 -300.27472735350597 3357.2990441036377 3145.9535129177402 9621.3356317662492 1.0000000180025095e-35 8072.8597621950021 -2.4999999999999996 1532.5000000000002 30.500000000000004 1.0000000180025095e-35 11048.616865327827 83864.525504872159 -125.50523958749123 -620.78983657634933 1526.4959462037132 327800.84927165712 201.50000000000003 -667.49999999999989 32.947959846068009 -19101.169944976678 -6862.9602080940704 -78.499999999999986 1.5000000000000002 3973.5000000000005 34526.221657036804 11.500000000000002 -213.07491750417793 735.34289596636484 -4325.0988103728096 901.66435888381113 79735.48207696584 -49.766971496083322 2846.3203965687767 1.0000000180025095e-35 -38.499999999999993 -57.386624231271973 58762.51863460827 377989.2666024834 2236.53397955125 55.500000000000007 20152.601714816989 407.35577885583399 12.500000000000002 1.0000000180025095e-35 1597.5595699501803 3004.6389925974618 13294.900962407353 3627.4849337965638 -16051.423303129866 4.5000000000000009
decision_type=2 2 8 10 2 8 2 2 2 8 8 8 10 10 10 10 8 8 10 10 8 8 10 2 10 8 10 8 8 8 10 8 8 2 10 2 8 2 8 8 10 8 8 2 8 10 2 8 10 2 8 10 10 2 10 10 10 10 2 10 8 10 8
left_child=1 3 7 9 5 35 17 -2 15 26 20 12 19 -14 -9 18 -17 -4 -3 47 -7 -8 37 24 55 -26 -1 -16 29 30 32 -32 -29 34 -25 -5 -37 40 -21 -40 43 42 -42 -13 45 -44 -47 48 -11 -19 51 -20 -53 -54 59 56 -12 -58 -59 -49 61 -61 -22
right_child=2 8 6 4 -6 10 21 14 -10 11 23 22 13 -15 27 16 -18 49 50 38 62 -23 -24 33 25 -27 -28 28 -30 -31 31 -33 -34 -35 -36 36 -38 -39 39 -41 41 -43 44 -45 -46 46 -48 54 -50 -51 -52 52 53 -55 -56 -57 57 58 -60 60 -62 -63 -64
leaf_value=0.0078476656039168369 -0.003510941132499743 -0.0049705308756605249 -0.022149095726111342 -0.010162831311789218 -0.013048377766758466 -0.0013650329141272331 0.061446607469456432 -0.022175236229529337 -0.014429440154259461 0.018996106149748029 0.0047305995138845307 0.0026389585122300399 0.10819745649826758 0.019906840367710267 -0.030090836137384121 0.13510857912369423 -0.010706060735649343 0.02467561780046847 0.014489595010476437 0.0049257682538428361 0.034592020978430706 -0.01553815125091927 0.025805419895117601 0.034474064574707218 0.093290730610117861 0.0066511670203257996 0.023558160285048549 0.1392213584187787 -0.0038510769212073341 0.33987726984492617 -0.030154549300108819 0.50894791547754137 -0.030109853533938889 -0.0085670010418126899 2.847636773765166e-05 -0.0085632800419960433 0.076162124595207992 -0.0061961190196486082 0.17481701596372698 -0.0045775149030588521 0.12152302059013038 0.0072261394752369526 0.0070714897567384664 -0.020696850632471845 0.0052296194717544962 0.22713022038799516 0.02053283485513584 0.014470729844272424 0.082791344114335766 -0.0070761582472515933 -0.0024820301990450219 0.13082112592961501 0.095681139616240377 -0.016219589689564374 -0.03223668417249035 -0.0096786384377807438 0.010292040850141218 0.074776943859338668 0.0062266042133727918 0.10860844492676003 -0.012974345039082078 0.031905911741363743 0.10253566768182548
leaf_weight=123.88712159369607 102.2178818504326 237.44567770930007 10.736126481438985 213.34004747285508 156.76739381882362 11.580751433735712 2.5852889204397789 409.61216963001061 252.02824847854208 6.3010711714159697 576.22610883193556 950.96682441688608 4.2537042408948764 4.8541527572087926 5.2369604383129609 1.7966646954882879 1.476420817896724 64.41134525439702 7.4746478861197847 176.40276523202192 19.909789414727133 58.907316119875759 27.849711811169982 17.448111207224429 4.9177813892019913 7.6977795336861146 100.29766998009291 0.6808518209727481 6.8474781793775046 0.40533112653065462 0.40882667026016584 0.38954639504663646 1.7838263697922241 160.33449517877307 73.782245879760012 3.5607111405115566 3.5509132358711213 136.71976770204492 1.0217601044569162 1.1568903655279421 2.5504458997165784 328.69301766739227 3.0408679435495287 24.876859482028522 11.949009134667 1.2754536834545436 1.1746088126674292 48.625929114292376 6.1609116771724075 13.464455439359879 10.734603436896576 2.3355632058810443 1.7894878117367627 2.0081575447693467 4.2336964028654611 47.363892561988905 40.92288451443892 8.2084008600795624 4.6766353859566143 3.7841517366468906 2.3263027678476655 3.7478729870635989 2.6282361072953782
leaf_count=2108 22924 25777 1302 10234 39543 566 255 207934 65284 119 29711 38349 169 496 2348 151 190 4220 346 10549 1265 13652 185 323 174 318 1786 76 3308 140 137 134 708 12139 1799 198 97 10604 141 171 210 8886 169 4928 916 90 201 1368 196 1233 690 91 73 234 296 3316 783 218 151 208 219 225 86
internal_value=-0.000266285 0.00196477 -0.0129284 0.00349073 2.97396e-05 0.00174376 0.00333011 -0.0175542 -0.00785951 0.00586021 0.00411396 0.00470648 0.0125402 0.0611418 -0.0209289 -0.00161262 0.0693346 0.0141777 -0.00249966 0.0107959 0.0276211 -0.0123015 0.0033236 0.00326216 0.00556737 0.0404249 0.0148764 0.0114784 0.0321801 0.0994368 0.0695696 0.232887 0.0166668 -0.00306075 0.00661631 -0.00874652 0.0337411 0.00289512 0.00583624 0.0795563 0.00383353 0.00884161 0.0354041 0.00204407 0.02281 0.0610672 0.128083 0.0225769 0.050535 0.0191858 0.0216022 0.0406011 0.0724237 0.0365091 0.0170216 0.0049182 0.00601554 0.0197759 0.0498965 0.0205874 0.0507579 0.0704419 0.0425152
internal_weight=4523.84 3846.16 677.687 3329.07 1352.92 1196.15 150.105 527.583 517.089 1976.15 975.697 1751.97 262.869 9.10786 425.365 265.061 3.27309 88.6119 261.788 253.761 34.1188 61.4926 1489.1 941.578 690.013 12.6156 224.185 15.7528 10.5159 3.66838 3.26305 0.798373 2.46468 251.565 91.2304 220.452 7.11162 1461.25 178.581 2.17865 1324.53 348.683 19.9904 975.844 17.4399 5.49093 2.45006 75.1799 12.462 77.8758 24.3425 13.6079 6.13321 3.79765 62.718 677.398 630.034 53.8079 12.885 58.4843 9.85833 7.53202 22.538
internal_count=534717 276346 258371 183510 100921 61378 20662 237709 92836 82589 50849 78695 14157 665 214785 27552 341 6755 27211 13492 1917 13907 64538 48932 34671 492 3894 6851 4503 1195 1055 271 784 14261 2122 10529 295 64353 10861 312 53749 10472 1586 43277 1376 460 291 2631 315 5453 1434 744 398 307 2316 34179 30863 1152 369 2020 652 433 1351
is_linear=0
shrinkage=0.03


Tree=77
num_leaves=64
num_cat=0
split_feature=33 12 10 10 195 193 221 9 220 97 208 55 40 189 68 36 95 92 149 26 145 151 68 185 221 155 137 38 0 103 0 55 87 156 174 120 35 86 210 49 175 93 133 103 10 267 263 116 141 26 63 93 8 114 49 141 92 250 177 4 158 250 24
split_gain=137.148 47.9741 26.7917 26.6445 24.4707 21.5028 20.0047 25.9204 18.7745 18.4772 17.0248 16.0702 14.3565 14.7098 14.8678 14.2469 13.9268 20.1413 16.5495 13.879 13.9942 19.2073 16.6621 18.088 23.5136 16.9109 15.3204 14.7929 14.0292 22.3653 13.7309 13.6753 13.6745 13.4123 13.021 19.7495 30.0066 12.7381 12.3527 17.1529 14.2874 15.0938 13.6095 23.4358 24.3796 12.1208 24.0108 13.7141 13.6216 14.3763 12.5524 12.348 11.8594 19.7054 15.3462 21.1423 28.0752 45.771 24.4895 14.2133 22.2164 11.5665 11.4159
threshold=70.500000000000014 10524.572870162066 6.5000000000000009 7.5000000000000009 -18927.793698511534 1.5000000000000002 1.5000000000000002 401.27894944712506 9.5000000000000018 1.0000000180025095e-35 137269.58819705551 733.30220192056618 247.50000000000003 -562.54213333765733 80866.51025119891 1.0000000180025095e-35 38078.17151020631 129190.20035351222 30488.266041377356 1.5000000000000002 854.75263658961114 149.31654988766854 -11585.032518984313 -2161.8644196580785 -5.4999999999999991 948.11500664573521 10192.512827569102 195978.05343208084 26024990.500000004 4.5000000000000009 54259455.500000007 8512.8502723100701 45.500000000000007 94460.960419336814 2577.1350577442408 16236.978283988949 265867.90880159783 22.500000000000004 -1.0000000180025095e-35 24.500000000000004 771.21407934632055 2.5000000000000004 12699.726353908316 6.5000000000000009 7.5000000000000009 -8275.4988436481362 -2842.0029895378998 -264.25880472291595 103.50000000000001 1.5000000000000002 686.16085023518656 7.5000000000000009 1.0000000180025095e-35 -1.0000000180025095e-35 8.5000000000000018 144.50000000000003 206040.31893281554 -5062.356947332074 -2129.1863763910433 32.500000000000007 605.50000000000011 -27939.161005935046 33102.286275629267
decision_type=2 2 2 2 10 10 10 8 10 8 10 2 8 10 10 10 10 10 10 2 8 10 10 10 10 10 10 10 2 10 2 2 8 10 10 10 10 8 10 10 8 10 10 10 2 8 10 8 10 2 10 10 8 8 10 8 8 8 10 2 10 8 2
left_child=2 4 19 6 -2 12 8 9 11 37 30 52 -4 38 -15 31 32 18 -18 20 21 22 25 24 -24 -1 -22 -26 -29 -30 -9 34 -13 -25 62 61 -37 -8 39 42 41 -41 -14 -44 -45 46 -40 -47 49 50 -49 -52 -3 -54 59 56 57 -56 -59 60 -55 -36 -6
right_child=1 3 5 -5 15 -7 7 10 -10 -11 -12 16 13 14 -16 -17 17 -19 -20 -21 26 -23 23 33 27 -27 -28 28 29 -31 -32 -33 -34 -35 35 36 -38 -39 45 40 -42 -43 43 44 -46 47 -48 48 -50 -51 51 -53 53 54 55 -57 -58 58 -60 -61 -62 -63 -64
leaf_value=0.034806407266846945 0.0083394133004487409 -0.0093745527795569255 -0.010444671680292953 -0.020374459843447611 -0.0044799957746914755 -0.012780257878405837 0.26332076138045774 -0.0088951573622913799 0.14845980126043101 0.031073632207863907 0.11537977229930377 0.19465237465943655 0.0062186473872694881 -0.00062078060229433878 -0.018545849993296663 0.12065108195641414 0.021336595664251935 -0.0027092069077121069 0.24299721447546249 0.021680003943427416 0.0040208754114334552 0.077285182785428355 0.10689405589975715 -0.0044396692517214851 0.0094962853567802843 0.0036065489686224303 -0.0073603042142670458 0.0069395293391408255 0.030703919293809764 0.11304062846362509 0.048930770660762679 0.084528691599355235 -0.02026716071949379 0.0068341866044128253 0.091525912680466365 0.22147917671087156 -0.0037199476117026737 0.087072823962563439 -0.016405980518754817 0.13638174260868274 -0.00098328429370435648 0.028517980971587243 0.011567355970851772 0.17060689040370861 0.031286557729421564 -0.01326552442902329 0.11307986001838725 -0.0016177562324553355 0.041585918575132129 0.040909423041161144 0.02140639545844918 -0.015155586457739843 0.15734716321647563 0.0026412900303464213 0.37070063212441029 -0.020291330110414698 0.0030567591243104279 0.21887675807189858 -0.030418806075539456 -0.0085451058243152869 0.15354297747186502 -0.012610920669917643 -0.016508798662992982
leaf_weight=39.116364112356678 143.80498185462784 109.35230483545456 93.88444596529007 333.42980925750453 253.08398661646061 111.94741639378481 0.71222528722137224 23.829092015745125 0.66464726650155981 1.9317862577736375 1.2015290164854366 0.26693649985827406 321.2638866272755 478.72630598139949 45.613538155914284 0.79408512497320671 0.58018950931727775 3.9048552331514657 0.63484646426513791 45.228223103564233 1009.3516524895094 3.6139944305177769 2.538656110642477 132.17672498559114 98.023014482343569 26.046199983917177 118.99821233574767 9.2292417963035422 10.393977079540489 4.156473683891817 4.3740931128850198 1.477339977165683 143.65566227794625 337.41813995491248 1.1446749167516825 1.060158435138874 1.0699148229323325 0.76597147074062388 2.6465438458835706 2.4739020775305098 2.7183688157238066 2.2111929184757173 11.480818458017895 1.9956214937847097 2.6073581039672717 57.291736935148947 2.5123794325627387 300.918888894259 7.8575918751303098 8.2083947928622347 42.438061225926504 10.338708240655249 0.79652454296592623 2.7016469219233832 0.67269094462972134 2.3909626078093424 1.7215626734541727 0.60115680028684482 0.86485565092880212 29.623369463253766 1.3008678248152135 5.9474677516845968 98.700675712549128
leaf_count=368 18726 28693 7997 151632 40372 18561 119 7058 130 331 214 89 21708 30655 8403 144 207 1314 71 823 28671 108 99 4043 6161 335 5890 431 566 225 619 193 72227 12651 154 91 206 145 163 138 129 159 1292 181 279 5381 100 10617 141 262 4919 1315 107 413 135 612 427 133 181 5905 183 874 30241
internal_value=-0.000262185 -0.00908792 0.00283437 -0.0143818 -0.0021352 -0.000129914 -0.00837324 0.0138646 -0.0108078 0.0921608 0.00478482 -0.0111618 0.000885128 0.00170253 -0.00218012 -0.00628161 -0.0181389 0.0304823 0.137152 0.00526731 0.00485286 0.00831304 0.00793485 0.00635491 0.0165291 0.0223355 0.00282059 0.0146457 0.0358723 0.0542242 7.31912e-05 -0.00655968 -0.0198685 0.00366094 -0.00693244 0.0282565 0.108364 0.171993 0.00432277 0.00855821 0.053729 0.085474 0.00756689 0.0344971 0.0916889 0.000944408 0.0466532 0.000392233 0.0025084 0.00165995 0.000749071 0.0142441 -0.00423042 0.00959973 0.00664855 0.0498118 0.0932321 0.165819 0.071808 -0.00137572 0.0516862 0.00419681 -0.00785493
internal_weight=4516.49 1173.06 3343.43 665.978 507.083 1507.14 332.548 32.8147 299.733 3.40998 29.4047 299.068 1395.19 1301.3 524.34 363.278 149.042 5.11989 1.21504 1836.29 1791.06 662.713 659.099 593.936 124.341 65.1626 1128.35 121.803 23.7797 14.5505 28.2032 362.484 143.923 469.595 361.007 9.22222 2.13007 1.4782 776.963 344.751 7.40346 4.68509 337.348 16.0838 4.60298 432.212 5.15892 427.053 369.762 361.904 353.696 52.7768 150.026 40.6736 39.8771 6.25123 3.86027 2.1387 1.46601 33.6259 4.00251 7.09214 351.785
internal_count=534717 361946 172771 270945 91001 112400 119313 8486 110827 595 7891 110697 93839 85842 39058 72275 73908 1592 278 60371 59548 24987 24879 24176 7482 703 34561 7383 1222 791 7677 72131 72316 16694 71938 1325 297 264 46784 23886 426 297 23460 1752 460 22898 263 22635 17254 17113 16851 6234 36789 8096 7989 1488 876 449 314 6501 596 1028 70613
is_linear=0
shrinkage=0.03


Tree=78
num_leaves=64
num_cat=0
split_feature=23 9 53 20 10 189 56 1 78 221 32 94 1 226 120 225 14 0 83 5 209 237 214 5 146 50 14 90 8 258 158 210 251 27 6 30 208 211 46 189 32 53 122 25 57 141 47 114 27 5 14 0 221 27 136 60 161 171 112 50 149 141 66
split_gain=128.316 62.4307 48.6346 34.6317 29.0348 28.9592 24.922 24.2764 20.6132 19.3263 25.5341 18.7652 18.5923 21.1311 18.5846 23.3316 17.5477 18.9512 23.0917 27.2996 17.488 24.5216 17.3605 27.9843 16.9263 18.863 24.5181 49.8592 43.7553 16.8864 17.69 25.2275 16.0392 15.4525 17.6673 16.0657 15.489 15.1229 14.8498 14.5591 15.4707 23.9119 14.4705 16.6989 23.5701 15.1545 14.239 14.3959 17.1277 14.4163 14.2134 14.4874 16.4626 14.9796 14.1213 19.1056 20.5358 23.5368 17.9817 13.8691 17.234 13.778 13.4791
threshold=1.0000000180025095e-35 1997.6954789459362 19036.834368759621 787.26237430892422 6.5000000000000009 -82077.19114771641 1.0000000180025095e-35 202051.50000000003 127323.6618886747 1.0000000180025095e-35 1.0000000180025095e-35 2018.5000000000002 201911.50000000003 1.0000000180025095e-35 49126.109410528989 -25.499999999999996 -1.0000000180025095e-35 15916930.500000002 1730.2157477588132 2085.8457968840107 138347.44402902038 -9472.6812622628331 -94.607693575035071 -1080.7022017230527 232417.62080344799 4907.5000000000009 5987.3911586761069 -941.49999999999989 -575.81424575055746 1.5000000000000002 5736.5000000000009 -122.22383568185795 -6612.7806430290793 1189.1115424230209 24605.444748452206 29.500000000000004 137269.58819705551 -1760.0435623743749 -2006.4999999999998 1.0000000180025095e-35 94.500000000000014 2323.2428798812057 136846.00501414758 5267.6080360975966 72.500000000000014 153.50000000000003 3778.8848054570176 11960.651828539934 360.2366119925681 9263.8253048139286 20078.288627705155 27972480.500000004 -11.499999999999998 3151.7075346814568 7.5000000000000009 22793.493917565229 101.44495028288851 -80.884048501885999 84.500000000000014 1181.5000000000002 80268.534914304284 85.500000000000014 37388.688410977535
decision_type=2 10 8 2 2 8 10 2 10 10 10 8 2 10 8 10 2 2 8 10 10 8 8 10 8 10 2 8 10 8 10 8 10 2 8 2 10 8 8 10 10 8 10 8 8 8 10 8 2 10 2 2 8 2 8 10 10 8 10 10 10 10 8
left_child=1 3 4 5 20 24 9 11 59 32 -11 -4 13 37 -10 -16 17 18 -14 -20 22 -22 23 -2 25 -1 -27 28 -28 -26 -31 -32 42 35 62 36 -6 38 -8 40 -39 -42 -7 -44 45 -45 47 48 -15 -49 51 52 -5 61 -12 56 -56 58 -58 60 -3 -54 -35
right_child=2 8 7 50 33 6 12 -9 14 10 54 -13 16 46 15 -17 -18 -19 19 -21 21 -23 -24 -25 29 26 27 -29 -30 30 31 -33 -34 34 -36 -37 -38 39 -40 -41 41 -43 43 44 -46 -47 -48 49 -50 -51 -52 -53 53 -55 55 -57 57 -59 -60 -61 -62 -63 -64
leaf_value=0.024580525257957314 0.24154630885346109 -0.0037272620865321233 0.022719283523992113 0.094264553709407117 -0.022510621052333604 0.0069773154351935197 0.088790928896729557 -0.01913483682715382 -0.018708181533699953 0.00013407401075988103 0.022126443570620685 -0.0010607152422577011 0.010897728096895591 0.0040457756961873176 0.1552505683159163 0.026668755833564029 -0.013729505518648683 -0.0028082808890011754 0.16642338392384845 0.012295471304901752 0.22350822937246642 0.015998726346639434 -0.0071610655801920579 0.0082286954720801712 -0.012706776467468416 0.01045811729432234 0.094128636642052607 0.021534189851131418 0.38183956967240179 0.013375207349345974 0.17642030677446202 0.021987016665015961 -0.0003057043033408641 0.026068181416863526 -0.030853731542792213 0.14810432432913831 0.0080141015005672604 0.0080163634216334906 0.019116468115050956 -0.0023313564527638222 0.15618998789843486 -0.011861660132655391 -0.027285273673609844 -0.030200336853211395 0.21423425174033314 0.157871675941398 -0.014677361807176534 -0.0066228132282155948 0.050771428321356477 0.063154555076922123 -0.015644286786082984 -0.007079348051476142 0.01010790871060166 0.10602092768574717 0.13778227261710005 -0.0044796758201010476 0.18081601237708933 0.010473872855428727 0.050464224858641965 -0.016446760500229512 0.10524717614170334 -0.013481002633805184 0.14261572549776516
leaf_weight=44.657551401527599 0.65787874092347953 80.914779427228495 52.328835458843969 1.8833193040918559 386.06604819139466 1317.9684627065435 2.997632201295346 35.203090980066918 4.1415372893679869 39.25676248036325 41.045599579345435 69.573011217988096 15.104130557971077 23.361997108440846 1.7754413590300826 4.4619800788350403 138.84941617492586 247.20547518320382 2.1102352542802683 2.0284842264372855 0.70761879172641784 1.8589621910359704 137.30186528514605 1.5591488783247767 22.225279439706355 2.7559339478611937 0.95802351622842252 1.9642825925257059 0.94498368352651574 45.273074441589415 1.50003144913353 2.6057130394037804 395.75183800980449 6.2823051075683889 4.9233419508673251 0.50430773291736741 15.564255372271871 304.14319384354167 33.744224340189248 166.20416408777237 1.5944764290470623 1.4595977268181739 19.703851208789278 1.9811439367476849 0.61363438540138293 0.47878925944678474 83.18228214723058 94.226533854613081 10.118376576341687 2.7423702236264935 90.625611091032624 197.96018704771996 81.541004157392308 1.3016462866216887 3.2430077183526036 3.74241725122556 1.6790349190123381 5.5261712502688152 2.2009321961086243 215.75096271280199 1.3275412737857539 30.665881518041715 1.0410936407279221
leaf_count=2321 73 9931 3814 166 188798 43383 134 6527 331 1064 1087 11096 365 842 186 388 12683 6398 127 139 177 391 47541 463 1910 106 162 206 96 2410 128 279 14500 738 1768 135 6766 14220 1515 10433 178 128 1503 507 133 161 15040 4773 247 75 23577 22164 7565 127 94 374 88 376 210 56749 252 6320 279
internal_value=-0.000257857 0.00193541 -0.01193 0.00307895 -0.0160915 0.00416049 0.0035685 0.00281004 -0.0110033 0.00572802 0.0187816 0.00914733 6.22406e-05 0.00294304 0.0305573 0.0632687 -0.00508224 -0.000576052 0.0281005 0.0908817 -0.00438884 0.0732101 -0.00581634 0.0774631 0.018431 0.0315876 0.0788333 0.127559 0.236998 0.0090086 0.0187826 0.0784091 0.00500115 -0.0201042 0.0130926 -0.0211152 -0.0213277 0.00626021 0.0248009 0.00482121 0.008691 0.075875 0.00656759 -0.0171401 0.0478979 0.00640507 -0.00497823 0.00120652 0.0181671 -0.00464944 -0.00518065 -0.00215443 0.0062945 0.00483491 0.0315267 0.0550655 0.0726827 0.050238 0.106873 -0.0124509 -0.00196822 0.00366111 0.0426366
internal_weight=4511.07 3797.5 713.572 3489.13 556.467 3085.15 2962.26 157.105 308.372 1833.19 96.6939 121.902 1129.07 723.775 10.379 6.23742 405.298 266.448 19.2429 4.13872 142.085 2.56658 139.519 2.21703 122.885 51.2808 6.62322 3.86729 1.90301 71.6041 49.3788 4.10574 1736.5 414.381 12.2467 402.135 401.63 510.143 36.7419 473.401 307.197 3.05407 1340.75 22.7774 3.07357 2.45993 213.632 130.449 33.4804 96.9689 403.978 313.352 115.392 113.509 57.4372 16.3916 12.6491 9.40614 3.87997 297.993 82.2423 112.207 7.3234
internal_count=534717 266151 268566 198314 247129 138395 130777 21437 67837 63480 3293 14910 67297 47585 905 574 19712 7029 631 266 48645 568 48077 536 7618 2891 570 464 258 4727 2817 407 60187 198484 2785 195699 195564 26608 1649 24959 14526 306 45687 2304 801 668 20977 5937 1089 4848 59919 36342 14178 14012 2229 1142 768 674 298 66932 10183 13885 1017
is_linear=0
shrinkage=0.03


Tree=79
num_leaves=64
num_cat=0
split_feature=55 9 107 16 20 185 65 207 188 271 0 264 206 56 247 45 116 87 173 13 147 181 162 178 21 153 104 9 56 153 183 266 195 115 65 158 16 184 144 38 158 82 9 144 49 193 230 29 0 111 105 128 43 155 210 14 230 170 207 211 90 63 90
split_gain=124.009 59.9588 40.4877 37.7104 34.7869 20.4899 18.8656 17.8828 17.7861 17.1887 18.3552 46.7041 17.2648 15.3026 14.9216 18.8983 22.1182 18.5627 18.516 14.7895 17.2097 15.019 16.2142 14.5707 14.2112 13.886 13.877 16.7282 13.4445 14.6045 13.0862 20.3782 18.1331 25.6216 15.8461 13.933 13.5497 15.999 23.2388 14.5465 12.9999 23.2979 21.7913 29.0247 21.558 14.5601 13.0421 12.9408 12.5916 19.3772 21.2787 27.2659 50.5104 14.6076 13.497 17.9622 13.1229 12.4815 13.2604 12.748 12.3506 18.3097 14.1757
threshold=409.25375248207388 1997.6954789459362 32381.79083585765 1.0000000180025095e-35 787.26237430892422 1.0000000180025095e-35 -8181.8801259544871 -1.0000000180025095e-35 -33216.524637268361 3357.2990441036377 45016950.000000007 -7.4999999999999991 -1.4999999999999998 1.5000000000000002 3667.6048320561454 232542.360636322 1213.6182967386023 135.50000000000003 -6488.7137232069281 1.0000000180025095e-35 5.5000000000000009 -1.0000000180025095e-35 9.5000000000000018 -75.443889291109997 1.0000000180025095e-35 802070.09473407699 804.50000000000011 259.3118754514781 1.0000000180025095e-35 215291.81091670023 -139.21375438043802 2575.2579420935149 1831.0554004980206 1357.5159845982723 -6546.9488854231158 413.50000000000006 1.5000000000000002 -909.34430046232853 -729.49999999999989 115898.29534081802 5736.5000000000009 1.0000000180025095e-35 1216.2580033249224 -1278.4999999999998 14.500000000000002 -7.4999999999999991 -28082.453359853589 151904.15156097579 20381360.000000004 66.500000000000014 3729.9475999406463 3806.3364758381717 429.79824365424003 6564.5152730004256 -3474.1982862877362 -1213.7120436053049 -11019.246764712005 -128.95574960634596 1.0000000180025095e-35 320.76347004270957 -1278.4999999999998 -1.0000000180025095e-35 -880.49999999999989
decision_type=2 10 10 2 2 10 8 8 8 10 2 8 8 10 10 8 10 10 8 2 8 10 10 10 2 8 10 8 10 10 10 10 10 10 8 8 2 10 10 10 10 10 8 8 8 10 8 2 2 10 8 10 10 10 8 2 10 10 8 8 8 8 8
left_child=1 4 3 6 5 8 26 -3 -1 -5 12 -12 -11 19 24 16 18 -18 -16 28 21 22 -21 47 48 40 27 -2 29 -10 31 35 34 -34 -33 -22 37 38 -32 -40 45 -42 44 -44 -43 -23 -47 -4 49 50 51 56 -53 -54 55 -52 -6 58 59 -13 61 -48 -62
right_child=2 7 23 9 14 -7 -8 -9 13 10 11 57 -14 -15 15 -17 17 -19 -20 20 30 25 -24 -25 -26 -27 -28 -29 -30 -31 36 32 33 -35 -36 -37 -38 -39 39 -41 41 42 43 -45 -46 46 60 -49 -50 -51 54 52 53 -55 -56 -57 -58 -59 -60 -61 62 -63 -64
leaf_value=0.016827952314192464 0.012308857202177802 0.014184894876637606 0.02343367435079324 -0.020763621172429594 0.081395668811326885 -0.00072479561076131541 -0.0065883346316363885 -0.012912160434253615 0.01110284177394355 0.17417231886289511 0.33651530874935276 0.22245236412165564 -0.017188295688353668 -0.012547712970688621 0.10906680917213168 -0.0071334374838565827 0.14680730967972608 0.018740177020107537 0.0035893886140634223 0.023545900446799387 -0.019078316430636927 0.031000880222145612 -0.0052150242565080617 -0.012465565339542354 -0.018393986582041257 -0.0080306853270666386 -0.015863125262317045 0.074595817583608323 0.0028669805430779913 0.033048519091971519 0.0060977737720488735 0.04253981521054287 0.19896494262806763 0.021651584949735958 -0.0086517022455070529 0.0032082117819882084 -0.014102997945066493 -0.0053133953123200494 0.10514755351394132 0.019871270884455224 0.090506665394664523 -0.015442307297790291 0.2085963666517498 0.026414525179869464 0.056672854065371717 0.030528640680440436 0.05258021400780017 -0.034589529398957868 -0.0070261146459578445 -0.020153131145750316 0.16962128711702851 0.23272210625991699 0.10896765851865874 -0.01564174345533479 -0.00024399327663789536 0.008011712260816501 -0.022582593899218951 -0.030130065892561165 -0.0044244895835653941 0.043813081824065417 0.014802165791849049 -0.0019388802534025117 0.0030101316325578296
leaf_weight=113.57648387993686 9.4854935563635081 23.732914718100801 43.50203513505403 408.28907480183989 1.5533706753049044 657.97504673420917 140.43995715328492 286.88793520012405 302.50932739279233 0.44056910055223852 0.48991145507898182 0.70825854653958209 11.507975843618624 45.540907893097028 1.7063962571555746 20.924247410963289 2.5095899971202007 1.7145126801915465 12.256591690471398 82.413170523475856 26.410892140353099 19.84633218345698 22.446174409706146 18.699571851291694 79.74988313857466 64.544323053094558 5.9451516803819677 6.5673648419324353 178.01757442229427 29.998205776559189 51.178066213848069 12.611719174310563 1.3044278648449101 1.6755646583624182 9.5730029796250218 572.65838759019971 89.074266631621867 149.80757941445336 3.6985792191699138 3.5076596534345299 4.3297301703132716 15.05839019606355 1.1267250502714885 2.6106606915127517 4.9594823984662133 17.434966745669954 5.665863586589694 3.7582532786764196 238.45688283536583 14.596978234592823 1.021655527641997 1.8220923498738555 1.4776285917032512 1.9828568327939136 24.737544530187733 1.5703765491489319 3.6813437850214559 1.9099962017498899 1.1640306608751418 0.73017764976248145 151.64104341948405 257.84459773031995 232.30907827580813
leaf_count=7622 445 2720 2818 214304 106 49862 30588 67091 3721 200 92 161 5543 773 192 2296 166 153 1232 1640 596 1116 546 1931 16108 3077 277 219 2736 318 1879 230 137 212 505 23553 10354 3553 118 161 193 1127 129 365 353 805 229 640 32715 2680 59 219 136 243 5094 407 332 684 365 104 7400 10861 10226
internal_value=-0.000254265 0.00179607 -0.0123364 -0.0148378 0.00290464 0.00398026 -0.00254202 -0.0108418 0.00523192 -0.0195347 0.0100668 0.0583142 -0.0101324 0.00467381 -0.00531512 0.0123084 0.0346763 0.0948264 0.0164796 0.0050127 0.0037368 0.00673168 0.0173893 0.00995023 -0.00717478 0.00529407 0.0232905 0.037791 0.00952056 0.0130827 0.000869555 0.00333661 0.0297834 0.0992667 0.02045 0.00222568 -0.00431105 -0.000121601 0.0132 0.0636391 0.00650058 0.026505 0.0148397 0.0813376 0.00242442 0.00568009 0.0049243 0.0188195 -0.00409905 0.00921001 0.0205349 0.0567963 0.104881 0.0375665 0.00658042 0.0717105 0.00827234 0.0281103 0.0708539 0.131772 0.00423482 -0.000766639 0.00766739
internal_weight=4505.37 3851.73 653.638 587.678 3541.11 3131.35 162.438 310.621 2473.37 425.24 16.9509 5.00237 11.9485 2359.8 409.762 39.1113 18.1871 4.2241 13.963 2314.26 1803.73 882.231 104.859 65.9599 370.651 777.371 21.998 16.0529 510.525 332.508 921.5 624.234 25.1647 2.97999 22.1847 599.069 297.266 208.192 58.3843 7.20624 712.827 28.085 23.7553 3.73739 20.0179 684.742 664.896 47.2603 290.901 52.4438 37.8469 10.5173 5.28258 3.46049 27.3296 2.59203 5.23471 4.51246 2.60247 1.43844 647.461 263.51 383.95
internal_count=534717 276346 258371 252982 206535 144397 31529 69811 94535 221453 7149 1406 5743 86913 62138 4039 1743 319 1424 86140 79365 38067 2186 5389 58099 35881 941 664 6775 4039 41298 25233 1084 349 735 24149 16065 5711 2158 279 32804 2167 1974 494 1480 30637 29521 3458 41991 9276 6596 1036 598 379 5560 466 438 1314 630 265 28716 11090 17626
is_linear=0
shrinkage=0.03


Tree=80
num_leaves=64
num_cat=0
split_feature=33 266 16 13 10 133 157 81 188 55 188 105 147 55 39 208 226 261 67 66 157 33 31 157 62 1 147 247 33 264 172 46 33 6 234 194 52 27 68 158 174 0 52 86 172 179 179 158 7 143 39 100 27 7 54 36 7 266 226 22 7 1 65
split_gain=119.902 33.3335 35.3328 24.5471 23.5701 22.911 28.0981 23.4767 22.2663 23.5181 21.71 20.7368 37.4059 17.7906 23.931 29.4495 17.2357 16.5097 42.3746 24.8331 16.0647 15.3734 15.1546 16.6634 14.9559 14.899 17.0533 14.8468 17.9141 19.5339 14.7235 14.3361 14.4082 13.7945 13.4064 13.3758 13.9414 25.3473 20.4436 20.109 18.2577 23.7298 15.6678 15.0954 17.2111 17.9934 14.0499 12.9766 16.7231 17.7809 16.6686 18.8686 17.3706 14.1122 16.9308 29.058 16.7434 16.2504 13.844 12.801 16.8325 14.9654 13.6732
threshold=70.500000000000014 8233.521365449853 3.5000000000000004 1.0000000180025095e-35 6.5000000000000009 11226.913793348369 5.5000000000000009 1579.98774840687 -102176.85508710012 4751.5815015431735 1.0000000180025095e-35 5522.6137446138046 3.5000000000000004 4751.5815015431735 4.5000000000000009 46651.515118501578 -8.4999999999999982 59.500000000000007 1.0000000180025095e-35 1.0000000180025095e-35 24.500000000000004 29.500000000000004 1.0000000180025095e-35 13.500000000000002 1.0000000180025095e-35 201905.50000000003 5.5000000000000009 8072.8597621950021 138.50000000000003 -5.4999999999999991 inf -1917.4999999999998 12.500000000000002 11530.895983237833 379.39641349273512 -25825.76053224126 3.5000000000000004 1517.9055097146907 6288.250242682122 6827.5000000000009 307.90704095290306 24041036.000000004 5.5000000000000009 3.5000000000000004 -620.78983657634933 116.70066836078855 -92.765473023214994 4688.5000000000009 1.0000000180025095e-35 331728.73830889439 1.5000000000000002 -1153.4999999999998 1796.6678753028243 802.58070600996405 5.5000000000000009 -941.49999999999989 2463.144356472078 36.288754753273516 -4.4999999999999991 22102.248524378836 5903.0995163893685 202104.50000000003 -695.33930984192386
decision_type=2 10 2 2 2 10 10 10 8 2 10 10 8 2 8 10 8 8 8 8 10 2 2 8 8 2 8 10 2 8 8 8 2 10 8 10 10 2 10 8 8 2 10 10 8 8 10 10 8 8 8 8 2 10 2 10 10 10 8 2 10 2 8
left_child=3 2 5 25 8 24 -7 -8 9 11 13 12 -4 16 15 -15 35 18 -10 -20 -21 47 23 -3 -2 31 -27 -6 29 -29 -31 -1 -33 34 -23 -5 46 38 -38 43 -39 -42 -43 44 -40 -46 -37 53 -49 50 51 -50 -52 54 -18 58 -55 -57 -56 61 -61 -26 -63
right_child=1 22 4 10 27 6 7 -9 17 -11 -12 -13 -14 14 -16 -17 21 -19 19 20 -22 33 -24 -25 59 26 -28 28 -30 30 -32 32 -34 -35 -36 36 37 40 39 -41 41 42 -44 -45 45 -47 -48 48 49 -51 52 -53 -54 56 55 57 -58 -59 -60 60 -62 62 -64
leaf_value=0.046124743921573966 -0.01104246572285706 0.019735540777351058 0.26294951261757804 -0.018016128386383737 -0.017308694037002938 0.00484750996413619 0.04643350623437302 0.19127785944702794 0.30946396044480889 0.18936147965501415 -0.0028801364164184177 -0.003987062472009288 -0.030134222642610172 0.023038281316270507 -0.030175053128928171 0.24164350330738726 -0.0055632507608567609 -0.010859185300155933 0.14540759792843583 -0.00042443379880557978 0.14906232740292358 0.0081747417921712532 0.0013098265652064336 0.099879725640405287 0.0055347611560535989 0.014181701995199091 0.001674556845452898 0.17795628048169007 -0.010969799503266086 -0.0086433395905056443 0.11641022123064196 0.020664960440707536 0.0043130602514300708 -0.0078071016417795404 -0.010862212787974484 0.01540124448169641 -0.021422767251460851 0.019537810986932091 -0.03125018500135035 0.16863760969330219 0.1746759409394934 0.10504055637601832 -0.0036087593547536492 -0.018446415652196329 0.19593339058916856 0.03919655708581439 -0.0016280035819568686 0.048493318342054677 0.014154536315108723 -0.0060569399273796478 0.0056683706664304332 0.082961501032746576 0.066167113912136186 0.0072300899641024189 0.027817558452926855 0.020652168372175171 -0.011368149025307247 0.078876751268985551 -0.0042464043456201771 -0.01085377773564584 0.051222216288217805 0.0073525365612685028 0.087084900422135458
leaf_weight=12.005582514218984 142.66767429246102 21.283404293237254 0.8167766884434966 13.895048821228555 570.38641624012962 8.206372866057789 2.7666551843285552 1.5835409531136972 0.43977252347394824 0.93937946518417437 795.06308050756343 4.5889013186097145 0.75346434093080461 1.1282490672310808 1.3368365105707201 1.0908825231017543 304.93605888262391 91.686445431434549 1.1884333752095699 20.062743836082529 0.66856960335280646 129.37541046878323 80.098541220533662 2.622580885654318 97.20340904162731 130.67270432086661 393.78723402274773 1.00197127321735 9.2710916415089724 2.7589595202589399 1.222947020782158 95.294637142680585 98.755937163252383 240.77054244454484 44.829986029304564 122.69131782627665 9.4536516926018574 4.720008224481715 1.1195658438373355 1.0077227697474889 2.3102937410585582 2.753393460996449 2.1098838194739074 3.5772963503841311 1.1869453546823907 1.4825655514141549 67.644381346995942 10.838056570850313 7.3734514941461384 41.310216735349968 47.406869404250756 6.9846344345714879 4.6942941339220843 525.65757059655152 13.491037029772995 40.254872673889622 47.502492019208148 4.831990717444568 119.1722452333197 71.613613083027303 4.1597313265083349 3.7203113291179761 4.0353982447413719
leaf_count=190 27367 1366 206 515 247149 780 315 109 76 168 65920 1629 268 311 338 153 10930 34726 145 6522 167 13526 10251 192 14982 2020 8008 102 2275 559 172 1010 1993 30885 5375 3974 572 492 172 153 164 114 198 479 132 153 2062 230 185 1507 1531 166 86 11251 346 1181 1643 232 4574 11447 117 327 529
internal_value=-0.000250422 -0.00862866 -0.0102455 0.0026129 -0.0140573 -0.00223747 0.0375216 0.0991592 -0.00201366 0.0495388 0.00125792 0.0282133 0.122316 0.00305875 0.0700958 0.1305 0.00292802 -0.00522242 0.0178915 0.0120417 0.0043964 0.00180899 0.00756599 0.0285277 -0.00378119 0.00747627 0.0047908 -0.0165529 0.013688 0.0595568 0.0297639 0.0143114 0.0123432 -0.00315455 0.00327578 0.0105305 0.012333 0.0314418 0.00881297 0.0429466 0.0653609 0.0955112 0.0579041 0.025752 0.06748 0.108886 0.00934913 0.00356279 0.0129714 0.00939912 0.0190064 0.0476264 0.0111193 0.00250587 -0.00127354 0.0060856 0.0056887 0.0268921 -0.000985697 0.00195076 -0.00744599 0.00873458 0.0488383
internal_weight=4498.26 1145.75 1041.74 3352.52 705.786 335.957 12.5566 4.3502 121.144 7.09852 2622 6.15914 1.57024 1826.94 3.55597 2.21913 1823.38 114.046 22.3595 21.9197 20.7313 1589.43 104.005 23.906 323.4 730.516 524.46 584.641 14.255 4.98388 3.98191 206.056 194.051 414.976 174.205 233.952 220.057 29.7213 17.8277 8.3741 11.8936 7.17357 4.86328 7.36637 3.78908 2.66951 190.336 1174.45 118.608 107.769 66.4592 14.3581 52.1012 1055.85 482.686 177.75 573.16 45.0869 132.663 180.732 75.7733 104.959 7.75571
internal_count=534717 361946 350137 172771 294164 55973 1204 424 43907 2271 159550 2103 474 93630 802 464 92828 41636 6910 6834 6689 83648 11809 1558 54769 13221 10028 250257 3108 833 731 3193 3003 49786 18901 9180 8665 2629 1661 1089 968 476 312 936 457 285 6036 33862 3705 3475 1968 351 1617 30157 17263 6333 12894 1413 4920 27402 11564 15838 856
is_linear=0
shrinkage=0.03


Tree=81
num_leaves=64
num_cat=0
split_feature=55 16 107 2 78 29 209 158 16 1 180 221 29 5 251 61 48 5 63 33 10 159 221 16 153 227 205 27 183 48 5 3 250 46 3 146 116 22 91 175 173 201 0 97 235 68 39 227 29 0 124 33 29 230 116 183 51 61 161 35 224 158 140
split_gain=114.91 48.9035 38.7388 27.7023 24.1539 26.3053 23.4758 20.9121 20.605 19.5232 19.2287 19.3261 20.4407 23.6265 19.4844 18.2496 18.0687 35.435 18.0459 17.9534 16.8856 16.6249 16.4819 25.5526 16.4184 16.2801 15.9529 15.7704 17.2509 18.7659 19.0247 16.6626 15.737 15.5321 18.9925 21.1629 23.671 26.7045 19.9014 17.4741 18.2305 14.6082 15.5287 14.3783 15.5094 22.3568 14.3469 17.2012 15.8737 14.0308 23.0706 15.3281 13.9268 13.8955 21.2854 13.89 13.4168 16.935 13.2763 13.2179 12.4999 13.8046 15.6466
threshold=409.25375248207388 12.500000000000002 19076.586550162865 1.0000000180025095e-35 78875.684325117632 12098.699560571464 138347.44402902038 3736.5000000000005 1.0000000180025095e-35 202051.50000000003 -1.0000000180025095e-35 1.0000000180025095e-35 9149.3321858466825 3166.3253438778443 -6089.4958176521895 2059.3016413238397 115898.29534081802 1875.8285844578984 594.62867994411113 12.500000000000002 6.5000000000000009 4585.6937536820778 14.500000000000002 5.5000000000000009 114754.22705941903 -7.4999999999999991 -34948.452860837475 1727.1354339293548 -15865.120358709317 1031302.423821838 6138.6817403126161 51.500000000000007 -5062.356947332074 -335.49999999999994 30.500000000000004 117141.51690511561 -264.25880472291595 16379.165308415812 407.04441109428257 59.109023242956148 -541.57498391646357 1.0000000180025095e-35 27972480.500000004 1751.4466610602383 -3011.1455704268838 329.65502027642407 -1.9999999999999998 3.5000000000000004 3004.6389925974618 45016950.000000007 18.500000000000004 44.500000000000007 1.0000000180025095e-35 -3573.9186474699013 124.07730702897601 1367.6440939726185 9806.9716526538105 60.629399682721008 341.69575606537057 50685.45949859004 17.500000000000004 5736.5000000000009 1.5000000000000002
decision_type=2 2 8 2 10 2 10 8 2 2 8 10 2 8 10 8 8 8 8 2 2 8 10 2 8 8 8 2 10 10 10 2 10 10 2 8 10 2 8 8 10 10 2 10 8 10 8 10 2 2 10 2 2 8 8 10 8 10 10 10 8 10 8
left_child=1 3 6 10 5 27 8 9 -2 32 55 25 14 18 24 20 17 -8 21 52 46 58 -10 -24 -13 60 -6 33 29 -29 31 -31 -4 41 56 36 -36 38 39 -38 -41 42 43 44 45 -5 47 -3 -49 51 -51 -18 -9 54 -28 -1 57 -35 -14 -23 61 -12 -63
right_child=2 15 7 4 26 -7 16 19 22 -11 11 12 13 -15 -16 -17 49 -19 -20 -21 -22 59 23 -25 -26 -27 53 28 -30 30 -32 -33 -34 34 35 -37 37 -39 -40 40 -42 -43 -44 -45 -46 -47 -48 48 -50 50 -52 -53 -54 -55 -56 -57 -58 -59 -60 -61 -62 62 -64
leaf_value=0.017575073421170987 -0.0047538170170656549 -0.0018505428002513924 0.030099678853613657 0.11723904234918031 -0.039129582905658378 -0.0098189414367547863 -0.0302606526261711 0.02166901562206584 -0.021594122569312299 -0.027666780160831898 0.0055418135200061914 0.061958621142204531 0.07893320152272558 -0.024491828573829977 -0.019671227261853993 -0.015126711192983786 0.095438531076152494 0.24205027962924183 -0.006518507750754703 -0.010805639491848306 -0.0076557754915097974 0.14012451197510489 0.29095619375776255 0.011464251861416166 0.010437083033979081 0.0021768276316749464 0.031492091045419938 0.016768621434665502 0.0039196054642508856 0.19311143325214658 0.021392464240775042 0.052518477051436925 -0.0015403131754023734 0.12483165239208685 -0.013908574741945699 -0.0044323971164098993 0.042099002521422707 -0.0099506212706567173 -0.004917362487181642 0.1604040572649737 0.06141468001815556 -0.019354825607666166 -0.0037672858166717341 -0.02131036347780255 0.0058719964952588634 0.010555326356143946 0.0079810520561515649 0.18337385860171967 0.037352651500603823 0.013461286922797312 0.18348562689973077 -0.017812435650553651 0.15273751423746756 0.015154082862760246 0.12105154758253346 -0.0069512083717358673 -0.00044731387100672195 0.035063691063416787 -0.0047846156117790578 0.067602342603875959 0.024847375140399849 0.065418570646791407 0.007637041664302408
leaf_weight=158.96105285861995 85.588000087533146 2.0845509180799127 39.249809403554536 2.7797681433148682 2.8372039593523368 243.79003058571834 0.84021853236481792 2.8273724892642345 356.17905493371654 9.4310332848690432 245.67516685347073 6.856220628367736 2.9306372135179064 4.1786726519931134 15.900155566399915 192.39532595966011 1.1828889958560491 0.88105348928365856 3.7247185193700743 104.06593858939596 118.50261437008157 3.2534534563310498 0.3722801567055275 1.4072951442794872 29.596217815997079 1439.6627730999608 7.1648534584091959 40.399673644918948 194.75163050636183 1.5980295109329739 3.1759661339456216 1.4444443181855602 22.121966735110618 2.9448637431487423 9.3088565869256872 62.607740103616379 5.5609044886659813 6.0422689218539736 2.9852618051227191 3.5704594599083084 3.15310815628618 41.751883277203888 590.76491687924135 16.92595044861082 211.79639129363932 4.8566813016077504 43.44031691364944 1.3906463505700233 1.2929898153524844 2.6897139232605691 0.9799347633961587 11.857660606969146 0.98338872077874828 12.891328828292904 3.5826135704992339 23.907173283514567 3.8875353566836557 5.287257926305756 4.075952589395456 7.4211340562906116 42.743800512398593 7.6222962841857251 9.4430755816865695
leaf_count=2230 19626 246 2876 204 81 31539 224 334 195399 1777 9451 211 101 485 609 57397 136 201 527 27890 28533 129 97 585 936 54507 399 3408 13073 124 358 180 2236 132 858 4526 245 489 201 164 128 5536 28945 1068 15324 729 7467 77 193 703 240 5879 168 676 172 347 244 251 220 357 2105 288 876
internal_value=-0.00024653 0.00171065 -0.0120109 0.00279482 -0.000309923 -0.000825114 -0.0165988 -0.000149019 -0.0179774 0.0125194 0.00509458 0.00416432 0.0187805 0.0407579 0.00804019 -0.00883134 0.0165762 0.109125 0.0534954 -0.00846367 -0.00156608 0.066138 -0.0211391 0.0699329 0.0201276 0.00351157 0.0280879 0.000978619 0.00784355 0.0242362 0.0727513 0.126364 0.0186948 -0.000722209 0.0101564 0.00556366 0.0260017 0.0434341 0.0645586 0.081442 0.113982 -0.0020412 -0.00116724 0.00533143 0.00738645 0.0493896 0.0134032 0.0628011 0.11302 0.00704302 0.0588642 -0.00753961 0.055492 0.0361555 0.0613463 0.0143686 0.0454851 0.0671762 0.0302319 0.089706 0.00980186 0.00735419 0.0334453
internal_weight=4491.58 3850.92 640.658 3491.81 1485.86 1459.38 461.978 178.68 443.547 70.8028 2005.95 1823.08 77.9372 25.5846 52.3526 359.106 18.4315 1.72127 21.4059 107.877 166.711 17.6812 357.959 1.77958 36.4524 1745.15 26.476 1215.59 241.37 46.6181 6.21844 3.04247 61.3718 974.224 105.348 93.2286 30.6209 21.312 15.2697 12.2845 6.72357 868.876 827.124 236.359 219.433 7.63645 48.2085 4.76819 2.68364 16.7102 3.66965 13.0405 3.81076 23.6388 10.7475 182.868 12.1197 8.23212 7.00659 10.6746 305.484 262.741 17.0654
internal_count=534717 276346 258371 182433 109054 107726 223090 35281 215707 6889 73379 70802 3575 1819 1756 93913 7383 425 1334 28392 36516 807 196081 682 1147 67227 1328 76187 17143 4070 662 304 5112 59044 7238 6611 2085 1227 738 537 292 51806 46270 17325 16257 933 7983 516 270 6958 943 6015 502 1247 571 2577 627 383 321 486 12720 10615 1164
is_linear=0
shrinkage=0.03


Tree=82
num_leaves=64
num_cat=0
split_feature=33 12 265 192 269 1 204 26 225 64 62 6 112 130 155 68 41 1 131 115 92 251 37 22 130 33 1 177 92 1 192 45 237 160 220 1 116 78 149 36 41 189 87 114 93 42 120 103 237 82 40 40 112 258 254 230 39 150 82 173 226 267 111
split_gain=108.888 43.5214 23.9363 21.2876 19.4067 24.7076 20.828 19.8362 18.449 17.9699 17.8225 17.9187 55.2644 17.5403 16.1045 15.8386 14.5112 14.2419 25.1657 23.5206 20.2625 19.2178 14.1414 13.3707 17.4178 17.3556 15.3002 22.1202 13.9903 13.3134 15.4272 13.0458 14.1012 19.6025 12.9791 21.6072 24.5804 16.2715 12.5936 12.872 15.6894 13.1773 12.8305 15.0976 30.1495 12.5456 12.4422 14.5371 21.4532 13.8218 12.1861 19.4318 28.6548 30.6229 12.0104 26.0103 11.9171 31.3515 38.689 12.9853 20.641 20.3064 11.7542
threshold=70.500000000000014 14761.330294789308 -3.4999999999999996 1.0000000180025095e-35 -1.0000000180025095e-35 202051.50000000003 -34148.258643028406 1.5000000000000002 35.500000000000007 7.5000000000000009 1.0000000180025095e-35 172428.16565549499 48.500000000000007 92334.369919344768 29809.033332950992 -1497.4246352893038 1300.2242570073097 202101.50000000003 1.0000000180025095e-35 409.92121968874102 42313.761243022956 -52547.747500004065 85411.947600401982 11048.616865327827 11461.074654769141 12.500000000000002 201907.50000000003 -368.1793295684102 119087.15706907201 202051.50000000003 12.500000000000002 1355984.9973421383 -42731.376053169653 1.0000000180025095e-35 1.5000000000000002 202103.50000000003 -453.76790509036795 370451.33945526433 1.0000000180025095e-35 -1247.4999999999998 985.52054440089307 -28151.0398489285 135.50000000000003 27355.168656028673 2.5000000000000004 1.5000000000000002 6063.8475997029109 20.500000000000004 -14745.889393328698 2.5000000000000004 1640.5000000000002 389.50000000000006 48.500000000000007 2.5000000000000004 46908.641506224121 -4086.3668579841246 5.5000000000000009 3.5000000000000004 11.500000000000002 3255.2297748898823 7.5000000000000009 -26.526826078578065 46.500000000000007
decision_type=2 2 10 10 8 2 8 2 10 8 8 10 10 10 10 10 8 2 10 8 10 8 10 2 10 2 2 8 8 2 8 10 8 8 10 2 10 10 8 10 10 8 8 8 10 10 8 10 10 10 8 10 8 8 10 10 10 10 8 10 8 10 10
left_child=3 2 16 4 5 15 -6 13 22 10 34 54 -13 14 -7 -1 38 -18 19 20 -19 -21 23 24 31 26 27 -25 -29 -5 46 32 33 -8 -3 37 -37 -36 -2 41 42 -40 43 44 -41 -24 47 49 -49 -31 51 -23 -53 -54 -12 -56 59 -58 -59 -34 -61 -62 -30
right_child=1 9 -4 29 6 7 8 -9 -10 -11 11 12 -14 -15 -16 -17 17 18 -20 21 -22 50 45 25 -26 -27 -28 28 62 30 -32 -33 56 -35 35 36 -38 -39 39 40 -42 -43 -44 -45 -46 -47 -48 48 -50 -51 -52 52 53 -55 55 -57 57 58 -60 60 61 -63 -64
leaf_value=7.9376745967030484e-06 -0.011435729506793155 -0.015880217426417865 -0.0082445599187465027 -0.010637467347282844 0.022051227212740748 0.0051522310188834644 0.059655844161448611 0.043026658513919992 0.02396241212126296 -0.019204281258150109 -0.0012864532105764622 0.30778952287577604 0.0051550434203849384 -0.026523426715358737 -0.025739144871784671 -0.014547682925060149 -0.0038291671876873861 0.12922120690913441 -0.013880289100431664 0.13894709211924589 0.034885072273997127 -0.03033577527109264 0.031242930934796617 0.05643541711722011 0.020962495622406544 -0.0051679586811584823 -0.002482117392899373 0.057267911048567689 0.013029714687928679 0.026495848383904338 0.083439009138475087 -0.018398336281840566 0.0039781792283064528 0.011458205074192589 -0.0070039320329497064 0.012584838238489372 0.2078382853004215 0.18106207113377035 0.064233764075055808 0.026466477057451174 0.12527143282771441 -0.0096261044683410932 0.01628772099458212 0.030008120777669518 0.19994515680666566 -0.015052380724087393 -0.013205597588456136 0.095337039195210416 0.00055563955155766187 -0.0041379857754109883 -0.0095829427919183717 -0.014167305156940384 0.022534294310545884 0.22926255462180337 -0.010835491120585721 0.18967553988147126 -0.0031703530703185863 0.020402609286941136 0.17764711956744486 0.011803239245545848 0.14135589370687282 0.016756348636121309 -0.024177895887654819
leaf_weight=118.75097017048392 11.192417054786347 169.20971164910588 300.64829322590958 171.62308860046323 59.087644209619612 345.71106254751794 8.5210662146564555 11.108236992033197 41.00482155138161 302.04747512785252 66.078331411117688 0.70763555169105474 2.3351118764840066 18.030050381436013 15.88645485031884 155.2353012424428 161.11879501852673 3.5257181202759948 16.93001270503737 1.0632370208622886 4.8930728667182848 2.3065171699272566 28.339411944383755 11.458721267525105 55.965394392493181 308.59606074471958 59.899131685262546 5.0801167646422973 34.058843308361247 17.417050718097016 2.0746417979244134 23.17077021941077 1250.5038766106591 69.846524898079224 15.262383435852826 1.3723403859185057 1.0053926436230529 0.42559266800526607 2.5867134494474158 1.9486352284438964 1.6437453011749301 13.624042033916341 20.105745072010905 6.3482045335695148 1.6780841514701021 6.471136412001214 38.190087449387647 3.9929828455206007 4.6546716386219469 55.481299458537251 12.531594577361828 1.8327469455543903 1.1316425873665141 1.4993209325475616 1.5152699821628632 0.94560917629860242 301.53792384034023 5.8980785722378632 1.8499472490511832 114.61685132747516 2.2376828879350796 2.4838752406649283 9.8517182006034982
leaf_count=2620 1587 71831 76863 27352 781 12122 350 259 2458 144447 22642 105 600 1287 1124 10609 25365 117 3478 191 263 433 386 168 993 20174 1885 94 872 787 152 1483 50484 3607 5292 376 159 121 183 229 233 1940 1872 795 177 321 6618 169 235 3637 1391 189 168 163 506 230 16373 441 146 3965 127 278 414
internal_value=-0.000242689 -0.00830938 -0.0024451 0.00246535 0.00320432 -0.00133193 0.00446046 0.00351135 0.00401654 -0.0142333 -0.00843291 0.0042996 0.0755371 0.0023551 0.00379505 -0.00823899 0.00411076 0.000364045 0.015143 0.0322139 0.0743922 0.0147777 0.003661 0.00336944 0.00448322 -0.00139948 0.0082636 0.0189115 0.0101348 -0.00525395 0.00233105 0.00396528 0.00426012 0.0166988 -0.0132996 0.010871 0.0951451 -0.00190197 0.017217 0.0239072 0.0350199 0.00215955 0.0300882 0.0579048 0.106735 0.0226368 0.000925713 0.00754377 0.0443202 0.00318112 0.00793781 0.0403685 0.0769032 0.140344 0.00113707 0.0662122 0.00367959 -0.00163928 0.0579469 0.0048805 0.0143355 0.0758077 0.00468186
internal_weight=4486.15 1127.51 566.609 3358.64 3065.2 664.722 2400.48 390.736 2341.39 560.905 258.857 71.582 3.04275 379.628 361.598 273.986 265.96 206.833 45.7139 28.7839 8.41879 20.3651 2300.39 2265.58 1836.63 428.945 120.349 60.4494 48.9907 293.434 121.811 1780.67 1757.5 78.3676 187.275 18.0657 2.37773 15.688 59.1276 47.9352 31.7244 16.2108 30.0807 9.97492 3.62672 34.8105 119.736 81.546 8.64765 72.8984 19.3018 6.77023 4.46371 2.63096 68.5392 2.46088 1679.13 309.286 7.74803 1369.84 119.338 4.72156 43.9106
internal_count=534717 361946 115637 172771 133821 28021 105800 14792 105019 246309 101862 24083 705 14533 13246 13229 38774 31758 6393 2915 380 2535 102561 101854 78247 23607 3433 1548 1380 38950 11598 77254 75771 3957 77779 5948 535 5413 7016 5429 3306 2123 3073 1201 406 707 11446 4828 404 4424 2344 953 520 331 23378 736 71814 16960 587 54854 4370 405 1286
is_linear=0
shrinkage=0.03


Tree=83
num_leaves=64
num_cat=0
split_feature=55 53 20 4 203 24 226 189 1 14 137 89 4 266 47 1 71 1 78 195 259 1 86 130 212 40 65 2 253 140 130 223 81 0 65 41 122 230 247 38 130 4 27 188 12 262 57 28 177 253 227 170 37 210 28 254 213 226 79 254 122 28 170
split_gain=105.948 49.1658 48.6795 30.1046 24.0776 23.9403 22.9773 24.7235 21.5543 20.688 20.4002 19.5139 25.0936 51.0083 61.1928 19.4562 34.2586 26.2577 20.0696 19.356 19.0669 17.5498 21.8487 17.4807 17.4295 17.2008 16.8347 16.4433 20.4123 16.5658 16.3769 20.5482 15.8015 17.6689 15.1963 15.2587 17.0034 15.1526 15.0461 14.6541 15.2677 22.5832 26.9359 14.6403 32.3519 22.4309 14.5771 21.8512 14.2519 22.0778 14.1499 20.1323 14.1401 14.073 14.039 13.8652 13.4124 21.3561 13.6448 15.7409 13.1539 13.1092 13.008
threshold=409.25375248207388 19036.834368759621 787.26237430892422 40.500000000000007 1.0000000180025095e-35 257801.28341165622 -4.4999999999999991 -82077.19114771641 202051.50000000003 1379.0064308879853 89288.261390000014 246020.94436706681 183.50000000000003 -12.643941399880616 12476.241932074454 202051.50000000003 5297.5585533662079 201956.50000000003 127323.6618886747 -1.0000000180025095e-35 5.5000000000000009 201911.50000000003 4.5000000000000009 43065.84876869811 1.0000000180025095e-35 2016.5000000000002 59100.372326597528 1.0000000180025095e-35 -1.0000000180025095e-35 12.500000000000002 193697.49232102107 1.0000000180025095e-35 3145.9535129177402 27126075.000000004 -6546.9488854231158 37855.167485110935 20761.23776 -2754.3071282831947 8072.8597621950021 55841.089709400308 11461.074654769141 113.50000000000001 1189.1115424230209 -102176.85508710012 44153.794118903119 -24432.596499475276 64.500000000000014 2.5000000000000004 -490.33498873642105 61.500000000000007 9.5000000000000018 -213.42535728369384 -1.0000000180025095e-35 -122.22383568185795 8.5000000000000018 -1405.1358044097922 1.0000000180025095e-35 5.5000000000000009 2246.6714718890466 1.0000000180025095e-35 3454.7102022794256 11.500000000000002 -313.58920965829685
decision_type=2 8 2 2 10 2 8 8 2 2 10 10 2 8 8 2 10 2 8 10 10 2 8 8 10 8 10 2 8 8 8 10 10 2 8 8 10 8 10 8 10 2 2 8 2 10 10 8 8 8 10 10 8 10 8 10 10 10 10 10 10 10 10
left_child=2 3 4 5 6 20 7 11 25 32 15 12 -1 14 -14 16 17 48 -18 21 26 22 -7 39 -5 30 43 50 29 37 -3 -32 38 -34 35 -27 -37 -29 -4 -17 56 42 -42 44 45 -2 -45 -48 49 -8 -9 -52 -13 -20 -24 -26 58 -58 59 -41 62 -47 -60
right_child=1 8 9 24 -6 19 10 27 -10 -11 -12 52 13 -15 -16 23 18 -19 53 -21 -22 -23 54 -25 55 34 -28 28 -30 -31 31 -33 33 -35 -36 36 -38 -39 -40 40 41 -43 -44 46 -46 61 47 -49 -50 -51 51 -53 -54 -55 -56 -57 57 -59 60 -61 -62 -63 -64
leaf_value=0.023548311527252692 0.31148036726388501 0.0010569167996296051 -0.0045143687350177797 -0.020897992422459183 -0.016737086346658197 0.02109045068586227 -0.0090326646437388445 0.0099114010403587496 -0.018921745069165257 -0.01351049107070993 -0.013776721408322787 0.076912282890674061 0.33443706427991909 0.038600343852702355 0.036494764281424737 -0.0069962982118043195 -0.010872591974379033 -0.0088878064235433218 0.13630091587117404 -0.0096551154193138377 0.20574580229671152 -0.0059328107375317771 0.26651436815535551 -0.010850772184924596 0.10151944206736621 -0.013637035748943819 0.18461841732682494 0.10539085717718538 0.00061122797349578593 -0.016526685148849668 0.029708954952482689 0.12257649965451912 0.13506893366425402 0.00021334256020551638 -0.010211256163029774 0.022318493207892191 0.1046714171202666 0.025308285879142873 0.020051628029164228 0.0054117528329416147 0.0025772556633658337 -0.0072701377231305627 0.06557913605781146 -0.01162372649169904 -0.03008949754751487 -0.030081583272039452 0.22609165328247474 -0.0021611162337769694 0.0031178029782983276 0.031964338724784123 -0.013672753778034988 0.12445109715140738 -0.0048583166086561139 -0.0046137129538309594 0.10932889513244713 -0.0094990563073352099 0.010827964503481946 0.04550790712921355 0.059772902297364171 -0.0093156972461248648 0.0017626255630655565 0.17452829740458939 0.019138300758088096
leaf_weight=43.150245076743886 0.52492437604814757 18.531914530904032 232.9771227594465 374.05429610074498 55.129963526851498 1.1218715588329362 17.367328424123116 357.21908393490594 30.708504503709264 238.11607724789064 73.618333699298091 2.0721815882716328 1.3148034373298285 8.1084062806330603 1.1747170257149266 63.066437708213925 245.55435212398879 166.48812920018099 1.4253374091349544 2.9027616134844711 0.38157171127386291 1.2321038796799255 0.99606511299498413 53.180247468757443 1.8717172804754225 8.1269433589186502 0.41191124788019706 3.981234832899645 399.67657777061686 3.2991304364986727 27.037145315203819 2.3290321480017147 1.6096325097605579 1.9143420537002382 46.101308596204035 12.389007908757778 2.7589066529180846 4.5642908730078471 24.830202344572172 407.43459418625571 9.7110716444440204 12.165225266129708 16.459195842035115 88.475366500322707 1.9904801154043523 0.55361214943695836 0.58282773685641465 1.0713218639139086 1029.7558321884135 37.026192516786978 1.6208486914401876 2.2937075642403206 23.349247826030481 1.154486144077963 1.0509794545359907 2.2054306579520917 141.56009623559657 18.014938776148483 8.9082057978957874 77.78513222921174 30.538897300953977 0.5740232152165845 34.742985925637186
leaf_count=1899 100 2080 25777 202370 4688 198 927 13354 6146 65284 13095 212 159 424 189 2449 43656 5884 132 714 137 283 121 3913 291 592 88 205 24104 298 1741 63 140 201 9341 522 177 188 1434 9636 267 563 355 31336 792 237 81 326 37871 632 199 208 2427 164 139 428 2188 866 672 4431 5379 68 1876
internal_value=-0.000238986 -0.0116651 0.00162363 -0.016326 0.00292519 -0.00185108 0.00325389 0.00749724 0.00345284 -0.00711407 0.0017761 0.0234639 0.0337071 0.0750691 0.193849 0.00225874 0.000184579 0.00220488 -0.00999807 0.0504797 -0.00589284 0.0901425 0.127497 0.00581735 -0.0202256 0.00931167 -0.00675025 0.00586123 0.00176144 0.0405733 0.0231391 0.0370743 -0.00128587 0.0618108 -0.000234908 0.0195256 0.0373175 0.0626176 -0.00214834 0.00689784 0.00805488 0.0265019 0.0422009 -0.00759087 0.0513694 0.149485 -0.00997405 0.0782621 0.00390834 0.0188744 0.010533 0.06726 0.00180707 0.0732408 0.185813 0.0414668 0.00707131 0.0147431 0.00488288 0.00305081 0.0168651 0.0740752 0.0274309
internal_weight=4480.34 627.984 3852.36 480.001 3352.91 101.87 3297.78 851.824 147.983 499.447 2445.96 79.1696 53.7482 10.5979 2.48952 2372.34 1498.77 1250.64 248.134 7.30378 94.566 4.40102 3.16892 873.567 378.131 117.274 94.1845 772.655 411.521 11.8447 47.8981 29.3662 261.331 3.52397 69.3762 23.2749 15.1479 8.54553 257.807 820.387 757.32 38.3355 26.1703 93.7726 3.64304 1.65256 90.1295 1.65415 1084.15 54.3935 361.134 3.91456 25.4214 2.57982 2.04704 4.07715 718.985 159.575 559.41 485.22 74.1901 1.12764 43.6512
internal_count=534717 258371 276346 237709 183510 34620 178822 43866 20662 92836 134956 5310 2671 772 348 121861 89266 45314 43952 1455 33165 741 458 32595 203089 14516 33028 38556 24795 691 3884 1804 27552 341 10632 1291 699 393 27211 28682 26233 1185 622 32940 1197 405 31743 407 39430 1559 13761 407 2639 296 260 719 25048 3054 21994 14067 7927 305 2548
is_linear=0
shrinkage=0.03


Tree=84
num_leaves=64
num_cat=0
split_feature=12 17 193 204 56 109 6 8 210 230 112 180 227 153 188 209 111 231 178 53 199 22 12 1 204 3 8 204 59 51 177 225 63 3 225 53 160 40 8 3 83 271 227 62 141 8 182 122 53 210 178 0 12 188 267 199 13 50 93 221 62 242 0
split_gain=100.128 41.9008 28.7976 18.7538 18.4812 26.4621 23.6356 19.3526 17.5137 18.6289 34.0858 15.72 19.7494 15.537 23.3803 18.1685 16.0041 30.8798 14.614 18.2554 19.0438 18.7047 30.633 17.7384 24.7919 23.5191 20.2761 14.9597 15.8287 16.2585 14.7764 14.7236 14.4418 16.3334 14.0362 14.486 15.2317 18.2914 19.2272 18.8609 17.4502 14.3358 14.2585 12.7292 24.1653 12.6176 12.2489 13.5651 12.1891 13.7976 49.9898 17.8985 23.8878 12.1371 12.0585 11.9804 11.8255 25.4499 16.4271 12.9088 14.8941 14.6626 16.6235
threshold=17164.911010153861 5088.2051695196124 1.0000000180025095e-35 1.0000000180025095e-35 1.0000000180025095e-35 423.1017551516731 11530.895983237833 -695.05456645962602 -1495.5043862966522 56555.152077430364 149.50000000000003 -1.0000000180025095e-35 42.500000000000007 166125.87395885665 -102176.85508710012 -148064.4671736022 60.500000000000007 -7851.9605844111638 205.97744605349018 32333.945721628075 1.0000000180025095e-35 40732.676820775705 1689.3715546979363 202051.50000000003 -4967.6931716588942 47.500000000000007 122.77188281505202 -7265.6788760315458 347.90175460530901 454.72546377638554 -490.33498873642105 35.500000000000007 594.62867994411113 47.500000000000007 -33.499999999999993 1033.5694131653611 4.5000000000000009 1640.5000000000002 267.59453504513806 44.500000000000007 1.0000000180025095e-35 -2227.4653891981279 -1.4999999999999998 -109.17806647243999 67.500000000000014 -5885.5088453021781 607.79405251450612 136846.00501414758 2592.0446376871837 60.897439910403428 49.857698018895029 46935930.000000007 1689.3715546979363 -1.0000000180025095e-35 -1539.8616266895317 -3.4999999999999996 1.0000000180025095e-35 3971.5000000000005 1.5000000000000002 -9.4999999999999982 -1349.8360136488348 -338.98667757301115 13777255.000000002
decision_type=2 2 10 10 10 10 8 10 8 10 10 8 8 8 10 10 10 8 10 10 10 2 2 2 10 2 10 8 8 8 8 10 8 2 8 8 8 8 8 2 10 8 8 10 10 8 8 10 10 10 8 2 2 8 8 8 2 10 10 8 8 8 2
left_child=2 -2 3 8 5 6 7 -4 9 34 -11 12 -10 14 15 -3 43 -18 19 20 21 27 23 24 30 26 -26 28 -13 -30 53 56 -9 -34 -1 36 42 -38 39 40 -39 -37 -36 46 -45 -5 -17 -48 49 51 -51 54 -53 -23 -33 -46 57 -29 -59 -58 -61 62 -62
right_child=1 13 4 45 -6 -7 -8 32 11 10 -12 18 -14 -15 -16 16 17 -19 -20 -21 -22 22 -24 -25 25 -27 -28 31 29 -31 -32 48 33 -35 35 41 37 38 -40 -41 -42 -43 -44 44 55 -47 47 -49 -50 50 -52 52 -54 -55 -56 -57 59 58 -60 60 61 -63 -64
leaf_value=-0.020704686226889375 -0.0016770126890857096 0.15984327085882394 -8.6251669289558411e-05 0.063870954979361377 -0.011857955902502579 -0.028842195858602586 -0.0086964460816642761 0.021582008645868817 0.006992102929038427 0.0062454418075961887 0.170245584146933 -0.0107132838626781 0.03715913983822354 -0.01851369351952642 -0.010493788651738799 -0.030120694469340487 0.28904020243428619 0.019678557920170241 -0.0096316724312933474 0.017413693361096456 -0.013544775473626721 0.036165487861566141 -0.017417737533977597 -0.01582858501881566 0.085271980685431209 -0.0033527292406021654 0.024293187126159292 0.0061278536384517966 0.086456944393068905 0.022338854103285642 -0.002937982668544655 0.071939539747935682 0.15407077805321653 0.031038496492070088 0.028852372381727699 0.082835448579284446 -0.0016881396889299918 0.20092181587021213 0.0048939585288380917 0.055592804365734959 0.073286338049128458 0.005566089885829158 -0.024308870214578844 0.24156566571448188 0.1403982478563548 -0.017277598279432576 -0.030121916465973217 0.18342902297590599 -0.016446252051015062 -0.004286767584163546 0.22420566778308049 0.018805190468870452 0.12740932136875532 -0.0061045917026202236 -0.0015543045300774924 -0.030106306232270594 0.038141437712727634 0.076475067026820318 0.013505588935685878 -0.01272273943094147 0.087199558758523615 0.0016160348740645513 0.014285844249389192
leaf_weight=11.364979103091171 355.43809465295635 0.93832676322199304 48.065635460196063 1.7830938330153003 207.54625828971621 23.600360707147047 68.533457229612395 53.109713051584549 301.27849313069601 2.8609165372326961 1.8967923460295422 11.835770131554453 20.885219590505585 354.51399013318587 124.74023358779959 5.9861766207031897 0.5618217074079439 1.203715556883252 94.832072912831791 70.516416360856965 69.531165729858913 17.427930481499061 107.04925584932789 42.247540982323699 8.3349959765328112 12.198716545593923 11.934657022822647 303.69584064476658 3.96980426926166 34.417803488322534 141.61470840743277 2.2729283815715462 1.6219501842278976 2.4202798475744203 12.839689825777894 2.2142845020862296 5.2708967742510167 1.9050881991861346 3.8797016441822079 8.0158074758946878 1.951689420151524 89.752080102218315 7.0252091931179192 0.5477228357922298 0.50571310170926154 52.46091536001768 0.51915333513170281 0.55273327347822487 6.2492711202939963 2.2187385241268194 1.4089944317238408 4.6881959142629048 2.9822062260936946 9.4168983465060609 17.319709486095245 1.3911624435568226 8.709700000821611 7.7647187464172003 7.173021188355051 63.559035956044681 3.0313155576586714 1591.1946040398907 39.280162746901624
leaf_count=778 57430 134 5505 75 48410 10595 8701 2706 5164 252 184 271 545 172625 56413 2441 103 363 12846 3430 10427 550 19712 2743 283 576 396 4082 182 1102 8035 138 145 176 389 108 364 119 167 583 149 6331 411 87 46 4520 196 123 965 216 149 105 226 462 1007 581 462 157 170 8943 263 66413 3487
internal_value=-0.000235715 -0.00952357 0.00193289 0.00288045 -0.00560802 0.000964786 0.00501343 0.0139433 0.00317993 0.0132213 0.0716286 0.00268443 0.00894777 -0.0151984 -0.00661618 0.0330096 0.0224479 0.105394 0.00193623 0.00235782 0.00193844 0.00237571 -0.00404529 0.00184145 0.0055568 0.0295603 0.049368 0.0034406 0.0196178 0.0289695 0.000930441 0.00304649 0.0257425 0.0804054 0.0112944 0.0140318 0.0288885 0.0466873 0.0628743 0.081821 0.136333 0.00742651 0.0100519 0.0070371 0.0660352 -0.0146101 -0.0133972 0.0799986 0.0217645 0.0294946 0.0844586 0.0221808 0.0610298 0.0213376 0.00697167 0.0153508 0.00270309 0.00800822 0.0462375 0.0017121 0.00152514 0.00207952 0.0195096
internal_weight=4474.06 846.899 3627.16 3222.26 404.898 197.351 173.751 105.218 3168.02 148.977 4.75771 3019.04 322.164 491.461 136.947 12.2065 11.2682 1.76554 2696.88 2602.04 2531.53 2462 350.225 243.175 200.928 32.4684 20.2697 2111.77 50.2234 38.3876 168.46 2061.55 57.1519 4.04223 144.219 132.854 40.8881 21.0232 15.7523 11.8726 3.85678 91.9664 19.8649 9.50266 2.4446 54.244 7.05806 1.07189 37.14 30.8908 3.62773 27.263 7.6704 26.8448 19.5926 1.89688 2024.41 318.634 14.9377 1705.77 1697.07 1633.51 42.3115
internal_count=534717 290542 244175 167937 76238 27828 17233 8532 163342 9835 436 153507 5709 233112 60487 4074 3940 466 147798 134952 131522 121095 32757 13045 10302 1255 679 88338 1555 1284 9047 86783 3027 321 9399 8621 2182 1382 1018 851 268 6439 800 3474 714 4595 2760 319 2806 1841 365 1476 331 1012 1145 627 83977 4409 327 79568 79106 70163 3750
is_linear=0
shrinkage=0.03


Tree=85
num_leaves=64
num_cat=0
split_feature=24 9 50 205 1 226 1 29 105 189 246 119 27 6 182 89 259 26 192 92 4 15 211 207 217 262 204 25 111 234 179 64 221 5 2 253 1 210 3 133 3 134 8 8 145 189 170 161 52 173 158 45 266 181 216 63 157 9 179 119 45 119 224
split_gain=95.5135 49.5278 35.8576 28.1558 25.5557 24.4365 23.9266 27.9737 22.6891 21.6295 21.5861 21.2358 20.1916 26.3374 20.4723 20.1176 19.9654 17.6967 17.6227 17.2302 20.2117 21.6417 37.7734 16.3479 16.6176 17.6272 16.3104 15.8708 24.1158 27.7618 17.9296 14.669 14.5292 18.4734 14.5219 17.4863 15.4917 26.3092 14.3651 14.3317 17.6586 14.17 13.9636 13.7335 20.1117 13.5543 18.2671 13.3881 20.4237 19.5044 19.5485 16.619 22.6739 16.5662 17.9804 15.7992 21.9542 18.5356 23.0766 23.8753 22.6336 16.7893 13.3492
threshold=19127.703663159609 1997.6954789459362 797.50000000000011 1.0000000180025095e-35 202001.50000000003 -4.4999999999999991 202101.50000000003 23018.444313538868 8700.0654931419613 -82077.19114771641 1046.4250171877668 -10601.431916339334 791.33740688745058 24605.444748452206 -1761.6048114459259 476968.45292942045 -2.4999999999999996 1.5000000000000002 1.0000000180025095e-35 312501.31770859571 183.50000000000003 1.0000000180025095e-35 -200.110137842245 -1.0000000180025095e-35 -5.4999999999999991 168.39224475462601 -34148.258643028406 2720.6421629498454 34.500000000000007 -52.548956973715455 -1214.6959910330845 4.5000000000000009 14.500000000000002 1.0000000180025095e-35 1.0000000180025095e-35 -1.0000000180025095e-35 201904.50000000003 -3474.1982862877362 69.500000000000014 11226.913793348369 51.500000000000007 1.0000000180025095e-35 -5885.5088453021781 -1150.6354302699833 5496.501073287217 276924.22716159467 -313.58920965829685 4067.2716865250827 4.5000000000000009 -260.04071615578863 4688.5000000000009 122860.89556287095 -312.54027338146358 -1.0000000180025095e-35 -1.4999999999999998 208.89023712959104 13.500000000000002 74.153295377297013 -51.878123134583511 -542.25135173361298 83476.196129342905 -1.0000000180025095e-35 -40.499999999999993
decision_type=2 10 10 10 2 10 2 2 10 8 10 8 2 8 10 8 8 2 10 10 2 2 10 8 10 8 10 8 8 10 8 8 10 10 2 8 2 8 2 10 2 10 8 10 8 8 10 10 10 10 10 8 8 10 8 10 10 10 10 10 10 8 10
left_child=1 3 4 5 8 9 7 16 11 19 12 62 32 14 -14 27 -7 38 26 20 -1 -22 -23 24 25 -3 -18 28 29 -10 -30 -25 -4 -34 42 43 37 -37 47 -39 -41 -6 -11 44 -36 -9 -47 48 49 -8 51 -51 -53 54 -50 56 57 -55 -59 -60 -61 -62 -2
right_child=2 23 10 -5 41 6 17 45 15 34 -12 -13 13 -15 -16 -17 18 -19 -20 -21 21 22 -24 31 -26 -27 -28 -29 30 -31 -32 -33 33 -35 35 36 -38 39 -40 40 -42 -43 -44 -45 -46 46 -48 -49 53 50 -52 52 -54 55 -56 -57 -58 58 59 60 61 -63 -64
leaf_value=0.022763915484298132 0.092424934193138159 0.094904332112223114 -0.019858419009538303 -0.018215362226864623 -0.017399285032373705 -0.015596497909409554 -0.0016015447597688278 -0.015411482670221915 0.26281008000941691 0.046850407131624909 0.0052581903755538591 -0.0040039916083600127 0.19945161321744653 -0.025431770763882606 0.043116568261848037 -0.018436935869083907 0.021496933805077334 0.032924653319846106 -0.0093676260346135156 0.0012010118453426898 0.021971240998236323 0.19755993141450481 0.038983037780870131 0.050260758691726706 -0.00050568563051824999 -0.016396106839008325 0.0015356220155014887 0.017076163818843564 0.14405740153472371 0.084121845297402492 0.013283569013624449 -0.013012982684218875 0.22119385534406835 0.012746760955166471 0.17155891870117684 0.075040087875038672 -0.0022798464391291184 0.0052101986077232728 -0.0078955169064367694 -0.0034330150943262263 0.12270926166382669 0.050591949603131438 0.0085550845982404426 0.019133675833061574 0.018966341221645051 -0.017537466947665465 0.10711163813171336 -0.0062417861177332503 0.1733630989717487 -0.0014636122544400927 0.031886670497339023 0.061302812885390787 0.010551173191088864 -0.012391547428350511 0.037350601009032335 0.0051022721522646424 0.10397267180315953 -0.022537984223214125 -0.0045025931977806018 0.0073240099319214639 0.17927100515085659 0.081056841828058154 0.019828246597563538
leaf_weight=39.412758685532026 3.1133609703974789 3.8563303498085615 371.65439914376475 58.037442302331328 68.599778073839843 68.204312710091472 218.32312691351399 136.57972582394723 1.0218489044345913 8.7286759342532605 38.729512403602712 83.590942355804145 0.91301580483559508 5.095324226655066 4.3249117467785236 5.3350689745275295 38.011056052404456 20.360752832493745 132.37577768566553 23.482404608395882 4.5122097018174827 2.4702980173751712 2.986110356054267 3.337949553737416 18.10949255595915 1.9174042852828277 1196.6130453741644 8.7918194413650763 1.135496618459001 3.3411923997337043 5.5823220555903399 272.66322921565734 0.47733971604611669 1.9288575554965062 1.4802406814415014 5.2122455213684589 360.3523424861487 162.43312786484603 75.018755860743113 1.9062484346795816 2.098130868980661 2.8743050217162809 469.58274710492697 9.8032994741806743 1.637112230062485 2.3386143094394356 1.9324795675929625 73.553992412169464 1.3191701467148957 119.09062563348562 32.59553259704262 8.2306310967542213 211.69647831609473 7.8231991932261797 2.5965369150508191 31.997529908083379 3.7080142030026755 3.6599070308730086 3.4324337536236351 2.3256835743086253 2.416376811102964 4.4538018994498998 8.5127498181536776
leaf_count=1868 103 236 198759 5392 19815 4770 8789 23462 242 557 9508 20213 176 1999 808 1138 471 768 21383 2081 47 203 333 89 2272 195 50428 1825 136 848 1332 66943 192 456 156 222 23983 11336 3836 221 218 406 19863 530 116 510 238 8740 143 2847 1022 341 3937 410 278 5825 154 340 278 153 148 222 407
internal_value=-0.000232133 0.00152044 -0.0112108 0.00250867 -0.000454433 0.00285283 0.00115704 -0.00100761 0.00797979 0.00656384 -0.0160891 0.00127968 -0.0182399 0.0231287 0.0703671 0.0332881 0.000244475 0.00530436 0.00103484 0.0223564 0.0324164 0.0705793 0.110776 -0.0101873 0.0136241 0.0579425 0.00215018 0.0471743 0.0710549 0.125972 0.035388 -0.0122478 -0.0193827 0.0540983 0.00543926 0.00209089 0.00125339 0.00867087 0.00460336 0.00659241 0.0626604 -0.014665 0.00925393 0.0365749 0.0914232 -0.0137658 0.0388607 0.00589272 0.00725815 0.00551519 0.00969628 0.00756274 0.0124505 0.0233917 0.0831721 0.0194784 0.0360137 0.0255625 0.0437918 0.0630153 0.0882169 0.115601 0.0392689
internal_weight=4467.7 3852.68 615.022 3552.79 191.899 3494.76 2398.66 1576.06 120.425 1096.1 423.123 95.2171 384.394 10.3333 5.23793 25.2077 1435.2 822.603 1367 72.8638 49.3814 9.96862 5.45641 299.884 23.8832 5.77373 1234.62 19.8727 11.0809 4.36304 6.71782 276.001 374.061 2.4062 1023.23 544.923 532.002 171.65 802.242 166.438 4.00438 71.4741 478.311 12.9207 3.11735 140.851 4.27109 727.223 653.669 589.936 371.613 339.018 219.927 63.7327 3.91571 59.8169 27.8194 24.1114 16.2882 12.6283 9.19586 6.87018 11.6261
internal_count=534717 276354 258363 206619 46465 201227 139493 101262 26244 61734 211898 20723 202390 2983 984 5521 77052 38231 72282 4532 2451 583 536 69735 2703 431 50899 4383 2558 1090 1468 67032 199407 648 57202 36782 35980 11997 37463 11775 439 20221 20420 802 272 24210 748 33627 24887 16936 8147 7125 4278 7951 421 7530 1705 1551 1141 801 523 370 510
is_linear=0
shrinkage=0.03


Tree=86
num_leaves=64
num_cat=0
split_feature=33 265 10 10 266 193 148 224 257 116 219 116 11 105 92 224 178 17 9 215 215 30 23 53 11 82 49 89 113 83 1 1 210 174 49 116 160 43 22 130 104 182 160 148 113 161 146 124 104 148 10 234 62 262 11 6 107 56 113 219 89 178 116
split_gain=91.9468 29.6084 20.9738 18.2423 18.8553 17.7885 15.7622 20.1853 31.0845 17.0705 19.4842 15.3214 14.8738 14.8554 20.9821 22.1757 36.9338 18.1128 14.5886 18.42 24.4556 13.6367 13.1602 17.559 13.0825 26.6794 12.8969 41.7239 12.7121 12.6975 12.5157 20.1056 21.782 21.8548 18.8087 30.8348 15.7709 14.1997 13.9308 16.832 29.1648 17.1016 29.8784 21.6944 19.2045 13.9017 13.4457 21.669 53.7265 56.0859 13.3863 12.8865 12.0021 11.9962 11.9218 13.4623 11.7298 11.6376 11.6599 11.5451 11.5101 11.2913 11.2512
threshold=70.500000000000014 -3.4999999999999996 6.5000000000000009 6.5000000000000009 8233.521365449853 1.5000000000000002 2022.5000000000002 inf -41673.276165092095 -264.25880472291595 -30024.33647174892 -453.76790509036795 -6862.9602080940704 18607.992863074865 268512.25268120406 -10.499999999999998 -75.443889291109997 20152.601714816989 1997.6954789459362 1464.0107126935761 1729.8619403991881 29.500000000000004 1.0000000180025095e-35 1687.9047412462862 -4676.1028341919728 4.5000000000000009 14.500000000000002 145727.87278321513 2640.0607901970893 337967.38482903928 202051.50000000003 201907.50000000003 -3474.1982862877362 -41.103759918095129 14.500000000000002 32.947959846068009 17.500000000000004 9166.4086526970368 137406.51639786913 1.0000000180025095e-35 2169.5000000000005 278.39652114023153 1.5000000000000002 1830.5000000000002 1542.3602441695559 4067.2716865250827 420846.65466662165 9.5000000000000018 3731.5000000000005 1484.5000000000002 7.5000000000000009 1.0000000180025095e-35 -1575.0422447728095 -1.0000000180025095e-35 -11333.351348799762 86924.510073434314 32381.79083585765 1.5000000000000002 6231.2257189354559 -205446.55753155821 189380.99459997975 49.857698018895029 32.947959846068009
decision_type=2 10 2 2 10 10 8 8 8 10 8 10 2 8 8 8 8 2 8 10 10 2 2 10 2 8 8 8 10 10 2 2 8 10 10 10 10 10 2 10 8 8 8 8 10 8 8 10 10 10 2 10 8 8 2 10 8 8 8 10 8 10 8
left_child=2 6 29 11 21 24 7 -2 -9 -10 -11 -3 56 59 15 16 -15 28 19 -14 -21 22 23 -5 25 -4 -6 -28 -17 54 31 32 33 -26 45 53 37 38 39 -34 41 43 -43 -41 -45 46 -32 50 49 -49 -48 -42 -27 -36 55 57 -8 58 -1 -13 -37 -22 -54
right_child=1 3 5 4 26 -7 12 8 9 10 -12 13 18 14 -16 17 -18 -19 -20 20 61 -23 -24 -25 30 52 27 -29 -30 -31 34 -33 36 -35 35 60 -38 -39 -40 40 51 42 -44 44 -46 -47 47 48 -50 -51 -52 -53 62 -55 -56 -57 -58 -59 -60 -61 -62 -63 -64
leaf_value=0.01038121859556485 0.0016172979691072673 -0.011203557350087072 -0.0045176938644969434 -0.0028990889517030495 0.00054770921250855184 -0.0121377740040163 -0.013344167902594633 0.17827101357497643 -0.0066456192793707533 0.14443155457189491 0.032239111738953524 0.11474780989047263 -0.0052047683302201882 0.0062931572000852415 -0.015857452354649814 0.039017911135818775 0.27733943833822339 -0.017545607943945326 -0.018209643785505374 0.1469754636230452 -0.034120498019607454 0.099350031611503548 -0.022281853046696078 -0.018746285460686119 0.019035943807925549 -0.017652917516060563 0.30551507270640815 0.0033957316666987027 0.18401888259543506 -0.03161235572800776 -0.00082435499910762185 -0.0090892855096614718 -0.00072983698714736308 0.17066570184048485 0.026869331362452783 0.0412255911860804 0.10325742316524668 0.076349045507208058 -0.018825983346434743 -0.017694742874332127 -0.016396541159050256 0.0015871143839019035 0.15601273465131052 0.011638263250565006 0.12042048150275726 -0.014090650052422242 0.017897970256880981 0.027598396944336114 -0.022952945072017967 0.25797643182793067 -0.0060809972197476657 0.068794354941112676 0.024203295910051933 -0.020733627495423911 0.0035286753006831834 -0.01715328186139229 0.016846436098065527 -0.006541437094159522 0.026271583032327933 0.00067422150552653439 0.11005976893781287 0.088677100477106502 0.0090184597719323231
leaf_weight=178.41156423953362 132.9146946814144 70.433407809701748 154.57314751658123 108.78337589569855 40.521325015113689 107.82352389197331 16.320112557499669 1.2575151436030862 8.6944511702749914 1.6655328765045849 8.5185600734548625 0.81258272030390699 155.55521894712001 0.78407738287933171 3.5308764582732701 1.2622546333586773 1.0697978923562912 2.3863962133182213 95.963714403333142 1.6748020431259636 2.126067259931006 0.91533849691040714 202.58654174627736 149.28014936763793 2.3643303161952649 12.047621091129256 0.53552117000799571 1.7751005277968941 0.95647980016656209 8.7862720086704922 206.07231409708038 324.24171602795832 239.58085489820223 1.3405652067158369 10.572818384971468 4.7008754970738638 1.3441034699790169 2.1920523247681549 32.54018365079537 4.6575414316030228 13.559054175275376 1.7912126830779005 3.0437080387491733 2.767738620401361 3.0926570489536971 46.727328060544096 54.56696967955213 1.9429878845112392 3.4616617605788633 1.862986128311604 34.013508647913113 1.8115557881537814 59.979350020294078 8.6728261475218513 1571.4197301049717 15.192956091836093 39.895832681446336 27.539034830639139 54.180327909300104 46.050254815840162 4.0872123911976823 0.98666859429795284 163.97906313289423
leaf_count=1549 25994 24474 3296 26318 6842 18561 3058 161 1209 123 970 136 40938 192 739 245 218 872 39200 152 279 177 125299 49577 273 493 96 451 159 313 12892 29741 22398 160 655 184 167 217 4182 543 1481 135 233 180 190 3890 2127 167 331 173 2225 225 1851 697 57593 140 2672 332 444 11265 142 130 4591
internal_value=-0.000228884 -0.00777024 0.00223024 -0.012001 -0.014562 -0.0003958 -0.00203 0.00585784 0.033849 0.0242289 0.0505874 -0.00185239 -0.0058929 0.00973253 0.0429465 0.0750923 0.162703 0.039823 -0.00895797 -0.00342093 0.0545389 -0.016329 -0.0165588 -0.0120661 0.000507504 0.00517065 0.0044787 0.0734164 0.101527 0.00436644 -0.00129399 -0.00386617 0.0015954 0.0739011 0.00303753 0.0266786 0.000721044 0.000269231 -0.00028145 0.00195101 0.0228562 0.0521022 0.098802 0.030635 0.069045 0.00113662 0.0034933 0.0127762 0.0625753 0.140366 0.00869042 -0.00635608 0.0115161 0.00541761 0.00453761 0.0102962 0.00808177 0.0118993 0.0140827 0.00265221 0.0732394 0.00480363 0.0130852
internal_weight=4462.2 1097.26 3364.94 631.683 504.397 1509.41 465.573 153.051 20.1361 18.8785 10.1841 127.286 312.522 56.8527 9.98988 6.45901 1.85388 4.60513 256.306 160.343 4.78754 461.565 460.65 258.064 1401.59 390.579 42.8319 2.31062 2.21873 1855.53 1011.01 634.327 310.086 3.7049 376.681 28.0337 306.381 305.037 302.845 270.304 30.7235 15.3529 4.83492 10.5179 5.8604 348.648 301.92 95.8481 7.26764 3.80597 88.5805 15.3706 236.006 19.2456 1846.74 275.324 56.2159 260.131 232.592 46.8628 8.78809 3.11274 223.958
internal_count=534717 361946 172771 247060 208760 112400 114886 28457 2463 2302 1093 38300 86429 13826 2425 1686 410 1276 80699 41499 561 201371 201194 75895 93839 10231 7389 547 404 60371 83608 60125 30384 433 23483 1678 29951 29784 29567 25385 2987 1281 368 913 370 21805 17915 5023 671 340 4352 1706 6935 1352 60058 2465 5730 2325 1993 11401 326 409 6442
is_linear=0
shrinkage=0.03


Tree=87
num_leaves=64
num_cat=0
split_feature=55 9 91 50 20 189 180 94 160 39 226 21 189 79 79 2 170 251 50 149 0 221 117 186 184 170 119 20 3 64 137 225 3 32 55 2 204 224 195 94 130 113 14 0 173 201 103 39 0 184 245 225 178 231 251 224 133 117 259 158 209 130 79
split_gain=89.9149 48.2296 37.4535 27.7508 27.2345 24.3382 17.401 16.4768 14.5515 22.8487 14.3536 18.5324 14.4355 15.1877 16.174 15.7799 14.1888 16.2751 13.9929 13.9441 25.8803 13.8203 14.2706 14.3223 13.7856 19.3766 13.6918 14.4945 25.7676 13.94 13.5732 13.2619 18.2374 15.1548 13.1016 13.0035 13.0762 15.4857 14.5183 13.942 22.0211 12.7294 12.5897 13.7933 13.6898 15.3833 15.3275 20.8868 19.5835 17.3483 19.2222 24.6905 12.8286 18.4183 25.737 12.8084 13.7315 14.5948 12.5529 27.0509 12.4126 13.6461 12.3761
threshold=733.30220192056618 1997.6954789459362 39079.507154680679 1532.5000000000002 787.26237430892422 -82077.19114771641 1.0000000180025095e-35 3341.5000000000005 26.500000000000004 6.5000000000000009 -1.4999999999999998 1.5000000000000002 -1.0000000180025095e-35 4136.5666784943269 5808.2996793460798 1.0000000180025095e-35 -2624.5607004286339 -5115.2801913526519 1181.5000000000002 80268.534914304284 40149470.500000007 1.0000000180025095e-35 218.41844885854502 -1.0000000180025095e-35 -1753.6127507133913 -128.95574960634596 -8063.3072479588836 35549.553843404741 32.500000000000007 11.500000000000002 5260.4561633959465 108.50000000000001 47.500000000000007 12.500000000000002 8512.8502723100701 1.0000000180025095e-35 -2075.2783069173997 -14.499999999999998 -7753.5314901927568 526.50000000000011 65819.39464263944 1.0000000180025095e-35 20078.288627705155 24041036.000000004 -16700.125244054725 1.0000000180025095e-35 9.5000000000000018 21.500000000000004 20381360.000000004 -4110.7277065833032 -1.4999999999999998 -2.4999999999999996 18.388731844800002 -7851.9605844111638 -18336.457410655592 1.5000000000000002 2236.53397955125 521.74717126328403 5.5000000000000009 605.50000000000011 84165.307009495751 390743.59901524411 1466.4907554733743
decision_type=2 10 10 10 2 8 10 10 10 10 10 2 10 10 10 2 10 8 10 10 2 10 8 10 10 10 10 2 2 10 10 8 2 10 2 2 10 10 10 10 10 10 2 2 8 10 8 8 2 10 10 10 10 8 10 10 10 10 10 10 10 10 8
left_child=1 4 3 8 5 62 10 30 26 34 12 21 13 -7 15 24 -14 35 19 -3 -21 22 -12 -24 25 -15 27 29 -29 -2 -4 -16 33 -33 -10 36 39 38 -38 40 -18 -40 43 44 -6 46 47 49 -49 50 51 -46 -47 54 -54 -51 -57 -58 60 -60 -28 -62 -1
right_child=2 18 7 -5 42 6 -8 -9 9 -11 11 -13 16 14 31 -17 17 -19 -20 20 -22 -23 23 -25 -26 -27 58 28 -30 -31 -32 32 -34 -35 -36 -37 37 -39 41 -41 -42 -43 -44 -45 45 52 -48 48 -50 55 -52 -53 53 -55 -56 56 57 -59 59 -61 61 -63 -64
leaf_value=0.0095390386934715559 0.00050866881782052169 -0.0015240490595068688 0.025141821167669436 -0.020651949343889923 0.08800803828531463 0.005919072771360224 -0.018460954460105001 -0.020773972875082945 -0.012925225592290613 0.18880617801834093 0.0032441521864591352 -0.012358632384930032 0.0087693141816801851 0.045325365917015206 0.0046060758833618787 0.013833732257401726 0.12543911309137359 -0.012061554436767277 -0.014267322110946112 0.22081089601664444 -0.030421197275474182 0.012402959420999279 0.034914056486726047 -0.0037437443947173077 0.039815130377423118 0.17077134142405462 -0.015580453889362094 0.27095215574222403 -0.030128095669500681 0.11319133600970023 -0.0055118970627280823 0.039458744755130934 0.0044968604741557642 0.1298260529974315 0.10783472744181551 -0.0081042618839283643 -0.031080313498994996 -0.0003716149906843633 0.12623796972778675 0.0046894609269377864 0.017801292465969416 0.036556963579149795 -0.014850011943960965 -0.0058657625104641415 0.054001699068754176 -0.022645505322701494 -0.0085416538427061425 0.0347783433047439 0.20276036677916487 -0.00080379007373582493 0.024638890826639784 0.25133329677863608 0.00017342048348268916 -0.024130466875085972 0.13799465447116518 0.00121996867724191 0.13727687860633467 -0.00087261290624473197 0.29932176514296188 -0.030107461860187548 0.0083340997718175797 0.14706660399509711 0.029318941311537592
leaf_weight=85.744245375622995 60.971360004739836 84.302333273808472 40.977093692170456 275.52572963491548 1.8985697895986959 889.35285692522302 34.347735195653513 13.954499394400043 3.3657538149273014 0.81633316876832385 955.03566678671632 87.010928759467788 122.95312025374733 2.3903694122564048 60.429497271659784 12.788616700330749 3.1596265919506532 114.77939737681299 213.6252149939537 0.71666257560718694 0.76077559986151755 104.54962954181246 8.7827370651066285 481.67253131803591 9.7746991044841689 2.0659284628927717 141.31299170397688 0.4974878878565494 0.52666370768565685 1.0043548303656269 19.041708098608069 5.1105135857360429 8.2167282918235269 2.4810697217471898 1.064242686727084 58.218357541714795 2.3368830760009578 65.658962173620239 1.7199918596306805 6.0271724027115852 3.7300469401525334 8.290406128857283 89.873745775548741 232.97254976024851 1.4148103038314732 21.804763209074739 14.90907348890323 1.3765753766056144 1.1434204997494815 20.131821225280881 3.7807452053530097 0.95644474751316 2.8587176529690623 4.6305715405615029 2.1266346626216546 2.8200786071829489 2.1200748883420606 1.0190622615627942 0.36418922373559226 0.58419443981256336 11.415709834662263 0.67588792124297548 42.620390423224308
leaf_count=3555 14909 10657 4984 162347 220 29428 3357 5300 1251 215 22935 8321 6056 142 5186 994 110 5300 60874 147 117 5212 61 42270 387 136 52360 136 193 152 3677 346 835 237 126 4675 229 3859 201 529 194 559 25840 27525 241 3323 1760 217 111 2227 588 146 370 654 240 330 167 232 100 234 2912 149 4572
internal_value=-0.000225647 0.00140968 -0.0113293 -0.0142874 0.00237571 0.00330992 0.00277151 0.00858948 -0.00640948 0.0429611 0.00301327 0.00111362 0.00526762 0.00718352 0.0180742 0.0380183 0.000351933 -0.00356948 -0.0101576 7.72013e-05 0.0914442 0.00186988 0.00110804 -0.00305149 0.0597517 0.103482 -0.00760116 0.00418456 0.116123 0.00233476 0.0154165 0.0110058 0.0354694 0.0689925 0.0160856 0.00296602 0.0100544 0.00542482 0.0362484 0.0380127 0.0671643 0.051966 -0.00494272 -0.00212465 0.00837735 0.00651301 0.0169052 0.0278187 0.110998 0.0213177 0.0666356 0.133595 -0.00991569 0.01895 0.0589647 0.0106323 0.0492663 0.0924292 -0.0124115 0.0963968 -0.0130842 0.0160889 0.0161065
internal_weight=4456.59 3884.49 572.098 498.125 3585.09 3179.25 3050.88 73.9733 222.599 5.24633 3016.54 1637.05 1379.48 992.61 103.257 27.0196 386.874 263.921 299.405 85.7798 1.47744 1550.04 1445.49 490.455 14.231 4.4563 217.353 62.9999 1.02415 61.9757 60.0188 76.2378 15.8083 7.59158 4.43 149.141 90.9231 78.0062 12.3473 12.9168 6.88967 10.0104 405.838 315.964 82.9914 81.0928 49.6721 34.763 2.52 32.243 6.152 2.37126 31.4207 9.61592 4.98535 26.091 5.95922 3.13914 154.353 0.948384 153.405 12.0916 128.365
internal_count=534717 285672 249045 235084 213877 149686 141559 13961 72737 1592 138202 78799 59403 37691 8263 1659 21712 15656 71795 10921 264 70478 65266 42331 665 278 71145 15390 329 15061 8661 6604 1418 583 1377 10356 5681 4848 989 833 304 760 64191 38351 10826 10606 6019 4259 328 3931 975 387 4587 1264 610 2956 729 399 55755 334 55421 3061 8127
is_linear=0
shrinkage=0.03


Tree=88
num_leaves=64
num_cat=0
split_feature=14 23 16 53 205 209 68 5 5 2 29 181 221 29 53 111 94 16 0 83 178 29 58 84 44 36 172 104 183 93 68 265 68 230 43 50 209 103 170 101 26 154 141 251 50 48 79 0 58 111 47 109 43 36 160 114 0 251 251 119 119 63 186
split_gain=85.4865 38.4902 33.1302 32.0443 27.4704 23.8512 24.2793 23.1455 27.0377 23.0622 25.4863 19.4172 18.5884 19.951 22.5391 18.4521 26.3856 18.1964 16.3404 17.635 15.8366 15.8241 15.0608 14.5265 14.3666 14.2154 15.0272 18.2549 14.2479 19.7379 24.718 21.1753 14.1119 22.4784 14.0656 15.9576 20.4239 18.2116 23.648 19.9909 15.3829 14.9107 19.4154 24.8841 18.6281 21.9287 17.1213 20.5648 15.9153 14.6696 14.4675 14.1762 13.8564 13.7658 13.3789 21.6509 16.6031 13.3606 15.8874 13.2387 17.3628 18.5099 12.7562
threshold=79863.926260527252 1.0000000180025095e-35 2.5000000000000004 19036.834368759621 1.0000000180025095e-35 138347.44402902038 203700.7788664746 3998.4179129591594 4537.3546425824024 1.0000000180025095e-35 12098.699560571464 -1.0000000180025095e-35 1.0000000180025095e-35 9149.3321858466825 2896.874499436643 66.500000000000014 526.50000000000011 1.0000000180025095e-35 54259455.500000007 1.0000000180025095e-35 18.388731844800002 65755.319192425435 288.50000000000006 22.500000000000004 1.0000000180025095e-35 -1247.4999999999998 999.82160016607315 1733.5000000000002 -1085.2486731330057 -1.9999999999999998 10070.718896970126 -1.0000000180025095e-35 -6663.7197524214325 -2754.3071282831947 298.4042459193526 5141.5000000000009 -66769.952405897799 1.5000000000000002 -564.14467299285081 17847.196700667326 1.5000000000000002 -455.49999999999994 136.50000000000003 65775.392019975305 602.50000000000011 743224.74183769512 5217.2964938856176 38707735.000000007 110.50000000000001 70.500000000000014 3778.8848054570176 2538.1054308810239 26342.954715467629 -1490.4999999999998 3.5000000000000004 17443.831412828931 40149470.500000007 -6089.4958176521895 -8299.9143438021401 -6442.7463991314462 -8063.3072479588836 79.85304406943601 -1.0000000180025095e-35
decision_type=2 2 2 10 10 10 8 8 10 2 2 8 10 2 10 10 8 2 2 8 10 2 10 10 10 8 8 10 8 8 10 10 10 10 8 10 8 8 8 10 2 8 10 10 8 10 10 2 10 10 10 8 8 8 8 8 2 10 10 8 8 10 10
left_child=1 4 -2 5 9 15 7 -7 -9 11 20 -1 24 57 53 17 -17 22 -4 -20 34 -5 -3 -19 25 -13 -27 -28 32 30 -30 -32 -29 -34 35 41 -37 38 39 -38 52 42 51 -44 -43 49 47 -47 -45 -46 -40 62 -36 -15 -55 56 -56 58 -14 60 -22 -62 -11
right_child=2 3 18 21 -6 6 -8 8 -10 10 -12 12 13 14 -16 16 -18 23 19 -21 59 -23 -24 -25 -26 26 27 28 29 -31 31 -33 33 -35 40 36 37 -39 50 -41 -42 44 43 48 45 46 -48 -49 -50 -51 -52 -53 -54 54 55 -57 -58 -59 -60 -61 61 -63 -64
leaf_value=0.012931454424421398 -0.0023717497178916813 -0.005130923866503833 -0.019213044503322486 0.017098066902656639 -0.017884369741333846 -0.015889817941308164 0.2352145706737834 0.21401927121245373 0.012257034585502346 0.031812693260437022 -0.0091727301683264227 -0.0019881544476019791 0.0071179418994513719 -0.0035189847573578559 -0.0087523328805547192 0.14383300549632513 0.0070630131783725007 -0.018731834885309405 0.034687296627042459 -0.017840209848171407 -0.00094833892521331716 -0.018257534605784505 0.10692676391304563 0.13762723715212072 0.028633404600002813 0.0017347836269709363 0.0046083214860696917 0.051023020826904499 0.022550297961398024 0.0054200275617202719 0.045390033246037513 0.20717017406119306 0.004306087255965505 0.062945686673349516 -0.010918160495270298 0.12249993246633813 0.056154160381921545 0.009221923443974921 0.065660967130474507 0.25916272662758449 0.027136660254418198 -0.015982295168402976 0.016469282654489777 0.026767495740567138 0.01151923423572237 0.0069390639057986536 0.17170352087236362 0.12459681736164321 0.17859734970372185 0.079772782965617059 -0.0031213574178153391 0.065367388861771403 0.001203955953086405 0.028988429650161213 0.14190397611944985 0.0049782508642207237 0.059802435542387691 -0.016517479372842217 0.056564288601669094 -0.010988849008749517 0.1209972923920437 0.017028493503628145 -0.0030975604353747463
leaf_weight=235.56912409083452 222.91215793497395 132.26748370449059 304.24776106677018 62.380959703819826 59.060269482666627 4.0873318139929316 0.55018245184328396 1.0679826058913025 1.3576847432414068 9.7545334743335825 235.613749787095 420.6879080896033 30.266908357501958 3.1829607909312472 6.8610484981909385 1.543190302909349 7.1575650463346401 213.10235047549941 10.901156319887379 12.178998341551049 26.007625811966136 13.938952259602955 1.0883424102794368 0.53610328887589176 19.557593826204538 743.35555979562923 329.90354227775242 18.509268813650124 9.6741798099828866 85.703335436643101 1.5349272463936361 1.3853379418142147 24.812616679584607 7.7119723302312186 110.60431648651138 1.7278196432162074 0.92467160208616384 46.920509345945902 5.8600114816799742 0.82702059776056558 17.356910357018933 18.883929958334193 15.678729542298244 1.0449535148218267 130.33979050582275 3.9901531047653398 1.1724677711026741 2.0107165757799521 1.5328096676385028 2.8970564377959809 5.1895220511360094 2.847786627477034 364.69491839699913 6.2607101774774589 4.9604680431075305 2.4746111675631317 4.007962582167238 15.395798117737284 7.2489329481031772 136.37293086235877 2.3496448635123661 4.4787852971348912 274.7814467450371
leaf_count=3672 33993 23244 151395 5924 5377 1181 96 157 294 56 34349 19038 1128 208 1134 242 1890 114298 3005 4877 1546 2394 170 232 118 32256 6369 373 335 4815 116 162 740 205 13928 34 97 4274 192 177 646 1050 1693 152 8533 478 174 125 166 108 729 78 11283 282 252 263 148 621 261 16679 104 419 16382
internal_value=-0.000222243 0.00133914 -0.0112921 -0.00702837 0.00240038 -0.0107457 0.0438434 0.0276774 0.10109 0.00275244 -0.000159224 0.00484727 0.00375499 0.0178196 0.038423 -0.0118297 0.0313209 -0.0129117 -0.0173669 0.00696944 0.00162803 0.0106408 -0.0042164 -0.0183395 0.00307276 0.00276854 0.0044053 0.00854762 0.0172503 0.0105734 0.0456413 0.122137 0.030111 0.0182102 0.00303932 0.00644909 0.0208169 0.0178751 0.0495916 0.152 -0.000603891 0.00455012 0.000671581 0.0306709 0.0119919 0.0157542 0.0668494 0.0463627 0.11705 0.0130033 0.0333567 -0.00123417 -0.00161692 0.0539196 0.0642465 0.0835368 0.105213 0.00701488 0.0166721 -0.00687125 0.0102297 0.0528039 -0.00190076
internal_weight=4451.31 3901.07 550.24 439.078 3461.99 362.758 7.06318 6.513 2.42567 3402.93 1423.86 1979.06 1743.5 80.6594 27.7478 355.695 8.70076 346.994 327.328 23.0802 1188.25 76.3199 133.356 213.638 1662.84 1643.28 1222.59 479.235 149.332 98.2978 12.5944 2.92027 51.0339 32.5246 1019.04 526.384 61.4496 59.7217 12.8012 1.75169 492.656 464.934 305.64 18.2565 159.294 140.41 7.17334 6.00087 2.57776 133.237 11.0495 287.384 475.299 20.8867 17.7038 11.443 8.96843 52.9116 37.5158 169.209 32.8361 6.82843 284.536
internal_count=534717 341447 193270 150122 191325 141804 1728 1632 451 185948 113452 72496 68824 4297 2287 140076 2132 137944 159277 7882 79103 8318 23414 114530 64527 64409 45371 13115 6746 5428 613 278 1318 945 60355 34498 5503 5469 1195 274 25857 28995 18527 2011 10468 9418 777 603 318 8641 921 16516 25211 1153 945 663 400 2010 1389 18748 2069 523 16438
is_linear=0
shrinkage=0.03


Tree=89
num_leaves=64
num_cat=0
split_feature=55 9 11 209 203 267 199 58 181 36 220 99 36 210 99 145 17 116 263 188 216 224 64 209 39 36 116 115 216 100 209 171 236 131 219 100 173 90 6 111 210 231 175 142 11 237 148 37 224 210 112 160 45 85 6 93 109 58 188 100 132 112 175
split_gain=82.1828 43.9496 37.1468 25.9351 25.7655 24.8371 22.5891 19.1922 15.1918 16.6689 21.1585 14.1795 30.8013 16.4302 13.8451 13.8036 16.044 14.4275 16.1358 24.6409 25.3404 15.7468 13.5824 13.2234 14.0037 12.8904 12.5964 12.4725 16.3968 12.2973 12.1816 12.8313 16.7562 15.7108 16.4432 28.1862 12.7691 11.9871 11.811 11.3632 13.8985 14.9038 17.8375 12.3652 11.233 11.0214 21.0656 23.9774 21.9519 11.8019 10.9523 14.6614 14.0409 16.9217 15.7865 15.4791 10.8721 10.7721 10.704 14.1863 16.9051 35.4717 21.2252
threshold=733.30220192056618 1997.6954789459362 -3271.5187061495149 138347.44402902038 1.0000000180025095e-35 5083.0411112877746 1.0000000180025095e-35 47.500000000000007 -1.0000000180025095e-35 -1643.4999999999998 1.0000000180025095e-35 237242.48101902221 -1580.4999999999998 1625.6979844032639 1404057.9107269503 854.75263658961114 965.52671810684058 -2561.2194441266488 -249.49862342231219 -12573.339971703275 3.5000000000000004 17.500000000000004 4.5000000000000009 -66769.952405897799 1.0000000180025095e-35 -1308.4999999999998 -1317.0756948576998 3915.0112199533337 -4.4999999999999991 -2159.4999999999995 -1.0000000180025095e-35 1.0000000180025095e-35 -2331.2580867722204 1.5000000000000002 5728.0426944752826 -1153.4999999999998 284.90099391364498 -272.49999999999994 15172.246373753807 41.500000000000007 -6043.9420171786514 -2614.6939076335289 -2707.0455054498984 1.0000000180025095e-35 -386.37100931244947 -42731.376053169653 3154.5000000000005 26730.280071416728 17.500000000000004 -2249.4492491943765 181.50000000000003 3.5000000000000004 258153.60566655252 1.0000000180025095e-35 7870.8890527687245 7.5000000000000009 4892.1318149621229 205.50000000000003 1233.7288654277115 -821.49999999999989 19191.274572835551 110.50000000000001 183.77326557465059
decision_type=2 10 2 10 10 8 10 10 8 8 8 10 8 8 10 8 2 10 8 10 8 8 8 8 8 8 8 10 10 10 8 10 8 8 8 10 10 10 8 10 8 10 10 10 2 8 10 10 10 8 10 8 8 8 8 10 10 8 10 10 8 10 8
left_child=1 4 5 7 6 -2 8 27 15 -10 14 12 -5 57 23 16 29 -18 19 20 -19 -21 -3 24 -11 44 45 -4 -29 -1 31 32 33 34 36 -36 -24 38 -7 50 41 42 -41 58 -16 46 47 48 49 -25 -28 -52 53 -53 -54 -55 -32 -14 59 -42 -61 -62 -63
right_child=2 22 3 11 -6 37 -8 -9 9 10 -12 -13 13 -15 25 -17 17 18 -20 21 -22 -23 30 26 -26 -27 39 28 -30 -31 56 -33 -34 -35 35 -37 -38 -39 -40 40 43 -43 -44 -45 -46 -47 -48 -49 -50 -51 51 52 54 55 -56 -57 -58 -59 -60 60 61 62 -64
leaf_value=0.028004085550930473 -0.012217434456414831 0.046099456960054512 -0.0081024045050804103 0.18917234138415984 -0.017024679962230831 -0.0086337593863849583 -0.0089561389731887472 -0.021463282409602099 -0.0056599186390304569 0.076312119196347283 0.010162036963884555 -0.001785121025439916 -0.011790122055046853 0.14619139223580099 0.093707091552887603 0.0034090618189453995 -0.013103807758945946 0.068053301734717117 0.020532196655844367 0.017491508597201107 0.2484731181459259 0.093901177141503381 0.0059501969941576863 0.10434277761444131 0.014088333504368947 -0.024604461231873098 0.0045503021271396061 0.18678772258703052 -0.0024901704788649576 0.0065606142750207937 -0.012904232542638526 -0.011543483724418506 -0.014894454522018503 0.0029518639836355128 0.060681843049574517 0.30962030229564746 0.12412672812018914 -0.037060989246623953 0.020782256104153095 0.11683010886537455 -0.0004633899175220041 0.12255310653552626 -0.0010971322633872207 0.028313696105009268 -0.030278071015553732 -0.0087875441782800032 -0.025156885698474404 0.19128451748963216 0.17147469877505453 -0.0044768521985856019 -0.0076999189443585775 0.13672008958631029 0.049835547400072379 0.0077458591515653904 -0.014737964513349161 0.12763180848352199 0.083793334193783112 0.12583900817401844 -0.0056617694162622622 0.0069780066353269206 -0.031880097332321514 0.064208058168833237 0.26942533166742294
leaf_weight=28.342711509671062 63.497441787156276 3.858998304931446 112.87526942824479 1.2229064443381501 61.390767870820127 15.154021265101619 146.45308155938983 279.21636120113544 222.02643404609989 3.6510508462088183 317.62245219713077 11.398008118267169 4.5510177218820926 0.84869759855791915 1.6318162526004019 278.35232165071648 5.643605005927383 1.7344139284687106 18.502298488630913 7.3463696747785425 1.175461696344428 3.6252145083853966 2.175439364626071 1.0642780238995326 30.020778752630576 27.196977082174275 808.62662349548191 0.68770605989266176 1.0271100302925322 159.62866870895959 262.5838148460025 13.798404240631497 4.7837403775192824 3.1738025983795533 0.97890448046382517 0.70355792099144199 1.3235208218684418 4.1530868953559539 64.876806074520573 1.4110471613239495 786.98633889039047 1.5390182496048508 6.3462274861522019 14.180954144918358 1.1016363524831829 143.58608270680998 5.863756528007797 0.94347901386208821 0.88540533056948323 5.7061087685869989 9.7037421456770989 2.3490003854967654 7.1067539458163065 3.7007806051988181 6.5457958827028051 1.3132362765027208 1.0506564929382864 0.57668025512248267 232.88253433723003 230.90375040541403 1.5207792345900082 0.92781727167312034 0.88745100691448897
leaf_count=246 24315 96 45926 223 6841 2376 24613 162539 16051 215 21215 5518 1179 233 119 5252 804 202 1735 665 121 259 326 104 1611 3186 35919 141 265 1541 67200 2267 710 542 206 125 172 397 5755 190 34827 118 643 214 233 19463 1442 120 131 920 546 121 109 410 300 113 151 178 21908 10899 209 170 92
internal_value=-0.000218975 0.00132991 -0.0109623 -0.0155857 0.00224366 0.0019485 0.00257885 -0.0172205 0.00307827 0.00223667 0.00289673 0.0190338 0.0519945 0.0239248 0.00190997 0.00788111 0.0133891 0.0311606 0.0388746 0.0633229 0.140935 0.0427387 -0.00981285 0.0021728 0.0208353 -0.0183629 0.00189658 -0.00688248 0.0734174 0.0097939 -0.0105554 0.0086609 0.0298793 0.0555143 0.0877107 0.164781 0.0506518 0.0126334 0.0152123 0.00250653 0.000724999 0.0372731 0.0203538 0.000457109 0.0437386 -0.00627325 0.0186882 0.0485857 0.0309999 0.0126292 0.00521824 0.0228004 0.0368836 0.0702745 0.0188754 0.0391455 -0.0125189 0.00368817 0.000142118 0.00146565 0.00794673 0.0749967 0.164535
internal_weight=4444.94 3884.86 560.085 412.404 3590.43 147.681 3529.04 393.806 3382.58 2878.23 2656.21 18.5973 7.1993 5.9764 2338.58 504.351 225.999 38.0274 32.3838 13.8815 2.90988 10.9716 294.431 2308.65 33.6718 29.9304 2274.98 114.59 1.71482 187.971 290.572 26.9374 13.139 8.35523 5.18142 1.68246 3.49896 84.1839 80.0308 2116.93 1277.59 9.29629 7.75727 1268.29 2.73345 158.049 14.463 8.59927 7.65579 6.77039 839.346 30.7193 21.0156 7.36302 13.6525 5.01402 263.634 5.1277 1254.11 1021.23 234.24 3.33605 1.81527
internal_count=534717 285672 249045 216202 213877 32843 207036 208871 182423 171598 155547 7331 1813 1590 134332 10825 5573 3786 2982 1247 323 924 71795 130794 1826 3538 128968 46332 406 1787 71699 4348 2081 1371 829 331 498 8528 8131 106788 69270 951 833 68319 352 22180 2717 1275 1155 1024 37518 1599 1053 644 409 523 67351 1357 68105 46197 11370 471 262
is_linear=0
shrinkage=0.03


Tree=90
num_leaves=64
num_cat=0
split_feature=14 55 91 16 22 226 68 55 68 47 173 180 205 185 47 86 74 158 145 0 83 57 22 189 86 4 60 230 209 11 139 4 11 101 158 21 218 83 158 188 145 84 0 62 40 212 83 9 58 11 243 193 106 192 68 158 185 145 226 39 28 27 189
split_gain=78.6227 35.0918 35.0227 31.999 29.5888 25.4417 24.8311 20.6933 24.9817 18.9668 18.0205 17.8581 19.6923 17.5242 16.8224 16.7116 16.416 16.3494 19.7358 15.7827 16.236 14.7574 14.7439 14.6174 18.1704 15.8926 14.4669 16.8217 14.2985 14.2738 15.587 14.233 16.9486 20.283 15.1228 18.8041 14.5569 14.0166 15.2014 13.5267 12.7504 12.6649 12.6133 12.3536 12.2626 12.9542 12.339 12.2713 12.0701 12.0434 14.1584 14.0676 11.9584 11.9537 11.7803 17.5823 14.0246 23.942 13.1291 23.4606 20.1481 11.5696 12.9692
threshold=79863.926260527252 733.30220192056618 39079.507154680679 2.5000000000000004 11048.616865327827 -1.4999999999999998 164843.40843950617 8512.8502723100701 203700.7788664746 2358.6269094291715 -16700.125244054725 -1.0000000180025095e-35 -5489.4182379428466 11361.512131165893 1.0000000180025095e-35 1.0000000180025095e-35 4423.74328814197 4447.5000000000009 3127.8942770190756 54259455.500000007 1.0000000180025095e-35 64.500000000000014 504629.39387559146 -82077.19114771641 18.500000000000004 113.50000000000001 9890.4967436944771 -1774.9318196744969 -66769.952405897799 -6862.9602080940704 1.0000000180025095e-35 23.500000000000004 -4676.1028341919728 165003.27644549133 2401.5000000000005 7.5000000000000009 141199.92764396037 20552.347491599776 605.50000000000011 11132.474941326165 -161.08419374688745 1.0000000180025095e-35 33819225.000000007 -698.61151200583788 113.50000000000001 1.0000000180025095e-35 1.0000000180025095e-35 401.27894944712506 14.500000000000002 -2731.8544827623791 321.81968727238069 -1.0000000180025095e-35 45.500000000000007 -5.4999999999999991 -6663.7197524214325 6827.5000000000009 -16697.903566935689 138349.6081385639 -4.4999999999999991 -1.0000000180025095e-35 6.5000000000000009 2816.5736119162862 -56055.955163804349
decision_type=2 2 10 2 2 10 10 2 10 10 8 8 8 8 8 10 8 10 8 2 8 8 2 10 10 2 8 8 8 2 8 2 2 8 10 2 8 10 10 8 8 8 2 10 8 8 10 10 8 2 10 8 10 8 10 10 10 10 10 8 8 2 8
left_child=1 4 7 21 6 15 11 31 14 -7 -8 13 -13 -1 -9 29 17 23 43 -5 -21 22 -2 24 42 -26 -15 -28 39 53 -31 -3 33 36 35 -35 -33 38 -4 41 -30 -14 -12 -19 -42 47 -47 -46 -32 -48 -51 -52 -16 -6 55 -49 57 58 59 60 -56 62 -23
right_child=3 2 37 19 5 9 10 8 -10 -11 16 12 28 26 52 -17 -18 18 -20 20 -22 61 -24 -25 25 -27 27 -29 40 30 48 32 -34 34 -36 -37 -38 -39 -40 -41 44 -43 -44 -45 45 46 49 54 -50 50 51 -53 -54 -55 56 -57 -58 -59 -60 -61 -62 -63 -64
leaf_value=0.0086543325893341915 -0.0082579701546869281 0.0038472121719034334 0.046951895453063518 -0.018894599158166218 -0.0052974362552391093 -0.0046224075705713526 0.14380045872438593 0.17032707095721955 0.20856861900354304 -0.020827493173295093 -0.026498102194266741 0.01640719311484996 0.007340686492916023 0.087258752447580343 -0.017291485501175843 -0.00773428219579172 -0.030299451093760883 -0.031797306674467847 0.18593538108636093 0.032700325637328387 -0.017567749970163356 0.038830458420470677 0.052056144403528994 -0.019917712261829344 0.028038589670362695 0.14523851234782251 -0.011363271868237063 0.054367212980546552 -0.014537174196294335 0.010435793209977381 0.051396867758189718 -0.015049681923937356 -0.019652855941632384 0.0028790738973725641 0.091448358740454261 0.10691771924701167 0.14778244948834879 -0.010042824238037594 0.0093182722503052703 0.083678652397082803 -0.010161191988276632 0.059430041170364656 0.041065881123619107 0.079650833936592669 0.0025304747347829073 0.0051248678533006341 -0.01519474245321535 0.0071657505237121616 -0.010566437561168091 0.021396247880546618 0.15711686567070227 0.026069417902431401 0.1356198323923444 0.017506842386424342 0.22095905243566005 0.10006272363892624 -0.0095313316247980333 0.17915339932686894 -0.0063178933279887332 0.013247640405323299 0.028362113537733734 0.08516795213831159 0.0016274048472004251
leaf_weight=232.6315380964661 158.26581239898223 40.517051781760529 15.172315687406806 295.65212086925749 25.942630626843311 190.21333358844277 1.2044849196681753 0.59735997871030044 0.73116005666088302 98.749352372251451 3.9169035264058127 88.449469177983701 26.739440866280351 4.295999726629816 3.9062655715970322 124.26824684906751 4.1063424031017339 1.2175886575132602 1.218422031146474 11.235068369773218 11.916101759881711 10.264795492519623 3.7337372265756121 5.5618811944732469 1.9655143778072659 2.2145969066768885 6.4422211170895025 7.6833387308288383 42.618670947966166 66.958161806222051 2.9222762995632356 44.030575274024159 196.2183234395925 15.791426561539998 2.5443123565055421 1.7353422578889866 0.49972825031727452 15.984999461565165 26.588061480317265 2.8569024213356888 72.156358498381451 4.9839490005979306 6.8110662192339078 3.3801305649103592 1683.7005701253656 251.32183988869656 7.6206521675921968 34.979132108041085 88.954248848953284 51.010060843429528 1.4173492396948857 1.5363738101441407 0.52177809039130796 102.13288887066301 0.94963901594746825 1.9350790762109671 219.61633165902458 0.71609398117288847 37.414081334718503 21.153223346220333 1.0074833324179053 1.8162486141081888 47.265866064233705
leaf_count=4035 26512 12233 1047 151395 367 9601 200 89 132 21702 326 2406 1204 151 1156 11996 1095 305 142 3005 4877 999 185 752 181 179 356 227 2700 3346 110 13681 99382 1465 218 194 175 3109 3524 203 4845 199 445 254 59300 9518 320 3207 7685 2104 113 160 45 2586 89 208 40389 163 7878 3767 183 253 6044
internal_value=-0.000215668 0.00127007 -0.00758812 -0.0109425 0.0021843 -0.00333854 0.00354832 -0.0116187 0.0447249 -0.0101603 0.0299945 0.00325023 0.00249924 0.0108848 0.0208869 0.00145557 0.0254843 0.0341986 0.0785851 -0.0170267 0.00682692 -0.00217937 -0.00686786 0.0215871 0.0370716 0.0901304 0.039051 0.0243896 0.00199994 0.00543593 -0.000572747 -0.0126951 -0.0152648 -0.00193678 0.0231017 0.01318 -0.0132223 0.0138468 0.0229913 0.0211549 0.00172726 0.0155243 0.0163975 0.0501366 0.00201771 0.00239741 0.00807387 0.00150997 -0.0085956 0.0201085 0.025094 0.0889528 0.000726805 0.0128877 -0.00389717 0.0120355 -0.00599126 0.00670387 0.00466354 0.0224417 0.121814 0.0106188 0.00826529
internal_weight=4439.96 3899.81 364.839 540.15 3534.97 700.141 2834.83 307.093 5.75656 288.963 31.5969 2803.24 2552.18 251.053 5.0254 411.178 30.3924 26.2861 5.81614 318.803 23.1512 221.346 162 20.47 14.9081 4.18011 18.4216 14.1256 2463.73 286.91 158.835 301.337 260.82 64.6014 20.0711 17.5268 44.5303 57.7454 41.7604 34.5803 2429.15 31.7234 10.728 4.59772 2386.53 2314.38 312.906 2001.47 91.8765 61.5844 53.9638 2.95372 4.42804 128.076 317.771 36.9142 280.857 61.2405 60.5244 23.1103 1.95712 59.3469 57.5307
internal_count=534717 341447 136450 193270 204997 57393 147604 128770 1422 31303 3879 143725 138956 4769 1290 26090 3679 2584 701 159277 7882 33993 26697 1883 1131 360 734 583 136550 14094 11141 127348 115115 15733 1877 1659 13856 7680 4571 1606 134944 1403 771 559 132244 127399 12215 115184 7795 2697 2377 273 1201 2953 55884 3415 52469 12080 11917 4039 272 7296 7043
is_linear=0
shrinkage=0.03


Tree=91
num_leaves=64
num_cat=0
split_feature=55 53 9 4 68 43 247 11 226 79 225 1 25 53 110 1 117 215 148 53 1 162 130 92 25 135 157 137 237 130 155 13 130 143 219 155 51 239 70 26 61 53 257 59 154 234 177 5 226 56 37 10 33 162 225 106 192 62 109 55 7 9 262
split_gain=74.9026 42.0633 40.3191 29.4961 23.2649 21.5497 25.79 20.0503 19.551 20.3201 18.5399 20.7728 20.0354 16.9229 15.2981 14.8238 20.1164 15.6566 17.0606 14.423 14.1493 29.7851 18.0743 16.3022 17.1926 30.5793 21.3706 21.3296 32.6891 16.2311 22.9891 15.3706 15.7679 14.0913 15.5707 23.341 13.1262 13.1687 16.7655 12.9257 12.9073 13.9893 19.7859 12.618 13.5932 12.5437 12.2927 11.9774 16.5632 11.9633 16.4352 17.2071 20.8927 31.5047 18.6231 34.345 23.261 42.5304 11.9369 11.9344 14.4477 13.5156 11.9282
threshold=733.30220192056618 19036.834368759621 1997.6954789459362 40.500000000000007 203700.7788664746 245.13886936655854 3667.6048320561454 -2731.8544827623791 -4.4999999999999991 4136.5666784943269 35.500000000000007 201902.50000000003 1129.8699936344499 3237.1305622900477 1.0000000180025095e-35 201905.50000000003 2115.6400699773299 253.95273296912572 855.50000000000011 886.15440498605415 202101.50000000003 11.500000000000002 57681.993140000006 56167.506263872805 2268.8507993736516 2441.0743492658657 13.500000000000002 1753.5277277775901 -24362.91479062082 11461.074654769141 1.0000000180025095e-35 1.0000000180025095e-35 176817.44712369531 473571.55038727255 86553.015840593682 36899.06352040491 34452.864910089782 -1.4999999999999998 31.500000000000004 1.5000000000000002 476.02934674503507 102.06806980332601 -10707.181884615607 6235.1215485962339 -1064.4999999999998 -1507.5274011385693 -1.0000000180025095e-35 7386.7798532491133 -3.4999999999999996 1.0000000180025095e-35 1815.8556620532952 6.5000000000000009 189.50000000000003 6.5000000000000009 -4.4999999999999991 17.500000000000004 4.5000000000000009 -578.55861352138174 1790.2267465182692 4751.5815015431735 1.0000000180025095e-35 132.19064573514103 -125.50523958749123
decision_type=2 8 10 2 10 10 8 2 10 10 10 2 8 10 8 2 10 8 10 8 2 10 8 8 10 8 10 10 10 10 8 2 10 8 8 10 10 10 8 2 8 10 8 10 10 8 10 10 10 8 8 2 2 8 8 8 10 10 10 2 8 8 10
left_child=2 3 5 4 49 8 19 14 9 -1 11 -6 -12 20 -3 16 17 -11 -19 62 21 31 23 -22 29 26 -26 -28 -29 39 -31 -10 -33 34 36 -36 37 -17 -39 -25 -13 42 -42 -35 -45 -8 -30 -47 -49 -2 51 54 -53 -54 55 -51 59 -58 -4 60 61 -56 -7
right_child=1 7 58 -5 10 6 45 -9 13 15 12 40 -14 -15 -16 33 -18 18 -20 -21 22 -23 -24 24 25 -27 27 28 46 30 -32 32 -34 43 35 -37 -38 38 -40 -41 41 -43 -44 44 -46 47 -48 48 -50 50 -52 52 53 -55 56 -57 57 -59 -60 -61 -62 -63 -64
leaf_value=0.0048727010946706126 -0.021922618368519643 -0.023971667222753658 -0.010898471013771971 -0.019785353201806608 0.18386014657129532 -0.0096956863689099722 -0.019209786455094149 -0.011014857337125103 0.0075317171318240632 -0.0046183194287022925 0.27239732079898976 -0.024058259322003207 0.021702304865837945 -0.0080003151256129255 0.016802536675611972 0.035180261449696361 0.11219467322538133 0.03649551296530424 0.14572249420394126 -0.014171224585115428 -0.0095426912456483947 -0.016199349582894273 -0.013367655119112819 0.0042395664162025127 0.010778270795941257 0.1158719129437886 0.017992514192246803 -0.010831429070975649 0.22309536132895125 0.066264564443882443 0.011398012758626761 0.00049389979287202867 -0.019902286984882611 -0.0099308243508808413 0.19905116568766582 -0.030255204138615183 -0.030374893763260531 0.0022211736771706376 0.10615856890949872 0.032505650602345018 0.22005725930371281 0.018082123883037073 0.0082638532059055719 0.0068432464554271022 0.10370834688553353 0.0047119134535413163 0.10269404519008664 0.015050280105434294 0.074227201314776212 0.015100386820745174 -0.024332649625770055 -0.010912165647330517 0.27573824181252943 -0.030081441938283798 0.11701175198709626 0.35264133022502553 -0.030071742885446843 0.46158287984139446 0.017136182808824126 0.11884885496529299 -0.01389004517139582 0.0020972795269594024 0.012569090792698285
leaf_weight=810.21741930826101 29.172216225182638 9.2685542983235774 275.62215875636321 316.92770121258218 0.70086447929497708 47.054470723611303 15.564361582626587 52.494483588146977 298.51104034122545 7.2669016908621424 0.59426858706865338 4.4916153851663703 0.55473901401273917 158.67115543247201 77.766611012862995 34.056372497347184 3.0670321410289025 8.2621471320744622 1.5244584482861689 191.31427970854566 50.553014597622678 90.938401768333279 42.419160647667013 495.86749367415905 54.296958993305452 3.0158647139323866 5.2555501864990202 1.4394821861060334 1.518682200810872 9.4200287479907274 25.42005582805723 952.04243975819554 35.380535477423109 29.770446927170269 1.042826066375709 0.64761848864145566 4.5172233778284854 27.136563330306675 1.4725307100452472 15.000635513802989 0.83429577120114118 5.4021524955751374 0.75736155069898525 4.0857499666744843 1.9149605882121239 100.24676150293089 1.5341074039461091 19.58193332597148 5.4391638864763072 0.64334262709598955 14.631605619098989 19.73566887318157 0.58518059179186699 0.62908893823623668 1.8288585215341271 0.46914202196057897 0.32926066289655864 0.30506756110116917 14.382470269105395 1.005040509975516 7.2099325577728424 1.8559239945607262 40.121253591380082
leaf_count=34432 10967 1247 70108 195946 228 4585 1728 13424 5279 527 160 1714 124 21804 5314 2692 193 678 156 33853 1915 5197 2863 12335 4740 260 232 158 123 181 742 54123 4135 3457 189 172 1117 2758 188 257 157 1734 173 333 170 6924 139 586 374 226 5826 7637 155 325 234 97 157 119 1687 252 2294 535 4282
internal_value=-0.000212274 -0.0105934 0.00125233 -0.0154491 -0.000468458 0.00212022 -0.00427185 0.00362844 0.00296409 0.00660821 0.0361635 0.0253018 0.151362 0.00144389 0.0124604 0.0178786 0.0414613 0.02874 0.0535098 -0.00956262 0.00216343 0.000393078 0.00561731 0.0068314 0.00818225 0.022517 0.0181209 0.0590207 0.10702 0.00642069 0.0262328 0.00156646 -0.00023692 0.0133442 0.021278 0.111203 0.0190153 0.0225756 0.00757091 0.00506954 0.0156262 0.0411126 0.119279 -0.00193139 0.0377551 0.00619044 0.162591 0.00934638 0.0279143 -0.00669927 0.00232197 0.0135948 -0.00348097 0.117299 0.0398091 0.157444 0.0293683 0.20638 -0.00950812 0.0199325 0.0108074 0.0591325 0.000551327
internal_weight=4433.79 548.193 3885.59 408.663 91.7356 3595.59 419.322 139.53 3176.27 934.982 13.3353 12.1863 1.14901 2241.28 87.0352 124.765 20.1205 17.0535 9.78661 278.49 2082.61 1376.87 705.741 663.322 612.769 67.0606 64.0448 9.74782 4.49227 545.708 34.8401 1285.93 987.423 104.644 68.8731 1.69044 67.1827 62.6655 28.6091 510.868 11.4854 6.99381 1.59166 35.7712 6.00071 140.832 3.05279 125.268 25.0211 78.4003 49.2281 34.5965 20.9499 1.21427 13.6466 1.11248 12.5341 0.634328 290.005 11.8998 10.8947 3.68478 87.1757
internal_count=534717 249045 285672 229060 33114 213877 52332 19985 161545 47062 4290 4006 284 114483 6561 12630 1554 1361 834 42720 92679 68734 23945 21082 19167 5652 5392 652 420 13515 923 63537 58258 11076 7116 361 6755 5638 2946 12592 3778 2064 330 3960 503 9612 262 7884 960 28824 17857 12031 8117 480 3914 323 3591 276 71795 3315 3063 769 8867
is_linear=0
shrinkage=0.03


Tree=92
num_leaves=64
num_cat=0
split_feature=17 66 247 22 156 23 79 183 122 115 203 24 215 155 4 56 183 4 266 93 209 57 199 133 62 100 99 224 16 173 209 93 118 4 11 11 47 115 180 66 188 106 99 156 148 120 5 102 125 122 96 100 89 100 57 218 224 201 251 148 227 214 251
split_gain=71.6232 32.9231 19.2009 25.4979 24.6494 21.6758 21.3195 22.5798 29.3542 19.1281 19.0365 17.6392 22.1133 19.435 17.2312 15.3567 15.2244 14.5093 15.4165 19.1739 14.4283 33.7831 14.4103 14.1906 15.3483 17.6741 15.422 14.2305 17.8952 29.6144 13.371 17.2765 13.1829 13.1394 25.1052 24.813 13.0214 31.5513 12.9876 12.6618 17.287 17.3888 12.5331 12.4611 18.7095 30.41 12.3605 12.2015 14.1062 26.4441 17.0774 14.3362 12.0241 21.6861 20.213 11.9408 25.9825 16.5907 13.4355 18.3507 27.0457 11.8635 12.0752
threshold=13450.865976681167 1.0000000180025095e-35 3667.6048320561454 6061.8994864039369 420846.65466662165 1.0000000180025095e-35 6462.4882966243185 2615.5881475574588 -1467.7556563851019 1881.7903359935383 1.0000000180025095e-35 19127.703663159609 1.0000000180025095e-35 41252.625483042175 70.500000000000014 1.0000000180025095e-35 -72.562619360768466 32.500000000000007 964.60993086363703 2.5000000000000004 -3098.6548546452645 52.500000000000007 1.0000000180025095e-35 2703.3934325215387 -271.20169213520597 -149.49999999999997 166125.87395885665 13.500000000000002 8.5000000000000018 -1832.4508458761654 138347.44402902038 1.0000000180025095e-35 9.5000000000000018 221.50000000000003 -3271.5187061495149 -6862.9602080940704 1.0000000180025095e-35 945.07963823103557 -1.0000000180025095e-35 32640.539888306888 -17586.438667920898 6.5000000000000009 136470.65735224696 125633.86300833483 125.50000000000001 6063.8475997029109 1493.9325209389447 116575.83130683961 8057.4541834061138 3454.7102022794256 1.0000000180025095e-35 -1490.4999999999998 1122877.8375942381 -1278.4999999999998 54.500000000000007 52581.653947176303 -31.499999999999996 9572.2643135164562 -12195.64865397784 3154.5000000000005 5.5000000000000009 -1517.9055097146902 192028.32199008155
decision_type=2 8 10 2 8 2 10 10 10 8 10 2 10 10 2 10 8 2 10 8 10 10 10 10 8 10 10 8 2 10 10 10 10 2 2 2 8 10 10 10 8 8 8 10 8 8 8 10 8 10 8 10 8 10 10 10 8 8 10 8 10 8 10
left_child=10 16 3 5 6 9 7 46 -9 15 11 22 13 17 30 55 52 18 36 -20 21 -17 23 32 -25 27 -27 -26 -29 -30 61 -32 -1 34 35 -8 37 43 -15 40 41 -40 -14 44 45 -13 -4 48 49 -22 51 -50 -2 -54 -55 -3 -57 58 59 60 -58 -7 -63
right_child=1 2 4 -5 -6 14 33 8 -10 -11 -12 12 42 38 -16 20 -18 -19 19 -21 47 -23 -24 24 25 26 -28 28 29 -31 31 -33 -34 -35 -36 -37 -38 -39 39 -41 -42 -43 -44 -45 -46 -47 -48 -49 50 -51 -52 -53 53 54 -56 56 57 -59 -60 -61 -62 62 -64
leaf_value=0.0026645263723142172 0.009935632071167072 0.0067575701506569731 0.037932679152990992 -0.021415544287400477 -0.017475393771861573 0.19211674508233254 0.045590814696600965 -0.00056743634381916307 0.25216850223945014 -0.010631857670112594 -0.014472652062178947 0.27195182204257384 -0.0090953964735979755 -0.0019658793183332853 -0.023446274850053603 0.0031441666864893791 -0.0050233140986930564 -0.01369109056534828 0.017094574746900987 0.20177928731643954 -0.030278797036500001 0.18479515689453732 -0.0095664548808018744 -0.0016454244870208678 0.0078498239105536296 0.020416361533432407 0.11739574202701944 0.021801984204861725 0.209446272584876 0.018120631930597552 0.19447431868649478 0.020868039348087244 -0.010103328504289355 0.17591272605305544 -0.019488227540163869 0.18081105250418747 -0.016025242681168061 0.20433190248459007 0.038340629451561234 -0.03047133972307561 0.025132604702073562 0.18264625985226951 0.062407166608961062 -0.01793386794208085 0.013615732142935355 0.021144047751061747 -0.023428543586968588 -0.018045056547613781 0.20649461583404663 0.24367339576758856 -0.013724129069882459 0.010688893352861457 0.0069679466261503009 0.045124765820233864 0.16105803639979102 0.19136204080894068 0.19219280619592941 0.18212097250796239 -0.030192658375238858 -0.030148775875128056 -0.0048170067330461242 -0.010494608052982152 0.070886955665327905
leaf_weight=2717.9122999794781 52.540179840871133 103.40208100038581 4.2275250112870735 171.19631723337807 17.895113103440963 0.26994615281000733 3.6589302972424775 0.93224647012539208 0.74342363898176589 201.76231919578277 64.348155938205309 0.69260534644127847 3.2842635542619947 28.920535967568867 117.17456725705415 5.3053535316139451 54.34848153591156 191.88095933874138 1.4560585300205264 0.77533141255844418 0.61277000932022641 1.1151135416002942 84.526258398545906 84.504311847500503 163.55386322480626 3.2534271427430204 2.7009807336144149 42.888206273550168 1.2456758995540442 1.7524288571439672 0.66302637546323184 2.3249368107644841 74.783253322355449 0.87046373623889017 2.8125509006204057 1.8333008080953721 22.882425857591443 0.76699342974461515 1.649163688765839 2.7309330545831463 14.129469190491369 1.3807339251507071 6.7216646897140899 9.7051591911585984 15.069115964812225 1.1701887720264492 9.8118154346011561 54.430605515488423 0.6328635789686814 0.65726498258300126 7.2948596031637871 0.71871255710720905 7.3462035550037399 4.0958016356453282 2.0215237394440919 0.94734556938055903 1.3466137319337561 0.56486046337522378 3.4360724113648757 1.5727314720861612 1.1737998329335821 42.680194233544171 1.7065213391324494
leaf_count=91800 4636 14805 864 74053 4594 98 190 150 189 62998 7495 109 419 468 85249 855 6618 79856 184 220 97 229 8854 6929 8253 186 149 2371 159 153 113 600 5151 250 971 244 8050 144 204 1216 1884 112 658 2368 3573 325 1691 15353 132 168 1839 139 510 254 140 243 244 139 830 453 272 22741 476
internal_value=-0.000209532 -0.00784853 -0.0101466 -0.0113053 0.00937957 -0.00815715 0.0286872 0.00747208 0.111561 -0.00425954 0.00169581 0.00199475 -0.00491864 -0.00641526 -0.0172609 0.00275802 0.00673526 -0.00986696 0.00410499 0.0812662 -0.00819021 0.0346935 0.00265454 0.00298857 0.00918988 0.0134408 0.0644072 0.0119918 0.0267554 0.0976141 -0.00204896 0.0593911 0.00232263 0.0650237 0.0534009 0.0907272 0.00068107 0.0146309 0.0108676 0.0295275 0.0390764 0.104101 0.0389378 0.00916857 0.0247033 0.114397 -0.00495146 -0.0124691 0.0181369 0.111496 0.00442374 0.102373 0.0164174 0.0417121 0.0834359 0.00964841 0.0427094 0.0253109 0.0135466 0.0502644 0.100442 -0.0061599 -0.00736576
internal_weight=4428.81 884.126 763.774 720.989 42.7854 549.793 24.8903 15.715 1.67567 384.973 3544.68 3480.34 303.216 293.21 164.819 183.211 120.352 244.399 52.5179 2.23139 70.7675 6.42047 3177.12 3092.59 299.899 215.395 5.95441 209.44 45.8863 2.9981 47.6446 2.98796 2792.7 9.17525 8.30478 5.49223 50.2865 27.4041 48.8108 19.8903 17.1594 3.0299 10.0059 26.6371 16.9319 1.86279 14.0393 64.3471 9.91647 1.27003 8.64644 1.35158 66.0037 13.4635 6.11733 112.444 9.04142 8.09408 7.52922 4.09315 2.52041 44.6567 44.3867
internal_count=534717 303427 291269 282126 9143 208073 4549 2894 339 98796 231290 223795 99790 98713 109277 35798 12158 94829 14973 404 18812 1084 124005 115151 18200 11271 335 10936 2683 312 24028 713 96951 1655 1405 434 14569 6519 3884 3416 2200 316 1077 6375 4007 434 2555 17728 2375 265 2110 271 5540 904 394 16986 2181 1938 1799 969 516 23315 23217
is_linear=0
shrinkage=0.03


Tree=93
num_leaves=64
num_cat=0
split_feature=12 17 203 192 200 133 135 53 21 65 170 51 254 153 24 189 111 89 17 114 183 112 98 224 254 179 27 17 112 226 44 171 82 36 82 251 51 53 60 2 211 87 170 27 153 203 48 216 224 189 82 262 27 4 162 251 171 147 52 179 113 107 216
split_gain=69.5435 32.7181 26.7458 22.6029 14.7907 16.4644 22.0937 28.1494 14.681 14.5107 14.0039 17.4012 13.9249 13.8858 15.142 14.513 15.623 33.2599 18.4391 14.4851 13.4386 15.6903 13.4935 13.0163 20.753 30.0703 12.819 13.4982 13.2224 15.4577 14.7612 16.8631 16.0483 13.5604 16.1082 17.0457 21.3579 13.0523 21.358 28.8152 12.7019 12.2404 12.0163 11.4217 14.769 11.0138 16.5546 13.0725 12.881 16.8219 13.8778 15.5584 12.8276 12.4925 15.6551 12.1727 11.8042 10.9812 11.7106 10.8624 13.3561 18.4387 19.7488
threshold=22734.385129960432 5088.2051695196124 1.0000000180025095e-35 1.0000000180025095e-35 1270.1088367560849 4147.3941525731607 3141.294088425856 2896.874499436643 1.0000000180025095e-35 641.49025959245864 -1172.1017319537034 14390.364771295941 -23991.630654426004 166125.87395885665 359670.1788336676 -132328.62943404671 60.500000000000007 88190.124044436379 6445.3348615886898 19293.076691681697 193.78903230265607 65.500000000000014 8.0000000000000018 10.500000000000002 46908.641506224121 -51.878123134583511 1189.1115424230209 13450.865976681167 133.50000000000003 -8.4999999999999982 6.5000000000000009 -4667.4431852417183 4.5000000000000009 -881.49999999999989 1.0000000180025095e-35 -18336.457410655592 9806.9716526538105 5473.5087777171666 11745.230476093739 1.0000000180025095e-35 -1760.0435623743749 1.0000000180025095e-35 -728.14806813759571 2988.0103796450535 681289.04800948699 -1.0000000180025095e-35 1031302.423821838 -1.0000000180025095e-35 7.5000000000000009 -39702.288770350096 4.5000000000000009 -29.108302315633505 1464.0107126935761 106.50000000000001 3.5000000000000004 -6612.7806430290793 407.35577885583399 20.500000000000004 2.5000000000000004 -1214.6959910330845 4103.2884638099049 32381.79083585765 -1.0000000180025095e-35
decision_type=2 2 10 10 10 10 8 10 2 10 10 10 10 8 2 10 10 10 2 10 10 10 10 10 10 10 2 2 10 8 10 8 8 10 10 8 8 10 8 2 8 8 8 2 10 10 10 8 10 10 8 10 2 2 8 8 8 10 10 8 10 8 10
left_child=2 41 3 4 5 20 9 -8 23 10 11 -7 -12 14 15 16 18 -18 -3 -16 22 40 26 -5 -25 -26 27 28 29 -1 31 32 -31 57 35 -35 -37 -33 -39 -40 -22 -2 -42 -14 -45 46 53 -48 -47 55 51 52 -51 54 -28 -50 -54 58 -30 60 -4 62 -62
right_child=1 13 59 8 -6 6 7 -9 -10 -11 12 -13 43 -15 19 -17 17 -19 -20 -21 21 -23 -24 24 25 -27 45 -29 33 30 -32 37 -34 34 -36 36 -38 38 39 -41 42 -43 -44 44 -46 48 47 -49 49 50 -52 -53 56 -55 -56 -57 -58 -59 -60 -61 61 -63 -64
leaf_value=0.008279728635872341 0.05091302855174925 0.1410740766825605 -0.022564834401182135 -0.0046640328817830357 -0.0096724825913596397 0.025472178467211341 0.1806577837724159 0.0069338265182687904 -0.01630487485076737 -0.023545201486501351 -0.014964466545863446 -0.00078183932957806178 0.0070265144029607674 -0.018220252091348553 0.19317546545912026 -0.010363628310855598 -0.030119368811540901 0.23703570905885693 -0.0055324738982002629 0.0024806340181833409 0.062120955689316019 -0.0070241379353514896 0.027418546943009423 0.0079087913032710178 -0.030314744755589811 0.19179662901776903 0.045079257885160727 -0.012317908708064842 0.0048669186765026018 0.0021897754378013461 0.018438469788226535 -0.0044000775478599766 0.060376651886645712 0.09156059542515535 0.01127363330078365 0.084977160441461586 -0.009889857867651607 -0.034542654089333755 0.11126016101092681 0.0065601957932791208 -0.013394058119927641 -0.0021571164227625981 0.0056701890105159769 -0.00080502251265679404 0.1239294478208865 0.0027756728414802959 0.13660386552173798 0.034920947179446674 0.11833222342130613 0.065568463327502352 -0.0027898536994097989 -0.0056116678820780329 -0.0057656946237409513 0.00023927891660716419 0.011814983277260738 0.022366260743873424 0.044456883233718929 0.058691441863794713 -0.02743182103515544 -0.01851618525376986 0.031275552233464232 0.011868796553086048 0.29318716736154138
leaf_weight=159.08159690420143 3.965779081452637 0.86825613502878507 2.6942704956745729 264.34347268554848 86.235769922030158 81.870386352413334 1.5332348810043177 1.8551298761740327 82.073975466890261 12.206396054127252 27.263328399625607 31.448969312477857 163.23816778359469 282.5655842567794 0.67006814165506401 93.575943383388221 0.7916041581192983 0.89201634586788714 6.9720339510822669 0.77099177532363683 3.2860977527452633 278.1286854413338 20.440331435529515 46.001333313761279 0.92892539442982558 1.3397968536010001 14.260519190225748 67.83271293703001 141.39238213608041 10.457786825252699 30.206401208881289 640.57927345775533 7.2051649398636064 5.2177064636489376 40.019592364900745 3.314233750337733 6.0071006304351613 3.8679036375833658 3.9569522759411466 5.8831481306115165 35.215911314473487 285.47415140131488 191.91713472583797 1.6849651200463989 1.7329912240384144 905.49384949402884 1.5009297530632464 4.7046102769672862 2.383208071347326 9.1830755604896712 30.837011497584172 10.931842451915143 7.7424498258624226 77.686299227876589 118.90199864062015 2.3751207217574111 9.2367741598282027 3.2026247531175605 10.880440611043012 76.259905685205013 0.48543147079180926 1.7640340558718888 0.55572894960641883
leaf_count=5634 107 171 476 47619 15546 4894 95 197 25148 2537 1944 6430 18512 155489 143 46709 265 174 2836 171 114 16471 171 7932 211 166 178 17647 6481 219 204 33767 253 126 2634 209 180 256 173 679 1609 50234 8786 96 183 22568 76 483 156 144 1725 243 165 5218 4629 107 175 185 1295 13079 138 106 149
internal_value=-0.000206923 -0.00905958 0.0013907 0.00176906 0.00258703 0.00291884 0.00934137 0.0855439 -0.0050128 0.00853309 0.00980754 0.018186 0.00491145 -0.0147642 -0.00542295 -0.00677279 0.0285086 0.111425 0.0107032 0.0911505 0.00219471 -0.00222783 0.00314982 -0.00204816 0.0122772 0.100853 0.00293732 0.000660069 0.00148183 -0.000164094 -0.00207714 -0.00299938 0.0259257 0.0082309 0.0210989 0.0481436 0.0238404 -0.00378024 0.0251851 0.0486627 0.00356159 -0.00142997 0.00271437 0.00816296 0.0624385 0.00510762 0.0112211 0.0595149 0.00375106 0.0159015 0.012082 0.0244452 0.0370043 0.00979976 0.0153773 0.0704308 0.0215556 0.00371532 0.00255906 -0.0155797 0.0251399 0.0709583 0.171073
internal_weight=4425.39 676.546 3748.85 3667.09 3272.4 3186.16 322.834 3.38836 394.688 319.445 307.239 113.319 193.919 387.106 104.541 103.1 9.52391 1.68362 7.84029 1.44106 2863.33 508.548 2354.78 312.614 48.2701 2.26872 2334.34 1139.11 1071.27 861.238 702.157 671.95 17.663 210.034 54.5586 14.539 9.32133 654.287 13.708 9.8401 230.419 289.44 227.133 166.656 3.41796 1195.24 217.054 6.20554 978.183 72.6895 67.9312 37.0941 26.1623 210.849 133.163 4.75833 16.9792 155.475 152.273 81.7594 5.49946 2.80519 1.04116
internal_count=534717 256299 278418 264470 183394 167848 34888 292 81076 34596 32059 11324 20735 205958 50469 50155 3446 439 3007 314 132960 26980 105980 55928 8309 377 105809 69942 52295 41185 35551 35347 472 11110 3149 515 389 34875 1108 852 10509 50341 10395 18791 279 35867 10584 559 25283 2715 2452 727 484 10025 4807 263 340 7961 7776 13948 869 393 287
is_linear=0
shrinkage=0.03


Tree=94
num_leaves=64
num_cat=0
split_feature=33 193 124 10 193 221 19 92 59 111 161 46 142 235 28 140 185 195 10 148 90 33 105 181 245 136 100 29 194 225 37 160 6 29 145 65 185 221 237 160 29 185 39 271 152 117 24 7 58 5 5 269 33 221 37 4 7 106 10 231 213 3 216
split_gain=65.4772 23.8718 21.2356 16.6817 15.0389 13.9419 16.8901 18.0758 18.9437 18.7979 18.1592 13.4735 12.8001 12.6661 14.4504 13.8416 14.4734 18.0396 13.128 16.1463 28.3881 36.6345 14.0713 13.7013 12.0135 11.9774 16.0798 15.4411 13.5968 13.0584 14.2179 13.8555 11.8405 11.6565 11.4863 14.1258 18.2087 24.6754 12.4783 11.5148 11.3179 11.621 11.3136 15.7202 11.2496 12.758 11.0314 16.1802 17.3912 20.1576 28.8173 24.1391 23.8942 12.4535 12.0186 16.9556 25.0341 11.9475 29.6629 10.9519 10.5079 11.5033 17.2546
threshold=70.500000000000014 -6.4999999999999991 4.5000000000000009 6.5000000000000009 1.5000000000000002 1.5000000000000002 1.0000000180025095e-35 119087.15706907201 540.08225071457503 42.500000000000007 341.69575606537057 -1733.4999999999998 1.0000000180025095e-35 52042.717331171771 4.5000000000000009 4.5000000000000009 -9528.0814916875697 -10217.240079311612 6.5000000000000009 4367.5000000000009 -757.49999999999989 155.50000000000003 5522.6137446138046 -1.0000000180025095e-35 4.5000000000000009 4.5000000000000009 1.0000000180025095e-35 23018.444313538868 -25825.76053224126 35.500000000000007 85411.947600401982 6.5000000000000009 31966.706886250071 335962.03546476463 854.75263658961114 -10773.910876795324 -2161.8644196580785 -5.4999999999999991 -42731.376053169653 11.500000000000002 135212.58467395554 1.0000000180025095e-35 1.5000000000000002 -2227.4653891981279 6.5000000000000009 803.41869144634518 51280.530355122515 111.28387583666002 150.50000000000003 1493.9325209389447 154.26595024651553 1.0000000180025095e-35 94.500000000000014 -11.499999999999998 26730.280071416728 261.50000000000006 915.35279587271168 1.5000000000000002 6.5000000000000009 -5802.864002594607 1.0000000180025095e-35 57.500000000000007 -5.4999999999999991
decision_type=2 8 10 2 10 10 2 8 10 10 8 10 10 10 8 10 10 8 2 10 10 2 8 10 10 8 10 2 8 10 10 8 8 2 8 10 10 10 8 8 2 10 8 8 10 8 2 8 8 10 10 10 2 8 10 2 10 10 2 10 10 2 10
left_child=3 40 5 33 12 44 7 10 9 -9 11 -7 25 18 -15 16 17 -16 19 42 23 22 -22 -21 -6 -5 27 28 -27 30 -30 -32 -11 34 35 39 37 -37 -39 -1 41 -2 43 -4 46 -46 47 48 57 50 -50 52 -52 -48 -55 -56 -57 -3 -59 -36 61 -40 -63
right_child=1 2 13 4 24 6 -8 8 -10 32 -12 -13 -14 14 15 -17 -18 -19 -20 20 21 -23 -24 -25 -26 26 -28 -29 29 -31 31 -33 -34 -35 59 36 -38 38 60 -41 -42 -43 -44 -45 45 -47 53 -49 49 -51 51 -53 -54 54 55 56 -58 58 -60 -61 -62 62 -64
leaf_value=0.0060706414526447696 0.012785845058784851 -0.0062330128235989889 0.10728329069056566 -0.0034208601499893855 -0.012497078959793172 0.16992586426659315 -0.025663408810920427 -0.0013437269575758467 -0.013118576472613303 0.055788471435862755 0.0089103208762552621 0.063815363475862433 0.035885741611156555 0.15028417863616403 0.22843702587287332 -0.018761769726541901 0.012777493550056697 0.038070317734503992 -0.01619844733069262 0.13286841989460577 0.15616941207772433 0.24999115756873394 -0.011410530176206897 -0.030189975745900089 0.094275927719512917 -0.022342051716630468 0.065756662847998124 -0.0098738530624435418 0.0028358759258666913 0.03103082977596008 -0.001815933037052278 0.057840256083310566 0.19917352684092129 -0.030911391528159898 0.002677817707838333 0.098783761680924065 0.0028071287584993587 0.082123779488170928 0.0028773690048452929 0.030313237846067018 -0.016649843697967528 -0.0056095406761177882 -0.013519780751342008 0.0051797965294303715 0.076155794860787787 -0.012433166337010016 0.12592315944284663 -0.005038659776780776 -0.0047829185525218795 -0.019986361922888 -0.031563663223625457 0.20890627196845102 0.1654813270004602 -0.017143313245406574 0.0024767979934471698 0.27373925067849225 0.0019474658999736273 0.1627896971072193 -0.0087022217797242188 -0.01188759446478176 0.033684283834171547 0.066561954886399224 0.011865895814855757
leaf_weight=31.637034625047818 95.855987399932928 18.124712676391944 1.479345283587463 542.06134279025719 103.25063992652576 1.7663862871704621 6.4001892673550165 2.0188010914716861 9.7270186108071339 1.0397891766624523 2.8843257427215576 2.7594033986097264 9.0364826445002091 0.64748757786583411 0.69016489468049258 9.6810445364098978 7.0120920960325765 1.2768618185073135 386.22116827289574 0.52527800842653949 0.62794656772166424 1.0612321546068413 1.5999404956819492 3.9616962001891807 0.95718492311425407 18.037516321172006 3.5769700700184321 88.096072355052456 712.0204559591366 15.765427355072459 6.0147410111967448 8.3936544018797576 1.033537299721502 8.7056788817280886 1122.1626805053093 3.1162009340478098 485.40995958005078 2.331635250011459 80.973063030978665 39.838327419245616 21.201216242625378 45.61624810914509 60.730959628010169 16.426116239512343 3.2291944118915117 2.6751054866472259 0.57569119357503951 208.01616579189431 2.2174577484838647 2.39097409194801 1.158814642345533 1.8706399983493609 1.0609634494176132 105.20764290029183 10.327565090148708 0.53851327626034506 0.70338111219462007 1.3933222272898995 2.6047731019789353 48.467618764843792 17.479207577649504 6.8465425281319794 21.46448405389674
leaf_count=389 13561 1833 200 26161 18420 182 1600 303 1487 142 339 259 183 57 84 2957 1125 286 189501 114 101 243 498 1578 141 1363 168 13312 51072 1120 212 248 115 336 32219 102 16802 68 5386 355 6619 11641 23900 5834 155 154 190 37633 265 365 146 131 134 53847 3336 89 256 199 487 2714 347 377 1276
internal_value=-0.000203535 -0.00676821 -0.00871649 0.00182741 -0.000520681 -0.00348555 0.0170557 0.0299347 0.00966371 0.0638174 0.0677381 0.10523 0.00029602 -0.0128605 0.0109563 0.00612177 0.0329505 0.104864 -0.0138335 -0.00326317 0.0379751 0.104924 0.0358231 -0.0111012 -0.0115163 6.53068e-05 0.00228353 0.0020159 0.00339369 0.00401914 0.00343292 0.032937 0.127265 0.00372155 0.00388367 0.00695662 0.00549544 0.0153655 0.0133519 0.0195828 0.00379113 0.00685444 -0.00734108 0.0136156 -0.00505295 0.0360181 -0.00573375 -0.00203299 0.0182524 0.0541898 0.0823059 0.129518 0.0626158 -0.0132656 -0.0139518 0.0150708 0.119802 0.00412152 0.0510621 0.00207477 0.0120869 0.00863258 0.0250932
internal_weight=4419.98 1044.34 881.666 3375.64 1507.21 389.724 27.6295 21.2293 13.8191 4.09213 7.41012 4.52579 1403 491.941 19.3077 18.6602 8.97912 1.96703 472.634 86.4125 7.77609 3.28912 2.22789 4.48697 104.208 1393.97 851.905 848.328 760.232 742.194 726.429 14.4084 2.07333 1868.43 1859.73 689.096 617.621 132.211 129.095 71.4754 162.673 141.472 78.6364 17.9055 362.095 5.9043 356.191 238.838 30.8217 8.69885 6.30788 4.09042 2.21978 117.353 116.777 11.5695 1.24189 22.1228 3.9981 1170.63 126.763 109.284 28.311
internal_count=534717 361946 330125 172771 112400 103647 4427 2827 2047 560 780 441 93839 226478 4509 4452 1495 370 221969 32468 2534 842 599 1692 18561 93656 67495 67327 54015 52652 51532 460 257 60371 60035 25102 24358 7556 7454 744 31821 25202 29934 6034 99220 309 98911 41193 3560 1041 676 411 280 57718 57528 3681 345 2519 686 34933 7386 7039 1653
is_linear=0
shrinkage=0.03


Tree=95
num_leaves=64
num_cat=0
split_feature=12 62 203 193 56 163 135 65 86 181 118 104 1 155 263 5 56 200 211 230 12 200 189 92 209 106 144 24 115 182 35 92 225 183 217 27 104 19 74 36 55 182 270 112 230 172 254 247 7 36 16 209 189 117 105 39 5 51 115 112 108 182 183
split_gain=63.7945 26.0514 25.2681 19.7715 15.3242 19.9444 20.151 18.7437 19.708 14.6353 16.167 15.7879 24.3884 14.5925 17.5148 13.8775 13.6654 14.0593 14.1423 18.6702 22.5153 27.1722 13.054 12.9971 12.9062 18.3933 14.5826 13.0615 12.3905 15.3859 21.6064 13.1396 12.3581 12.3365 17.1055 14.1558 17.8309 18.5267 24.4987 18.1862 17.3713 21.1496 19.0919 17.0134 24.7141 17.4389 15.8423 22.8799 17.9851 19.8376 13.866 12.2428 13.1225 14.0106 14.0995 14.4497 12.2016 17.1654 11.9362 15.9555 11.9033 12.6939 19.9312
threshold=22734.385129960432 -364.44599419081595 1.0000000180025095e-35 1.0000000180025095e-35 1.0000000180025095e-35 1.0000000180025095e-35 1.0000000180025095e-35 -6546.9488854231158 1.0000000180025095e-35 -1.0000000180025095e-35 7.5000000000000009 5392.5000000000009 201905.50000000003 7974.2995111073969 8652.0495079228913 1104.9115695099892 1.5000000000000002 1270.1088367560849 -2554.8143908387465 18213.073529745368 6980.0886685802261 -18.601605641552933 -82077.19114771641 1510888.4577901533 138347.44402902038 1.5000000000000002 -1642.4999999999998 33102.286275629267 1357.5159845982723 -1278.225742212122 95931.987971575698 1228451.1462238438 1.5000000000000002 1.0000000180025095e-35 -2.4999999999999996 791.33740688745058 4690.5000000000009 10.500000000000002 14190.171105710799 -1094.4999999999998 409.25375248207388 -650.54558402255248 74.404647006860401 165.50000000000003 -3196.31128762049 -1453.2321357145618 -10884.185874907569 -3.8042064252225027 1.0000000180025095e-35 -516.49999999999989 3.5000000000000004 -1.0000000180025095e-35 -286632.53730143706 84.818569983910024 1.0000000180025095e-35 3.5000000000000004 516.53834446995768 5440.060890668331 3915.0112199533337 41.500000000000007 8.5000000000000018 -450.37792458279802 -360.04564789594497
decision_type=2 8 10 10 10 10 10 10 10 8 10 8 2 8 10 10 10 10 8 10 2 10 10 10 10 8 8 2 10 10 8 10 8 10 8 2 10 2 8 8 2 10 10 10 8 8 8 10 10 8 2 8 8 10 8 8 8 8 10 10 10 10 10
left_child=2 -2 3 16 5 6 13 8 28 11 24 -3 -13 14 -5 -14 17 18 19 32 -21 -22 -10 33 27 -26 -27 51 31 -30 -31 60 -1 34 -20 36 37 -36 -39 -38 -37 42 -42 44 -41 -46 47 -45 49 -48 -35 52 -11 -54 55 -55 57 -40 -29 -60 -6 -62 -63
right_child=1 9 -4 4 7 -7 -8 -9 22 10 -12 12 15 -15 -16 -17 -18 -19 23 20 21 -23 -24 -25 25 26 -28 58 29 30 -32 -33 -34 50 35 40 39 38 56 43 41 -43 -44 46 45 -47 48 -49 -50 -51 -52 -53 53 54 -56 -57 -58 -59 59 -61 61 62 -64
leaf_value=0.0025277170426056209 -0.016353145474172024 0.0018523532725922473 -0.015313223807289196 0.02186044003671276 -0.030758099037693921 -0.022538060931619551 -0.005505474028492629 -0.014479195305855902 0.11924817609434306 0.089862171631045651 -0.0152785853280758 0.17095357188665988 0.090415896778512944 0.0030684037950337783 0.093002402899745387 0.0079891072065731393 -0.013187888532704745 -0.0093496687098328646 0.013447582854773647 0.023805101873650231 0.02465794494572161 0.21962993299113798 -0.023723776755645833 -0.020223861615467499 0.19667544918365895 0.14895642860066122 -0.0087213159452909778 -0.013886727795146676 0.10064078849240259 0.1353851991321649 -0.0035094229090273173 0.12434465322971434 0.021458451091854965 0.0011560329310004763 -0.00096772119676788448 0.0051666477649232375 -0.0058513309169818317 0.18952218177294838 0.17275221428364132 0.13238149488782955 0.20386919701845888 -0.013272512195670973 0.032845708577463432 0.2199231504892214 0.091001392233533762 -0.031066544502340018 0.07491593144788862 0.0024517892218860189 -0.001901413907484545 -0.0072092522207062755 -0.010218407450807225 -0.0010929402593327783 0.078040606869000634 0.13066158418054138 -0.0078462441331617061 0.0027498251135208824 -0.0053737667600283106 0.018516567476745679 0.21276293111175848 -0.030054817817090747 -0.03121601173520458 0.21522815037355497 0.003508621042193075
leaf_weight=84.860658627469093 252.23930634674616 37.189524644636549 80.432188560953364 40.318918683566153 5.7225384443299845 27.321731890900992 83.922443664749153 168.59657646866981 0.60133395134471257 2.3487688915338367 118.72174521442503 1.1858264937764023 2.3991296582389605 45.394156413967721 3.3752812979510045 7.8639562844764441 49.484246053150855 84.875789785990492 154.40764394577127 6.3227371189277601 1.2034001835854726 1.3822195522952823 13.004660645732654 22.3183122954797 0.65900059929117505 0.66086700989399105 2.623273655539379 79.111575269838795 3.7724787945626304 1.2580593167804162 5.0709280500886962 0.75737900135573077 48.930353325791657 557.46728144946974 922.72857243381441 1138.1776002525585 23.059628039947711 0.92885290086269101 1.0216951173497371 3.1424832799239084 1.2789124035043644 1.7058500883867953 1.0865732628153635 0.83580687420908362 1.8542222962714729 2.4385870525147757 7.1625110659515485 0.90886597859207519 22.0428051619092 4.1990616266848502 116.63882224005647 140.49530221044552 2.7348380847834113 1.4784647731576051 14.175764767802328 1.7189854797907176 4.3962681494886056 1.7823235768591987 0.48876585555262764 0.48545376665424556 1.1478454155148941 0.7306226952932775 0.88480934407561995
leaf_count=3833 128678 7151 13948 2056 1072 12685 10247 47433 159 109 48321 152 211 4939 257 976 904 15444 7091 352 140 181 2906 1584 142 97 755 43294 248 128 669 65 2908 20472 59099 38840 2559 96 114 237 243 217 66 105 135 325 285 216 2176 184 22051 23659 215 145 1855 171 894 354 50 318 141 128 232
internal_value=-0.000200272 -0.00875192 0.00132025 0.00168494 -0.00459417 0.00128174 0.00504335 -0.0104347 0.0102598 -0.00412451 -0.00618073 0.0113358 0.0421408 0.0149805 0.027356 0.0272574 0.00245743 0.00269807 0.00302453 0.0122512 0.0543045 0.128886 -0.017405 0.00258412 -0.00180746 0.0520324 0.0230081 -0.00268098 0.0297176 0.0526846 0.0240997 0.00461805 0.00945111 0.00275567 0.00380446 0.00310827 0.000495203 -0.000570471 0.0445209 0.0156069 0.00538792 0.0672455 0.12531 0.0272266 0.0684553 0.0216591 0.0185053 0.106634 0.0139024 0.0445637 -0.000812057 0.00219463 0.0227625 0.0149247 0.00498923 0.0618948 0.0258154 0.0747151 -0.0126015 0.0917668 -0.00606783 0.0450638 0.0992645
internal_weight=4415.53 666.581 3748.95 3668.52 401.88 200.333 173.011 201.547 32.9507 414.341 365.703 48.6384 11.4489 89.0884 43.6942 10.2631 3266.64 3217.16 3132.28 142.699 8.90836 2.58562 13.606 2989.58 246.981 3.94314 3.28414 243.038 19.3447 10.1015 6.32899 9.24319 133.791 2967.26 2293.16 2138.75 996.502 930.858 8.12914 65.644 1142.25 4.07134 2.36549 42.5843 7.43529 4.29281 35.1491 1.74467 33.4044 11.3616 674.106 162.952 22.4568 20.1081 17.3732 3.19745 7.20029 2.80402 80.0858 0.97422 8.48582 2.76328 1.61543
internal_count=534717 256299 278418 264470 83365 30184 17499 53181 5748 127621 119131 8490 1339 7252 2313 1187 181105 180201 164757 7414 673 321 3065 157343 70810 994 852 69816 2683 1045 797 1638 6741 155759 113236 106145 66779 60557 1458 6222 39366 526 309 3663 697 460 2966 321 2645 469 42523 26154 2495 2386 2171 316 1362 468 43662 368 1573 501 360
is_linear=0
shrinkage=0.03


Tree=96
num_leaves=64
num_cat=0
split_feature=55 53 9 4 22 266 33 204 189 63 55 203 151 60 79 107 107 79 22 209 48 6 240 33 141 40 76 162 80 66 184 115 101 170 136 66 71 53 133 227 252 211 158 89 6 57 170 234 266 3 140 214 225 102 247 140 211 82 111 195 237 193 10
split_gain=61.3755 38.5969 34.2467 27.8987 21.3226 26.2996 24.724 18.6442 18.6257 17.9915 18.0389 17.2813 17.0695 16.3276 15.8498 17.4059 20.0389 15.6627 14.6682 14.2525 20.1441 35.2188 14.1437 35.2382 14.0148 13.7494 17.7649 13.7048 15.1789 15.6649 15.1782 18.5019 22.422 38.2034 27.6171 16.7821 26.012 35.1876 24.5003 16.7745 13.0329 21.9789 14.7042 15.5718 19.3029 19.2183 17.6535 21.339 17.5606 25.2996 16.5775 22.5708 13.5406 12.9703 12.9317 12.8966 12.7602 21.2135 21.4412 12.7588 21.1735 15.2948 13.2626
threshold=733.30220192056618 19036.834368759621 1997.6954789459362 40.500000000000007 11048.616865327827 1790.5608801277249 37.500000000000007 -4423.740426832398 -82077.19114771641 2364.2543974256346 3499.3228528156064 -1.0000000180025095e-35 1760.8941399270511 11745.230476093739 2701.9231641707111 3222.1131899021825 98.519622260016007 2701.9231641707111 6061.8994864039369 138347.44402902038 115898.29534081802 38333.265698492301 28.500000000000004 106.50000000000001 13.500000000000002 2016.5000000000002 192252.02169555356 10.500000000000002 1.5000000000000002 9455.5927664332939 -909.34430046232853 227.14581823880255 9443.8135870933165 315.80803844320405 4.5000000000000009 1.0000000180025095e-35 51299.43440031827 7957.4832804712596 9976.031915955713 -1.4999999999999998 28.500000000000004 638.97723478877583 605.50000000000011 246020.94436706681 38333.265698492301 56.500000000000007 58.864514675079143 -2383.5308768767186 220.19475537009302 49.500000000000007 12.500000000000002 1.0000000180025095e-35 44.500000000000007 168232.43344429441 -1.0000000180025095e-35 41.500000000000007 638.97723478877583 4.5000000000000009 62.500000000000007 -4395.1577472902563 -18689.663163624729 -3.4999999999999996 6.5000000000000009
decision_type=2 8 10 2 2 8 2 8 8 8 2 8 10 10 10 8 10 10 2 10 8 8 8 2 10 8 8 10 10 10 10 8 10 8 10 10 8 8 8 10 10 10 10 8 10 10 8 8 10 2 10 10 10 10 8 10 8 10 8 8 8 8 2
left_child=2 3 4 9 7 6 -6 11 12 -2 -11 -1 24 14 -10 16 -16 -7 -13 -5 21 -21 23 -12 -9 26 -3 30 29 -29 31 32 -15 34 -34 36 -32 38 -38 -33 56 42 -42 46 -45 -46 48 -48 -44 -50 51 52 -49 -30 -19 -56 -18 -58 -59 60 61 -24 -61
right_child=1 25 -4 19 5 17 -8 8 13 10 22 18 -14 27 15 -17 40 54 -20 20 -22 -23 59 -25 -26 -27 -28 28 53 -31 35 39 33 -35 -36 -37 37 -39 -40 -41 41 -43 43 44 45 -47 47 50 49 -51 -52 -53 -54 -55 55 -57 57 58 -60 62 -62 -63 -64
leaf_value=0.0093222736124071049 -0.010384868206358183 -0.00224871815852354 -0.0089614671145285679 -0.02048859562124411 -0.0013294548562586719 -0.00035135040330605186 -0.018916512701121154 -0.015160393810522041 0.0028981117245702841 -0.0019563929622234957 0.38044970526963734 0.066137360841340032 -0.021001474559164894 0.020183005348357815 -0.016863635513493968 -0.0015301669878012105 0.027225542545517453 -0.030157936945125308 0.016010528701624203 0.0037334622837803663 -0.0013133264708018037 0.31482575385333772 0.30855618644590388 -0.030091134664588855 0.022820567295812149 -0.003902656592275692 0.031885480442515594 -0.0036842980068284466 0.073177061488205145 -0.02091972995302336 0.0024299347855452906 0.011581181459933228 0.069430899680068034 -0.030450302559047224 0.27430991527160686 -0.0062660030340225071 0.25676675996200105 0.012021924479846124 0.055835644077908364 -0.0061483359315453985 -0.025551867675387981 -0.0088604553144206021 -0.0011155576514711352 0.0044554260465951628 0.0045919336511803313 0.20604428101651981 0.16017403836667349 0.031167137512710663 -0.0050195246725104007 0.19698035907589101 0.010686742968670322 0.10842152117101343 0.13449773031335033 -0.017372300346412906 0.026279649579476223 -0.018558809677560826 0.023018925694987809 0.20185639751203444 0.048748786425757355 0.063007823182863604 0.040208186666336292 0.081417575100728307 -0.01048737829910202
leaf_weight=87.902074091369286 56.673491306952201 26.46579637133982 282.14402577339206 284.66540079598781 149.80653132358566 327.78121774003375 138.40726777794771 9.7423647413961572 1401.8581772537436 19.021437729941681 0.36524396168533535 9.9091822125483304 10.72284084104467 24.514688484952789 13.233184242388232 58.279049636679702 12.558943475945851 4.8974834237014875 11.183246169006452 0.8819564114091889 11.223774468060583 0.52099551737774163 0.53005296725314111 0.38811844878364354 85.304285019636154 82.842506950721145 28.498604539199732 217.50393052818254 3.9101225851336485 60.705833569052629 298.89170783362351 121.88166767649818 1.1885652174241834 1.3089203082490715 1.1800321693299336 303.50397128378972 1.1482168587390327 4.0653452905826271 1.0416089417412875 79.262035884079523 4.8238619352923697 21.863675256725401 12.642466668505223 26.088054069667127 0.8255230983486388 0.88108396448660642 1.5702916481532154 13.056205438682815 1.1860241031972685 1.0538771466817705 8.2520436425693315 6.2807395104318848 1.2506955708377052 2.2389145498163998 46.986313692177646 6.5819222811842328 3.1206434993073371 1.8036613978911193 1.5143174363765863 3.4662721930071694 3.2488202033564448 0.5372412218712268 6.0962641949299723
leaf_count=1227 21842 3315 71795 189301 8782 13340 29178 278 47913 6853 101 271 1207 1170 1121 7801 761 834 445 270 6295 80 95 163 9079 14933 1737 9610 168 11060 6215 10968 94 219 165 27904 134 278 148 10203 443 2478 937 2360 119 151 236 1446 204 118 686 253 167 311 2203 646 180 173 193 878 649 161 2372
internal_value=-0.000197382 -0.00982068 0.00110383 -0.0146688 0.00189187 -0.00291726 -0.00977519 0.00299917 0.00252866 -6.74495e-05 0.0173074 0.0151738 0.0148795 0.00204741 0.0040009 0.0121253 0.0181541 0.00220006 0.03956 -0.0191052 0.0120835 0.11926 0.0423501 0.168947 0.0189275 0.003816 0.0154496 -0.00072378 -0.00641465 -0.0074451 0.00120734 0.00778485 0.0305453 0.0996217 0.171501 -0.00127103 0.00369705 0.0642438 0.161192 0.00459475 0.0220557 0.0177193 0.0251782 0.0285265 0.0108498 0.108597 0.0393742 0.0524767 0.0126012 0.0900217 0.0466127 0.0610127 0.0402002 0.0402073 0.0165043 0.0207704 0.0448299 0.0791684 0.131978 0.0354782 0.0782929 0.194222 0.0161535
internal_weight=4411.28 525.426 3885.86 387.619 3603.71 674.461 288.214 2929.25 2820.26 90.3269 33.6535 108.995 105.769 2714.49 1592.14 190.284 132.005 386.247 21.0924 297.292 12.6267 1.40295 14.632 0.753362 95.0466 137.807 54.9644 1122.35 284.359 278.21 837.987 229.336 28.1922 3.67752 2.3686 608.651 305.147 6.25517 2.18983 201.144 118.772 99.7745 77.9109 73.087 27.7947 1.70661 45.2923 30.41 14.8824 2.2399 28.8397 20.5876 14.3069 6.14904 58.4657 53.5682 18.9976 6.43862 3.31798 13.8787 4.31611 1.06729 9.56254
internal_count=534717 249045 285672 229060 213877 54983 37960 158894 156951 33114 11272 1943 10564 146387 67740 19827 12026 17023 716 195946 6645 350 4419 264 9357 19985 5052 78647 21149 20670 57498 22819 1648 478 259 34679 6775 560 282 21171 10905 9598 7120 6677 2630 270 4047 2788 1259 322 2552 1866 1613 479 3683 2849 1307 546 366 4155 905 256 3250
is_linear=0
shrinkage=0.03


Tree=97
num_leaves=64
num_cat=0
split_feature=14 16 16 68 204 227 24 81 208 208 2 208 29 27 100 37 36 154 14 226 89 265 46 222 105 36 3 45 47 214 158 47 24 114 3 76 257 32 16 207 107 29 179 3 48 9 152 3 33 46 247 20 109 25 37 172 16 83 49 247 104 12 17
split_gain=62.4726 28.1866 25.1528 27.0324 16.3269 16.9023 19.8581 14.7897 27.3597 16.3917 14.6007 15.9805 15.6077 22.0955 16.7849 17.2635 14.5842 22.5705 20.0293 23.8662 37.6296 15.8678 14.5309 15.2352 14.3256 13.2734 20.2353 16.6509 13.2642 18.4924 25.3097 15.6345 13.9439 12.9558 22.7517 14.2903 13.4896 24.9794 42.204 38.3232 13.9893 12.8053 14.2031 12.7414 19.1836 12.6209 12.5854 12.576 15.3835 14.2478 18.9309 49.32 15.8998 23.2323 36.3965 12.5394 12.5113 12.4445 16.6739 12.6967 12.3822 16.0166 12.3413
threshold=79863.926260527252 2.5000000000000004 12.500000000000002 164843.40843950617 1.0000000180025095e-35 -38.499999999999993 43844.421670812793 1440.7142754232643 11599.942834597929 61105.195488323625 1.0000000180025095e-35 -16147.873465593211 12098.699560571464 1727.1354339293548 -333.49999999999994 7428.7201387969699 -1034.4999999999998 -1855.4999999999998 1379.0064308879853 1.0000000180025095e-35 415214.19613029138 -1.0000000180025095e-35 -1733.4999999999998 1.0000000180025095e-35 47923.810625418468 -1414.9999999999998 51.500000000000007 415356.9602951514 3778.8848054570176 1.0000000180025095e-35 1741.5000000000002 5182.4822904395869 190207.03213726883 2172.9504364595555 65.500000000000014 286240.58269426628 -6698.3982945428497 12.500000000000002 1.0000000180025095e-35 1.0000000180025095e-35 5487.5386065961438 73163.551172506632 -574.50749530813277 63.500000000000007 54242.552576606402 401.27894944712506 1.0000000180025095e-35 30.500000000000004 21.500000000000004 -912.49999999999989 -148.91657897701813 3004.6449033147305 5510.3177619308453 442.69966622073457 1.0000000180025095e-35 1697.3729951657372 3.5000000000000004 3145.3467134891512 11.500000000000002 -1.0000000180025095e-35 4690.5000000000009 1689.3715546979363 3733.2785145112093
decision_type=2 2 2 10 10 8 2 10 8 10 2 8 2 2 10 10 8 10 2 10 8 10 8 10 10 10 2 8 10 8 10 10 2 10 2 10 10 10 2 10 8 2 10 2 8 10 10 2 2 10 8 2 8 8 8 8 2 10 10 10 10 2 2
left_child=2 43 3 4 5 24 10 9 -9 33 22 -12 13 14 15 60 17 18 19 25 -21 56 45 -24 41 -15 27 -27 -5 31 -31 -30 -33 34 36 -35 -8 40 -39 -40 -38 42 62 46 -45 -7 -2 48 -3 -50 51 -51 -52 54 -54 -11 -19 59 -59 -25 61 -13 -1
right_child=1 47 -4 28 -6 6 7 8 -10 55 11 12 -14 16 -16 -17 -18 21 -20 20 -22 -23 23 57 -26 26 -28 -29 29 30 -32 32 -34 35 -36 -37 37 38 39 -41 -42 -43 -44 44 -46 -47 -48 -49 49 50 52 -53 53 -55 -56 -57 -58 58 -60 -61 -62 -63 -64
leaf_value=0.015128833112098363 -0.0069569163790241442 0.18701251677129666 -0.0064399879437646544 0.012283296673655695 -0.014707705131529638 0.00025097570925089588 -0.0092389960426698687 0.13839043347130775 -0.030913928292341328 -0.004060532858888426 0.021038769400589977 -0.00064742371475106926 -0.010048491293988738 0.0011807847316528579 0.011400997012139058 -0.018703932793198628 0.0022956868230597431 0.032980150377596995 -0.0012049589860417518 0.015936028090880339 0.16803781290004352 -0.016681921143237577 0.0042423140420554568 0.030117862315866131 -0.021740991057664579 0.043498640486405206 0.010142831154797048 0.13477330067089902 0.11988743637931698 0.026339106927303405 0.24235213569263472 0.013970003464640815 0.14246517256502134 -0.022235426656158956 0.15797782702605484 0.015808942025436912 -0.014566523541218285 0.3830220824487347 -0.030056470351518566 0.28385717556641049 0.12073230914143268 -0.015956944333917734 0.0050802167153578869 0.10110022834415418 0.0073624533219935505 -0.017985842290423094 0.061052027777376561 -0.017900237776691183 -0.015437948563804628 0.4115126507322463 -0.017478615729849548 0.0052824915732420938 0.4019711502734889 0.017053584377507956 -0.030095203058529554 0.049293355113093067 -0.016627965431693096 0.027842593134180239 0.10917548029863855 0.00024738839701919212 0.0097963636955625526 -0.012134085873999454 0.039361524665974403
leaf_weight=90.277812609099783 162.90830519748852 0.40895369229838507 360.95405692060012 20.153265289147384 54.317104795947671 382.18183361878619 51.401284256135114 1.7111401534639288 1.7251144250622021 8.9831738577922788 29.48505206394475 437.99357010098174 158.97560951742344 6.8509810185059949 75.111110936384648 61.490089047700167 107.15548577811569 18.191956153837967 8.9787492194445786 2.5487308553419998 3.4391809586668387 17.960173825966194 1348.9988846404012 19.98151631152723 12.654730255715547 3.8560253214091063 5.6100535196019337 3.3715984695591033 1.7524838674580667 0.96431910688988753 0.98865826788824052 10.281952204997648 0.82073762360960323 94.575947052915581 0.79701607895549287 9.8073845235630852 5.7837614787276816 0.43459673644974861 1.3151876752963287 0.47694131906609971 0.78060853655915696 14.855857700691557 109.38349528401159 2.0440114726079619 50.774498345446773 37.505190830095671 2.4863141676178193 271.81805212178733 15.662510254886005 0.40752790367696412 4.7365813140058863 0.79118965659290552 0.41641297482419704 1.7287088308949021 0.30325667059514672 7.0962384631857303 6.1130057031987226 16.526087094563994 2.6294926162809125 35.66907734295819 70.517267754301429 145.55805122875609 23.928104706457816
leaf_count=1001 28241 22 116277 1502 5559 12073 19030 226 262 2975 2484 13267 19161 307 4478 5962 4948 614 1363 179 209 1872 41906 358 244 105 318 173 242 92 199 2435 216 42502 252 2127 2449 71 808 221 165 842 2745 201 5460 3911 91 148016 7821 162 2146 264 185 513 148 1345 935 971 143 811 4821 15189 1102
internal_value=-0.000195181 -0.01002 0.00110326 0.00187416 0.00161173 0.00186922 0.0012796 -0.00826321 0.053394 -0.00943085 0.00186641 -0.000765404 -0.00133247 8.90623e-05 -0.00209029 -0.00350645 0.00945016 0.0194168 0.0373632 0.05085 0.103296 0.00470166 0.00352704 0.00497309 0.00936343 0.0348995 0.0528939 0.0860772 0.0281229 0.04968 0.135692 0.036613 0.0234687 -0.0122425 -0.00125721 -0.018661 -0.00336567 0.0309755 0.117802 0.0534857 0.00152267 0.0110142 0.0128062 -0.00183797 0.01099 -0.00137875 -0.00593456 -0.0160463 0.00456002 0.00145705 0.0330205 0.143389 0.0146071 0.0766794 0.219906 0.0194858 0.0205031 0.0181513 0.0390072 0.0109725 -0.00207771 -0.0035126 0.020206
internal_weight=4407.41 514.486 3892.92 3531.97 3497 3442.69 3191.59 184.888 3.43625 181.452 3006.7 1163.21 1133.72 974.746 790.67 715.559 184.076 76.9205 34.6553 25.6766 5.98791 42.2651 1843.49 1423.81 251.1 19.6887 12.8377 7.22762 34.9614 14.8082 1.95298 12.8552 11.1027 165.373 60.9894 104.383 60.1924 8.7911 2.22673 1.79213 6.56437 238.445 223.589 218.213 52.8185 419.687 165.395 296.273 24.4551 24.0462 8.38368 1.19872 7.18496 2.44838 0.71967 16.0794 24.305 74.8062 19.1556 55.6506 654.069 583.552 114.206
internal_count=534717 193270 341447 225170 220484 214925 208991 72433 488 71945 136558 76385 73901 54740 43717 39239 11023 6075 2654 1291 388 3421 60173 44189 5934 903 596 278 4686 3184 291 2893 2651 67625 22996 44629 22744 3714 1100 1029 2614 5690 4848 33993 5661 15984 28332 159277 11261 11239 3418 426 2992 846 333 4320 1549 2283 1114 1169 33277 28456 2103
is_linear=0
shrinkage=0.03


Tree=98
num_leaves=64
num_cat=0
split_feature=55 9 11 4 205 259 107 57 199 189 122 61 56 216 195 46 204 240 89 225 189 225 253 220 2 181 44 178 92 79 5 140 40 172 36 151 207 209 36 153 22 154 238 140 172 11 174 224 189 61 57 254 205 204 5 38 189 185 238 194 174 224 82
split_gain=56.1425 31.2559 31.2515 26.9356 21.0191 20.9481 18.0443 22.6813 17.9586 18.0167 19.0592 18.5814 16.0042 16.4269 15.9071 15.8998 15.899 14.9831 14.7398 19.3239 22.3598 37.2835 14.492 14.2564 14.5994 18.5598 14.8096 14.1956 14.0305 18.904 16.166 22.2292 14.6051 13.7524 13.3706 12.7052 12.5757 12.3296 16.1898 23.7542 12.3076 16.1716 15.081 16.9729 19.3185 14.7438 13.6733 13.6516 13.3158 12.9966 12.7116 12.3415 12.159 12.1163 13.3713 12.047 14.2716 11.6796 14.1683 15.6411 16.7593 22.5342 23.5245
threshold=733.30220192056618 1997.6954789459362 -3271.5187061495149 40.500000000000007 1.0000000180025095e-35 5.5000000000000009 32381.79083585765 64.500000000000014 1.0000000180025095e-35 -82077.19114771641 67896.243223932965 171.12076040116202 1.0000000180025095e-35 5.5000000000000009 -5888.6708263808559 -2006.4999999999998 -34148.258643028406 28.500000000000004 127100.68042869217 -4.4999999999999991 -9152.4443872816573 10.500000000000002 59.500000000000007 1.0000000180025095e-35 1.0000000180025095e-35 -1.0000000180025095e-35 1.0000000180025095e-35 -375.20165258311005 312501.31770859571 8926.6625595254536 1875.8285844578984 5.5000000000000009 1640.5000000000002 -620.78983657634933 -1247.4999999999998 26004.097868101129 -1.0000000180025095e-35 138347.44402902038 -1580.4999999999998 237242.48101902221 11048.616865327827 -455.49999999999994 1.0000000180025095e-35 1.5000000000000002 -141.48943508097361 -8608.7084387945124 950.28425893182782 -1.0000000180025095e-35 -3585.3382865907934 724.7387890638621 38.500000000000007 1.0000000180025095e-35 40602.90774649768 -3323.3672698963396 2562.9382858412564 90540.452885255116 -562.54213333765733 8285.4011107834103 -1.0000000180025095e-35 -1986.4649795285638 -18.379024122689994 13.500000000000002 7.5000000000000009
decision_type=2 10 2 2 10 10 8 8 10 8 10 10 8 10 8 8 8 8 10 8 8 8 10 10 2 8 10 8 10 8 10 10 10 8 8 10 8 10 8 8 2 8 8 8 8 2 10 10 8 10 10 10 8 8 8 8 8 10 10 10 8 8 8
left_child=1 4 6 5 8 12 7 35 9 28 23 22 13 -4 -14 17 -17 -16 19 -19 21 -21 27 24 25 33 34 -12 29 32 -31 -32 -1 -11 -27 -2 -3 -5 39 -39 41 -26 43 44 -43 -42 49 -45 -46 53 51 -49 -40 -44 55 -55 -57 -25 -59 -60 -61 62 -62
right_child=2 36 3 37 -6 -7 -8 -9 -10 10 11 -13 14 -15 15 16 -18 18 -20 20 -22 -23 -24 57 40 26 -28 -29 -30 30 31 -33 -34 -35 -36 -37 -38 38 52 -41 45 42 46 47 48 -47 -48 50 -50 -51 -52 -53 -54 54 -56 56 -58 58 59 60 61 -63 -64
leaf_value=0.0049789278918858215 -0.012105309967918299 0.011788133802457138 -0.022346351858358295 -0.019755220550310811 -0.01659595700739188 0.18372414859373165 0.013228229750778527 0.18055907062885665 -0.0083660193703447988 0.0014452224216146374 0.10604364811736308 -0.015483658324211816 0.04279096195222918 0.15285988016180843 0.17245427874687166 0.15927861395262297 -0.015945024041516691 0.17002212231288244 -0.030146732923926105 -0.030097396981702586 0.011047348194399944 0.31013458116212528 -0.003817302157531989 0.008184941515286032 -0.0023612960793286627 -0.002444061047468448 0.029585353562606834 0.020540887126575886 -0.0016933484768154707 0.030873248473869276 0.043736490152622251 0.18604635637008091 0.031304166701209515 0.018528658968410692 0.0038927667050913683 0.052090277058161508 -0.010639590622648284 0.23079051859215055 -0.0053653804528163559 -0.030095249731491028 0.0039947010807015867 0.086964456272551394 0.041621648451208949 -0.011052869793889685 0.065834261120870943 -0.010721851835297856 0.034408607187611177 0.073320727076775991 -0.00019094465719296283 -0.0071127199174185803 0.0097534009658816461 -0.0059130706452798281 0.20325219648984763 0.018493539525930483 0.021826912148136812 0.016876198210336018 -0.012228168911375452 -0.0002978401236742089 0.01047353451688721 0.015505852025163863 0.19665395044323411 0.25752725486395361 -0.030718901409456725
leaf_weight=57.779029311263002 69.445084835169837 24.693249286385253 26.598166041658263 276.10774869890884 55.115742038353346 0.56069875648245115 70.529445729218423 0.5693170289741819 142.36210899846628 65.021208552410826 2.052118033869192 102.93538599298336 10.205081707448697 0.49049480049870808 0.58727544546127319 0.47419848304707557 27.096696341410283 0.8794738482683897 4.246639874065294 0.549394841189496 10.916644526878374 0.61364873696584255 30.383872619946487 221.80613270506728 482.44639961491339 400.81542859959882 18.098789274226874 11.775640509673392 41.65053060115315 10.667065985617226 2.4593422258039928 1.6510477988049386 28.236387431854382 121.95554696046747 1187.5960364381317 2.8901651434134683 253.45496858807746 0.68880737992003527 11.827667281031607 0.57743042393121879 89.178067489410751 6.1139182291226462 8.5663719929289055 18.178532048943453 4.120720150298439 195.77378661592957 11.870404105400665 6.5256791375577432 8.2590970576275158 96.998524847207591 23.189345588441938 2.4273541171569377 0.25690315675455977 24.296902345726267 32.333156246109866 19.75703246158082 65.218655933509581 4.6527104063425213 2.5541281590703875 1.2588052984792737 0.79121817613486034 1.0390502797672527 0.84893288498278718
leaf_count=2373 27256 3206 10585 179985 5621 120 5164 179 24773 1205 129 18748 2495 133 126 101 10613 213 1602 231 3176 161 3442 10928 35421 17772 113 756 4681 1153 157 242 1963 1682 40327 244 68589 156 6095 320 3166 230 93 1773 115 20989 287 425 370 2851 2186 292 90 1743 2269 603 3477 566 372 185 77 132 190
internal_value=-0.000192886 0.00104153 -0.00948945 -0.0140692 0.0017884 0.000972628 0.00240996 -0.00805587 0.00207353 0.0025092 0.00205409 -0.00849698 -0.000267045 -0.0191739 0.00894961 0.00133666 -0.0129313 0.0234453 0.0183593 0.0342544 0.0243697 0.149417 0.00776971 0.00255143 0.00197571 0.00364236 0.00260121 0.03323 0.0129534 0.0190059 0.0503511 0.100899 0.0136207 0.0125879 0.00229375 -0.00954037 -0.00864852 -0.0183937 0.00976334 0.111821 -0.000753429 0.00113244 0.00627355 0.0187571 0.0433337 -0.00611618 0.00295727 0.00972487 0.0217861 0.00144682 0.021476 0.0518388 -0.000930426 0.00697556 0.00487966 -0.000134942 -0.00546134 0.00969069 0.0396583 0.0682936 0.105795 0.148216 0.0789671
internal_weight=4403.02 3886.91 516.111 372.677 3608.76 83.2184 143.434 72.9046 3553.64 3411.28 3268.84 147.147 82.6577 27.0887 55.5691 45.364 27.5709 17.7931 17.2058 12.9592 12.0797 1.16304 44.2116 3121.69 2888.74 1793.49 1606.51 13.8278 142.443 100.793 14.7775 4.11039 86.0154 186.977 1588.41 72.3352 278.148 289.459 13.3508 1.26624 1095.25 810.302 327.856 68.8146 18.4937 284.952 259.041 50.3209 12.3798 247.171 32.1424 8.95303 12.0846 150.172 141.606 109.273 84.9757 232.951 11.1448 6.49213 3.93801 2.6792 1.64015
internal_count=534717 285672 249045 216202 213877 29556 32843 27679 208256 183483 172914 23075 29436 10718 18718 16223 10714 5509 5383 3781 3568 392 4327 149839 137389 61099 58212 885 10569 5888 1552 399 4336 2887 58099 27500 71795 186646 6661 476 76290 52135 16714 5391 715 24155 11323 4676 485 11036 2903 717 6185 8185 8092 5823 4080 12450 1522 956 584 399 267
is_linear=0
shrinkage=0.03


Tree=99
num_leaves=64
num_cat=0
split_feature=55 9 91 58 205 199 40 189 83 118 28 154 194 224 135 194 28 270 110 117 3 159 56 29 3 92 210 78 60 87 104 224 21 41 223 265 40 58 224 178 269 90 101 205 242 33 24 29 33 90 257 0 115 211 138 0 19 37 185 76 52 16 121
split_gain=53.4033 29.5806 28.3303 23.4511 19.9923 16.9647 16.8346 16.7434 14.0954 13.2506 19.4465 18.8903 15.8493 27.1737 15.4225 16.1436 14.3149 15.4917 15.4918 17.4708 29.7633 26.3592 12.9696 23.0543 14.3354 12.94 15.5327 12.9275 12.913 15.7681 20.4312 25.3928 12.9474 13.4009 12.6432 12.5463 12.4704 12.3463 12.2051 12.0891 12.4787 12.0791 11.9426 15.3645 11.6746 11.5993 20.6884 15.8557 18.7612 21.9632 11.556 13.6016 16.1301 11.5364 12.4247 11.4396 11.404 11.0271 19.0369 29.1996 40.0141 12.044 10.8317
threshold=733.30220192056618 1997.6954789459362 39079.507154680679 64.500000000000014 1.0000000180025095e-35 1.0000000180025095e-35 3342.5000000000005 -82077.19114771641 20552.347491599776 6.5000000000000009 11.500000000000002 -1978.4999999999998 -17316.69442448785 43.500000000000007 1157.408712880994 46957.040891114979 2.5000000000000004 2059.0191978513744 1.0000000180025095e-35 84.818569983910024 38.500000000000007 -1.0000000180025095e-35 1.0000000180025095e-35 28024.071722059114 41.500000000000007 312501.31770859571 -2249.4492491943765 127323.6618886747 29529.812535638088 152.50000000000003 605.50000000000011 1.0000000180025095e-35 7.5000000000000009 10985.032558404799 1.0000000180025095e-35 -3.4999999999999996 526.50000000000011 191.50000000000003 -1.0000000180025095e-35 141.6653061097571 -1.9999999999999998 -973.49999999999989 165003.27644549133 -40003.142138713323 1.0000000180025095e-35 51.500000000000007 257801.28341165622 6633.214344416966 12.500000000000002 -1278.4999999999998 -11644.415193009581 54259455.500000007 171.35126564829403 -2554.8143908387465 7.5000000000000009 15916930.500000002 10.500000000000002 141055.50644832681 -12594.003356093543 42616.715836534473 18.500000000000004 4.5000000000000009 1.0000000180025095e-35
decision_type=2 10 10 10 10 10 10 8 10 8 10 8 10 8 8 8 8 8 10 8 2 10 10 2 2 10 10 10 8 10 10 10 2 8 8 8 8 8 8 10 8 8 10 10 8 2 2 2 2 8 8 2 8 8 10 2 2 10 8 10 10 2 10
left_child=1 4 3 9 5 7 8 25 -4 10 12 -12 13 44 15 16 17 18 -14 -20 21 -21 24 35 36 26 37 57 -11 32 31 -31 45 -34 -29 56 50 -1 -39 40 -37 -36 -5 -44 -2 46 47 -30 -49 -50 51 52 -9 -32 -55 -10 -24 61 59 60 -59 -3 -6
right_child=2 27 6 42 62 -7 -8 22 55 28 11 -13 14 -15 -16 -17 -18 -19 19 20 -22 -23 23 -25 -26 -27 -28 34 29 30 53 -33 33 -35 41 39 -38 38 -40 -41 -42 -43 43 -45 -46 -47 -48 48 49 -51 -52 -53 -54 54 -56 -57 -58 58 -60 -61 -62 -63 -64
leaf_value=0.030313708115280863 0.13823581359811279 -0.0047909009807696008 0.02303566200191192 -0.019011360009073205 0.011387324309221953 -0.0081807056339629272 -0.024141034909150347 0.052577144452602281 0.11804724407980068 -0.019323073264567347 0.25700664371356252 0.046613439901419453 -0.018444561786727744 0.24788435223901184 0.10232475850747492 0.18352404746712711 -0.013051470736044884 0.15451445229972147 -0.031687107949565869 0.30783939512872471 -0.0074236246441132551 0.069045181609605696 0.0097194136384599616 -0.012886192678948354 0.0016612760647820785 -0.0016443834155873271 0.012300434092363274 0.006936327244106949 -0.016113574425335345 0.051039369347704887 0.10898161833140767 0.2572661900515027 -0.032098539589055196 0.14419353032571153 0.15547971783565165 -0.0067913454570245725 0.0088999876612208921 0.14429768195519599 0.037601402600257447 -0.01312973674065113 0.0022901904318297743 0.018311338038330526 0.069688845123906912 -0.010243394602394781 -0.030287620789338488 -0.015047967270861521 0.1481288673826158 0.18461420042756632 0.18452312275882068 -0.030121745021409078 -0.0075918459059093075 -0.0094326036122942131 0.0020544763532824046 -0.024370341301651277 0.18136394311956955 -0.014954467308573124 0.081207666054128755 0.013893992866809535 -0.0013466727129818287 -0.011334780429778818 0.33389676050797479 -0.017968183292600526 -0.022792595468253674
leaf_weight=16.835453069303188 0.52737379050813493 126.33200945146382 44.930101528065279 256.81877509981859 10.292968393303452 141.23664973780978 12.214257279003503 11.215303053497339 0.60513327224180002 56.363001991645433 0.51995481306221336 1.4697318361140776 5.101262115640564 0.64216095616575364 1.3304017570335407 0.42072739265859027 32.174955929978751 0.79926882311701675 1.3293646451784296 0.79768961481750011 1.3190676968079058 0.86953832325525604 94.926619587000459 120.57400332065299 1337.7020054669119 41.60475056420546 81.292566263582557 9.5605208049528283 8.1107536770869029 2.0401171349221827 0.82946209574583918 0.72950367128942151 0.6243485080776725 1.0254453957313669 1.1261750449193639 163.91475282458123 562.16754636284895 1.8888136645546181 1.9726293617859476 59.944714674842544 804.62098114797845 1.1865597045980387 3.1085133120650426 7.125173451844601 1.2395279400516301 43.711997069010977 1.0078437121119339 0.83796617621555869 0.55898000183515251 1.8456300768302756 87.210433820029721 15.570281620370222 11.538465666468253 4.4837882836582139 0.28073119197506446 15.237849782453848 2.0517118691932401 0.66896372509654634 11.448570664622819 1.3983410642249507 0.74148511001840234 123.40431507932954 44.078028659336269
leaf_count=838 131 15522 5202 162617 320 24773 5366 355 207 25684 145 469 1279 119 114 147 12528 75 106 151 370 120 6001 20503 59811 4681 4785 1072 1872 442 170 168 139 231 144 8083 18533 134 131 8199 46277 118 383 2235 438 21651 144 156 175 572 3588 653 686 2173 80 3186 225 169 2091 214 222 52243 5301
internal_value=-0.000190212 0.00100858 -0.00930732 -0.0121906 0.00173202 0.00200805 0.00799714 0.00242943 0.0144563 -0.00351588 0.00974821 0.101594 0.00582254 0.0807539 0.00173317 -0.00139277 -0.00322805 0.0277099 0.0169473 0.0587817 0.0990543 0.183297 0.00198933 -0.000418945 0.00347091 0.0124559 0.0182078 -0.00846005 -0.00877398 0.000222987 0.0387204 0.105358 -0.00535499 0.0774775 0.0221624 0.000916712 0.00699097 0.0414106 0.0897916 -5.59318e-05 0.000753233 0.0851048 -0.0177449 0.0140363 0.0200122 -0.0077921 0.0178664 0.00630285 0.0623737 0.019775 -0.001558 0.0121727 0.026957 0.00572744 -0.0122482 -0.00987438 0.0112318 -0.00983731 0.0158239 0.0858107 0.182122 -0.0113023 -0.016322
internal_weight=4397.54 3886.51 511.03 438.043 3610.64 3556.27 72.9873 3415.03 60.7731 170.991 48.541 1.98969 46.5513 2.40906 44.1423 42.8119 42.3911 10.2162 9.41692 4.31566 2.9863 1.66723 3271.44 1246.03 2025.4 143.594 101.989 275.867 122.45 66.0866 8.3636 2.76962 57.723 1.64979 11.8733 1125.46 687.702 20.6969 3.86144 1028.48 968.536 2.31273 267.052 10.2337 1.7669 56.0732 12.3612 11.3533 3.24258 2.40461 125.534 38.3241 22.7538 5.59398 4.76452 15.843 96.9783 263.994 14.2574 2.80879 1.41045 249.736 54.371
internal_count=534717 285672 249045 235084 213877 208256 13961 183483 8595 69849 16192 614 15578 688 14890 14776 14629 2101 2026 747 641 271 172914 89288 83626 10569 5888 71795 53657 27973 3033 610 24940 370 1334 68785 23815 1103 265 62559 54360 262 165235 2618 569 24570 2919 2775 903 747 5282 1694 1041 2423 2253 3393 6226 70461 2696 605 391 67765 5621
is_linear=0
shrinkage=0.03


Tree=100
num_leaves=64
num_cat=0
split_feature=14 47 205 68 29 60 55 226 17 130 36 165 226 32 36 61 30 235 270 185 225 79 219 60 30 174 68 138 177 25 100 183 47 226 68 100 133 1 163 148 148 156 58 148 145 32 89 177 225 174 148 222 133 219 14 40 2 142 58 133 261 178 68
split_gain=55.2909 26.5801 24.7039 20.4141 21.3344 22.2942 20.816 18.415 19.4087 18.0651 17.4113 17.1582 16.0037 21.0958 19.9617 15.8196 14.5916 14.5207 13.5311 13.904 17.8824 28.4842 37.17 16.197 12.9026 16.4178 16.4363 12.7854 16.4676 12.9232 17.7779 16.2669 14.6984 20.2593 12.7189 19.749 18.9719 16.5773 14.1962 13.8514 14.0753 13.0453 27.5386 42.1061 37.2941 24.6153 14.9351 15.2144 14.5865 12.4345 12.1836 13.4987 13.5173 11.877 15.2411 12.239 11.4856 12.9022 11.329 11.1672 15.9428 13.8183 12.4277
threshold=79863.926260527252 940.12056698103515 1.0000000180025095e-35 203700.7788664746 58762.51863460827 9890.4967436944771 409.25375248207388 -8.4999999999999982 5088.2051695196124 16847.376763457847 -150.49999999999997 1.5000000000000002 17.500000000000004 4.5000000000000009 -638.49999999999989 6068.9076967216115 10.500000000000002 52042.717331171771 3309.2160916993394 -1133.8421517024565 1.0000000180025095e-35 4665.950985810241 3264.3845465626086 32205.497095326504 1.0000000180025095e-35 55.325631734605857 6288.250242682122 9.5000000000000018 -117.25688954089591 2268.8507993736516 -1853.4999999999998 -231.85040254176968 2358.6269094291715 1.0000000180025095e-35 -6663.7197524214325 -2159.4999999999995 207.63572956433603 202051.50000000003 414.83239497089431 4638.5000000000009 4953.5000000000009 420846.65466662165 126.50000000000001 1830.5000000000002 2450.9121084189378 6.5000000000000009 382204.41136378207 57.944740855872503 7.5000000000000009 1418.2002093002027 1021.5000000000001 -1.0000000180025095e-35 4680.6952247102299 1383.1037991373021 1.0000000180025095e-35 1820.5000000000002 1.5000000000000002 1.0000000180025095e-35 288.50000000000006 2236.53397955125 59.500000000000007 -603.99793591078503 35962.105005255427
decision_type=2 10 10 10 2 8 2 8 2 10 10 10 8 8 10 10 2 10 8 10 10 8 8 8 2 8 10 10 10 10 10 8 10 10 8 8 10 2 10 8 8 10 10 8 10 10 8 10 10 8 8 10 10 8 2 8 2 10 8 10 8 10 8
left_child=2 -2 3 4 7 6 12 10 27 11 15 34 24 -14 -15 56 58 -11 19 20 -5 -22 23 -23 -6 26 -26 29 -29 -9 31 -31 33 -32 35 36 -10 -36 41 -37 -41 -39 43 -43 45 -45 47 -44 -47 -17 51 52 -7 -33 -55 -56 57 59 -8 -1 62 -62 -61
right_child=1 -3 -4 18 5 50 16 8 9 17 -12 -13 13 14 -16 49 -18 -19 -20 -21 21 22 -24 -25 25 -27 -28 28 -30 30 32 53 -34 -35 37 39 -38 38 -40 40 -42 42 46 44 -46 48 -48 -49 -50 -51 -52 -53 -54 54 55 -57 -58 -59 -60 60 61 -63 -64
leaf_value=0.0035085117838358692 0.00028492606548606721 -0.014392248921517083 -0.015640397024180786 0.020141000272560414 0.0038462548358140919 0.020950749104535281 -0.021576426198578556 0.0015162650433497436 -0.0099474862238024073 -0.017886211635195211 -0.029018311808899588 0.10796995899221475 0.19459542869546492 0.0056209145772071409 0.13597555314158644 0.019480160501502131 0.21255470174417848 0.032998615050821377 0.14458666805998988 -6.3459857269268163e-05 0.039124417922439696 0.20574994016185322 0.38279559175997518 -0.030173870275379672 0.026410696219032602 -0.0016165033067484411 0.16122201824962784 0.066404830401864887 -0.0020207947461760262 0.09155976521109388 0.0058505329211346012 -0.022772005362261708 -0.00254512156215126 0.10815741020237031 -0.0084333642365295013 -0.0024955252211571835 0.12717583808589056 0.0013583812672912424 -0.022223227327108488 0.11901018626546185 0.020328628702378903 0.0074253414626107963 -0.014095528985458478 0.23919489546057576 -0.030451912089076136 0.039445412497120087 -0.011404881787900695 0.10565841316226732 0.16808932006513141 0.075238677763750678 -0.018169907029626665 -0.0037666810789412212 0.1605410934921328 0.011455474603825379 0.035302201042211323 0.1423540216672769 -0.016456933269677058 0.033748170447714665 0.15925125573438334 0.022673212846280204 0.019057970452638271 -0.00034376719985293474 0.070114316545132269
leaf_weight=393.08726129977731 165.67488530196715 336.80029844812816 78.46959300985327 13.309661371982658 34.903880394762382 2.0546565972035746 23.041067820682663 2169.1882377490401 1.4525142683414745 98.061746232386213 12.248801252455449 1.2823916047345836 0.92239554598927398 4.0626658299006522 1.4292125784559173 13.177712144039106 0.24724499019794066 5.3211285049328572 0.82219669688492913 15.026580254430881 3.6925584659911683 0.50458140403497953 0.57863552682101715 0.54453705134801555 1.55383350001648 2.8400249595288187 1.7093504953663794 6.3200514407362789 6.341788645484483 4.308616693248041 4.7230822313576928 3.519547552568838 36.726312074344605 2.7600346182007343 279.68734440411208 48.322725503239781 2.4227841255487874 165.50758297403809 18.992817756603472 1.4001384046860064 18.345098852994852 7.768952566548248 1.6914113553939416 1.7718053642893217 1.3094286978011949 1.6934830577811228 17.860109170083888 2.192476263619028 1.4922695149434728 4.9522787742316732 126.21538910688832 31.082177364383824 0.89686605473980296 5.9685525508830342 1.9510579877533021 1.8944519013166425 19.372160399449058 15.817585670272818 0.31609785824548353 27.435957150242757 58.679496319207828 75.607052487670444 6.068945297447498
leaf_count=22606 22645 170625 13806 2073 4289 382 12160 73227 195 32754 1098 72 84 593 232 669 108 574 101 2794 506 80 119 213 138 297 198 257 213 147 202 277 2284 150 71153 5329 145 14851 11198 145 2179 719 209 106 209 175 2021 232 127 137 35362 7025 112 142 90 170 515 181 177 2584 5063 7120 1073
internal_value=-0.000187726 -0.00955293 0.00102169 0.00136464 0.00115492 -0.00767343 0.00631738 0.0017306 0.000729395 -0.00372442 0.00639787 -0.00164253 0.0177757 0.0618414 0.0395446 0.00710417 -0.0167025 -0.0152672 0.024344 0.0214066 0.0387239 0.0852121 0.189762 0.0832955 0.010883 0.0511259 0.0970288 0.00207242 0.0321333 0.00190181 0.0154233 0.0408838 0.00526308 0.0435849 -0.00188832 0.00990561 0.0757802 -0.00358541 0.00256997 0.00615518 0.0273262 0.00490938 0.0213352 0.0540936 0.111946 0.149558 0.000189468 0.0535062 0.0997048 0.0347108 -0.0138745 0.00205543 0.0633674 0.0245084 0.0414642 0.0880402 0.00626448 0.00702773 -0.0191292 0.00627418 0.0127533 0.00813425 0.0312665
internal_weight=4393.42 502.475 3890.95 3812.48 3778 231.275 71.0258 3546.73 2920.28 676.576 626.447 573.193 47.4214 6.41427 5.49188 614.198 23.6044 103.383 34.4788 33.6566 18.63 5.32031 1.62775 1.04912 41.0071 6.10321 3.26318 2243.7 12.6618 2231.04 61.8517 17.6422 44.2094 7.48312 571.911 71.9433 3.8753 499.968 220.28 68.068 19.7452 201.288 35.7799 14.0359 6.26699 4.95756 21.744 3.88389 3.18575 18.13 160.249 34.0337 2.95152 13.3336 9.81406 3.84551 596.068 576.696 23.3572 560.879 167.791 134.287 33.5049
internal_count=534717 193270 341447 327641 321755 61157 18276 260598 219552 142393 41046 109065 5831 909 825 39948 12445 33328 5886 5785 2991 918 412 293 4922 633 336 77159 470 76689 3462 826 2636 352 108993 7993 340 101000 29847 7653 2324 18649 3798 1336 617 408 2462 441 302 806 42881 7519 494 679 402 260 39142 38627 12337 38446 15840 12183 3657
is_linear=0
shrinkage=0.03


Tree=101
num_leaves=64
num_cat=0
split_feature=16 23 195 84 217 78 222 120 64 26 53 4 264 83 36 251 6 63 32 33 266 20 136 48 61 269 63 133 111 189 104 143 36 48 94 170 211 26 164 208 172 46 32 94 153 263 143 122 140 32 61 117 79 263 81 25 92 4 8 53 189 224 46
split_gain=50.1223 24.4074 18.3364 18.0258 17.7555 15.693 28.147 15.5999 15.4607 14.1113 14.6206 16.1392 14.9222 14.225 14.7288 14.4858 26.4587 35.3545 14.185 13.3372 15.5212 12.8234 21.1491 20.4896 40.827 12.7888 15.8103 13.4649 18.7095 16.3495 16.072 21.4928 27.8619 17.8794 14.1407 13.1112 12.9041 12.7997 13.7515 12.7296 19.8658 12.777 13.265 13.5141 12.6569 13.937 12.6071 30.9025 44.197 98.5918 11.8009 11.6889 11.5823 11.4322 11.189 11.0687 14.6008 12.9987 24.3688 18.2098 12.6897 18.5545 11.0253
threshold=12.500000000000002 1.0000000180025095e-35 1.0000000180025095e-35 20.500000000000004 -5.4999999999999991 83864.525504872159 1.0000000180025095e-35 11644.708248757403 8.5000000000000018 1.0000000180025095e-35 6502.6153075655848 62.500000000000007 -7.4999999999999991 49985.94686490835 -1094.4999999999998 -3478.8515910903875 24605.444748452206 429.18160172918806 40.500000000000007 124.50000000000001 220.19475537009302 87341.628774276644 8.5000000000000018 743224.74183769512 3996.7163089259152 -1.0000000180025095e-35 278.46409157342504 2703.3934325215387 46.500000000000007 -132328.62943404671 5138.5000000000009 113070.47670750134 -1155.4999999999998 327231.58761793876 2787.5000000000005 6007.684038653777 122.25895015419862 1.5000000000000002 -1.0000000180025095e-35 -21953.80906277557 148.78365302570822 -2069.4999999999995 2.5000000000000004 2018.5000000000002 152329.54047488264 -7015.0261915566825 39397.431965719508 96916.050179556943 12.500000000000002 2.5000000000000004 2059.3016413238397 521.74717126328403 24130.325622539076 160.34760082197116 360.2366119925681 3664.2650998253962 1228451.1462238438 32.500000000000007 3841.6166650455903 747.05968637156559 2905.3107325811234 10.500000000000002 -1794.4999999999998
decision_type=2 2 10 8 8 10 8 10 10 2 10 2 8 10 8 8 8 10 10 2 8 2 10 10 8 8 8 10 10 10 10 8 8 10 8 10 10 2 10 8 8 8 8 8 10 10 8 10 10 10 8 10 8 8 10 10 10 2 10 8 10 8 8
left_child=1 5 4 -4 19 8 -7 50 25 10 11 12 51 14 -12 -16 17 -17 -18 -3 -21 46 23 24 -23 26 37 35 30 44 34 -32 -33 -34 36 -27 62 38 -1 40 -11 42 -41 -44 -30 -46 47 -9 49 -49 55 -6 -38 -31 -14 56 57 58 59 -2 -61 -62 -29
right_child=7 2 3 -5 9 6 -8 21 -10 39 13 -13 54 -15 15 16 18 -19 -20 20 -22 22 -24 -25 -26 27 -28 28 29 53 31 32 33 -35 -36 -37 52 -39 -40 41 -42 -43 43 -45 45 -47 -48 48 -50 -51 -52 -53 -54 -55 -56 -57 -58 -59 -60 60 61 -63 -64
leaf_value=-0.016329763613969841 0.121359612837802 0.012167310069031307 -0.019449343828286954 0.26205805561538248 0.18225844288697193 0.012955141195323259 0.10441402395710089 -0.019575751386827666 -0.0047207458162949901 0.1684354362149125 -0.0079229840813124994 -0.015576770300723236 -0.0021958409053340548 -0.02566171023102181 0.015202248016888364 0.29563638195947878 -0.0051925059860482457 0.044962139703521739 0.095336911679280892 -0.0091429374652503941 0.12010148331564707 0.014125515041180712 -0.010836424334948785 0.011019845965946408 0.35049232252011436 0.0021527092648963094 -0.009974824475934535 0.053763833979165489 0.10641663568516327 -0.0058154780827356705 -0.0028431523652498705 0.19138910714635388 0.10052793341364363 -0.019242668142093487 0.0020078994166657302 0.022574057750786511 -0.015143436597539445 0.02931402574176006 0.0016801331853811153 -0.030262185187991019 0.0018406814197101965 0.0027720634655809249 0.034290138225352186 0.19905354197709876 0.069510667163510509 -0.024766055006892645 -0.017801300049176693 -0.030067795641811546 0.0084373180555480654 0.79117274439198015 -0.01120633434110789 0.02410838212908618 0.043993901920136795 0.012391895159158756 0.13365634276053381 0.0099761968458740944 0.12128050695580332 -0.014365607383883278 0.19992109845322256 -0.020084445741567657 0.0050096315561492721 0.19201868354664636 0.022498512447482241
leaf_weight=41.476308580487967 1.1827202971326141 9.7457403989974392 80.614394176343922 0.20524042309261759 0.69673206040170033 34.407029246678576 3.3207571269012979 2.8365150915924451 320.81546198471915 1.1988953596446661 15.281542803684713 146.66200266795931 95.133230204577558 9.1298598677385581 19.470199608418625 0.90957104781410025 3.6076613498735242 1.142305238288827 1.9439107119687831 1.2361156519036729 2.5852783097070646 0.67610159661853531 6.1211053678416647 1.4245404391549525 0.62495302013121545 2146.018072504201 151.72782522684429 13.986338817281647 2.1605229433625928 95.935132549609989 3.6897003391059089 1.7175073086982591 2.6463353690924132 1.947088203509338 45.116059389198199 28.673384819063358 11.676496947533447 13.994795690057797 476.73591329855844 0.78008209459949318 1.3923855790635573 24.86531925667078 0.88246190821519088 0.91008481784956541 2.7450493328506127 2.9044228279963136 204.89720889006276 0.27100694604450815 0.73375201341696084 0.25570072053233162 122.66118405590532 1.0613055158173663 4.0023462086683148 45.880119297537021 0.54878047382226114 70.020277073432226 0.7912041605450203 57.207516062830109 0.63898516946937967 8.2931901913834718 1.6438822136260576 0.67296567664016071 37.017486983211711
leaf_count=763 229 1149 50889 71 169 1440 111 1338 33180 226 2060 67037 28229 1682 1715 168 346 234 137 590 202 259 2550 496 121 84001 16469 926 249 8843 362 196 211 220 3667 1082 1409 244 12470 174 204 5097 109 170 231 674 118764 157 292 140 37767 249 407 5353 156 17268 189 16182 61 1738 489 155 2951
internal_value=-0.000185251 0.00093927 -0.00589309 -0.0187345 -0.00283329 0.00176184 0.0210052 -0.00932398 0.00155145 -0.00423436 -0.00622495 -0.00928914 0.000174694 0.00830307 0.0156243 0.0289155 0.064031 0.156083 0.0300084 0.0307931 0.0782945 -0.0152619 0.0201158 0.089628 0.175697 0.00219433 -0.0014322 0.0032083 0.00950855 0.00240219 0.0182384 0.0546751 0.0883032 0.0497588 0.0149791 0.00242197 0.0237551 0.00100323 0.00023867 0.0153596 0.0789183 0.00935699 0.0730025 0.117941 0.04466 0.0210425 -0.0167594 0.0353478 0.158947 0.36862 -0.00440776 0.0867852 -4.74183e-05 7.49776e-05 -0.00141667 0.0015297 -0.00686761 -0.00832356 0.0194803 0.00970321 -0.00274334 0.0593294 0.0310721
internal_weight=4389.55 3908.6 420.003 80.8196 339.183 3488.59 37.7278 480.953 3450.87 325.616 295.587 244.102 97.44 51.4851 42.3552 27.0736 7.60345 2.05188 5.55157 13.5671 3.82139 217.841 8.8467 2.7256 1.30105 3130.05 683.935 2446.12 271.425 149.625 121.799 10.0006 6.31093 4.59342 111.799 2174.69 66.6827 532.207 518.212 30.0292 2.59128 27.4379 2.57263 1.79255 7.81 5.64947 208.994 4.09697 1.26046 0.526708 263.112 1.75804 15.6788 141.815 95.682 140.451 70.4305 69.6393 12.4317 11.7928 10.61 2.31685 51.0038
internal_count=534717 336522 161063 50960 110103 175459 1551 198195 173908 108162 102182 95840 28803 6342 4660 2600 885 402 483 1941 792 124117 3426 876 380 140728 29946 110782 25699 15350 10349 989 627 431 9360 85083 5693 13477 13233 5980 430 5550 453 279 1154 905 120691 1927 589 297 74078 418 1816 14196 28385 36311 19043 18854 2672 2611 2382 644 3877
is_linear=0
shrinkage=0.03


Tree=102
num_leaves=64
num_cat=0
split_feature=14 22 1 11 2 247 48 120 13 189 8 102 27 1 32 8 1 4 11 101 215 210 4 254 58 94 140 37 252 14 4 234 113 61 134 37 3 61 92 42 94 14 86 49 235 106 8 12 3 119 201 82 270 78 12 12 101 39 184 192 46 265 115
split_gain=51.1134 25.5754 32.3032 30.9396 27.2484 28.4726 23.5774 20.792 18.6312 25.2377 20.6731 18.5166 17.901 16.8384 15.8097 16.9625 19.5206 24.6105 30.6692 17.5909 17.1113 15.7414 15.666 15.5058 15.3568 15.9165 15.0879 15.8473 15.9963 18.0491 20.31 32.8448 31.4333 14.881 14.6555 28.1777 25.2207 15.9884 15.6169 14.4536 13.8362 13.4318 13.4193 15.7624 25.1648 13.2842 13.1069 13.3257 13.0455 12.8295 12.4115 24.2485 13.4265 21.0604 12.2563 11.5125 11.5021 12.792 16.0073 11.2644 17.7052 11.6456 27.0975
threshold=79863.926260527252 11048.616865327827 202001.50000000003 -8608.7084387945124 1.0000000180025095e-35 3667.6048320561454 166696.66008807122 1873.236062385728 1.0000000180025095e-35 -82077.19114771641 -695.05456645962602 462546.53519875131 1189.1115424230209 202102.50000000003 59.500000000000007 267.59453504513806 201911.50000000003 221.50000000000003 -148.61922422435899 3780.0540328233842 238.33294637530585 -324.06371948348891 62.500000000000007 18802.085324387237 110.50000000000001 3341.5000000000005 4.5000000000000009 10127.779174322985 29.500000000000004 3259.2540768480844 206.50000000000003 823.74546228000838 5340.3109179153262 2252.5443951900934 1.0000000180025095e-35 62292.177915897752 49.500000000000007 827.41536999418406 241244.17653191401 35.500000000000007 2018.5000000000002 -4982.6333742458692 108.50000000000001 4.5000000000000009 -2002.8603269132834 14.500000000000002 -269.70367960776696 1.0000000180025095e-35 67.500000000000014 -8063.3072479588836 20976.862425201092 13.500000000000002 -1596.4174381207167 142634.34638198381 1689.3715546979363 820.83528752412462 22025.019402942627 1.0000000180025095e-35 -32432.564788898144 -9.4999999999999982 -1612.4999999999998 6.5000000000000009 2477.7737180056279
decision_type=2 2 2 2 2 10 10 10 2 8 8 10 2 2 10 8 2 2 2 8 10 10 2 8 10 10 10 10 8 2 2 8 10 10 8 8 2 8 8 10 8 2 8 10 8 10 8 2 2 10 8 8 10 10 2 2 10 8 10 8 10 10 10
left_child=1 8 3 23 46 54 -2 -7 49 21 13 -9 48 39 -12 16 17 20 -19 -17 33 26 -14 -3 -25 -26 -10 28 -28 -30 31 45 -32 55 35 -15 38 -38 -37 41 -8 59 43 -18 -45 -31 47 -5 -4 -1 52 -52 53 -23 -6 -16 57 58 -54 60 -11 -61 -63
right_child=6 2 12 4 5 7 40 11 9 10 14 -13 22 34 15 19 42 18 -20 -21 -22 50 -24 24 25 -27 27 -29 29 30 32 -33 -34 -35 -36 36 37 -39 -40 -41 -42 -43 -44 44 -46 -47 -48 -49 -50 -51 51 -53 56 -55 -56 -57 -58 -59 -60 61 -62 62 -64
leaf_value=0.015267252492805619 -0.00041758592967811666 0.00036292511101440736 -0.024948415023496418 0.059845881423550046 -0.005972325525304743 -0.02122799120911846 -0.0062939975059629416 0.051436120583527041 0.0064640306920787215 0.13890568240054693 0.0011564740619812146 -0.03424727812148208 0.0110714229541077 0.0052650092529081616 0.067574041610975008 0.064273371105095567 0.0054869516317139454 0.28463161231067785 0.047279574802392407 -0.015057512625636942 0.15951389576570937 0.13768850895565091 -0.014456261223933793 0.009858354299157799 0.047790132232059135 -0.00051982346525469587 -0.023961544106307176 -0.020136493610672702 0.03093484833520797 0.015817242030151158 0.30384707027509306 0.23055193228798379 0.071330239601678155 0.11166554920891378 -0.0088788998666461203 0.11164484463636914 0.19492898700824848 0.05666133831326646 -0.014439905372456263 0.14949617329097722 -0.019085342827845554 -0.015244852252922127 -0.011119851137996907 0.15593033296133302 0.03128332337301392 0.11893639746133121 0.0024025311396373215 0.0098727369025514797 0.025917920084029628 0.0044535216940932857 -0.030166503411078231 0.25532266883155808 0.12441357542174057 0.0018739663494840484 -0.01841902523659605 -0.0035290427891298418 -0.021933597466957208 0.0052340582607043485 0.0069491239026546175 -0.0047173099074035944 -0.011650360943278587 0.0067793009659826136 0.25457063734697571
leaf_weight=143.22262052982114 175.38062008982524 95.177661728754174 101.13637612370076 7.6231638472527292 136.70953046588693 7.4476857628906172 124.66577318840427 15.046502594952473 10.99758823803859 1.3882936289301144 2052.560964641918 2.6731995102018109 35.41613717423752 55.154493247682694 2.7302203763974786 2.8006529222475365 25.135728904104326 0.85542778903618488 1.1468070307746518 24.718897668470166 0.93899836449418295 1.7632716427906405 55.606642412079964 78.881548357894644 22.723518658778634 8.4092619809089211 1.7583019189769391 2.4653274637530549 5.8110313235083657 4.0065872104023539 0.98602790117729489 1.0118870358564915 1.1149525452638043 1.6182344114058658 52.263932096015196 1.2332694623619307 1.7005503021646289 1.3503387274686249 3.1229022489860654 0.50102070858701964 195.39446977392072 174.1030557184713 15.641544235113541 1.5872941443813031 17.856555522186685 1.5629355506971476 116.31045590143185 12.978568452876059 4.750944093859288 317.93653980270028 0.546856189437675 0.52464972977759328 1.8960734932916237 2.4628703002235852 148.59482285153354 8.2190019650151935 12.955998751276637 47.68309553730068 2.3237226597266307 30.22141875163652 1.4241117194760589 1.6169695953722105 0.52652562060393382
leaf_count=1262 49254 5811 22584 109 11414 472 44387 1262 1729 126 118206 545 2352 11758 153 184 2958 122 245 3824 102 113 6365 2061 523 338 364 765 379 669 220 129 178 158 7210 141 127 167 430 166 99629 50665 2982 218 1925 250 6688 831 578 5759 190 147 218 442 47792 1693 4132 5446 291 4682 200 465 132
internal_value=-0.000183108 0.000972484 -0.00362974 -0.000416196 -0.00484008 -0.00975664 -0.00925853 0.0208319 0.0022579 0.00126526 0.000669913 0.0385099 -0.0142797 -0.0063882 0.00173267 0.0131873 0.0205174 0.0505312 0.148685 -0.00698404 0.0359807 0.0160514 -0.00452367 0.00922927 0.0168999 0.0347412 0.0343522 0.0507385 0.06149 0.0718568 0.0992454 0.073321 0.180455 0.0267507 0.00284723 0.0126432 0.0675831 0.133731 0.0212558 -0.0114433 -0.014103 -0.0118286 0.012788 0.0211765 0.0414589 0.0447548 0.00630907 0.0283641 -0.0226661 0.00781195 0.00830009 0.10962 0.00672862 0.0585398 -0.0124549 0.0142007 0.00335266 0.00966461 0.0597292 0.0050796 0.0626689 7.52694e-05 0.0676465
internal_weight=4386.37 3890.93 849.486 652.576 447.384 310.472 495.441 25.1674 3041.45 2580.29 2480.42 17.7197 196.91 324.607 2155.81 103.249 75.7298 15.5087 2.00223 27.5196 13.5065 99.8712 91.0228 205.192 110.014 31.1328 29.7146 18.7171 16.2517 14.4934 8.68239 6.58141 2.10098 12.5675 114.825 62.5616 7.40706 3.05089 4.35617 209.781 320.06 209.28 60.2211 44.5796 19.4438 5.56952 136.912 20.6017 105.887 461.159 70.1565 1.07151 69.085 4.22614 285.304 10.9492 64.8589 51.9029 4.2198 35.1773 2.81241 32.3649 2.1435
internal_count=534717 341447 109725 77846 69113 61485 193270 2279 231722 224701 209039 1807 31879 76269 132770 14564 10556 2473 367 4008 2106 15662 8717 8733 2922 861 4683 2954 2189 1825 1446 1048 398 2004 19833 12623 865 294 571 56436 144016 56270 8083 5101 2143 919 7628 940 23162 7021 10979 337 10642 555 59206 1846 10087 5955 509 5605 326 5279 597
is_linear=0
shrinkage=0.03


Tree=103
num_leaves=64
num_cat=0
split_feature=14 53 16 56 227 21 141 6 220 145 266 266 184 227 148 211 264 215 34 99 112 134 3 237 116 107 0 38 0 184 256 108 6 262 147 79 148 226 60 157 208 137 79 0 24 6 231 160 53 227 182 53 86 112 25 136 8 76 3 148 177 53 256
split_gain=48.4856 26.765 19.6421 16.5793 16.1369 14.9406 19.5804 20.2765 17.283 13.9103 13.5809 13.2448 13.226 18.2512 16.534 16.1605 13.1141 29.8771 12.9786 13.0552 14.5285 21.4536 23.0406 17.6181 27.9652 36.7184 17.5105 19.2821 24.7024 33.736 49.8678 25.7916 27.7886 16.8945 17.9936 14.211 21.2099 22.8521 17.4212 13.602 13.5444 20.7808 26.7049 21.1909 13.7315 13.4932 13.3396 13.2995 15.6817 13.178 13.9115 12.9485 16.5149 12.8936 14.5905 21.8474 14.9779 12.7661 13.2947 21.2608 14.9927 13.1172 12.7217
threshold=79863.926260527252 1.0000000180025095e-35 12.500000000000002 1.5000000000000002 -38.499999999999993 1.0000000180025095e-35 30.500000000000004 60793.879937849088 1.0000000180025095e-35 -161.08419374688745 1304.4964076453223 557.69317745021112 16441.740689272006 -1.0000000180025095e-35 1646.5000000000002 1177.5369269735827 -7.4999999999999991 -124.14391043654881 1.0000000180025095e-35 1404057.9107269503 181.50000000000003 1.0000000180025095e-35 73.500000000000014 -42731.376053169653 -2137.8601403283096 3621.7383215048017 15916930.500000002 94460.960419336814 21830710.000000004 -10171.407417188853 -6628.2140217777041 3.5000000000000004 4097.1751691082518 -29.108302315633505 15.500000000000002 12651.235656599722 6405.5000000000009 1.0000000180025095e-35 8007.1853119999269 7.5000000000000009 61105.195488323625 1.0000000180025095e-35 3636.6909779281873 32332900.000000004 43844.421670812793 34948.481675562914 -12160.032151724996 4.5000000000000009 1.0000000180025095e-35 -1.0000000180025095e-35 -113.18865982042472 32333.945721628075 53.500000000000007 102.50000000000001 212.54243286552801 9.5000000000000018 777.86967630924914 160315.31239113395 57.500000000000007 526.50000000000011 -643.75390864585086 2323.2428798812057 -2448.2730029183981
decision_type=2 10 2 10 8 2 10 10 10 8 10 8 10 10 8 8 8 10 10 10 10 10 2 8 8 8 2 10 2 10 10 10 8 8 10 10 10 8 8 8 10 8 10 2 2 8 8 8 10 10 10 10 10 10 8 10 10 8 2 10 8 8 8
left_child=2 16 3 4 -1 8 53 10 9 -6 -8 -9 -10 14 -14 -16 17 -2 19 20 23 22 26 24 25 -11 -22 -28 29 30 -29 -31 -33 -30 -35 38 -37 -38 49 -40 44 42 43 -42 46 47 -25 48 -26 -23 -51 -4 -53 54 56 57 -7 58 59 60 -56 -59 -20
right_child=1 -3 51 -5 5 6 7 11 12 18 -12 -13 13 -15 15 -17 -18 -19 62 -21 21 35 -24 40 45 -27 27 28 33 31 -32 32 -34 34 -36 36 37 -39 39 -41 41 -43 -44 -45 -46 -47 -48 -49 -50 50 -52 52 -54 -55 55 -57 -58 61 -60 -61 -62 -63 -64
leaf_value=0.0091289568511686413 0.28413672193568085 -0.013895947054372812 -0.0083172841474636969 -0.01445945880352765 -0.016083627245334155 0.0063914864725873547 -0.014465090435975214 -0.012849667920061722 0.0095561983670294157 0.21227382741038939 0.003193687186414326 0.030657392230115967 0.18415927269943827 -0.00033198989291283843 -0.036182370750755845 0.14278489935453825 4.2630065097943322e-05 0.016943103478586036 0.0020735393452941966 -0.021181751180367157 0.0034681990139808711 0.0019525219012188032 -0.027472706449299188 -0.005135478131452223 0.072091545585821384 0.0060795136489647924 0.01311857057374057 0.064887548091901448 -0.0041148815888523522 -0.0051089470146136592 0.40141075822183514 0.22212957492257854 0.060178405192037591 0.036337570830741864 0.14166541553795767 0.015491975083903447 0.044857038022768296 0.25839148926685884 0.0050998892880802175 -0.011395152635451197 0.18606048587060242 -0.0080986202494641203 0.27935075262478348 0.008851391209790593 -0.012654018293381985 -0.014632694256165322 0.0017920210363956163 0.0039253387563869969 0.018662050301390586 0.081988769965122388 0.015126545150547612 0.015652716334931881 -0.02540433161108567 -0.010035924910530925 0.10510997988931094 0.13054410629238419 -0.0092430251755154288 -0.014098561406905602 -0.0081031722854916222 0.1047623332348529 0.01729919385942541 0.019760689819966679 0.029396424863983209
leaf_weight=255.69814598513767 0.47511614777613465 332.68611099355621 295.89439056906849 56.840490352362394 39.204812250973191 155.29298791254405 212.0750959336292 9.5958800871740078 187.49142962892074 1.4795754504739309 48.083965475962032 18.321124985464852 1.3429693682119253 2.8547990727820425 0.99427669378928818 0.83583639108110219 156.0317909286241 1.8172046647523528 31.093703924911097 22.478549439052586 36.897025650425348 11.379139551660048 9.6652020852197875 302.24043680750765 7.3157899761572507 1.637514983245637 39.565078234649263 0.92517262959154323 9.4843403213308175 3.3369425858254527 0.6932832360616874 1.2965521811856899 3.6043625765596503 22.834551908250436 1.5594219386111934 8.5347255638334865 1.1873994247289381 0.72736282867845137 88.814808942959644 91.185976282053161 0.83164380083326239 3.8659348026267253 0.57497852155938733 2.2516018260503188 73.306323513621464 13.486828684748614 1452.0542268212885 24.067428633919917 15.249231569410766 5.4743559523485601 5.7341228090808745 44.354236047598533 11.005281565943731 68.230239021242596 1.9662241199985144 1.475692651933058 85.515599671402015 20.102253474644385 6.5304142383974968 3.8398532459978005 15.910167518071839 21.112144565675408 30.264618160668761
leaf_count=6170 103 168349 108429 1374 2269 6674 40807 2044 10190 191 4781 1496 100 482 167 130 24297 521 166 1762 3058 397 512 14610 170 236 2702 177 1562 267 123 70 460 1968 152 1399 200 142 5862 3884 222 1056 206 579 34684 1192 54208 1027 973 110 347 5470 2378 2917 47 83 4410 2573 541 249 1411 1412 169
internal_value=-0.000180902 -0.00906407 0.000940461 0.00161214 0.00187453 0.00129951 -0.00269544 -0.00859407 0.00234291 0.0016374 -0.0112013 0.0157028 0.0109625 0.0547028 0.104217 0.0455543 0.00108915 0.0723228 0.0019362 0.00156719 0.00179535 0.00747852 0.0170897 0.000768802 0.0163378 0.103953 0.020673 0.0282938 0.0420222 0.0838227 0.209041 0.0592216 0.103023 0.029861 0.0430708 0.00161983 0.0357364 0.125973 -0.000139896 -0.00325628 0.000232312 0.0404002 0.0916528 0.05665 6.69419e-05 0.0117951 0.00059851 0.0194384 0.0359844 0.0246946 0.0477829 -0.00582586 0.00749072 0.00177657 0.00436192 0.0163199 0.000839381 0.0138932 0.0294285 0.0407149 0.0269575 0.0032459 0.0155504
internal_weight=4380.68 491.01 3889.67 3538.41 3481.57 3225.87 668.052 288.076 2557.82 2364.3 260.159 27.917 193.519 6.02788 3.17308 1.83011 158.324 2.29232 2325.1 2263.74 2241.26 342.9 129.862 1898.36 63.2364 3.11709 120.197 83.2997 43.7346 9.85631 1.61846 8.23786 4.90091 33.8783 24.394 213.038 10.4495 1.91476 202.588 180.001 1835.13 7.52416 3.65822 3.08325 1827.6 60.1193 1754.29 46.6325 22.565 22.5876 11.2085 351.254 55.3595 379.976 311.745 70.9367 240.809 69.4611 28.2467 21.7162 17.8764 41.2144 61.3583
internal_count=534717 193270 341447 225170 223796 217626 69445 49128 148181 137112 45588 3540 11069 879 397 297 24921 624 134843 134508 132746 23392 11051 109354 3789 427 10539 7481 4779 1097 300 797 530 3682 2120 12341 1741 342 10600 9746 105565 2063 1007 801 103502 3362 68818 2170 1143 854 457 116277 7848 20317 17400 6316 11084 6233 2248 1707 1458 3985 335
is_linear=0
shrinkage=0.03


Tree=104
num_leaves=64
num_cat=0
split_feature=12 10 203 8 193 60 77 161 6 266 226 116 183 136 197 99 173 226 189 226 94 141 40 150 176 250 212 38 114 56 133 262 122 159 142 231 59 176 54 194 55 173 32 208 194 231 45 189 54 100 122 114 12 35 32 147 122 132 82 122 184 125 117
split_gain=44.8983 30.0246 20.2542 17.5481 14.4533 14.5608 21.5563 15.6042 13.9896 14.861 12.5766 13.7571 13.5515 12.4729 12.6758 12.3797 12.8508 32.1349 12.3079 27.9964 12.2973 14.3598 24.9542 32.1026 49.1148 16.3041 15.8507 12.2454 38.5629 12.0539 14.7541 13.7543 19.2895 21.5277 11.6716 11.6324 11.0665 14.7858 12.1864 14.4791 10.9579 11.6371 10.7885 10.7364 11.8881 12.6919 11.1225 14.0593 11.8095 20.0656 23.9511 17.4837 17.8452 28.5682 20.5448 18.957 20.4561 20.6056 11.6075 11.1831 11.9909 13.4856 34.9215
threshold=22734.385129960432 7.5000000000000009 1.0000000180025095e-35 -108.68920152106999 1.0000000180025095e-35 8007.1853119999269 1.0000000180025095e-35 4067.2716865250827 2078.3918339190327 8233.521365449853 -4.4999999999999991 -264.25880472291595 1.0000000180025095e-35 4.5000000000000009 -1.0000000180025095e-35 176380.24808887276 -16700.125244054725 -4.4999999999999991 276924.22716159467 -5.4999999999999991 4365.5000000000009 115.50000000000001 4646.5000000000009 2.5000000000000004 327.78714858324025 8076.1776725836107 -1.0000000180025095e-35 78125.329427148929 17443.831412828931 1.0000000180025095e-35 2236.53397955125 4787.5109475069557 -1.0000000180025095e-35 9940.24104579503 1.0000000180025095e-35 -16820.70156779313 347.90175460530901 196.87284306346803 4.5000000000000009 398.96612721301307 8512.8502723100701 -1832.4508458761654 1.0000000180025095e-35 -152956.62996232414 -5312.0871717546916 -3803.4402372233994 135438.53292160275 -56055.955163804349 10.500000000000002 -637.49999999999989 342728.32007136295 47599.273073415512 207112.52509942479 166125.87395885665 2.5000000000000004 2.5000000000000004 165126.14380862736 52302.517516655258 4.5000000000000009 1.0000000180025095e-35 2074.4901659163029 9466.4867662434899 913.0005032563032
decision_type=2 2 10 8 10 8 10 8 8 8 8 8 10 10 8 8 8 10 10 8 10 8 10 8 8 10 10 10 8 10 10 10 10 10 10 8 10 10 2 10 2 10 8 8 10 10 8 10 2 8 8 10 2 10 10 8 10 10 10 10 10 8 10
left_child=2 3 4 20 10 6 7 29 9 -5 12 -12 34 14 -13 16 17 -3 -18 -20 40 -22 23 24 -23 -25 -24 28 -28 30 35 -32 -33 -34 -1 -6 38 -38 -37 -40 -2 -42 -14 44 -10 -46 -45 48 51 50 -50 52 55 -54 -55 56 -48 -58 59 -49 61 -61 -63
right_child=1 15 -4 8 5 -7 -8 -9 43 -11 11 13 42 -15 -16 -17 18 -19 19 -21 21 22 26 25 -26 -27 27 -29 -30 -31 31 32 33 -35 -36 36 37 -39 39 -41 41 -43 -44 46 45 -47 47 58 49 -51 -52 -53 53 54 -56 -57 57 -59 -60 60 -62 62 -64
leaf_value=0.0065186151692736049 -0.013973058394523636 0.28463129768710604 -0.014312115128060099 0.022174740583111013 -0.02138850566746239 -0.0083301144796792542 -0.02251830697925266 -0.016030726092295351 0.087544200872822012 0.13183394534021803 -0.0054014261880430299 0.015273387399439077 -0.0075889006098286771 0.0063334538735798198 6.4726210015066308e-05 -0.019151280753421342 -0.0084934356551696552 -0.030173304468450617 0.25397801017927701 0.0044263162768149898 -0.011514004729612887 0.51979732562706837 0.19271910837338238 0.0043718374355763484 0.039972131510907977 0.20356162957727392 0.39404187100133847 -0.013678589826706689 -0.030082489515674833 -0.0062570153916780159 0.025803922535474394 0.1634884522773829 0.11560172391223057 -0.018434483274429394 0.031879558894621553 -0.0060733999560646148 0.023232429233021167 0.10027378379205056 -0.016998589808254368 0.081971110801995095 -0.030140474111644007 0.063937237753714085 0.005054921517422096 -0.0086798403243030491 -0.0083625679853859443 0.10494595074840786 -0.030572696951594192 0.062121626507453689 0.25879105427399446 -0.030513522743629711 0.046718966571413362 -0.014642035895948272 0.0039230130722198442 0.39756319614133623 0.10491112358375308 0.011835601435418383 0.24374150354773974 0.05996760160846161 -0.012153151012584937 0.014282134581037109 -0.010972846638457226 0.34936814621872381 0.031380620182868045
leaf_weight=671.59011125727557 139.65545197733445 0.47621532727498561 75.513072367466521 4.5174443888827227 8.7539612076943722 253.72684985963861 23.381404229206964 18.68936165201012 2.691410822852049 1.4755402496084569 277.98048887215555 50.891194174066186 118.41979982692283 418.34842494566692 1599.2153185227653 195.2677520479192 65.840327122015879 0.7537473909324035 0.52785925089847296 1.7326537060434923 11.952072848507671 0.38152130431262721 0.40353452134877343 1.5771280267508703 0.38648807519348338 0.48312305490253482 0.28267663874430482 6.8765867797774263 0.6077905134879984 20.915671537863091 19.528723692637872 1.6938613451784474 2.0214067744091144 2.3118131895316765 16.739190026768483 20.427472849725749 12.883282784721812 2.7143974825739852 2.1648061852902165 3.4515844512498006 1.8353097585495559 3.331237847567535 124.68598090275191 66.807966662978288 4.9968142243451439 1.0824330734321845 0.8698882321477911 3.4755724439746691 0.82365114882122692 0.98387485265266095 1.1463925947900862 10.307949151378123 0.87078992521855869 0.4207439151359722 0.44342736306134611 16.292849667835988 0.98195896041579578 1.245712953736074 38.213302737101912 18.905241879401732 19.338819545286242 0.39481338416226108 1.4611206895206121
leaf_count=34196 63945 124 13948 836 529 61848 11610 2776 188 197 33788 294 5743 29439 66042 104703 31588 253 206 621 4193 167 184 662 105 108 112 4058 287 2454 1272 111 117 266 139 1288 603 135 137 219 923 673 11464 15386 588 130 208 371 121 162 211 2314 130 109 154 3313 129 232 12311 2015 3649 102 531
internal_value=-0.000178779 -0.00758786 0.0010675 -0.00201618 0.0013839 -0.00405518 0.00375167 0.00906707 0.00403843 0.0491741 0.00203546 0.00086467 0.00498486 0.00170677 0.000533779 -0.0152847 -0.0043945 0.0917123 -0.00613027 0.0626999 -0.00915252 0.0112499 0.0359867 0.112791 0.278333 0.0510813 0.00940072 -0.000123526 0.104555 0.0139094 0.0194629 0.0380307 0.0776475 0.0440922 0.00713536 0.010047 0.0166555 0.0366396 0.00468699 0.0438238 -0.0123858 0.0305181 -0.00110404 0.00262779 0.0350519 0.0118124 0.00107366 0.00668248 0.0227776 0.0801276 0.135384 0.0173881 0.033017 0.125195 0.247396 0.0247693 0.0927994 0.140975 -8.45155e-05 0.010499 0.00602472 0.0218578 0.0990262
internal_weight=4376.17 630.119 3746.05 365.521 3670.54 392.665 138.938 115.556 197.748 5.99298 3277.87 2346.44 931.435 2068.45 1650.11 264.599 69.3308 1.22996 68.1008 2.26051 167.773 22.9509 10.9988 2.82826 0.768009 2.06025 8.17059 7.76705 0.890467 96.867 75.9513 25.5558 6.02708 4.33322 688.329 50.3955 41.6415 15.5977 26.0439 5.61639 144.822 5.16655 243.106 191.755 8.77066 6.07925 182.984 116.176 34.3872 2.95392 1.97004 31.4333 21.1254 1.73496 0.864171 19.3904 3.09756 2.22767 81.7889 43.5756 40.1 20.7612 1.85593
internal_count=534717 256299 278418 118804 264470 83365 21517 9907 43387 1033 181105 129563 51542 95775 66336 137495 32792 377 32415 827 75417 9876 5683 1042 272 770 4641 4457 399 7131 4677 1766 494 383 34335 2911 2382 738 1644 356 65541 1596 17207 42354 906 718 41448 26062 7083 494 332 6589 4275 393 263 3882 569 361 18979 6668 6297 2648 633
is_linear=0
shrinkage=0.03


Tree=105
num_leaves=64
num_cat=0
split_feature=55 50 9 60 205 43 181 227 97 220 235 45 135 70 28 2 184 60 97 187 7 226 265 219 55 227 46 182 99 60 173 210 50 41 264 112 185 100 211 91 148 161 226 66 102 121 149 154 210 7 255 33 147 184 104 184 50 100 31 112 225 140 45
split_gain=43.2156 28.1193 24.3398 20.7591 17.331 15.6676 16.6799 19.1326 15.4987 15.2311 14.466 14.8028 13.6789 17.7282 13.4249 20.0275 12.7182 14.2101 13.8959 13.5358 13.2921 15.4633 19.9606 17.0227 12.0361 14.1979 26.3331 13.1413 12.4238 12.8414 11.9358 17.4762 11.4907 18.9648 38.9937 12.1137 12.038 19.6332 11.2296 12.969 12.4445 19.757 11.1489 10.7315 10.6878 10.4743 10.304 22.5967 12.9467 12.7095 10.1835 12.9103 12.687 11.5779 13.8009 37.9833 14.3861 34.2581 13.981 11.0002 19.2861 11.4566 10.1198
threshold=733.30220192056618 2165.5000000000005 1997.6954789459362 27061.540677652843 1.0000000180025095e-35 298.4042459193526 -1.0000000180025095e-35 -38.499999999999993 26243.004917966908 1.0000000180025095e-35 28016.96692156787 135438.53292160275 2302.5722045645625 1.5000000000000002 8.5000000000000018 1.0000000180025095e-35 1.0000000180025095e-35 11745.230476093739 1490.1234879456529 -1.0000000180025095e-35 2235.6924498435696 17.500000000000004 -1.4999999999999998 22502.051708216579 2958.1710357025818 55.500000000000007 -548.49999999999989 -3291.3216054571526 104918.24817615566 114808.27366191616 -8119.3804669455012 -20.043684984042951 1181.5000000000002 79828.934515033514 1.0000000180025095e-35 141.50000000000003 -9528.0814916875697 -1673.4999999999998 -1.0000000180025095e-35 6444.8666355940159 1332.5000000000002 2554.175948559785 4.5000000000000009 5944.612627695019 213182.19549239043 1.0000000180025095e-35 1.0000000180025095e-35 -1794.4999999999998 -2249.4492491943765 3195.7321417127664 -13474.883621763782 70.500000000000014 5.5000000000000009 -1.0000000180025095e-35 1536.5000000000002 -2809.4990606782503 413.50000000000006 -1853.4999999999998 1.0000000180025095e-35 65.500000000000014 2.5000000000000004 4.5000000000000009 1355984.9973421383
decision_type=2 10 10 8 10 10 8 8 10 10 8 8 10 10 10 2 10 10 10 8 8 8 10 10 2 10 8 8 10 10 10 10 10 10 10 10 10 10 8 10 10 10 10 10 10 10 10 10 10 10 10 2 8 10 10 10 8 10 2 8 10 10 10
left_child=2 3 4 -2 5 6 -1 46 -3 16 11 14 -11 -14 15 38 18 19 42 -18 21 -21 23 -23 27 28 -27 30 -26 50 31 -5 33 35 -35 -4 37 -37 39 -7 -41 -42 62 -10 -45 -6 49 -48 -49 -8 51 -30 59 54 56 58 57 -52 -56 60 61 -53 -9
right_child=1 8 32 24 45 10 7 9 43 12 -12 -13 13 -15 -16 -17 17 -19 -20 20 -22 22 -24 -25 25 26 -28 -29 29 -31 -32 -33 -34 34 -36 36 -38 -39 -40 40 41 -43 -44 44 -46 -47 47 48 -50 -51 53 52 -54 -55 55 -57 -58 -59 -60 -61 -62 -63 -64
leaf_value=0.0080078952333663168 -0.010353883620181357 -0.018852067594108082 -0.0058195192257858228 0.022747928017062449 0.011597237910393214 0.006597209375176878 0.0088681622164730745 0.002346922213230069 -0.034035237452054591 0.0082334016032440411 0.0059452297862344272 -0.013219858290346871 0.098907166121223536 0.0031777168790960595 -0.014148738380277595 -0.0094396128422194487 0.069428094341389995 -0.0081560615240802523 0.037879800527185273 0.0021100642083093295 -0.018229859813743161 0.041384754226885923 -0.017230564693687885 0.17527050837455671 -0.0045951970881061704 -0.0020577231841954042 0.2264771008605026 -0.0075556632778248228 0.15396353290545958 -0.031621650146131344 0.0016030849472039093 0.17290619930789067 -0.011951942810504461 -0.0065467411027806477 0.27623595148906754 0.022340766511567415 0.0085637195192021145 0.17429291649404186 0.0095398535351706275 0.013184664462141359 0.15572585041209591 0.047883173748509832 -0.0068879324720023082 0.082198876715457392 0.0067910007071842098 -0.022274299823483265 0.11168659932372173 0.084710119236940024 -0.008659685298303332 0.064400331694481075 -0.030190117620354742 -0.010473789041350089 -0.004628048842768533 -0.0030320272157735085 0.17690221439335452 0.33357528750569515 0.0046298672630341892 0.25092972374248423 0.0093085978888395402 0.021209057255302512 0.20855483851640677 0.099282262002959878 -0.02093288146225061
leaf_weight=424.63178461708594 146.98633430607151 195.38836811331566 66.52407689881511 1.758276977518108 10.218824530486016 6.3077408275567022 78.134678807808086 1804.6766391276615 2.3774481071159226 154.32309137913398 98.996942821075208 164.57317774486728 3.4947979596909127 3.4695806573145092 38.072245773044415 36.071004076628014 2.6228262069635093 281.88910635089269 9.5055634041782451 216.5307454993017 28.868997849640436 2.0794663155684252 2.2953362412517881 1.4510908557567743 25.089045234082732 1.0525645322049966 0.79765467363176767 61.389474864059594 0.96726189856417377 3.7030999973067074 3.7961175235104747 1.1563351945369502 186.33651380368974 1.22120824351441 0.68505343934521068 2.2308274781098594 9.3982723046792653 1.1648961707251135 30.529789224383421 3.2541807948145998 2.3145493919728324 4.5042868787422776 132.34467397554545 3.0168487772461958 3.8508325417060405 41.938032678328454 3.0599797185277566 1.7738865657011045 5.4213487576926109 3.8940600882051504 0.82144822768168524 1.337443651980718 3.8846539952210142 13.784434071101716 0.57388220680877644 0.49124326294986431 8.8367707896977663 0.74305066955275545 2.0420855580014177 3.545730857469608 0.99383283272618417 2.3774487258051522 16.963632738334127
leaf_count=9237 59165 146445 9222 137 320 401 2870 69015 199 10725 8814 26462 73 559 6513 3203 25 30537 706 15121 2743 215 457 114 6591 351 95 20997 180 1347 639 195 60874 213 150 216 930 190 2026 153 210 304 15556 260 752 5301 133 116 431 220 302 310 1009 5000 184 145 2704 151 1020 393 191 283 1317
internal_value=-0.000176813 -0.00856474 0.000883649 -0.00249184 0.00153 0.00178138 0.00247361 0.00161993 -0.0170561 0.00115412 -0.00393725 -0.00736247 0.0100894 0.0512158 0.000600664 0.00736774 0.000577489 -0.00351954 0.00169536 0.00162914 0.000921314 0.00340775 0.0516387 0.096413 0.00581344 0.0144522 0.0964667 -0.00319849 0.0122591 0.0218473 0.0366607 0.0823213 -0.00784728 0.00156922 0.0950769 -0.00067806 0.0260556 0.0744676 0.0202915 0.0403298 0.0614533 0.0844887 0.00151933 0.0208992 0.0399163 -0.015638 0.0150489 0.0434001 0.0143594 0.0115044 0.0267483 0.0484837 0.0400789 0.0163108 0.0360487 0.0915279 0.0194752 0.103326 0.0460747 0.0611186 0.091171 0.0597676 0.00213013
internal_weight=4372.53 490.762 3881.77 286.128 3614.21 3562.06 3177.43 2752.8 204.633 2660.52 384.624 285.627 161.287 6.96438 121.054 82.9816 2499.23 535.738 1963.49 253.848 251.226 222.357 5.82589 3.53056 139.142 71.0417 1.85022 68.1002 69.1914 44.1024 6.71073 2.91461 267.561 81.2243 1.90626 79.3181 12.794 3.39572 46.9105 16.3808 10.073 6.81884 1953.98 9.24513 6.86768 52.1569 92.284 10.2552 7.19524 82.0287 40.3993 13.1064 12.1391 27.2929 13.5085 3.10721 10.4013 1.5645 2.61597 8.25446 4.70873 3.71489 1821.64
internal_count=534717 249045 285672 101389 213877 208256 160170 150933 147656 147163 48086 39272 11357 632 12810 6297 135806 49212 86594 18675 18650 15907 786 329 42224 20256 446 21968 19810 13219 971 332 71795 10921 363 10558 1336 406 3094 1068 667 514 85888 1211 1012 5621 3770 680 547 3090 11872 2366 2186 9506 4506 1349 3157 453 1204 1177 784 593 70332
is_linear=0
shrinkage=0.03


Tree=106
num_leaves=64
num_cat=0
split_feature=16 23 10 148 94 117 31 173 116 215 10 121 159 106 205 149 116 246 263 30 140 115 138 103 17 8 269 225 56 185 17 173 116 16 227 106 93 92 159 73 117 68 94 116 189 56 159 90 106 224 198 94 97 267 224 213 173 271 170 46 9 140 173
split_gain=41.5932 19.7521 18.8863 17.7677 23.453 25.0366 29.0254 28.8604 27.7939 17.22 17.1273 16.9346 28.4494 16.0791 15.7176 14.9292 14.5276 14.4285 13.3492 14.925 13.0214 13.4073 14.1509 19.0849 45.0689 15.5281 12.8407 17.8739 16.6056 16.0669 13.9994 28.9841 18.8262 19.6355 25.2927 19.7232 12.4813 19.0019 13.1027 16.5924 13.3641 12.4373 28.5224 13.778 12.2654 13.3108 16.3363 19.3173 12.1383 12.0048 11.6584 14.8981 14.0151 13.0345 11.233 11.2106 17.6088 11.5254 11.0647 10.7981 17.0404 16.6894 10.4795
threshold=12.500000000000002 1.0000000180025095e-35 6.5000000000000009 855.50000000000011 526.50000000000011 703.41512235112771 1.0000000180025095e-35 604.06668299918931 -105.94580090519698 1.0000000180025095e-35 8.5000000000000018 1.0000000180025095e-35 40558.611345659439 28.500000000000004 -64235.475151565879 498.83551239147158 1.0000000180025095e-35 1606.1232099683632 -5266.1900700453034 29.500000000000004 6.5000000000000009 1734.7414656232029 3.5000000000000004 6.5000000000000009 34555.059630624826 -3172.3921852955996 -1.0000000180025095e-35 35.500000000000007 1.0000000180025095e-35 -22121.002675787964 3733.2785145112093 -16700.125244054725 -453.76790509036795 10.500000000000002 -38.499999999999993 10.500000000000002 13.500000000000002 176560.69265110802 4585.6937536820778 3.5000000000000004 1167.2950000000003 -1497.4246352893038 6405.5000000000009 -264.25880472291595 -82077.19114771641 1.0000000180025095e-35 3743.3627051103613 -1245.4999999999998 8.5000000000000018 5.5000000000000009 -1.0000000180025095e-35 682.50000000000011 361.66763291915106 532.95194921872519 17.500000000000004 1.0000000180025095e-35 2512.1881769257952 3357.2990441036377 -564.14467299285081 -743.49999999999989 477.16152215257603 12.500000000000002 -6488.7137232069281
decision_type=2 2 2 8 8 10 2 8 8 10 2 8 10 10 8 8 10 10 10 2 10 8 10 8 2 8 8 10 8 8 2 8 10 2 8 8 10 10 8 8 10 10 10 10 10 8 10 8 10 10 8 10 8 8 10 8 10 8 10 8 10 8 10
left_child=1 10 3 4 16 6 -6 -8 -9 14 26 12 -5 -7 49 -11 -2 -4 50 -20 21 22 23 25 -25 -19 28 29 -1 30 -28 -32 -33 34 -34 54 38 -38 39 -29 48 42 -12 -43 45 46 47 -45 -40 -3 51 52 53 -16 -36 57 -57 -13 -27 -17 -61 -62 -54
right_child=2 9 17 11 5 13 7 8 -10 15 41 55 -14 -15 18 59 -18 20 19 -21 -22 -23 -24 24 -26 58 27 36 -30 -31 31 32 33 -35 35 -37 37 -39 40 -41 -42 43 -44 44 -46 -47 -48 -49 -50 -51 -52 -53 62 -55 -56 56 -58 -59 -60 60 61 -63 -64
leaf_value=0.0017401148725720338 -0.0022008141712131072 0.015135738575049247 -0.013676016726242744 -0.030348324565763859 -0.030367471271832917 -0.030203924907846201 0.072299863094803379 0.41434472057449517 0.14339746580315887 0.079436011881292665 -0.0005171418829310495 -0.013625459106295857 0.21381453219685839 0.16853994472521996 0.037759325635471221 -0.009499975605867501 0.10207651828664914 0.15421301271941726 -0.014786440090975827 0.22534162240577391 -0.014990413705998148 0.0051929437681195578 -0.030732878262590097 0.40571712712511887 0.01805786400107795 -0.021313042059843749 0.0066000464786735808 -0.01012035762460395 -0.0082099599150976671 0.0022451601279824623 0.1575081707099977 0.0035836106094659765 0.12233682411346414 0.16126887175607782 -0.00058871064655807595 0.131751992274868 0.12911154630484586 -0.00018359606057807593 0.030174543551658262 0.077005591528477496 -0.0069870116481566174 -0.021135801745238676 0.090480971993417245 0.11966405756061761 -0.0074137679094808274 0.0010434416815765513 0.17140030853710753 -0.030469604118025566 0.091288237954529783 0.10137189415586624 -0.0057043386195912331 -0.0010854028400828673 0.060346183852080841 0.20192926771046424 0.11453714594421047 0.004516469079792986 0.10031375189970528 0.11805975033341991 0.091311979314156855 0.0045215840151499346 0.19504007490101646 0.020512958314036659 -0.0059877022376585405
leaf_weight=479.37245504977182 12.262784407939764 9.1168183957925049 334.25803544133669 0.87326767732156441 0.73535174771677736 1.9416616740054453 1.1347313052974628 0.67270076018758118 0.69049129408085763 3.4222852092352696 119.44097639177926 52.066306323278695 0.84516638371860608 0.45157332660164673 0.85636777075706116 9.4824773093569075 1.3331378299044434 0.96894555754261091 157.36334413860459 0.23330030520446499 17.510840641276445 18.173745564708955 1.4043796515325082 0.48052646761061513 0.615805764333345 2.2337964164908044 85.895222533028573 20.579735302482735 220.33836728078313 2319.3959474494914 1.5038526037242264 20.089499536552466 2.621989848325029 1.2460162973729882 10.68712911417242 1.2803249869029976 2.2305155562935388 1.8896825035335494 21.752295547281395 2.1751556298695496 7.6090689164120695 68.008114160737023 3.1826173393055788 1.3544161699246613 87.928196243592538 7.2620097962208101 1.038325512432493 1.7916111015947511 3.3794135019415981 1.728250811458566 193.25709742604522 19.20307439105818 4.3761319019249632 0.88515453378204256 0.82139173173345703 12.796381604217457 1.9963045072508965 0.60512048122472961 1.2105149974231619 3.6550578007008907 1.0589364487095732 0.92290539253735926 4.2012484038714328
leaf_count=17949 2472 810 159858 175 146 722 184 81 183 280 8002 18923 95 128 187 1377 198 193 89105 24 6199 3448 263 108 196 429 3362 1276 12374 95433 251 3963 147 238 1893 158 182 201 1164 209 1087 14679 206 99 10616 1145 219 221 288 150 63792 4199 178 87 97 3690 113 196 195 245 144 142 343
internal_value=-0.000174313 0.000836488 -0.00865296 0.00382651 0.0293413 0.0808525 0.135298 0.184067 0.277103 -0.00539476 0.0015675 -0.0032628 0.0897367 0.00729654 -0.00673362 0.0228546 0.00802402 -0.0115805 -0.00774896 -0.014431 0.00486278 0.01872 0.0542766 0.0759453 0.18797 0.0481163 0.00219963 0.00320393 -0.00139316 0.00280796 0.0133227 0.0284193 0.0231363 0.0467185 0.0374567 0.0200545 0.0194338 0.0698118 0.0156936 -0.00179193 0.0278461 -0.00541387 0.00184466 -0.0107314 -0.00361106 0.0256005 0.0682195 0.0341654 0.0383924 0.0288782 -0.00302203 0.0145369 0.0436094 0.121201 0.00762811 -0.00563167 0.0174445 -0.0121126 0.0182694 0.0100474 0.0429302 0.113766 0.0278555
internal_weight=4367.9 3902.64 465.262 88.405 19.2224 5.62651 3.23328 2.49792 1.36319 409.762 3492.87 69.1825 1.71843 2.39324 391.221 18.5417 13.5959 376.857 380.376 157.597 42.5986 25.0877 6.91397 5.50959 1.09633 4.41326 3202.87 2503.16 699.711 2443.54 124.145 38.2502 36.7464 16.6569 15.4108 12.7888 59.6159 4.1202 55.4957 22.7549 32.7408 290.006 122.624 167.383 99.3746 11.4464 4.18435 3.14603 25.1317 10.8451 222.779 29.522 10.3189 1.74152 11.5085 67.4641 14.7927 52.6714 3.44431 15.1194 5.6369 1.98184 8.57738
internal_count=534717 336522 198195 27306 4114 1444 594 448 264 161063 175459 23192 270 850 158875 2188 2670 170889 157915 89129 11031 4832 1384 1121 304 817 140272 109949 30323 105542 10109 6747 6496 2533 2295 2148 4407 383 4024 1485 2539 35187 8208 26979 12300 1684 539 320 1452 960 68786 4994 795 274 1990 22922 3803 19119 624 1908 531 286 521
is_linear=0
shrinkage=0.03


Tree=107
num_leaves=64
num_cat=0
split_feature=12 62 203 33 220 53 32 93 99 49 192 189 7 3 33 192 224 111 38 179 62 62 58 116 51 116 49 226 28 161 240 56 172 133 51 120 50 66 62 226 183 19 74 20 224 165 150 142 140 224 231 231 184 265 12 255 220 210 16 170 232 254 1
split_gain=39.8859 23.1089 18.646 15.5366 15.3918 16.9598 17.3955 19.8566 27.7819 15.739 19.9508 45.537 15.6029 14.173 18.9087 13.8997 13.6513 15.4575 13.4468 28.1672 43.9327 33.8413 17.0601 12.5367 12.1094 15.5277 13.8128 18.7414 23.9391 13.5979 12.1311 11.8208 11.686 16.308 16.4105 13.9093 22.5783 18.6321 11.6771 11.3772 13.4226 12.5168 16.2991 11.4942 12.7464 14.8284 11.4663 11.1497 11.1111 11.0408 10.9174 25.2691 12.7055 15.0814 11.4214 10.7764 14.4883 11.5435 10.7448 12.2032 10.7412 11.0413 10.7259
threshold=22734.385129960432 -364.44599419081595 1.0000000180025095e-35 131.50000000000003 2.5000000000000004 10103.91082851598 40.500000000000007 1.5000000000000002 802070.09473407699 3.5000000000000004 1.5000000000000002 -9152.4443872816573 111.28387583666002 57.500000000000007 64.500000000000014 1.0000000180025095e-35 -31.499999999999996 54.500000000000007 258380.40070702444 3362.2860957747457 -41.450052711781488 -187.42267375524898 134.50000000000003 1.0000000180025095e-35 1.0000000180025095e-35 -40.668978702054993 2.5000000000000004 1.0000000180025095e-35 2.5000000000000004 599.57497613171415 28.500000000000004 1.5000000000000002 999.82160016607315 4147.3941525731607 14390.364771295941 21765.488610349443 5141.5000000000009 7617.0041823231904 785.74757626214125 -4.4999999999999991 1.0000000180025095e-35 14.500000000000002 16183.54750369811 443.64809098441066 -24.499999999999996 1.0000000180025095e-35 6.5000000000000009 8.0000000000000018 4.5000000000000009 10.500000000000002 -6315.99661822486 -9596.7041317826497 392.02686364901359 -1.4999999999999998 2762.0309551093947 -5569.5042421192347 -4.4999999999999991 -6043.9420171786514 9.5000000000000018 -58.047989779467109 30.500000000000004 -94.909585051424742 202104.50000000003
decision_type=2 8 10 2 10 8 10 8 8 8 10 10 8 2 2 10 10 8 8 10 10 10 8 10 10 10 8 10 10 10 8 10 8 10 10 10 10 10 10 10 10 2 10 2 10 10 10 10 8 10 8 10 8 10 2 8 8 10 2 10 10 10 2
left_child=2 -2 15 4 5 18 12 8 -8 10 23 -12 13 14 -7 31 17 -9 19 -3 21 22 -21 -6 25 26 27 29 -29 -20 -30 32 39 -34 35 -35 37 -37 -28 40 41 47 -43 44 45 50 -44 -1 -45 -17 51 60 -52 -54 -53 56 -42 -58 -39 -60 -41 -62 -59
right_child=1 3 -4 -5 9 6 7 16 -10 -11 11 -13 -14 -15 -16 49 -18 -19 24 20 -22 -23 -24 -25 -26 -27 38 28 30 -31 -32 -33 33 34 -36 36 -38 58 -40 43 55 42 46 48 -46 -47 -48 -49 -50 -51 52 54 53 -55 -56 -57 57 62 59 -61 61 -63 -64
leaf_value=0.0059588319651120393 -0.014854785879806967 -0.00028436222522393301 -0.013930214732029685 -0.014576546695769346 0.013570581229838834 0.11356906596452883 0.034073869773416775 0.24372943540983638 0.36355691192325035 0.00083579949394881905 0.38496620279293509 -0.030173660224074639 -0.0026081538221586604 0.0020121985971701959 -0.01257047960917735 -0.0062910645404642305 0.00076792311271611368 0.020787816205487926 0.0011934358653128228 0.20404648090346453 -0.030300203447289779 0.3362468145882232 -0.0013502705297439496 0.1052345814208116 -0.022009977187875326 -0.015047675398808521 -0.012373722378137013 0.18064526039249248 0.14303629487629524 0.13991268337631502 -0.030221435227558255 -0.012762441449684858 0.0030526436293693998 0.016195126655626498 -0.0022706963833807694 0.10379722575570154 0.15830546402253373 -0.01150011075247331 0.10700256578849168 -0.03148794316415475 0.10343472203386761 0.17499233891919619 0.095533001235862308 0.00026680816417814775 -0.00070818695431784521 0.10532925073004237 -0.016187250659888668 0.056840985540731213 -0.01814267868218444 0.0079993061815190388 -0.013369970193219382 0.15280916922858154 0.086004154201834965 -0.030550404992040654 0.043475790181161753 -0.0077549788103862417 0.054966176244272344 -0.0087377283337987492 0.0076984629840494631 0.19705157752761857 0.073595377912925627 -0.010518949071272455 0.055451655344858353
leaf_weight=380.84760220482713 226.55969278601697 142.60986934340326 73.859926174627617 80.48583757376764 4.2830681758932752 3.6252082330174744 0.4656951393117188 0.53593200043542322 0.45570781448623165 8.0771246534422954 0.50527185731334612 0.44923199590994034 24.471206433081534 4.1874397702049464 1.5171654408914035 322.86700421455316 2.4294909748714417 0.58588270563632261 6.5945069187437166 0.63964775245403838 1.7871715461951669 0.73371840751497108 0.84437637688824918 1.9561626103240994 54.554926756070927 34.457329201046377 11.627157060371246 1.6753048853133807 0.51907751418184467 0.7038538196356966 1.215167869988363 48.613768016686663 1328.9110708578955 96.35286720469594 42.458732392231468 2.5039008721359988 1.5482607940211881 5.2298039603047073 0.78740735840983767 3.5819082780508307 1.5157014630385672 0.85742384032346208 1.3839391992660242 53.26318064663792 1080.9097919389023 1.6616309208329756 2.0537863584468141 3.9157758208457372 66.154299095505849 57.292286438401788 15.356006907764824 1.9268502196064212 2.8152059292187914 1.5488245870801609 1.552971684548538 114.6402439061203 3.9679634934873382 18.785641949565619 0.74079982656985521 0.52227204688824691 3.0537601283285758 2.6005835761898206 2.6767145626945412
leaf_count=22075 128678 41997 13948 43923 798 182 195 82 66 1697 147 197 3197 153 256 69684 467 193 1203 166 369 116 132 285 22806 5627 2452 241 112 139 321 902 61843 5130 8195 110 221 451 102 384 170 106 180 6831 50289 49 374 37 12204 11392 1259 76 325 281 214 7915 266 2324 224 86 351 236 286
internal_value=-0.00017223 -0.0072247 0.00099379 -0.00282358 0.000205444 -0.00130471 0.0173344 0.0729337 0.19703 0.0295784 0.0618507 0.189583 0.00997725 0.0429876 0.0763538 0.00129397 0.0407364 0.127295 -0.00406177 0.0019192 0.0803854 0.169582 0.0871803 0.0423097 -0.0118818 -0.00228574 0.0167322 0.0416988 0.0997664 0.0145715 0.0216364 0.00192119 0.00214128 0.004109 0.013508 0.0197751 0.0524863 0.0342759 -0.00480215 0.000493296 0.00416686 0.00704519 0.0579745 -0.00108587 -0.00013849 0.0179211 0.0287884 0.00647666 -0.00993159 -0.00413742 0.0134434 0.0351175 -0.000532817 0.0446381 0.104016 -0.00374237 0.013329 0.00795854 0.00746576 0.0859948 0.00915959 0.034909 -0.000732239
internal_weight=4365.31 619.34 3745.97 392.78 312.294 297.023 38.2737 4.47271 0.921403 15.2709 7.19373 0.954504 33.801 9.32981 5.14237 3672.11 3.55131 1.12181 258.75 146.615 4.00491 2.21774 1.48402 6.23923 112.135 57.5798 23.1225 10.7079 3.40955 7.29836 1.73425 3291.95 3243.34 1478.27 149.357 106.898 10.545 8.99678 12.4146 1765.07 530.645 389.059 4.29515 1234.43 1115.01 34.0977 3.43773 384.763 119.417 380.159 32.4361 12.7161 19.72 4.36403 3.47982 141.586 26.946 25.4303 6.49288 1.26307 9.23625 5.65434 21.4624
internal_count=534717 256299 278418 127621 83698 80574 4791 1003 261 3124 1427 344 3788 591 438 264470 742 275 75783 42780 783 414 298 1083 33003 10197 4570 2016 674 1342 433 183394 182492 76260 14417 6222 1092 871 2554 106232 33733 22772 660 72499 53464 3175 554 22112 19035 81076 3126 1261 1865 606 290 10961 3046 2876 761 310 971 587 2610
is_linear=0
shrinkage=0.03


Tree=108
num_leaves=64
num_cat=0
split_feature=16 269 1 77 11 22 17 246 29 254 162 165 111 40 11 66 22 99 135 110 53 156 185 254 139 7 5 236 111 193 156 141 226 224 263 212 226 59 265 141 44 33 205 158 45 35 173 63 237 256 224 106 51 7 114 247 173 211 99 59 175 45 182
split_gain=38.3757 17.869 21.7067 18.4185 16.0521 25.8376 18.2667 21.714 18.0387 16.3827 17.1819 16.8054 15.2975 23.5051 14.5598 14.5531 14.3649 14.6219 14.1793 14.9992 13.5691 15.2433 13.5596 12.6448 12.6442 12.3985 12.253 11.9957 11.8964 23.5544 34.1241 42.7161 32.8482 25.7391 24.6503 13.0729 13.4231 12.6001 11.7484 16.0328 11.319 11.0714 10.9054 11.6639 14.8139 19.6524 14.6229 21.7163 13.5754 16.7221 15.8463 13.2671 26.7818 12.5771 14.6439 12.151 14.0093 11.6375 28.3047 23.1599 11.4778 13.9371 23.028
threshold=12.500000000000002 -1.0000000180025095e-35 202051.50000000003 1.0000000180025095e-35 -6862.9602080940704 28168.660406092054 965.52671810684058 6068.238004045711 1.0000000180025095e-35 768.31019850691996 5.5000000000000009 1.0000000180025095e-35 68.500000000000014 1171.5000000000002 -289.88156316000897 1.0000000180025095e-35 61935.283248894724 75653.278826339898 1365.3173127957402 1.5000000000000002 32333.945721628075 125633.86300833483 -1.0000000180025095e-35 -334.71963744134581 1.0000000180025095e-35 1465.0231916750588 -1080.7022017230527 -4540.4065817434448 30.500000000000004 1.0000000180025095e-35 169255.04497209183 22.500000000000004 7.5000000000000009 2.5000000000000004 3562.663496575778 1.0000000180025095e-35 1.5000000000000002 1.0000000180025095e-35 -12.499999999999998 60.500000000000007 8.0000000000000018 37.500000000000007 -28352.280938027299 3968.5000000000005 928145.63484407461 95931.987971575698 -16700.125244054725 2721.5477560128306 -42731.376053169653 -12971.178259089282 22.500000000000004 9.5000000000000018 7425.5473782865056 457.66859218704002 13830.148739957678 -1.0000000180025095e-35 -839.00359414817137 461.18435085727566 136470.65735224696 1141.2073735709453 -753.41332597664416 113070.47670750134 1.0000000180025095e-35
decision_type=2 8 2 10 2 2 2 10 2 8 8 10 8 8 2 8 2 8 10 10 10 8 8 8 10 8 8 10 10 10 10 10 10 10 10 10 10 10 8 10 10 2 10 10 10 8 8 8 8 8 10 10 8 10 8 8 10 10 10 8 10 8 8
left_child=1 2 14 16 8 22 41 -8 9 10 -3 26 -5 -14 23 -2 17 -4 19 -19 -17 27 28 -1 -23 -9 -11 -22 29 -6 -31 -32 33 -33 -34 42 -37 -38 39 -24 -40 -7 -30 48 45 51 47 -47 50 -50 -44 -45 -53 54 55 56 -48 60 -59 -60 -56 -62 -63
right_child=15 4 3 12 5 6 7 25 -10 11 -12 -13 13 -15 -16 20 -18 18 -20 -21 21 24 38 -25 -26 -27 -28 -29 35 30 31 32 34 -35 -36 36 37 -39 40 -41 -42 -43 43 44 -46 46 53 -49 49 -51 -52 52 -54 -55 57 -57 -58 58 59 -61 61 62 -64
leaf_value=-0.018836370623788422 0.0055267288854542254 -0.0041957961340419372 -0.0084311043405234914 -0.019181553428311394 0.0097455798148220665 0.0016826137250783768 -0.020259901928810428 0.11010216189056274 -0.0061132207129767175 0.036313411327417361 0.011637605606280145 -0.010867058477956111 0.22638972205722593 -0.0067425317372322149 -0.01622278500332891 -0.012535802908024345 -0.021880666510185196 0.011518062750160499 -0.0032233388722700674 -0.031092365234883131 0.12213459251280782 0.021574596897613627 0.14042993786231725 0.00033020436733368979 -0.012534751030176445 -0.0091980008770576657 0.012446451224023151 0.023746079710863222 0.02323566055277371 0.014737128996547678 0.39027630239342287 -0.030380429437016545 0.10048268229323805 0.19217286571354927 0.42361583362525657 0.008546267656065698 -0.0094442091308393709 0.051906113027982266 -0.00097594360167120153 0.015405172643081525 0.020582417038342734 -0.011413076891748943 0.014028005539343451 -0.0087829662058507008 -0.017440650178386502 0.14960913047805699 -0.0027219471601365405 -0.009849834275124229 -0.015551380948100563 0.00056399600983192237 0.1114846182195058 0.21486212323041931 -0.0093352726394507722 0.0067075784940739082 0.019788466443186516 0.0013693293440542123 0.14854223809846695 0.25960653942054529 0.20657369135396711 -6.5934021383889907e-05 0.14203122937213258 0.02689889104442085 0.19780935348572273
leaf_weight=38.921121798281092 59.049431942054071 155.6687275050208 70.613621483789757 49.704558136989363 66.676680103992112 178.65988244430628 95.681150192162022 1.8352148191770528 97.616993813891895 20.715658580011223 102.16597266728058 26.487407063134015 0.58414053503656638 1.1664556165342219 143.81550001510186 349.14563240972348 20.176242824760266 247.61667667556321 97.240583635866642 7.6651289728470138 1.5368591547012327 14.317813778296111 1.2115009186090899 151.81362214719411 30.868677517864853 1.3687781520420688 295.68298914912157 4.0655580295715472 22.186499227769673 5.7162912065396068 0.49811486608814481 1.6547944534104324 0.45835073071066279 0.65196714771445829 0.39607533643720672 56.710412481043022 3.8549218622501966 13.793520795821676 1042.9558879495598 3.878132221812848 22.38943853136152 86.102851045900024 29.342865040234759 47.443439435970504 18.601175643038005 1.7777115124044938 1.0708668713923546 1.3541795129422101 66.121670016320422 468.8998915355769 1.5825623440905463 0.73131473897956223 1.392863361455966 72.555944511492271 20.947389566921629 22.723989358462862 1.1351860639988443 0.70680174010340069 0.63199422083562207 2.1447178038069987 1.5421232691151097 7.2668070247164005 0.78628646384458889
leaf_count=3501 7415 3481 2895 19812 4701 7667 33395 164 5122 230 2278 474 94 294 22750 180747 1961 9577 4809 105 163 2071 60 6228 7331 222 5430 468 403 1379 30 521 193 99 100 1111 168 526 109684 632 162 10655 3200 5117 3003 125 173 276 7747 38817 203 91 332 9958 2616 1564 104 102 119 545 168 1231 118
internal_value=-0.000170015 0.000794916 -0.00311298 0.00087808 0.00184928 0.000673813 -0.00668532 -0.0176874 0.00584771 0.00779136 0.00207813 0.0120875 -0.0161117 0.0710493 -0.00901536 -0.00837558 0.00285009 0.00402931 0.00652525 0.0102386 -0.0104282 0.00406023 0.00200404 -0.00358091 -0.00172685 0.0591359 0.0140091 0.0507361 0.00463041 0.0160062 0.0605296 0.132063 0.0913761 0.0325205 0.250273 0.00363058 0.0156568 0.0385055 -0.000305636 0.0451652 -0.00052287 -0.0025762 0.00249997 0.00190153 0.00807441 0.0106509 0.0165962 0.0806616 -0.000310581 -0.00142765 0.0190152 -0.00549885 0.0678517 0.0150705 0.0253625 0.00789509 0.0751153 0.0381605 0.0901108 0.0469663 0.0322353 0.0594081 0.0435862
internal_weight=4362.08 3903.1 829.318 494.767 3073.78 2375.44 363.648 98.8851 698.338 600.721 257.835 342.886 51.4552 1.7506 334.55 458.984 443.312 423.136 352.522 255.282 399.935 50.7889 2011.79 190.735 45.1865 3.20399 316.399 5.60242 941.357 76.0523 9.37559 3.6593 3.16119 2.30676 0.854426 865.305 74.3589 17.6484 1070.43 5.08963 1065.35 264.763 790.946 768.76 202.813 184.212 134.644 3.13189 565.947 535.022 30.9254 49.5676 2.12418 131.512 58.9562 24.93 2.20605 34.0261 3.48351 2.77671 30.5426 9.59522 8.05309
internal_count=534717 336522 72026 39547 264496 247481 52103 33781 17015 11893 5759 6134 20200 388 32479 198195 19347 17386 14491 9682 190780 10033 195378 9729 9402 386 5660 631 84840 7023 2322 943 913 620 293 77817 1805 694 110538 692 109846 18322 76012 75609 25642 22639 17099 401 49967 46564 3403 5540 423 16698 6740 1841 277 4899 766 664 4133 1517 1349
is_linear=0
shrinkage=0.03


Tree=109
num_leaves=64
num_cat=0
split_feature=55 53 4 20 56 235 141 209 48 5 40 217 56 1 172 159 151 16 112 4 209 224 159 214 255 263 138 172 53 182 227 262 133 1 109 222 122 3 86 122 47 221 216 82 213 194 53 219 219 109 216 60 221 59 239 111 60 82 220 153 250 32 246
split_gain=37.5866 30.2236 24.5262 23.7177 18.3483 14.6882 14.9757 14.3013 15.3398 18.7882 13.7523 13.4948 13.4338 23.7754 14.3401 16.7701 14.1566 14.4923 14.7131 15.8745 14.4601 15.8879 18.1248 20.5009 16.761 14.4002 14.1086 13.9385 14.3768 13.3655 13.3201 14.4678 26.6264 13.1343 12.243 12.1563 13.7114 12.134 15.7266 17.7645 12.7806 12.1704 11.9616 11.775 13.0777 11.6631 17.4232 17.3192 40.5077 11.6675 11.5269 11.292 11.2472 30.6654 11.2048 18.2799 25.2747 11.0626 15.341 10.9849 13.1566 16.3964 16.5316
threshold=733.30220192056618 19036.834368759621 40.500000000000007 4187.8521855230465 1.0000000180025095e-35 52042.717331171771 73.500000000000014 138347.44402902038 115898.29534081802 3998.4179129591594 113.50000000000001 -9.4999999999999982 1.0000000180025095e-35 201956.50000000003 735.34289596636484 5512.4151093560185 14318.970024982411 19.500000000000004 102.50000000000001 70.500000000000014 -10755.80766628633 -24.499999999999996 58244.100794784616 -62.037054048964556 971.73598258294362 -631.50829334664934 12.500000000000002 -1210.9218689041497 473.35069914448508 -17.129781813305012 -9.4999999999999982 1707.1785080322086 1832.7337924687929 202051.50000000003 5510.3177619308453 1.0000000180025095e-35 -6674.2804782311978 43.500000000000007 1.5000000000000002 -3408.3288334506119 -1.0000000180025095e-35 1.0000000180025095e-35 5.5000000000000009 1.0000000180025095e-35 1.0000000180025095e-35 -9297.5978680608077 2896.874499436643 1383.1037991373021 22502.051708216579 3560.5022896276596 -5.4999999999999991 47281.248372669441 14.500000000000002 937.66282122115615 4.5000000000000009 38.500000000000007 15400.432751828374 8.5000000000000018 3.5000000000000004 86533.880297432057 -10483.88392063297 30.500000000000004 50.05514232818404
decision_type=2 8 2 2 8 10 10 10 8 8 8 8 10 2 10 10 10 2 8 2 8 10 10 8 10 10 8 10 8 8 8 10 10 2 8 10 8 2 8 10 10 10 10 8 10 8 8 10 8 8 8 10 10 8 8 10 10 8 10 8 8 10 8
left_child=3 2 4 10 42 6 30 52 9 -9 -1 -6 14 16 37 35 17 18 19 26 25 22 24 -24 -22 27 59 29 -29 -20 31 -5 -33 -3 -19 -16 -37 38 39 54 -41 -40 -2 -35 -45 46 47 49 -49 -13 -10 -15 -4 -54 -12 -56 -57 -43 -59 -14 -61 -62 -63
right_child=1 33 7 5 11 -7 -8 8 50 -11 12 45 13 51 15 -17 -18 34 20 -21 21 -23 23 -25 -26 -27 -28 28 -30 -31 -32 32 -34 43 -36 36 -38 -39 41 40 -42 57 -44 44 -46 -47 -48 48 -50 -51 -52 -53 53 -55 55 56 -58 58 -60 60 61 62 -64
leaf_value=-0.010180844718455361 -0.021630625329025165 0.0083804104023435036 -0.019514927309228138 0.0097945951169169862 0.14917120608035112 0.014884178761945201 -0.016456000560183499 0.0049807306980441625 0.19723046593598556 0.21183451036936032 -0.0025772292117688059 -0.017596306626375957 -0.011911986429633455 -0.0047525545129825913 0.0035313887969349953 0.020052556742957153 0.019318360485698623 -0.018717859827724229 0.076292624559533825 -0.011530291543535739 0.017887216379517682 0.0013599391732845756 0.16872657523699253 0.014425262455971045 -0.012276405455146281 -0.0077304080851127331 0.071341032179000383 0.038801240224810789 0.14112452121504737 -0.0045166376496500295 -0.005913214990463999 -0.010301868313330128 0.17211292135251996 0.081288796548488931 0.11700999768321742 0.050543284724885264 0.011305040199576283 -0.00016536174641585099 0.0091244278242196778 0.0052163686289547623 -0.0093765169932845029 0.019824244164627493 0.10956946636188222 -0.024103283093337025 0.11754464049588807 0.0031480838051387741 -0.030255274676212193 0.36334481183787781 0.046278481647239772 0.072389880514976121 -0.0038574904121862433 -0.019150804365264822 0.30487003179617633 -0.0095650365123077404 0.0085740135093850048 0.075312327853682332 0.008830515600011855 0.11186401732388421 0.010854482883765233 -0.0075054558678735294 0.0048799889786678664 0.01669674118961717 0.096593680710634053
leaf_weight=88.36912285751896 27.914353938016578 110.05467881809454 244.42382571607595 15.278380187111908 0.626375472988002 25.13412998028798 132.15167816192843 0.84628083120332742 0.26335391571046785 0.74139177426695824 39.105677238083445 2.1290133773582034 52.527426011161879 306.38958629471017 388.82306209165836 82.483525046962313 40.151355317328125 38.98850286740344 2.8772659765090793 115.51086695952108 89.409075033967383 346.31444965006085 1.4392009023576973 1.6790768571081565 20.353953787358478 5.8331404968630514 2.5668111164122811 2.5380251457681888 2.4086551851360127 5.1198675538762481 137.38567865535151 1.4068936081603163 1.4754123575985429 1.0711412202799717 0.60744401707779516 10.093652968527747 38.920431286212988 972.04130815970711 221.22987171006389 88.240599512122571 139.25887389993295 14.838031997671353 0.63974268781021137 22.6824181797565 0.60219033516477694 47.974526797188446 2.4078304973663771 0.53328541154041864 1.1333206177223472 3.317480552126653 9.9410492348251847 58.359923274780158 0.35792800958733895 1.2682147162850013 59.416931189480238 10.081101616146045 10.514570895931682 3.223040474986191 2.3326042377157137 79.81523481674958 212.77002517558867 7.0027736696647462 3.493518439005129
leaf_count=6745 12149 14117 188686 1127 36 4167 44785 253 138 97 676 596 2727 15969 9311 7932 780 15416 110 8839 7045 34909 229 283 3721 681 131 98 187 300 21312 164 171 107 98 127 1033 50471 14128 1289 4752 512 145 5721 40 18503 790 143 273 479 6157 6069 146 469 837 128 145 231 87 5601 11354 731 264
internal_value=-0.000167894 -0.00809685 -0.0128041 0.000811333 0.00100156 -0.00710889 -0.00903027 -0.017445 0.0148287 0.101575 0.00150631 0.0106762 0.00180337 -0.000473097 0.00333096 0.00764385 0.001855 0.00114763 0.00188755 -0.0018595 0.00560099 0.00454583 0.01432 0.085641 0.0122938 0.0314053 0.00125931 0.0490418 0.0886249 0.0245575 -0.00272139 0.0214248 0.0830737 0.00396873 -0.0166356 0.00530619 0.0193855 0.0018927 0.00529354 0.00119806 -0.00371635 0.0111687 -0.0186911 -0.015966 -0.02044 0.00916737 0.0394977 0.0631095 0.147734 0.0372146 0.00133216 -0.00705627 -0.0189918 0.0596448 0.0105839 0.0170163 0.0413718 0.0333444 0.0694539 0.000753454 0.00294852 0.0066857 0.0432891
internal_weight=4356.89 478.928 344.518 3877.96 86.6759 312.832 287.698 257.842 11.7921 1.58767 3565.13 58.1218 3476.76 1396.16 2080.6 520.321 1031.41 991.255 951.659 473.687 477.973 459.196 112.881 3.11828 109.763 18.777 358.176 12.9438 4.94668 7.99713 155.546 18.1607 2.88231 134.41 39.5959 437.837 49.0141 1560.28 588.241 346.618 227.499 241.624 28.5541 24.3557 23.2846 57.4955 9.52093 7.1131 1.66661 5.44649 10.2044 364.75 246.05 1.62614 119.118 80.0126 20.5957 20.3937 5.55564 355.609 303.082 223.266 10.4963
internal_count=534717 249045 229060 285672 33114 71726 67559 195946 6645 350 213946 20820 207201 115542 91659 18403 93504 92724 77210 29647 47563 46187 11278 512 10766 1376 20808 695 285 410 22774 1462 335 19985 15514 10471 1160 73256 22785 7827 6041 14958 12294 5868 5761 20784 2281 1491 416 1075 6295 22038 189301 615 1786 1110 273 830 318 20677 17950 12349 995
is_linear=0
shrinkage=0.03


Tree=110
num_leaves=64
num_cat=0
split_feature=10 12 13 144 224 267 0 159 221 254 2 133 135 37 3 39 6 99 175 39 195 1 8 51 99 249 259 221 135 224 50 60 77 65 122 146 210 195 60 65 161 141 189 170 135 185 231 8 221 65 56 0 3 39 8 71 56 94 11 219 175 143 52
split_gain=36.6433 33.0976 17.0183 15.0921 14.0512 14.3076 16.0283 16.8705 16.8719 17.3967 12.9938 15.2482 25.0885 18.7844 15.9526 15.1062 17.539 26.383 15.6983 12.4676 13.9248 12.2828 12.6747 12.5471 12.203 13.28 12.0308 12.292 12.4139 28.7825 15.8795 12.043 14.6717 11.9531 11.8833 14.0874 11.8489 11.736 12.7827 21.118 11.6875 19.8495 15.8195 25.6409 15.9938 49.6554 16.5736 14.771 12.3638 27.052 11.6666 11.5424 12.8785 13.616 19.9721 16.3061 11.5088 13.4439 13.7699 18.5294 20.4914 15.4588 12.8816
threshold=7.5000000000000009 22734.385129960432 1.0000000180025095e-35 1.0000000180025095e-35 -31.499999999999996 5083.0411112877746 49191630.500000007 23792.681966088654 -11.499999999999998 -2186.2354114305317 1.0000000180025095e-35 8962.0608311468677 2316.7909352968263 39105.607290563821 34.500000000000007 3.5000000000000004 15172.246373753807 443407.25765647407 -1.0000000180025095e-35 1.5000000000000002 1.0000000180025095e-35 202051.50000000003 -2175.4502302806191 12695.673199472902 176380.24808887276 -7.9999999999999991 -1.4999999999999998 1.0000000180025095e-35 2441.0743492658657 22.500000000000004 5141.5000000000009 2153.6071747844553 1.0000000180025095e-35 -4390.5114052931485 56137.2636007162 1506686.5509478014 238.23843618625054 52489.228579567833 42432.914449040298 -155.68911770611496 1330.2522004829073 303.50000000000006 276924.22716159467 6007.684038653777 1633.8072475288257 -16697.903566935689 -14554.071940166474 -5885.5088453021781 2.5000000000000004 -410.75800065810296 1.5000000000000002 12737795.500000002 34.500000000000007 3.5000000000000004 -362.81822763772192 3858.5974962694404 1.0000000180025095e-35 1643.5000000000002 -645.34708825856944 1.0000000180025095e-35 138.72537922068008 124139.2697442333 2.5000000000000004
decision_type=2 2 2 10 8 10 2 10 8 10 2 8 10 10 2 8 8 8 8 8 10 2 10 10 8 8 10 10 8 10 10 8 10 8 8 8 10 10 10 10 8 8 8 10 8 8 8 8 8 8 10 2 2 8 10 8 10 8 2 8 8 10 10
left_child=19 2 34 4 -4 6 7 8 9 -6 11 -10 13 14 -13 -16 17 18 -17 37 50 22 36 -24 40 -26 -22 28 31 30 -30 32 56 -18 35 -2 -7 -1 -39 -40 41 42 44 -44 46 -46 -3 -42 -48 -50 -21 -29 53 54 -53 -55 57 58 -28 61 -61 -60 -59
right_child=1 24 3 -5 5 21 -8 -9 10 -11 -12 12 -14 -15 15 16 33 -19 -20 20 26 -23 23 -25 25 -27 27 51 29 -31 -32 -33 -34 -35 -36 -37 -38 38 39 -41 47 -43 43 -45 45 -47 48 -49 49 -51 -52 52 -54 55 -56 -57 -58 62 59 60 -62 -63 -64
leaf_value=0.0049775926538309515 0.014419100496451554 0.14070948505095227 -0.020120563525172542 0.068183981811666391 0.1929730738607435 -0.019360409037467767 -0.013746646472278206 -0.017966474026680359 0.0013840920265699222 0.02293150545322744 -0.0051822099443286172 0.10228546027514815 0.15346435763992411 0.13355281552327503 -0.013355898115705407 0.081823062521689804 0.055680961922633457 0.14687392522938467 -0.030730620303115658 0.0016208660388588154 -0.013327252303768296 -0.015434497200001396 0.039957589848937047 0.0045891941006760114 0.19179901612734779 -0.018801386501635958 0.0032617921171012704 0.13990227977410671 -0.021951924545800763 0.21673706816992205 0.10078826786008832 -0.009112548043633836 -0.026363566744261564 -0.013480809028601305 0.038709842078860753 -0.024203686964211317 0.037224409143001187 0.015154788354963642 0.20899419449600973 0.0033176889541991655 0.2133635205341915 0.23636514203656522 0.020473161155721092 0.27973825890265641 0.26638267891174039 -0.030284694401047283 -0.011945902810915645 -0.019884617029175506 0.24582929974505752 0.0033020726726110923 -0.014023716473807624 0.19459372388820237 0.001666017410772566 0.11694312503574542 -0.00022910827183517053 -0.013123897218323992 -0.030604864828983631 0.038486300834884683 0.088504900469587644 0.20709982840435495 0.049891024636065373 -0.0049682829508628833 -0.025869021299427298
leaf_weight=582.2811972113559 40.660670871438924 0.69858657463919371 43.496307093126234 2.6476794967893502 0.80380983871873501 12.793568588269411 121.78871200827416 51.527061186498031 192.76029146881774 1.659359097422566 240.1428238558583 1.7379368284018699 1.267744434182531 1.2172504412592378 14.938477293180769 2.1222173829446547 3.055320194514934 2.347076240403112 2.3504627952352184 2331.1731449274812 111.02726509887725 13.299271737632806 23.436441931757145 14.682691634108776 0.26987326773814857 183.86816717253532 4.3622862923657513 0.69401614583330484 3.2679859308991572 0.72749633865896601 1.3366695396252906 138.61817282723496 7.7310177083709268 8.5219261111342295 12.741461165365761 10.745487539621534 4.5028197495266786 3.2221828405163242 0.98091207031393424 0.82899538829224162 0.24644705507671461 0.33766564488178019 1.1835910992231209 0.48357725207461033 0.80839714023750275 1.3654349540011019 30.913942028069869 28.747077930718664 0.54018529964378104 1.7708870067726814 43.70437631662935 1.1934129411238243 16.403819920436945 1.1936786431469952 0.78513085981831232 3.1743853054358624 3.5158366083633146 5.0950973053695616 3.0042786919511917 1.5114784954348568 1.4738333922578024 3.3882604535901919 6.2123374548973516
leaf_count=60403 996 243 9612 233 156 1893 15867 17229 17559 341 45490 217 134 160 1545 212 184 195 289 140020 27232 2081 1130 2092 139 104564 304 127 625 148 166 34698 4009 1040 502 549 620 800 114 321 144 115 377 85 118 307 12818 17937 100 548 926 252 3622 83 81 774 411 254 188 132 130 270 806
internal_value=-0.000165646 -0.00496777 -0.00206533 -0.00331605 -0.00356565 -0.00255848 -0.00394235 -0.00166558 0.000110467 0.0784214 -0.000299541 0.00479139 0.0222786 0.0176959 0.013675 0.00905532 0.0272534 0.0654187 0.0226744 0.00141188 0.000547162 0.0104563 0.0166699 0.0263344 -0.0145016 -0.0184927 -0.00538255 -0.00105204 -0.00370993 0.0413824 0.0136779 -0.00508456 0.0102994 0.00477149 0.0127741 0.00634574 -0.00462952 0.00537183 0.0509901 0.114788 -0.00354847 0.00737369 0.0053262 0.0956753 0.00115341 0.0800389 -0.0039016 -0.017902 -0.00694218 0.0599899 0.00133296 0.0193823 0.0157057 0.0519936 0.117284 0.02242 0.0202227 0.0273572 0.0472955 0.0677786 0.129487 0.038961 0.0031293
internal_weight=4353.39 1076.48 825.247 761.099 758.452 714.955 646.24 524.452 472.925 2.46317 470.462 230.319 37.5584 36.2907 35.0734 33.3355 18.397 6.81976 4.47268 3276.91 2689.59 68.7148 55.4155 38.1191 251.234 184.138 314.716 203.689 180.245 5.33215 4.60466 174.913 36.2944 11.5772 64.1476 51.4062 17.2964 587.313 5.03209 1.80991 67.0958 38.1023 37.7646 1.66717 36.0974 2.17383 33.9236 28.9935 33.225 2.31107 2374.88 23.4444 22.7504 6.34661 1.97854 4.36806 28.5634 25.0476 13.7401 9.37785 2.98531 6.39254 11.3074
internal_count=534717 257821 120326 118279 118046 108434 100618 84751 67522 497 67025 21535 3976 3842 3682 3465 1920 696 501 276896 215258 7816 5735 3222 137495 104703 74312 47080 42141 939 791 41202 6504 1224 2047 1545 2513 61638 1235 435 32792 14711 14596 462 14134 425 13709 18081 13466 648 140946 4939 4812 1190 333 857 2495 2084 1024 720 262 458 1060
is_linear=0
shrinkage=0.03


Tree=111
num_leaves=64
num_cat=0
split_feature=14 47 68 29 114 271 30 56 219 41 47 158 203 186 226 13 48 117 138 215 172 211 7 171 206 40 230 225 173 45 3 56 148 172 122 263 161 38 160 259 160 171 155 239 46 32 257 172 226 178 35 47 117 154 114 7 36 271 47 4 210 178 155
split_gain=37.9313 21.9694 18.8847 18.6374 20.3013 16.9819 16.1318 16.8868 15.3418 17.6737 15.0058 22.7476 14.9146 14.1319 13.9564 16.3091 15.6667 15.4682 14.4974 14.3358 13.1496 13.099 13.7638 12.9759 12.6716 23.6362 12.5629 13.1578 12.2285 12.1905 11.963 14.97 11.7551 12.4045 12.6198 16.2368 12.053 14.0248 17.207 11.639 18.2127 14.2894 22.4469 11.6296 11.6293 11.443 17.5738 11.0306 10.8627 10.6963 10.5542 12.3866 10.5262 13.9009 18.561 13.5236 10.5106 10.5036 10.4758 14.0587 11.9638 24.0603 10.3556
threshold=79863.926260527252 940.12056698103515 203700.7788664746 58762.51863460827 13830.148739957678 3357.2990441036377 1.0000000180025095e-35 1.0000000180025095e-35 86553.015840593682 20475.732820124449 17738.503483568278 4901.5000000000009 1.0000000180025095e-35 -1.0000000180025095e-35 -4.4999999999999991 1.0000000180025095e-35 150487.25880178084 362.56483774795606 9.5000000000000018 -101.92566529178951 -141.48943508097361 -2554.8143908387465 3938.1856040551352 6915.8112563838886 -2.4999999999999996 113.50000000000001 56555.152077430364 -1.4999999999999998 -16700.125244054725 467863.89892806282 45.500000000000007 1.0000000180025095e-35 1021.5000000000001 -1453.2321357145618 56137.2636007162 43980.299854079749 9976.7926047953788 134256.12634060203 11.500000000000002 -3.4999999999999996 31.500000000000004 2570.1993444493223 29809.033332950992 4.5000000000000009 -912.49999999999989 144.50000000000003 -24953.716519444755 -2403.1504170131061 3.5000000000000004 -41.453890385308028 61022.871648682209 940.12056698103515 440.20675951697507 -1370.4999999999998 10096.015770071705 1721.918631276161 -241.49999999999997 -3589.3255913674971 5182.4822904395869 47.500000000000007 -998.77119475854238 -1352.6009324202892 29809.033332950992
decision_type=2 10 10 2 8 10 2 8 10 10 10 10 10 8 8 2 10 10 10 10 8 8 10 10 8 10 10 8 8 10 2 10 8 10 8 8 10 10 10 8 8 10 10 8 8 10 10 10 10 10 10 8 8 10 10 8 10 8 8 2 8 10 8
left_child=2 13 3 12 6 28 8 10 -5 39 11 20 14 -2 21 16 23 18 -17 -20 43 22 26 30 25 -6 27 -1 29 -4 31 -16 33 34 36 47 -26 -38 -39 40 -10 -41 -43 -8 -28 48 -47 -36 -30 -21 -32 -52 -18 55 -55 -54 -23 -50 59 -19 61 -61 -29
right_child=1 -3 5 4 24 -7 7 -9 9 -11 -12 -13 -14 -15 15 17 52 58 19 49 -22 56 -24 -25 32 -27 44 62 45 -31 50 -33 -34 -35 35 -37 37 38 -40 41 -42 42 -44 -45 -46 46 -48 -49 57 -51 51 -53 53 54 -56 -57 -58 -59 -60 60 -62 -63 -64
leaf_value=-0.0064863785504103268 0.07627422473359205 -0.012920891270253584 0.17586929563027912 -0.0089047540168728217 0.1816478874093867 0.1462669592722807 0.029617568020398832 -0.021906061158752852 0.0093526358923063917 0.16623520733136621 0.0050993530226179423 0.20610428146750243 -0.012929821968978883 -0.00033557257672709416 0.011861553533360396 5.4877742767874059e-05 0.0087710694651585222 -0.01466664976529513 0.11956853877906733 -0.021883720633270889 0.011554550700904422 0.0039448383578261619 0.071247740035185608 0.040525009655489254 -0.022702108655752888 -0.030808971537259779 0.096129574187486036 0.03361535468957888 0.022528507559616998 0.020986816566994703 -0.0057221779060999661 -0.0037178838916748229 -0.019511991926052994 -0.017346841554550269 -0.002187235660341587 0.16824485261285513 -0.038996417874877738 0.13113429883045261 -0.0023347010383721191 -0.0083618136344948656 0.17731603672680374 0.18103018801576404 -0.03070335467694538 0.16644987927250973 0.0031864555830842124 0.22289137945633158 0.019912075493217038 0.13285918469852512 0.069057547117878607 0.049990637505545089 -0.0052079804718901382 0.050661449565220992 -0.00065874651379369713 0.021717866358910504 0.11462747165425902 0.047776109274482219 -0.013657825956005273 -0.027325743504516848 -0.010390529185866576 0.15516634986522049 0.0042040876408936329 0.0073226858932988461 0.0080858512751028587
leaf_weight=29.213754045893438 2.1966558061540127 307.80791284533916 0.8699195384979248 53.273977575241588 0.84080839704256494 0.9706068413797756 0.96110765729099512 3.4265573979355404 1.4194919394212777 0.7617833499680281 3.3846672078943811 1.1188101197476497 66.562418415327556 160.9729880981613 160.81308646319667 1691.9374655295978 46.358460392919369 39.778392324398737 1.5917973469477145 3.1461813193745911 2.6993809183477389 837.93713643407682 3.7482471875846377 8.0795916193164867 6.4779207935207541 1.0723244074615648 3.0102020775084384 23.467961603018924 21.69900300697191 0.96439800993539393 169.64785543107428 84.768864042707719 117.2220463619451 16.049902114144061 2.2539941290742718 1.0381377036101183 1.453837940469384 1.9543200418120252 1.5658866924350148 10.006595856102644 0.98362729971995566 0.97505100647685938 0.83784886443754658 1.3362329693045469 2.0277991885668589 0.5906221440527587 1.0967456971411582 0.7176620159298176 1.1564396133762784 4.5708207520074193 7.5890778575558198 6.7463231473229825 12.583862819592468 4.0430366232758379 3.7118614038918167 8.8278927841456643 31.683319438830949 8.475645304017231 232.02444815129275 1.4463206854416055 86.729006652021781 3.1447809259407222 36.604237516468856
leaf_count=1319 22 170625 109 16539 75 110 220 923 316 202 1113 85 12324 22623 2634 99313 679 3815 124 366 332 58963 236 171 2029 326 227 1045 2963 163 3319 2867 35005 3528 628 123 145 170 232 1912 57 99 188 99 95 153 250 143 101 288 117 226 358 145 219 243 2956 2234 66783 106 10087 340 1510
internal_value=-0.000163725 -0.00820341 0.000812318 0.000610247 -0.00763529 0.0224933 0.00445782 0.0351875 -0.00136177 0.0254558 0.0557802 0.0838297 0.00113951 0.00069578 0.00140366 0.000250336 0.0050366 -0.000939455 0.000260295 0.0375964 0.0564513 0.00447565 0.0148692 0.00285907 -0.0141524 0.0625643 0.0126288 0.0100281 0.0190464 0.0944394 0.00215062 0.00648391 -0.0151392 0.00112751 0.0203046 0.066108 0.004267 0.0393901 0.0717635 0.0179154 0.0781022 0.00567838 0.0831755 0.109205 0.0587199 0.014858 0.0909601 0.0304268 0.0107594 0.0206878 -0.00363349 0.0210845 0.0176547 0.0317747 0.0661888 0.0193106 0.00330351 -0.0157539 -0.00656033 0.000218531 0.00670241 0.0538974 0.0180593
internal_weight=4350.43 470.978 3879.45 3843.63 231.832 35.8234 81.1851 12.9268 68.2584 14.9844 9.5002 6.11553 3611.79 163.17 3545.23 2577.54 513.17 2064.37 1701.25 9.3088 4.99672 967.693 98.0722 437.645 150.647 1.91313 94.324 89.286 34.8528 1.83432 429.565 245.582 148.734 31.5117 15.4618 4.00979 11.452 4.97404 3.52021 14.2226 2.40312 11.8195 1.8129 2.29734 5.038 33.0185 1.68737 2.97166 31.3311 7.717 183.983 14.3354 75.5251 29.1667 7.7549 21.4118 869.62 9.63208 363.123 131.099 91.3201 4.5911 60.0722
internal_count=534717 193270 341447 335364 64489 6083 22085 2772 19313 2774 1849 736 270875 22645 258551 192200 10978 181222 100091 778 651 66351 4432 9334 42404 401 4196 3874 5973 272 9163 5501 42003 6998 3470 894 2576 547 402 2572 373 2199 287 319 322 5701 403 771 5298 654 3662 343 1644 965 364 601 61919 2335 81131 14348 10533 446 2555
is_linear=0
shrinkage=0.03


Tree=112
num_leaves=64
num_cat=0
split_feature=14 16 205 192 162 8 26 7 79 17 204 221 3 115 12 188 132 7 61 226 182 170 50 55 6 255 137 68 194 194 217 90 188 188 170 7 39 211 16 61 114 124 46 225 158 115 170 215 115 68 121 114 53 64 68 204 8 17 162 39 89 78 9
split_gain=35.9898 20.7508 19.0867 15.1067 15.0426 18.641 17.239 17.4354 14.8855 17.2621 15.689 14.2342 13.479 16.2503 20.4713 13.1982 17.2817 21.7508 20.5192 12.919 12.9611 12.8124 12.7166 14.6926 16.9332 29.516 12.6523 12.3968 22.5087 12.2618 15.4913 14.6804 13.5678 16.6173 25.389 15.3059 20.5189 14.6567 21.2213 21.9544 12.1952 12.1789 24.9408 12.1785 10.9949 20.4109 18.9851 16.5583 13.5018 14.716 11.3378 11.4046 10.9416 15.0076 10.8029 10.7881 10.9032 10.6925 12.3354 15.2691 47.603 10.4517 11.6901
threshold=95357.135522786921 2.5000000000000004 14267.063432324219 1.0000000180025095e-35 10.500000000000002 -362.81822763772192 1.5000000000000002 802.58070600996405 4136.5666784943269 18349.501853398717 -34148.258643028406 -2.4999999999999996 63.500000000000007 945.07963823103557 209.111081612351 -102176.85508710012 179052.75790142445 1876.5299392834979 1225.0593618203952 -4.4999999999999991 851.85338720076015 -7174.353747156506 1181.5000000000002 3499.3228528156064 172428.16565549499 -659.0407737526624 89288.261390000014 10070.718896970126 -5312.0871717546916 -17316.69442448785 -5.4999999999999991 -1245.4999999999998 -12573.339971703275 -17586.438667920898 -564.14467299285081 2235.6924498435696 1.5000000000000002 -421.22475934297876 6.5000000000000009 1077.3510614261402 47599.273073415512 1.5000000000000002 -1794.4999999999998 56.500000000000007 5388.5000000000009 1.0000000180025095e-35 -564.14467299285081 1729.8619403991881 830.73598056285516 14822.323261271022 1.0000000180025095e-35 87473.388844712099 747.05968637156559 6.5000000000000009 6288.250242682122 -2075.2783069173997 3841.6166650455903 5088.2051695196124 7.5000000000000009 7.5000000000000009 145727.87278321513 162970.40621302699 5632.0929285953707
decision_type=2 2 10 10 10 10 2 10 10 2 8 10 2 10 2 10 8 8 10 10 10 8 10 2 10 8 10 8 10 10 8 10 10 10 10 10 8 8 2 8 10 10 10 10 10 8 8 8 10 10 10 10 8 10 8 10 10 2 10 10 10 10 8
left_child=2 12 3 4 8 -6 40 -8 9 10 11 -1 54 14 -14 16 43 18 26 20 29 -4 23 24 27 -26 -18 28 -3 30 -10 -31 33 35 -35 37 -37 38 -33 -40 -7 -16 -43 52 -12 -46 48 50 49 -47 -48 -52 53 -5 -2 -21 -57 -25 59 61 -61 -59 -63
right_child=1 22 21 15 5 6 7 -9 19 -11 44 -13 13 -15 41 -17 17 -19 -20 55 -22 -23 -24 57 25 -27 -28 -29 -30 31 -32 32 -34 34 -36 36 -38 -39 39 -41 -42 42 -44 -45 45 46 47 -49 -50 -51 51 -53 -54 -55 -56 56 -58 58 -60 60 -62 62 -64
leaf_value=0.050556955395901722 0.026474852816717551 0.24623267765110615 0.032471117534988818 0.1595823048137307 -0.013206609108137719 0.00035406976985714232 0.010059287495448701 0.079260386904416349 0.061803334712680111 -0.0097827713467697943 0.0015410301423408608 0.011099139581963747 0.11570416812308602 -0.0064159755892301941 0.0097872242249515892 -0.0053247246501857796 0.0076458942685944343 -0.030334531041727952 0.31105920264157777 -0.015116055666439768 -0.0043239012192316222 -0.020842713367505237 -0.017638310342917605 0.17090654489820981 0.22981730943404077 -0.030094977949512811 0.20211441812593478 -0.024696124820740292 -0.0055639507712724138 0.0093067246135957633 -0.0012411784496904781 -0.0014310798673418954 0.025972748741014667 0.23475457152096013 0.022687764356398434 0.20265176560380585 0.045542865350188616 -0.022474535221736071 0.26883985351381434 0.057049883832037518 -0.015539106330651004 0.17707121994644281 0.021307176512495786 0.10473293285660347 0.065004522474144719 0.032339355896259261 0.062928128221603416 0.072491692559233642 0.015546291972040528 0.13064464493549499 -0.0030470866883001526 0.057651324636446573 -0.0217458877691823 0.0026808764675390782 -0.0078220613835506339 0.0047667840661723493 0.064027476253344859 -0.013970436935688557 -0.02262152942419236 0.31113539909553362 -0.030231524237984961 0.10449473067159001 0.0011775672855903801
leaf_weight=9.7142435262794589 8.8106192447012273 0.43339956348063413 4.4029152321163565 0.78717246575978927 116.27340831741458 545.47898658865597 10.731672910857013 4.7170867156237355 3.876085278170649 109.07916273258161 2138.2672176513006 53.790984179358929 2.2412965823896256 21.302193756215274 18.411007816379428 409.48055577569176 0.73272133484715662 0.8542905549402352 0.52605378127191205 26.12412029429106 26.860189617378637 51.61894386599306 193.56239138398087 0.44725631072651495 0.69176586158573627 0.91118799959076457 0.51115095743443817 21.837701631069653 1.2159650801331765 35.828038472158369 36.918720239948016 2.2487312762532383 45.554960502195172 1.1260472832364032 0.92585600900929321 1.1450114622130056 2.1586337172775534 3.5009018715936673 0.69621699146227911 1.1993673920514991 47.213029941834975 1.2765438444912431 3.3610694825765668 1.0583824698696851 6.0205219033523463 2.9646681531448831 2.5751541638746849 3.0097315084421998 7.2788738778908737 2.548693670600187 81.534727927239146 2.8844717312022103 7.0897805885178977 1.8106996538117526 133.61328798922477 111.30743087048177 2.8661828628974027 3.5111176185309869 3.9287078317720434 0.69015752768609651 0.78675913158804178 2.1479216669104062 1.8214512286940592
leaf_count=158 648 119 293 122 21475 25476 257 190 131 31597 103659 839 92 2188 2358 104392 245 360 175 7840 3176 10287 128877 192 218 387 91 9707 385 4312 3118 122 4990 147 146 112 371 817 168 179 3741 116 462 220 223 151 55 72 426 239 4228 145 3006 515 24864 20630 321 1591 1822 143 265 627 439
internal_value=-0.000161179 -0.00849695 0.000732862 0.000984581 0.00164118 -0.00220075 -9.64901e-05 0.031189 0.00266365 0.00187945 0.00243 0.0171349 -0.00111827 0.0128884 0.0291489 -0.004367 0.0249643 0.0939833 0.153988 0.00893976 0.0147102 -0.0166526 -0.0145089 0.00125588 -0.0122677 0.082072 0.0875599 -0.0187063 0.0606 0.0184923 0.00474894 0.0244324 0.0336873 0.0607191 0.139066 0.0460362 0.0999953 0.0227195 0.060897 0.134837 -0.000911959 0.0207321 0.0641826 0.00810969 0.00201443 0.0113167 0.00817236 0.00331185 0.0423701 0.0777835 0.000918449 -0.000973117 -0.00244647 0.050223 -0.00570039 0.00227516 0.00625445 0.0267039 0.0216988 0.0411377 0.129288 0.0237337 0.0570849
internal_weight=4346.29 421.002 3925.29 3869.27 3446.42 724.414 608.141 15.4488 2722 2419.67 2310.59 63.5052 189.016 46.5921 25.2899 422.851 13.3703 2.62422 1.76993 302.336 162.039 56.0219 231.986 38.4234 25.09 1.60295 1.24387 23.4871 1.64936 135.179 40.7948 94.3838 58.5557 13.0008 2.0519 10.9489 3.30365 7.64522 4.14432 1.89558 592.692 23.0486 4.63761 10.746 2247.08 108.817 102.796 90.0041 12.7922 5.51336 86.9944 84.4192 9.68765 2.59787 142.424 140.298 114.174 13.3334 12.8861 8.95741 1.47692 7.48049 3.96937
internal_count=534717 175500 359217 348637 239511 51139 29664 447 188372 141792 110195 997 30728 5216 3028 109126 4734 871 511 46580 17789 10580 144772 15895 10816 605 336 10211 504 14613 3249 11364 7052 2062 293 1769 483 1286 469 347 29217 2936 578 3863 109198 5539 5316 4500 816 390 4428 4373 3643 637 25512 28791 20951 5079 4887 3065 408 2657 1066
is_linear=0
shrinkage=0.03


Tree=113
num_leaves=64
num_cat=0
split_feature=55 11 4 20 68 47 3 22 12 180 44 22 65 205 132 8 116 36 90 154 12 33 116 248 214 79 147 92 150 107 123 7 156 92 40 136 36 79 120 106 40 79 92 154 154 59 43 165 108 8 57 92 33 3 4 138 193 219 115 107 64 236 4
split_gain=33.3217 24.6726 23.0907 21.3126 16.0828 15.6133 20.5992 15.2752 19.1477 15.5704 15.1194 14.7774 21.2978 14.7417 15.7673 14.1903 17.7107 13.7729 15.578 20.3236 16.8651 12.6253 13.396 12.7466 12.2415 14.3315 12.1774 22.7858 15.2252 17.3146 14.1034 16.2314 14.0546 13.8407 17.0867 16.4527 15.9056 43.5855 15.1948 40.5125 13.5511 12.5996 18.3729 19.5758 23.1499 33.5311 15.9137 12.3507 14.0656 15.4404 20.3528 13.4763 13.4379 47.9962 46.3753 18.637 13.7354 13.0236 20.9211 12.4026 12.1397 12.131 15.2495
threshold=733.30220192056618 -3271.5187061495149 40.500000000000007 4187.8521855230465 203700.7788664746 110660.69352393683 65.500000000000014 16379.165308415812 1.0000000180025095e-35 -1.0000000180025095e-35 8.0000000000000018 504629.39387559146 -5319.5767344238275 -5489.4182379428466 77637.595122878658 -186.30820110523447 -1127.5048566458213 -1094.4999999999998 -684.49999999999989 -548.49999999999989 29638.821332759839 1.0000000180025095e-35 -181.85753403581995 4.0000000000000009 -43.587934443033994 24130.325622539076 5.5000000000000009 176560.69265110802 3.5000000000000004 1688.0159062774039 1.5000000000000002 457.66859218704002 81654.455842660813 141222.97825410243 1326.5000000000002 1.0000000180025095e-35 -1308.4999999999998 207.47224677692054 25022.610849118577 3.5000000000000004 113.50000000000001 2701.9231641707111 42313.761243022956 -1064.4999999999998 -1915.4999999999998 1141.2073735709453 26342.954715467629 1.5000000000000002 3.5000000000000004 -269.70367960776696 30.500000000000004 42313.761243022956 176.50000000000003 41.500000000000007 144.50000000000003 1.5000000000000002 -1.4999999999999998 -15453.829365097312 5749.5541795557483 98.519622260016007 7.5000000000000009 -17350.947104806979 70.500000000000014
decision_type=2 2 2 2 10 8 2 2 2 8 10 2 8 8 10 8 8 10 10 8 2 2 8 10 10 8 10 10 10 8 10 10 8 10 8 8 8 8 10 10 8 10 8 8 10 8 10 10 10 8 10 10 2 2 2 10 10 8 8 10 10 8 2
left_child=3 5 4 7 -3 6 11 9 15 -1 13 -2 -13 24 26 16 -9 -6 19 20 -19 -10 -23 -24 25 -11 32 33 30 -30 -29 -32 -15 -28 -35 -36 37 -37 -38 -40 -34 42 43 44 -42 -46 47 48 51 -50 -51 -43 59 54 56 -55 -54 58 -52 -53 61 -44 -63
right_child=1 2 -4 -5 17 -7 -8 8 21 10 -12 12 -14 14 -16 -17 -18 18 -20 -21 -22 22 23 -25 -26 -27 27 28 29 -31 31 -33 40 34 35 36 38 -39 39 -41 41 46 60 -45 45 -47 -48 -49 49 50 57 52 53 55 -56 -57 -58 -59 -60 -61 -62 62 -64
leaf_value=0.0090521838624588215 -0.011400688961954397 -0.0043954509521984516 -0.016636522165176575 -0.0068105263886363296 0.0020226303170885356 0.013378165616796348 0.16736867369100028 -0.015285911547329523 0.042805498879573065 0.020177245569157388 0.046252780840419366 0.010450095810868906 0.18417926463816467 -0.0052488358474190753 0.01852851710795838 0.00031240102162557939 0.031092899077151102 0.18255228317995062 0.01214518607938943 0.23879075558867482 0.022845200132986843 -0.021140624086503489 -0.0073874864997345371 0.014221672869290021 0.0053497265853134192 0.081700703310577785 -0.00032113615105631434 -0.013494711120678187 0.092841398627144439 -0.030496127673168155 0.18091166452593146 0.0077534586582317447 -0.010432332265752188 -0.014372264899788925 0.12002191578118564 0.18461275803761384 0.0035307344007649284 -0.017513202673443404 -0.030391324534351588 0.24547362567283729 -0.0085071012693052721 -0.0065246469055091722 0.015249189380263503 0.0075869921600654373 0.028903099418961138 0.16791711613273347 0.12174433205708568 0.11460321053270003 -0.0085054725464995262 0.075622710457971989 0.026941139930448176 -0.025943883618152447 0.15151585043836122 -0.022128307554770497 0.34271795718723852 0.19295395911292448 -0.030262899452250622 0.0023942043395561779 0.18629529099129599 0.021123466902192869 -0.0050868987848216246 0.0052919375144897694 -0.0012895311727924941
leaf_weight=277.95337687339634 67.486024673271459 65.865083611803129 250.77958188508637 308.41072378691752 7.3253869853797369 66.682215061737224 0.60600840882398088 9.7908068760298175 4.4570706235244861 31.273983731633052 6.8054190557450047 2.6675024098949507 0.83353673748206292 237.92188340635039 45.48892021458596 201.82715584442485 30.478902742965147 0.82035231695044819 3.1857124409871158 0.77858765528071705 2.1671774234855548 58.317963842127938 267.60204528551549 27.050902511924505 73.601564738550223 3.8243277263827613 180.1405035109492 190.68318775633816 2.6126040210947385 1.6851053155842235 0.70769443875178639 1.5637763916165566 70.3076220365474 8.5144627422560024 1.9035484762862349 1.8998988710809501 13.975061429082418 1.9411572354729285 1.0695925555191923 0.86786607874091704 2.8379762216936797 19.01261606393382 65.432946168119088 16.198398689855825 3.2954185666749236 2.9681320149684325 1.1288013124139968 0.98961505049373855 65.528941377182491 4.2420846658060318 7.0851120674051344 5.3890470165060824 0.82071383681613963 3.5885197159368549 0.87986880040261883 0.40333792148157943 0.68748416472226304 53.719806363689713 0.82814911822788406 77.4988537033787 211.29635542351753 633.97831955878064 633.41602885886095
leaf_count=6989 27516 25269 186646 71726 2471 4546 137 361 202 1034 52 403 241 10307 2704 6154 974 66 965 180 605 10012 29161 181 1891 154 11792 19997 275 411 83 357 5290 422 38 91 878 190 178 231 102 2712 3011 668 115 201 41 24 16904 249 1126 499 154 1335 141 144 189 5699 145 9450 15777 19167 25684
internal_value=-0.000159142 -0.00770975 -0.0121567 0.000755368 0.00186153 0.00293271 -0.00679625 0.00140981 -0.00295771 0.00229264 0.00159367 -0.00828308 0.051812 0.00148031 0.00102305 0.0035567 0.0198168 0.0307269 0.0609735 0.102277 0.0666995 -0.00737012 -0.00800371 -0.00540364 0.012302 0.0268809 0.000707935 -0.00404113 -0.0113656 0.0444815 -0.0126095 0.0617022 0.00162116 0.00282851 0.0216336 0.0357892 0.0276721 0.0824642 0.0144461 0.0931797 0.00248988 0.00299149 0.00200935 0.0273678 0.0625725 0.0947782 0.0093661 0.00883903 0.00840235 0.00180528 0.0120618 0.0164082 0.0212926 0.0632469 0.169632 -0.000396362 0.0686554 0.00768707 0.0436181 0.0180633 0.00159386 0.00265298 0.00200266
internal_weight=4343.1 469.197 330.922 3873.9 80.1423 138.275 71.5931 3565.49 599.525 2965.97 2688.01 70.9871 3.50104 2681.21 2572.51 242.097 40.2697 14.2772 6.95183 3.76612 2.98753 357.428 352.971 294.653 108.7 35.0983 2527.02 407.564 197.252 4.29771 192.955 2.27147 2119.46 210.312 30.1716 21.6571 19.7536 3.84106 15.9125 1.93746 1881.53 1811.23 1569.42 25.2999 9.10153 6.26355 241.803 240.674 239.685 131.404 65.8752 108.28 89.2678 6.37992 2.38807 3.99186 1.5082 61.6331 7.91326 82.8879 1544.12 1332.83 1267.39
internal_count=534717 249045 216202 285672 29556 32843 28297 213946 47045 166901 159912 28160 644 159860 156781 7489 1335 4287 1816 851 671 39556 39354 29342 3079 1188 154077 34943 21123 686 20437 440 119134 13820 2028 1606 1568 281 1287 409 108827 103537 64725 1086 418 316 38812 38771 38747 24123 7219 14624 11912 1963 484 1479 343 6970 1271 9949 63639 47862 44851
is_linear=0
shrinkage=0.03


Tree=114
num_leaves=64
num_cat=0
split_feature=33 227 266 89 157 113 30 90 32 114 97 255 171 90 175 90 229 219 137 271 61 45 59 205 170 269 1 52 182 161 204 76 11 0 82 267 237 116 37 158 90 156 11 11 3 227 90 7 182 94 100 99 90 242 3 61 174 149 215 141 27 9 155
split_gain=31.2673 18.8357 16.5655 19.2526 24.5164 13.0514 12.9644 17.9256 14.2144 15.6634 22.4864 21.026 28.432 29.9481 33.2481 22.077 13.0182 12.8432 22.4897 12.7857 17.7697 12.2896 12.1104 11.8713 12.1411 11.4326 27.8555 16.4423 25.8631 15.9318 13.4303 13.3596 13.2757 12.2848 17.1505 20.0964 12.0357 14.1128 17.764 13.7303 12.9766 12.1153 12.3956 11.8604 13.7029 16.9101 27.1652 26.8569 18.423 15.3038 31.1924 17.3341 34.3355 20.0631 47.4174 18.5246 13.0915 11.8633 11.9084 11.8232 24.121 11.7428 11.7133
threshold=100.50000000000001 -38.499999999999993 8233.521365449853 145727.87278321513 13.500000000000002 551.1035817801901 1.0000000180025095e-35 1.0000000180025095e-35 12.500000000000002 15649.031227363979 297.43742757914555 1.0000000180025095e-35 287.09746675102991 -1504.9999999999998 98.002528454352031 -364.49999999999994 8.0000000000000018 289168.48719181295 336095.4095598475 711.72789692556046 1603.9094267169262 1355984.9973421383 160.88612752191901 14267.063432324219 -7174.353747156506 -1.0000000180025095e-35 202051.50000000003 18.500000000000004 -927.05750908812763 4067.2716865250827 -34148.258643028406 82027.33300761359 -289.88156316000897 49191630.500000007 8.5000000000000018 -1.0000000180025095e-35 -42731.376053169653 32.947959846068009 48328.69045901666 4688.5000000000009 -272.49999999999994 460634.93621273868 -2731.8544827623791 -4676.1028341919728 40.500000000000007 30.500000000000004 -1643.4999999999998 802.58070600996405 851.85338720076015 4082.5000000000005 -1353.9999999999998 104918.24817615566 -272.49999999999994 -1.0000000180025095e-35 55.500000000000007 827.41536999418406 1.0000000180025095e-35 30488.266041377356 -192.79934335140601 109.50000000000001 1796.6678753028243 477.16152215257603 -1.0000000180025095e-35
decision_type=2 8 10 8 10 8 2 10 10 8 8 10 8 10 10 10 10 10 10 8 8 10 8 10 8 8 2 10 8 10 8 10 2 2 8 10 8 8 8 10 10 8 2 2 2 10 8 8 10 10 10 10 10 10 2 8 10 10 8 10 2 8 8
left_child=21 5 6 4 19 -2 16 8 -8 10 11 12 13 -10 15 22 -3 -5 -19 -4 -21 23 -15 25 -25 26 32 29 -29 31 -27 -28 33 62 -35 -36 37 38 -32 43 -41 42 -39 56 61 49 47 -47 -48 59 57 -52 53 55 -55 -53 -38 58 -51 -46 -61 -45 -1
right_child=1 2 3 17 -6 -7 7 -9 9 -11 -12 -13 -14 14 -16 -17 -18 18 -20 20 -22 -23 -24 24 -26 30 27 28 -30 -31 36 -33 -34 34 35 -37 39 41 -40 40 -42 -43 -44 44 45 46 48 -49 -50 50 51 52 -54 54 -56 -57 -58 -59 -60 60 -62 -63 -64
leaf_value=0.05112895652645176 -0.022686971083937971 -0.012624614676600254 0.0049616976624467261 -0.0091624766079567068 0.17830388526217267 0.011380796513733754 -0.012444144174866006 0.20457139120855769 -0.031835111655721574 -0.0013187442419832311 -0.0083914306331373117 0.0082402432912554377 0.024530429369106981 0.18093311339120347 0.38830850240914461 0.28527754815440037 0.10940886729451904 0.0040552887821658865 0.27894967059854053 0.018794430786421901 0.1272004210110565 -0.015125563412534862 0.0008008388676407661 0.036849059348750407 -0.020551010608234627 0.015689907607768134 0.0048164591390897019 0.21178248141454276 0.014954832376315634 -0.016230414971405614 0.016308281810107812 -0.023518234536387538 -0.016368125587114826 0.0033992476328232215 0.12357937667819836 -0.005880233308405953 0.0060094630638331831 -0.014143734226935224 0.097392041180397571 0.0092619712953289149 -0.017498241744345382 -0.0088285791948429278 0.058042726114374769 0.0054162928529425626 -0.0044065143629022207 0.038073847185610313 -0.030843148227240241 0.28127933129403149 0.11862402365622543 0.05075535119666523 0.001654900869639888 0.067926632289138436 0.16659342008903399 -0.011357275367977733 0.22582764368201741 -0.0083467178379715134 -0.0040866075885430215 0.08444906913719151 -0.019551378501285948 0.0089757596472066822 0.13093671474970928 -0.0036076917053530807 -0.010171780238367621
leaf_weight=2.8715762092033401 11.70991435064934 399.33995356498053 10.105846350546926 30.630616210924931 1.0014934318023723 74.573769206355792 51.770853534515481 0.38210775953484599 0.61516344215488095 36.238489974581171 6.6780204394599414 3.8215094966581091 2.6106795624364167 0.56419471988920111 0.64330730808433134 0.65101741917897182 0.78830318991094728 0.87013903493061551 0.3869720843504183 3.4878249235916892 2.2315871090977453 42.562500589876436 0.83015450328821394 3.6537603486794978 35.926240360015072 64.449056062963791 418.19973998208297 0.86103070853278041 1.9881844313349568 38.939210528915282 73.847153366310522 15.532313298899679 128.51098864042433 46.679638232802972 2.4092168120550923 1.9548081256216381 558.35050760151353 3.5203812684630975 2.5145259813871226 267.42770646250574 17.368061131041031 39.638339053897653 5.463522735051809 442.90350160561502 957.60849889030214 0.87433515029260866 2.9649583911523218 0.76724840188398957 0.98999456787714724 2.3751378083834425 8.7864740308141354 4.6049790383549407 2.116568846977315 1.5244908088352525 1.5099349928786976 7.5880061337957176 145.7689870664035 1.1620654144790012 24.887425407127019 12.499721576110458 1.6524109657621 183.57591800088994 121.68648124841275
leaf_count=81 2249 205750 1615 6505 137 8998 22320 99 167 16476 2290 1374 597 123 146 88 9 346 126 317 225 4914 209 114 3753 1207 23065 62 426 4102 7295 1866 17512 1461 154 194 12480 81 224 26274 1408 2966 421 20712 79402 155 528 122 89 166 885 346 191 239 227 969 4733 80 3394 1808 187 34271 5987
internal_value=-0.000157548 -0.0062803 -0.00831215 0.00839473 0.0343574 0.00675732 -0.00992398 -0.000531336 -0.00128185 0.00969353 0.0340061 0.0630869 0.0985247 0.156995 0.200199 0.141034 -0.0123842 -0.00530542 0.0886751 0.0252478 0.061092 0.000901834 0.0736877 0.00108842 -0.0152522 0.00126727 -0.00195026 0.00258461 0.074436 0.00215149 0.00215155 0.00380177 -0.00904112 -0.00367899 0.00871627 0.0655896 0.00183682 0.0109341 0.0189783 0.00140732 0.00763002 -0.0016993 0.0297562 0.000657187 -0.000727858 -0.00285265 0.0491534 0.151744 0.00657112 -0.00313624 0.0123249 0.0359842 0.0533755 0.0376385 0.106666 0.0204598 0.00391934 -0.00942483 -0.0134262 -0.00400424 0.023216 0.00277201 -0.00875855
internal_weight=4338.45 639.932 553.648 48.7145 16.8268 86.2837 504.934 104.805 104.423 52.6525 16.414 9.73603 5.91452 3.30384 2.68867 2.04537 400.128 31.8877 1.25711 15.8253 5.71941 3698.52 1.39435 3655.95 39.58 3616.37 779.633 475.52 2.84922 472.671 2836.74 433.732 304.113 175.602 51.0437 4.36402 2772.29 124.984 76.3617 2647.31 284.796 48.6222 8.9839 2362.51 1658.39 1031.91 5.59654 1.64158 3.95495 1026.32 54.5551 26.1305 17.344 15.2274 3.03443 12.193 704.119 28.4246 27.2626 971.761 14.1521 626.479 124.558
internal_count=534717 270166 258919 9271 2294 11247 249648 43889 43790 21470 4994 2704 1330 733 566 420 205759 6977 472 2157 542 264551 332 259637 3867 255770 54910 29521 488 29033 200860 24931 25389 7877 1809 348 199653 10987 7519 188666 27682 3468 502 160984 143771 88788 894 277 617 87894 6497 2857 1972 1781 466 1315 17213 3640 3560 81397 1995 54983 6068
is_linear=0
shrinkage=0.03


Tree=115
num_leaves=64
num_cat=0
split_feature=14 47 22 53 33 1 80 43 30 81 177 177 204 96 114 125 257 189 145 213 117 38 153 120 226 116 48 237 159 258 250 192 95 47 33 22 22 59 258 112 106 45 119 177 180 257 157 20 151 111 3 62 62 45 252 220 263 27 204 161 111 136 114
split_gain=32.7115 20.1539 20.0978 27.656 30.1774 29.2732 17.3756 14.7999 17.7744 15.0847 14.5471 15.8363 14.5419 14.6422 14.0524 20.9714 25.7027 12.7091 13.2771 12.0639 20.8851 19.2354 15.4468 14.8455 12.7835 16.503 21.7712 15.0546 17.9125 19.6522 12.7721 13.5315 14.6462 12.1451 12.0436 11.6043 13.5907 13.498 12.1464 15.2642 11.5625 11.5459 11.538 32.8075 18.6673 12.1351 11.5178 13.6959 13.6982 13.3981 15.5539 12.3926 11.5592 11.3064 11.3064 26.6819 18.5561 11.2789 11.2664 17.8728 11.1664 20.2676 16.0421
threshold=95357.135522786921 940.12056698103515 11048.616865327827 19036.834368759621 37.500000000000007 202001.50000000003 1.0000000180025095e-35 298.4042459193526 1.0000000180025095e-35 2794.749799620522 -490.33498873642105 2043.9300392313864 -4423.740426832398 4.5000000000000009 8169.0716459443038 10888.595781646238 -13302.148790023215 -82077.19114771641 -161.08419374688745 1.0000000180025095e-35 1034.0482554722041 150487.25880178084 1404057.9107269503 28626.859493490898 3.5000000000000004 -5815.8212596050935 258380.40070702444 -42731.376053169653 1.0000000180025095e-35 1.0000000180025095e-35 -1470.5959200741015 12.500000000000002 3384.7491620555079 1.0000000180025095e-35 58.500000000000007 1.0000000180025095e-35 6061.8994864039369 160.88612752191901 2.5000000000000004 110.50000000000001 1.0000000180025095e-35 122860.89556287095 -5272.7604487856388 -64.302378420156984 -1.4999999999999998 38689.877199645161 8.5000000000000018 1959.8618815426146 2496.0398082890765 48.500000000000007 38.500000000000007 486.33826952411511 486.33826952411511 294508.42388038716 28.500000000000004 6.5000000000000009 1684.2703834329066 1727.1354339293548 -3323.3672698963396 1859.5487174006764 30.500000000000004 4.5000000000000009 13830.148739957678
decision_type=2 10 2 8 2 2 10 10 2 10 8 8 8 10 10 8 10 8 8 10 10 8 10 8 10 8 10 8 8 10 10 10 10 10 2 2 2 8 8 8 8 8 8 10 10 10 8 2 8 10 2 8 10 10 8 10 10 2 8 8 10 8 10
left_child=2 -2 7 4 57 10 -7 8 12 34 46 -12 35 17 -15 16 -16 -14 -19 22 -21 23 24 -22 27 26 -26 28 33 -30 60 32 -32 -20 -10 37 -37 -1 39 -39 -31 58 43 45 -45 -29 47 -5 52 50 51 -48 -49 -50 55 56 -36 -4 59 -9 61 62 -27
right_child=1 -3 3 5 -6 6 -8 41 9 -11 11 -13 13 14 15 -17 -18 18 19 20 21 -23 -24 -25 25 30 -28 42 29 40 31 -33 -34 -35 54 36 -38 38 -40 -41 -42 -43 -44 44 -46 -47 49 48 53 -51 -52 -53 -54 -55 -56 -57 -58 -59 -60 -61 -62 -63 -64
leaf_value=-0.018664310725906987 0.00079948655152968398 -0.013051812811488683 -0.0040988258435107191 -0.0037878489718690144 -0.016965346148472608 -0.023845350948688247 0.0019201300678709874 0.13273944269846086 0.0048943904945143567 0.062920205406549773 -0.0091439074392337411 0.0070659747152663922 0.012460003873202424 -0.012391521465320098 0.1953521272762975 0.014907726655173079 0.032543590854050543 -0.016495783442453726 0.10115689826931205 0.0048535110602214134 0.18167826044369262 0.023819676541830283 -0.026933321888228012 0.046741820390595268 0.20710076018780707 0.033127928536527136 0.006858243226933171 0.018819597159750425 -0.017342026782806844 0.085290174433343094 0.0055840649456165917 0.14625572797414019 0.14780278766940386 0.026113491946876545 -0.0040455625939517835 0.07014512181418682 0.01675724331100335 -0.02423594955585243 0.023102845318189374 0.031239089616832538 0.017008677081367787 -0.0090536315833158205 -0.00054256831852880229 0.043802771997008993 -0.0049361135352914828 -0.021378922883713056 0.06955289397037627 0.041297000656883256 0.053608713320333151 0.00099611082344594828 0.069637163240614669 -0.001682395371252772 0.17969986736968646 -0.015634832691324818 0.015205166795918797 0.16753431780395259 0.12259685725945223 0.014322718435334955 0.00089960570772430878 0.0099450334502257428 -0.0128940457774028 -0.0060180214334731698 0.15974714785905531
leaf_weight=14.088060437294187 145.95764456945471 268.37690454686526 145.87511288514361 28.111122834379785 210.51140630466398 55.446961148874834 40.956203818961512 1.5176192122744394 195.5305695013376 4.7181822757120235 74.187150665209629 201.75537164433626 85.244773278711364 3.9225068896776056 1.7100421723444017 4.6331361330230729 1.7822733619250328 39.878013011999428 3.3364132146816701 299.60154673573561 1.4108168971724779 9.6262221139622852 18.851189639011864 1.5291462836903522 0.7458246998721737 5.1429251746158142 1.4172638748423194 131.2882670609979 17.147104255622253 2.3741478520678347 20.60439366806532 0.67767223622649808 0.67299677821574633 4.6407392068649642 4.4706542535568596 6.2657050316920513 13.619312855124008 13.140214568993548 41.639332474034745 6.7606949616456395 37.272369757003617 188.56009810545947 1345.623128552339 7.3884686478413633 165.37230247113621 7.1255567676271303 3.0873489117948374 1.2215516358264698 4.2244772658450529 8.9875717560062167 10.986277818388769 7.6294087389251235 0.97785545251099382 4.2649827101267874 67.565656323975418 1.4945783754228612 1.3574591578217221 37.628974107676186 115.78676667466061 3.5910767840687186 162.65166919579497 21.869187891192269 1.091701519093476
leaf_count=206 20382 155118 8380 1046 77606 5580 2454 134 6283 276 4214 10170 10891 753 136 1071 160 2889 76 5636 122 901 2044 140 95 703 343 2781 1240 66 4021 183 170 290 1006 354 675 234 507 234 2726 38381 90315 43 2993 272 105 194 323 348 451 382 97 583 13569 195 241 1976 16829 328 29412 5265 119
internal_value=-0.00015599 -0.00817242 0.000691199 -0.00343513 -0.00921377 0.00171807 -0.0128991 0.00180929 0.00250317 0.0097404 0.0057974 0.00270795 0.00170672 0.00125073 0.0342403 0.0567515 0.112264 0.00108461 0.000664346 0.000966143 0.0064427 0.0443319 9.17961e-05 0.111495 0.000354885 -0.00654457 0.0759011 0.00121602 0.0154046 0.0094919 -0.00738297 0.0142856 0.0100824 0.0575001 0.00881254 0.0131867 0.0335796 0.00782479 0.0138888 -0.00539009 0.0210976 -0.00441365 0.000661337 0.00586743 -0.0028517 0.0167502 0.0180654 0.00720291 0.036108 0.0317981 0.0445537 0.0188395 0.102831 0.0188218 0.0190427 0.0544509 0.0254514 -0.000321342 0.0028233 0.0464231 -0.00987692 0.00758479 0.0552993
internal_weight=4334.92 414.335 3920.59 835.852 394.015 441.836 96.4032 3084.74 2775.28 275.137 345.433 275.943 2500.15 2404.63 12.048 8.12545 3.49232 2392.58 2307.34 2267.46 312.168 12.5662 1955.29 2.93996 1936.44 214.874 2.16309 1721.57 64.7708 56.7936 212.711 21.9551 21.2774 7.97715 270.419 95.5133 19.885 75.6283 61.5402 19.9009 39.6465 309.456 1656.8 311.175 172.761 138.414 69.4906 38.8 10.6889 30.6906 21.703 10.7168 2.19941 8.48946 74.8883 7.32269 5.82811 183.504 120.895 5.1087 190.755 28.1038 6.23463
internal_count=534717 175500 359217 113909 87962 25947 8034 245308 189636 21570 17913 14384 168066 165856 2120 1367 296 163736 152845 149956 6799 1163 143157 262 141113 40311 438 100802 4398 4032 39873 4374 4191 366 21294 2210 1029 1181 975 468 2792 55672 96404 6089 3036 3053 3529 2243 1197 1286 938 487 291 906 15011 1442 1247 10356 17291 462 35499 6087 822
is_linear=0
shrinkage=0.03


Tree=116
num_leaves=64
num_cat=0
split_feature=10 12 22 142 11 188 247 140 269 27 266 62 235 26 3 31 8 194 140 3 60 91 48 106 117 49 176 161 226 188 0 153 266 17 60 107 231 172 3 188 221 70 12 106 74 133 46 210 114 219 46 120 3 236 27 20 32 266 208 112 164 210 177
split_gain=30.9648 29.2496 14.9292 14.9103 14.721 15.1855 14.7915 14.3908 14.6104 16.288 13.5485 13.2878 13.4335 13.0721 12.4408 12.0321 21.91 17.2241 23.3894 35.4493 58.531 17.0775 15.0928 17.4763 38.6292 14.7239 22.5528 29.7023 25.6727 14.6231 11.9488 11.7742 12.6403 34.8197 13.4423 12.0993 18.5931 18.956 15.4471 13.9136 12.4684 13.7253 26.6549 11.671 19.465 20.9242 40.7769 24.4553 31.4911 11.5678 22.4007 12.6576 11.9799 22.5241 12.2094 11.2186 17.2587 11.0788 14.4808 21.976 17.7588 18.804 14.9546
threshold=7.5000000000000009 22734.385129960432 22102.248524378836 1.0000000180025095e-35 3486.781698214299 -46231.95915724618 50.141982599654973 26.500000000000004 -9.4999999999999982 -1.0000000180025095e-35 1790.5608801277249 -364.44599419081595 52042.717331171771 1.5000000000000002 63.500000000000007 1.0000000180025095e-35 -2588.8300221206123 46957.040891114979 1.0000000180025095e-35 34.500000000000007 27061.540677652843 62389.299816425846 743224.74183769512 34.500000000000007 1870.8071298683255 1.5000000000000002 13.156531687928991 341.69575606537057 1.0000000180025095e-35 -313.65494752463434 49191630.500000007 178517.33106979393 4067.6880211452567 15025.204862553945 4179.6615893062435 1342.3003245091877 -6852.0697848621121 7950.4068834605287 27.500000000000004 -66095.455875399071 4.5000000000000009 12.500000000000002 38562.649164570517 4.5000000000000009 2086.3335735709902 2703.3934325215387 -1733.4999999999998 1123.7808547324578 32497.310563042603 3264.3845465626086 -1429.4999999999998 1.0000000180025095e-35 69.500000000000014 -6880.3824961845039 1727.1354339293548 29761.560585056646 3.5000000000000004 1.0000000180025095e-35 -21953.80906277557 190.50000000000003 1.0000000180025095e-35 -231.1990658290492 308.40223816544
decision_type=2 2 2 10 2 8 10 8 8 2 8 8 10 2 2 2 8 10 10 2 8 10 10 10 8 8 10 10 10 8 2 8 10 2 10 8 8 10 2 10 8 10 2 8 10 10 8 8 10 10 8 10 2 8 2 2 10 10 8 8 8 8 8
left_child=2 3 4 11 5 7 15 -1 -9 -10 -4 12 -2 55 -13 21 -17 22 -19 20 -20 -7 57 25 -25 26 30 28 -28 -21 -24 32 35 -34 -35 36 37 38 -3 -40 41 -41 -43 -16 45 49 -47 -48 -49 51 -51 52 53 -45 -55 -12 -57 58 59 -18 61 -61 -60
right_child=1 31 10 -5 -6 6 -8 8 9 -11 13 14 -14 -15 43 16 17 18 19 29 -22 -23 23 24 -26 -27 27 -29 -30 -31 -32 -33 33 34 -36 -37 -38 -39 39 40 -42 42 -44 44 -46 46 47 48 -50 50 -52 -53 -54 54 -56 56 -58 -59 62 60 -62 -63 -64
leaf_value=0.005114160547893049 -0.01128827190289264 0.18025246161274411 -0.011246701296198935 0.049803743954862909 -0.011758827531283291 0.0003691291563710159 -0.0075693038535483165 -0.0024637134495781475 0.15926605240242428 0.031962041799714756 -0.0016625645454622329 -0.0020877318608477288 0.025777092579727059 0.043191242352104808 -0.0011802317667153582 -0.015493084924863404 0.013752548707023082 -0.01782836877765033 0.032231993552737939 0.12337444174458956 0.51277361595391435 0.047664320504289856 0.0048030167852518993 0.34136719729599169 0.0039608326034655155 0.0090157923438528124 0.057026612199098922 -0.01215006039252638 0.21828453349637084 -0.01149765403883346 0.11434105237866106 -0.017689384882644467 0.37359422244102664 0.21626892474504206 -0.030112209391055914 -0.023064889634671629 -0.0094122604112616831 0.22004656667119848 0.086912869554552782 -0.012833074471702384 0.15203972614758576 0.41491798446307937 -0.030058813718785923 0.12235280087959566 -0.023741057620904577 0.18885135600599451 0.006582991014294947 0.2329625791642157 0.014437128808388907 0.14701862692127526 0.0028567663660093072 -0.011358941751345449 -0.0042340214993608722 -0.0024513257096129928 0.075609630326948965 0.11920896319088795 -0.014666234561564233 -0.0017597563119344701 0.0088109112685582601 0.17219321366750351 0.20581479496320315 0.026114432155092578 0.00014349602950615201
leaf_weight=90.447424529702403 171.84979963867227 0.56925734772812298 145.62447977944976 4.9871828780160277 67.093050649447832 1355.7137553441571 139.07167851628037 12.467136478458997 0.92894243053160508 34.432012976671103 320.80888042203151 522.86656032135943 9.2752477819449251 6.1151803354150607 51.852165601449087 45.705682530708145 19.936129534558862 2.4069713760982259 0.4717758885235529 1.3372507800813762 0.44170079531613737 6.9062235357705495 8.6034590920316969 0.48314556520199292 0.83004204032476991 45.497234413982369 1.6799815249396499 1.6336875396664252 1.8860446421313097 1.5763565047527666 1.0004919460625377 179.33101231465116 0.2971443486167108 0.24354552605655033 1.0969662104616871 20.939269171678461 25.768688873737119 0.47873326053377319 2.2714265832910305 8.4757077309768647 0.48722722515230543 0.20215081342030394 0.30238551355432719 2.6233206177130342 8.3452233484131266 1.894870745600201 6.7142667519510706 1.1332151193637403 1.2461775718838906 1.672445200034417 2.3098717567045237 14.777673104137646 7.1584073628182514 5.8271158460411261 2.6114729492692277 1.7417607000679702 1.7249666031566446 200.81921317341039 454.12458159617381 1.0155702141928484 0.87019704177509982 3.6201536805601782 295.89388440054609
leaf_count=14189 44547 184 22221 146 12107 50544 23375 3459 93 6626 16669 65115 1037 142 3811 12420 4803 640 132 246 135 274 1127 81 273 5928 155 396 139 599 108 107001 97 115 577 14929 9977 91 542 3526 94 124 238 66 1674 225 817 139 181 141 198 1012 548 471 198 177 279 37111 28544 238 33 1047 32586
internal_value=-0.000153927 -0.00461655 0.00128813 -0.00191014 0.00212401 0.00246522 0.00194837 0.0121519 0.025461 0.0353064 -0.00362321 -0.00222769 -0.00939019 -0.000263048 -0.000171845 0.00248809 0.00483772 0.00572768 0.0554446 0.101528 0.264592 0.000608837 0.00542905 0.0198296 0.128099 0.0174717 0.0434601 0.0937837 0.142315 0.0504042 0.0162141 -0.0138135 -0.00244367 0.0797791 0.0146506 -0.00470694 0.00526314 0.0348376 0.0276338 0.0202329 0.00423504 -0.00378417 0.148228 0.0090894 0.0185453 0.025902 0.0622501 0.0358698 0.118513 0.0151013 0.0634001 0.00927243 0.0260056 0.0455743 0.021706 -0.00108251 0.0525956 0.00452022 0.00614654 0.0284051 0.0814599 0.0581166 0.00539148
internal_weight=4330.52 1057.61 3272.91 817.145 2796.89 2729.8 2591.53 138.276 47.8281 35.361 476.015 812.158 181.125 330.391 631.033 2452.45 1089.83 1044.13 6.23406 3.82708 0.913477 1362.62 1037.89 61.6141 1.31319 60.3009 14.8037 5.19971 3.56603 2.91361 9.60395 240.464 61.1325 1.63766 1.34051 59.4948 38.5556 12.7869 12.3082 11.7389 9.46747 8.98024 0.504536 108.166 56.3141 47.9688 10.9885 9.09366 2.37939 36.9803 3.98232 32.998 18.2203 11.0619 8.43859 324.276 3.46673 976.28 775.461 25.4421 5.50592 4.63572 750.018
internal_count=534717 257821 276896 120326 237408 225301 200934 24367 10178 6719 39488 120180 45584 17267 74596 177559 126741 114321 1752 1112 267 50818 112569 8207 354 7853 1925 690 294 845 1235 137495 30494 789 692 29705 14776 4799 4708 4524 3982 3888 362 9481 5670 3996 1362 1137 320 2634 339 2295 1283 735 669 17125 456 104362 67251 6121 1318 1285 61130
is_linear=0
shrinkage=0.03


Tree=117
num_leaves=64
num_cat=0
split_feature=14 16 22 247 147 68 174 55 30 6 16 4 204 203 39 185 57 34 64 158 141 227 158 6 136 208 258 4 141 64 271 158 82 147 14 58 155 61 22 11 179 62 104 189 35 11 162 35 68 156 58 3 157 158 0 6 3 208 237 155 225 148 219
split_gain=30.3661 18.9479 18.0864 21.2219 22.1493 16.3128 14.1892 13.6974 16.6265 39.9881 13.7066 13.5682 13.2126 15.1646 13.549 15.3837 12.6991 12.3286 12.2683 14.2623 12.1824 12.8591 11.8571 19.5175 11.71 12.1706 11.6696 11.5544 13.5634 26.6272 18.0607 19.3483 13.2401 15.887 12.775 12.6491 11.4605 19.7632 11.1709 16.1368 11.1645 12.0097 18.611 13.2032 20.5152 11.8723 11.1552 17.4746 14.7937 16.7038 15.6581 30.5083 14.6813 13.8369 18.5711 18.2549 17.2089 14.585 13.7378 14.8391 17.621 18.1316 13.8013
threshold=95357.135522786921 2.5000000000000004 11048.616865327827 3667.6048320561454 12.500000000000002 203700.7788664746 2577.1350577442408 733.30220192056618 14.500000000000002 2078.3918339190327 1.0000000180025095e-35 40.500000000000007 -4423.740426832398 -1.0000000180025095e-35 1.5000000000000002 -41702.136797822655 64.500000000000014 8.0000000000000018 6.5000000000000009 1741.5000000000002 22.500000000000004 -7.4999999999999991 5736.5000000000009 42366.921959995583 10.500000000000002 137269.58819705551 2.5000000000000004 98.500000000000014 53.500000000000007 4.5000000000000009 -258.32600971306459 1190.5000000000002 4.5000000000000009 2.5000000000000004 318.6550509364651 288.50000000000006 162200.52347169188 827.41536999418406 6061.8994864039369 -1022.536168282462 -142.36599559516802 1.0000000180025095e-35 804.50000000000011 -56055.955163804349 176380.24808887276 -4676.1028341919728 4.5000000000000009 176380.24808887276 -3469.8872587081873 631445.08912559168 220.50000000000003 61.500000000000007 5.5000000000000009 4203.5000000000009 12737795.500000002 16973.885712470685 55.500000000000007 -21953.80906277557 -35416.935870499161 60618.713752047894 3.5000000000000004 2022.5000000000002 -40796.531477971839
decision_type=2 2 2 8 8 10 10 2 2 10 2 2 8 8 8 8 8 10 8 10 10 10 8 10 8 8 8 2 8 8 10 8 10 10 2 10 10 10 2 2 10 10 10 8 8 2 8 10 10 10 8 2 8 10 2 8 2 10 8 8 8 10 10
left_child=2 16 5 20 22 7 -6 12 10 -10 27 24 13 26 15 18 -2 -17 19 -14 -4 -22 -5 -24 25 -3 -1 28 29 -9 31 34 -32 -34 -31 -29 -12 -38 39 -15 41 43 -43 44 -18 -45 53 48 -48 -50 51 -51 -49 54 55 -16 -57 -55 59 60 62 -62 -56
right_child=1 11 3 4 6 -7 -8 8 9 -11 36 -13 14 38 46 17 40 -19 -20 -21 21 -23 23 -25 -26 -27 -28 35 -30 30 32 -33 33 -35 -36 -37 37 -39 -40 -41 -42 42 -44 45 -46 -47 47 52 49 50 -52 -53 -54 57 58 56 -58 -59 -60 -61 61 -63 -64
leaf_value=-0.0099580428959805765 -0.005747560103778109 -0.020198703332228153 0.0064632817819837499 0.0091361065696502798 -0.0035288352082829856 0.021930847920958195 0.067340974799465603 0.19103466800582874 0.29501982515017433 -0.030194855882305978 -0.01566899457254391 -0.016691218032592443 0.018038362142898938 0.019645579908752146 -0.0040120243460822682 0.0041920344257685748 0.11273531095525549 0.035271400376817801 0.016919626208629534 0.11973057027927704 -0.0051162475625453063 -0.018784375875591775 0.0050926477777593427 0.11056854979404387 0.026857470525107615 0.071059623563725041 0.013746448331917143 -0.020871616211515915 0.0006004684677360677 0.11386723981321412 -0.011280129311381304 0.23057558491909386 -0.003964191511099658 0.17213889632283177 -0.030115308870886939 0.090086696598845717 0.15634867311867556 -0.015718116622999493 0.014034798628929233 0.094066118396015391 -0.010328739531723346 0.11573673921077678 0.0085964816155152945 0.096297659197543933 0.0065837311297447356 -0.0017074282607479688 0.0056891270555834679 -0.0014643117460377583 -0.0029121847819138266 0.018881354469031972 -0.019092237343436159 0.14827271351068572 -0.01438531690384328 0.095032909310575883 0.077169762019711485 0.01716865940924981 0.13470628450023392 0.0093464375955084316 -0.00034924455683130455 -0.023858261493228523 0.024074849647385179 0.11731042607891286 0.007420090059158441
leaf_weight=26.764845383353531 135.27396056376165 14.314664451056162 35.706745020928793 118.34632606222294 418.97750525479205 35.516841997101437 2.5581264033098696 0.94669549725949487 0.55242177972104289 0.88607727299677208 104.56264857703354 193.76722918334417 2.2703320650616634 5.250452896929346 3.6816917049000022 540.91889903944684 2.7821485326858237 11.736414097715167 10.907838876708411 2.7383630163967609 118.24119300983148 130.12270480382722 3.6288526479038401 2.795059779600706 12.745657720137386 1.4483290349016886 61.963192112045363 18.22074749018066 26.36817709589377 1.2216793671250341 7.7018314694287255 0.68645668530371029 0.99010543909389503 0.86284126259852201 1.0157025031512601 0.97409117210190643 0.95825300982687567 1.6103798467665909 11.535903566866182 5.2385802218923345 14.84639070968842 2.8005171413533381 3.0465269339038059 1.1676269271411062 3.9863789129303768 23.539280149678234 338.8528219377622 170.89514233294176 570.54584224079736 5.5149371403967935 3.4800497016403833 2.3341439280193299 147.41052728547947 1.8049386173370283 2.8121985563775551 1.9260439048521218 2.6825109020574018 188.5707684266963 723.18982326553669 6.870339469111058 4.2961911936290553 3.3340197061188519 27.718586607894395
leaf_count=579 24038 5741 2122 4858 37559 5846 208 96 125 351 75177 134330 122 112 183 32652 199 69 1217 179 19941 48818 248 155 4512 189 688 4579 5642 153 1523 143 161 143 314 119 234 556 450 160 1593 125 367 51 511 3844 7980 14691 31766 304 260 191 14609 169 147 154 163 14071 26839 736 222 196 1237
internal_value=-0.000152695 -0.00792374 0.000659805 -0.00327072 0.000187651 0.00171663 -0.00309876 0.00148145 -0.00685728 0.0946962 -0.00773668 -0.0138482 0.00196572 0.0121267 0.00156011 0.00568949 -0.000898342 0.00485205 0.0347673 0.0736357 -0.00992162 -0.0122772 0.0112908 0.0509855 0.0054754 -0.0118137 0.00659598 0.0038765 0.0130979 0.0376437 0.0260067 0.0912503 0.00604158 0.0780398 0.0485036 -0.0152408 -0.0141311 0.048473 0.0344076 0.0568137 0.0116757 0.0204288 0.0599127 0.013094 0.0502165 0.00292421 0.000495766 -0.0013888 0.000705984 -0.00219593 0.0338753 0.0573595 -0.00744816 0.00291078 0.00113379 0.0457945 0.085584 0.0101588 0.000651833 0.0167288 0.024036 0.0648141 0.0138448
internal_weight=4328.42 409.719 3918.7 830.377 546.306 3088.32 421.536 3052.8 167.558 1.4385 166.12 222.276 2885.25 110.753 2774.49 568.572 187.443 552.655 15.9165 5.0087 284.071 248.364 124.77 6.42391 28.5087 15.763 88.728 58.9883 39.7935 13.4253 12.4786 2.92384 9.55478 1.85295 2.23738 19.1948 107.131 2.56863 22.0249 10.489 52.1689 37.3225 5.84704 31.4754 6.76853 24.7069 2205.92 1239.03 920.728 581.875 11.3291 7.84908 318.306 966.887 776.511 8.29025 4.60855 190.376 768.221 45.0313 38.161 7.63021 30.5308
internal_count=534717 175500 359217 113909 43028 245308 37767 239462 89316 476 88840 144772 150146 1989 148157 34239 30728 32721 1518 301 70881 68759 5261 403 10442 5930 1267 12873 8175 2533 2437 610 1827 304 467 4698 75967 790 722 272 6690 5097 492 4605 710 3895 113918 69801 40501 32521 755 495 29300 44117 29877 500 317 14240 29377 2538 1802 418 1384
is_linear=0
shrinkage=0.03


Tree=118
num_leaves=64
num_cat=0
split_feature=16 269 63 120 41 140 147 23 11 29 8 185 225 162 60 183 61 11 225 143 120 225 8 112 194 25 183 155 184 214 200 28 62 52 16 5 96 271 28 25 144 162 36 92 36 221 195 117 263 114 26 158 112 11 224 157 92 112 41 237 183 178 116
split_gain=27.9931 14.2023 17.1861 12.4931 14.3818 15.1988 27.0553 25.8625 12.2386 16.3248 17.0449 14.9224 17.5431 13.0736 12.3589 12.1431 13.5902 11.7722 13.198 11.6758 23.6631 36.7076 40.6389 11.6233 17.1357 11.5723 11.4486 16.7121 13.6736 16.2643 11.6568 11.1861 10.9652 14.1174 21.9114 26.7599 14.1202 12.9507 14.5413 19.0083 39.5647 11.9185 15.9954 15.7197 20.4012 19.1891 15.5837 13.9641 11.9247 18.2794 10.77 11.4701 10.7375 10.6974 12.9769 11.6686 17.6343 21.1283 16.184 17.7559 10.5763 10.4337 13.4952
threshold=12.500000000000002 -1.0000000180025095e-35 278.46409157342504 11644.708248757403 79828.934515033514 3.5000000000000004 2.5000000000000004 1.0000000180025095e-35 -6862.9602080940704 1.0000000180025095e-35 -186.30820110523447 -1.0000000180025095e-35 35.500000000000007 7.5000000000000009 2153.6071747844553 -15865.120358709317 941.45538778883213 -148.61922422435899 44.500000000000007 39397.431965719508 49126.109410528989 1.0000000180025095e-35 -1150.6354302699833 141.50000000000003 -660.82558616500535 2268.8507993736516 1.0000000180025095e-35 948.11500664573521 6666.8963414946602 -49.766971496083322 4207.3518122552296 15.500000000000002 -2184.2608663249134 14.500000000000002 16.500000000000004 334.44387714245704 1.5000000000000002 -2227.4653891981279 8.5000000000000018 30322.760859201418 -1504.9999999999998 10.500000000000002 -516.49999999999989 56167.506263872805 -638.49999999999989 -2.4999999999999996 -3172.95974840193 440.20675951697507 -1188.1698206348462 11960.651828539934 1.5000000000000002 3968.5000000000005 259.50000000000006 -1885.1498682121137 7.5000000000000009 1.5000000000000002 891188.99495364318 126.50000000000001 9540.39625256217 -6508.3847527691969 -2071.6599976015923 18.388731844800002 -1317.0756948576998
decision_type=2 8 8 10 10 10 8 2 2 2 8 8 10 8 8 10 10 2 10 8 10 8 10 10 10 8 10 8 8 8 10 10 10 10 2 10 8 8 8 10 10 8 10 10 8 8 8 10 8 10 2 8 10 2 10 8 10 10 10 10 10 10 8
left_child=1 2 50 32 19 6 7 -6 9 10 23 31 -13 15 17 16 -12 -14 -19 20 -5 -22 -23 -3 -25 -15 30 -28 -29 -30 -16 53 -2 -34 35 -35 -37 -36 39 41 -41 42 -39 44 -43 -45 -44 -46 49 -47 -1 -52 -17 60 61 56 58 -58 -56 -60 -10 62 -55
right_child=3 8 -4 4 5 -7 -8 -9 11 -11 13 12 14 25 26 52 -18 18 -20 -21 21 22 -24 24 -26 -27 27 28 29 -31 -32 -33 33 34 37 36 -38 38 -40 40 -42 43 46 45 47 48 -48 -49 -50 -51 51 -53 -54 54 55 -57 57 -59 59 -61 -62 -63 -64
leaf_value=-0.00081412374984388158 -0.011123582050396862 0.014162235560375795 -0.0098460178219931874 -0.010446954270698038 0.2984038378642011 -0.0036861742477248311 -0.030289328682566612 0.044283825290951824 0.0034030243264191198 -0.0063304825815999333 0.00021874404857178387 -0.0022572355255065448 0.0066518697719666229 0.0085100320962520817 -0.013006927226636985 -0.0015749790299069292 0.038161897912623616 0.16215988284639302 0.049456966943054237 -0.015894671555435797 -0.030066416297958583 0.065315312506084869 0.55024403580995584 -0.0065096247147110502 0.062876963935773356 0.030802552376799471 0.10202626939190303 -0.0041807933797121562 0.16561937443133898 0.010162152378085232 0.095472016047256344 -0.019022764153558528 -0.0043028392315644023 0.22430312948080172 0.16971773358591075 0.16330868362880058 -0.0013684401880610909 -0.019545393107417455 -0.0085940275950140751 0.28191044113436636 -0.0022258897500088289 0.26022791195008299 0.14594744317590799 0.19573761177441104 -0.030273559239975843 0.16760687756468257 -0.0064510730919804353 0.15926327089034256 -0.017459008751635335 -0.030301018119056715 0.0021926871541400128 0.054481613474753325 0.024117502677985393 -0.011035483882557727 0.020408699902824314 0.0064173081387350625 0.19860801146260848 0.002962717671872072 0.023472425363122162 0.26985044718921714 -0.010172138234936677 -0.0057132630426206714 0.0061526340291471002
leaf_weight=574.6612960054772 91.938657931634225 65.439005988708232 228.14889219845645 2.8948683440103187 0.72876092477235832 4.4259690945036709 1.0010247138561683 0.7131729974062182 117.78780153242406 97.170453999366146 17.567502972029615 1232.2709300845745 2.7988460554042831 151.14791570330271 15.128104875038847 296.63968041917542 16.451997369469609 1.3796906499192116 2.9023110223934054 178.5587920670514 0.54565043869661145 0.31200993381207809 0.31013623357284814 4.4942605060641645 11.151393544278106 24.331322555604856 2.4398104338324611 8.0145646668970567 1.0562575990916228 1.4199445990379893 0.94734414719278071 20.158607220975682 105.18536597478669 0.93860156158916597 0.45009884290629998 0.61311097134603221 1.988380233524367 9.7023731293156761 23.423105703841429 0.76677867159014557 1.0383033778052766 0.61919347860384732 1.1609258449752813 0.52646496216766536 0.78857208782574006 0.90331562107894547 1.2585420742398157 0.62879623787011951 4.6655479218461551 0.78507368388818577 8.8134739153319934 6.6052925448166215 15.399781203130258 43.855602786177769 31.716636356839444 44.788710881955922 1.1671009454876178 0.86496204888680939 0.55769534641876817 0.49863781739259028 91.991385514149442 91.136352149245795 657.04847013566177
leaf_count=21675 32247 1799 50044 1324 157 2105 391 136 6072 5122 214 134914 177 2518 3097 5585 198 116 283 119401 344 115 144 232 275 822 195 1021 169 506 259 6368 26224 209 175 135 530 2492 8946 153 218 166 165 96 206 120 310 97 1374 215 212 95 250 7143 3834 5064 127 184 167 106 7022 15774 54883
internal_value=-0.000150809 0.000658247 -0.00285374 -0.00735103 -0.0131476 0.0294677 0.0895335 0.172717 0.00159436 0.0050803 0.00692025 0.000565031 -0.00165346 0.00493085 0.0189639 0.00154854 0.0185682 0.0544974 0.0857706 -0.0147505 0.0355386 0.149533 0.307049 0.0197161 0.0429455 0.011601 0.0102895 0.0313044 0.0148568 0.0764745 -0.00661414 0.00311942 -0.00291096 0.00194652 0.0150261 0.0869855 0.0374421 0.00957317 0.00801523 0.0250456 0.118472 0.0170299 -0.0023364 0.0433566 0.11657 0.0216857 0.0666738 0.0538119 0.0072644 0.0755829 -0.000150239 0.0245929 -0.000307003 0.00353217 0.00499596 0.0165431 0.0295734 0.11533 0.0242561 0.139774 -0.00254989 0.00383557 0.00507717
internal_weight=4324.82 3887.95 818.229 436.872 189.49 6.86893 2.44296 1.44193 3069.72 699.793 602.623 2369.93 1268.36 521.538 36.0869 346.059 34.0195 7.08085 4.282 182.621 4.06266 1.1678 0.622146 81.0847 15.6457 175.479 29.006 12.9306 10.4908 2.4762 16.0754 1101.57 247.381 155.443 50.2572 3.54009 2.60149 46.7171 46.267 22.8439 1.80508 21.0388 12.1218 8.91696 2.03656 6.8804 2.41947 1.41737 6.35394 1.68839 590.08 15.4188 312.039 1081.41 871.634 79.5937 34.805 2.03206 32.773 1.05633 209.779 792.04 700.904
internal_count=534717 336522 72026 198195 124117 2789 684 293 264496 17015 11893 247481 140737 9587 5823 6247 412 576 399 121328 1927 603 259 2306 507 3340 5247 1891 1696 675 3356 106744 74078 41831 15607 874 665 14733 14558 5612 371 5241 2967 2274 469 1805 475 303 1709 335 21982 307 5835 100376 87282 9482 4418 311 4107 273 13094 77800 62026
is_linear=0
shrinkage=0.03


Tree=119
num_leaves=64
num_cat=0
split_feature=55 53 4 20 56 209 206 230 52 68 22 60 22 226 204 132 120 1 31 71 49 94 174 4 11 30 236 13 193 51 161 61 144 221 195 263 111 0 49 101 1 234 156 162 157 209 266 118 104 60 65 115 22 216 89 193 78 79 227 149 120 227 101
split_gain=27.2559 25.3751 21.9341 17.8791 17.3533 14.5661 24.6882 13.4182 24.1727 38.6054 12.308 21.7483 12.1036 15.8403 14.1047 15.1011 14.0456 13.155 15.3688 12.631 12.0292 12.0266 28.0829 13.7398 11.811 11.4267 10.9419 10.8871 15.633 20.5147 31.3156 10.835 10.7108 13.436 10.6969 12.6897 19.1248 24.7233 28.9253 16.6761 10.3145 10.2345 13.4938 11.204 13.2638 13.0261 12.8268 10.199 16.3898 12.6571 10.0079 10.4634 11.2045 9.88398 9.88251 9.84807 9.80552 18.9262 10.1379 12.5412 14.1562 10.0694 9.79263
threshold=733.30220192056618 19036.834368759621 40.500000000000007 4187.8521855230465 1.0000000180025095e-35 138347.44402902038 -2.4999999999999996 -7099.7272786979875 26.500000000000004 27638.852347476117 1.0000000180025095e-35 71448.216947385881 16379.165308415812 -1.4999999999999998 -4423.740426832398 77637.595122878658 32758.11987658573 202102.50000000003 1.0000000180025095e-35 6671.7168491915545 24.500000000000004 3341.5000000000005 24.541243853408009 32.500000000000007 -2731.8544827623791 1.0000000180025095e-35 -4981.7712008213994 1.0000000180025095e-35 -1.4999999999999998 859.42761080194521 4667.6854759644038 1737.4415245569041 -1580.4999999999998 -3.4999999999999996 -5888.6708263808559 16373.412323704857 34.500000000000007 43146301.000000007 8.5000000000000018 41501.780321551363 202051.50000000003 21451.961949588847 631445.08912559168 9.5000000000000018 21.500000000000004 -14747.777902993343 -3024.5391292506865 7.5000000000000009 4690.5000000000009 8007.1853119999269 -17357.229307998372 1.0000000180025095e-35 163438.75639746551 5.5000000000000009 116271.180318161 -4.4999999999999991 34345.999581958189 2246.6714718890466 -26.499999999999996 3430.3026166231548 16236.978283988949 1.0000000180025095e-35 165003.27644549133
decision_type=2 8 2 2 8 10 10 10 8 10 2 10 2 10 8 10 8 2 2 10 10 10 10 2 2 2 8 2 8 8 10 10 8 8 8 8 8 2 8 10 2 10 8 10 10 8 8 10 10 8 8 8 2 10 10 10 10 8 8 10 10 10 8
left_child=3 2 4 12 53 -4 -7 -8 32 -10 34 -12 14 17 16 25 -1 18 -14 20 31 23 26 54 40 -16 -23 28 -5 -30 -31 -15 -9 -34 -6 -36 37 -37 39 -39 -3 -29 43 44 45 -43 -45 48 49 -47 55 52 -52 -2 -17 -20 58 -58 -27 -60 61 -61 -51
right_child=1 24 5 27 10 6 7 8 9 -11 11 -13 13 19 15 21 -18 -19 50 -21 -22 22 -24 -25 -26 56 -28 41 29 30 -32 -33 33 -35 35 36 -38 38 -40 -41 -42 42 -44 46 -46 47 -48 -49 -50 62 51 -53 -54 -55 -56 -57 57 -59 59 60 -62 -63 -64
leaf_value=0.0088403503651259228 -0.021240517675259914 0.014419596644531116 -0.017997743389444446 -0.035667585256167429 0.04738373438193174 0.29950412923570463 -0.024511682319606619 0.10846779678227034 0.39313532580949789 0.019524704430599896 -0.027889112990984267 0.15062451041026118 0.0089039395955706861 -0.0097203164448656058 0.00066492914887033888 0.062522484872153908 0.044868624721680357 -0.019434959652945335 -0.0031602505924488455 -0.023766607877615913 0.059631072140360092 0.056429059449304653 0.14888551811061221 0.00074335315730741935 -0.0084260589767813331 -0.011244177705434004 -0.020340251671797423 -0.0097765455573768541 0.12766568825814303 -0.019731692185229421 0.14271588564731108 0.0089399040324837017 0.19863578458259321 -0.024189765698247694 -0.015372993629194719 0.2751438144551443 0.0089979334060508852 -0.0045192711868340509 0.2676931174086965 0.13122820319016706 -0.015894346634499831 0.11715068899975062 -0.015109731337778848 0.090249230477653555 0.13364291164832248 0.092180694456475656 -0.026876803311663439 -0.0038851819201229207 0.16141471485825359 -0.016290444920788467 0.054980670202138024 -0.0087693109291544901 -0.021019716226509298 0.08990265177464471 0.012010922313618104 0.042514031224197855 0.00021164851109698821 0.13540381877651611 0.0069924305973492968 0.089806222345554895 -0.030862548313775256 0.018101901823208241 0.11008482914240857
leaf_weight=114.10059605620336 26.674891677626878 75.813754755305126 225.71839488047408 3.0012857218971476 8.7729007246671227 0.27175263717071985 5.2552561659831545 0.86028233065735549 0.42388516280334421 0.60302811081055552 10.544821428309657 0.65221261768601912 178.19711364776595 155.57483128126478 2517.6271961127059 6.6634724027244356 10.647374467866028 25.539575127302669 9.3643900343449804 41.388996766414493 2.5189502452267325 3.5371299562975764 1.9746763670118523 33.880259227415081 45.788370523194317 26.353277244372293 3.1670217823702824 248.54306923277909 2.0073314862092939 4.7123609845293686 1.3810043571284039 34.15289594582282 0.261621561832726 3.5253623143071304 11.682740698277486 0.49117097840644319 20.590529376117047 3.414525956788566 0.50339823600370426 1.0695973123656584 11.654958730156066 1.2985403971397316 16.44120442593703 0.96792247821576893 1.0887693996774022 1.9200955720152837 6.4426391479209988 8.634686134173533 0.93491927522700269 4.0777539396658549 4.833487571682781 128.93509563908447 2.7329739687265828 0.74010651872958888 7.310520576662384 7.7771593841025597 2.3220343061839226 1.5568207284668458 234.87505488633178 4.444331062724812 1.8800277918344361 2.9210864030756056 0.63821559806819905
leaf_count=1873 12149 4937 189301 255 2066 55 3710 292 88 326 4871 125 6086 9759 142839 181 492 2279 156 13500 214 228 207 1880 13424 1279 221 62281 67 411 158 2377 115 2059 5837 146 6441 1056 155 123 1624 99 3696 217 199 213 1364 1569 214 913 218 12035 152 145 266 269 237 168 16143 215 445 227 70
internal_value=-0.000149205 -0.00709179 -0.0116474 0.000668372 0.00141299 -0.0163407 0.0170515 0.0100285 0.0420186 0.173742 0.0107472 -0.0174909 0.00126229 -0.00265883 0.00204172 0.00160931 0.0119154 0.00131225 0.00290902 -0.00873318 -0.00549661 0.0169598 0.0494513 0.0110671 0.00391829 0.00129849 0.0201635 -0.00633908 0.0228182 0.044487 0.0170855 -0.00636129 0.0129114 -0.00879599 0.0175432 0.0106088 0.0222523 0.0720663 0.0520672 0.0278606 0.0103803 -0.00745151 0.00616315 0.0196133 0.0320454 0.025726 -0.0115785 0.0184002 0.0438166 0.0272489 -0.00404395 -0.00675721 0.0275297 -0.0182401 0.0360973 0.0175623 0.00711238 0.0544725 0.00643319 0.0083415 0.0426138 0.0613687 0.000812013
internal_weight=4321.68 455.314 322.056 3866.37 85.1369 236.92 11.2012 10.9294 5.67418 1.02691 57.7219 11.197 3564.28 591.015 2973.26 2848.51 124.748 357.38 331.84 233.636 192.247 56.5331 8.67883 47.8543 133.257 2791.98 6.70415 302.09 11.102 8.1007 6.09337 189.728 4.64727 3.78698 46.5249 37.752 26.0692 5.47869 4.98752 4.48412 87.4687 290.988 42.4447 26.0035 18.593 17.5042 7.41056 16.2057 7.57098 6.63607 153.643 136.502 7.56646 27.415 13.974 17.1415 274.353 3.87886 270.474 244.121 9.24545 7.36542 4.71597
internal_count=534717 249045 229060 285672 33114 195946 6645 6590 2880 414 20820 4996 213946 47045 166901 164536 2365 21195 18916 25850 12350 2983 656 2327 19985 161553 449 71726 891 636 569 12136 2466 2174 15824 13758 7921 1480 1334 1179 6561 70835 8554 4858 3277 3078 1581 2979 1410 1196 12830 12405 370 12294 447 425 18714 405 18309 17030 887 442 983
is_linear=0
shrinkage=0.03


Tree=120
num_leaves=64
num_cat=0
split_feature=14 10 36 122 83 53 53 227 210 255 66 25 224 216 137 46 111 46 36 227 62 111 171 122 49 210 189 210 9 175 62 224 210 62 39 264 136 10 14 46 114 0 20 175 143 140 240 119 225 141 155 236 25 255 46 155 114 237 10 89 5 43 46
split_gain=27.6973 18.8389 15.7556 13.1406 15.4327 13.394 16.3085 13.7255 13.3051 12.6297 13.7253 12.4929 20.0001 15.0994 24.7328 15.2376 17.5718 16.6084 14.7378 12.6274 14.4943 14.8054 21.9349 18.0127 25.4291 22.8143 13.5723 13.2706 12.3927 15.0769 11.7978 14.3059 18.8845 38.4478 11.6977 11.5888 11.435 11.4167 11.7857 13.7359 11.3646 13.408 24.9609 15.7625 14.2801 10.7522 13.3001 13.785 14.6961 17.0181 12.7257 23.9405 18.8747 21.6103 10.719 14.5999 12.9231 17.069 11.0467 14.1747 15.505 12.4104 10.5416
threshold=95357.135522786921 7.5000000000000009 1.0000000180025095e-35 115057.92532693452 64055.104939682707 32333.945721628075 1033.5694131653611 11.500000000000002 -122.22383568185795 3522.1745396411407 5944.612627695019 2268.8507993736516 13.500000000000002 -1.4999999999999998 17030.176802287377 -1855.4999999999998 64.500000000000014 -2006.4999999999998 -1247.4999999999998 -1.0000000180025095e-35 -271.20169213520597 54.500000000000007 1.0000000180025095e-35 6336.7580424979597 6.5000000000000009 -9.1715915023200107 -1833.0913483092402 -998.77119475854238 2622.8271587684208 771.21407934632055 -466.03270926737491 -14.499999999999998 1625.6979844032639 32.156189999888007 2.5000000000000004 -12.499999999999998 2.5000000000000004 9.5000000000000018 -4982.6333742458692 -335.49999999999994 15649.031227363979 15916930.500000002 29761.560585056646 1092.7170467020019 39397.431965719508 4.5000000000000009 29.500000000000004 -157.49571815751946 -14.499999999999998 221.50000000000003 36899.06352040491 -31057.341281425612 4699.9681063964663 -659.0407737526624 -1490.4999999999998 5180.331506235053 42777.885829344144 -29068.109451055523 6.5000000000000009 127100.68042869217 1104.9115695099892 298.4042459193526 -1673.4999999999998
decision_type=2 2 10 10 10 10 10 10 10 8 8 10 8 8 10 10 10 8 8 8 8 10 10 8 10 8 10 10 10 8 8 10 10 8 8 10 8 2 2 10 8 2 2 10 10 10 8 10 10 10 8 10 10 8 10 8 10 10 2 8 8 8 8
left_child=3 30 62 4 5 6 11 -8 45 -7 -11 37 19 14 -14 16 17 -15 -19 26 35 28 23 24 25 -23 -13 -24 36 -30 -2 32 -32 -34 -25 -21 -22 -1 39 -39 41 42 43 44 -6 -5 -47 -48 49 -49 51 -50 -53 -54 -17 -56 58 -58 59 -57 -61 -62 -3
right_child=1 2 -4 8 40 9 7 -9 -10 10 -12 12 13 15 -16 54 -18 18 -20 20 21 22 27 34 -26 -27 -28 -29 29 -31 31 -33 33 -35 -36 -37 -38 38 -40 -41 -42 -43 -44 -45 -46 46 47 48 50 -51 -52 52 53 -55 55 56 57 -59 -60 60 61 -63 -64
leaf_value=0.0011365530619743443 -0.013178761936689872 -0.0040832481928394365 0.15592159798195016 0.0045463040163362823 0.10120261964420281 -0.010162387882776099 -0.0022703413370683805 -0.015783506870754454 0.0028211001296530847 0.0067457891382889795 0.026909405285802726 0.0085834245310326077 0.026940044822611024 -0.0019578228675557496 0.17333819269795639 -0.017371142374793602 0.16516804166793114 0.011923547671909836 0.1399993351918018 0.10198198081204447 0.059835487028696788 0.081718814492993522 0.083477183781930461 0.097255723017048296 0.032358178075080554 0.2215925097447832 -0.018338347923612098 -0.01617943401533364 0.0131700507797789 0.24303808638326385 0.012092502400561865 -0.0037741846927854174 0.29270741693049107 -0.030114446654420597 -0.030408033008323707 -0.012735935031329958 -0.003604643456158651 -0.0018605031159318307 -0.023476340922072111 0.088238087106049343 -0.013075822468669068 -0.0023418971396864416 0.233437187034294 0.11208109069931797 -0.032871994289827872 -0.031698006584293642 0.00038080804563911765 0.0035470230914126616 0.2239850239580192 0.12106036736401786 0.031040989610908957 0.033643602257450729 0.20225113421915872 0.0090490053531417161 -0.021047315229153967 -0.0093723834982636835 0.17213035907920612 0.0019992373895703327 0.0083088035277030445 0.0038783138549083026 0.17806333650704659 0.055485956354884118 -0.020794514386080869
leaf_weight=2457.2232555068913 64.731712069769856 47.945391989545897 0.48158027010504056 16.374098887958098 0.90881935966899519 28.158630827208981 619.39937676530099 75.942467012850102 74.852836311329156 127.40972276881803 39.896686865016818 30.881708285945933 3.0409086644649506 4.0378707789350301 1.5773025802336631 8.7888093254296056 1.1485547665506599 1.3555296905105931 2.0041610123007545 0.82504956662887963 2.8849110375158551 2.3434795350767672 1.5056424931390209 0.93750305159483105 3.2000708752893843 1.900673387048301 37.101070200907998 5.9748827890143721 0.62002240470610448 0.43836429016664624 50.503514005744364 122.38278884708416 0.64548261131858342 0.68377372389659286 2.077206767862664 20.110949015768711 22.504298114276025 12.165081614104563 33.221619577030651 1.7407960537238967 129.84079748834483 82.028220704407431 0.56523751362692554 1.3896475363872012 3.351741717371624 2.4212840923573822 5.5406748641398798 6.6415149183012625 1.1689086745027522 1.3314761388464829 3.6639791453490105 3.7368713299510787 1.6512621191795913 0.76126327022211659 5.9125267225899805 2.0219469298608663 1.275618600600865 0.90891034610103716 12.87107216415461 1.3975647533661684 1.7077289961162025 1.3163987225270828 116.57483192096697
leaf_count=98737 35865 25347 169 3357 150 2017 110908 30199 14761 3098 2948 3270 340 623 180 1357 74 166 207 87 117 137 91 127 202 169 4109 537 203 110 14749 27563 187 378 410 4049 3205 881 5053 207 35011 21768 162 133 1022 865 1072 1198 156 248 871 536 190 273 520 213 139 189 2101 151 179 134 71242
internal_value=-0.000147418 -0.00762651 -0.0154229 0.000624459 0.000317795 0.000790061 0.000348805 -0.0037462 0.0104774 0.00842563 0.0115541 0.0014085 0.0089826 0.025295 0.0769408 0.0199648 0.0559954 0.0390451 0.0883248 0.0029419 0.0123612 0.0220665 0.0431039 0.0711586 0.0962128 0.144359 -0.00610892 0.00387895 0.00779674 0.108377 -0.00224283 0.00182053 0.0150303 0.126647 0.00929236 -0.00821511 0.0036039 0.000856036 -0.0137701 0.00941842 -0.00743006 0.000877066 0.0433593 0.0243442 -0.00427257 0.0237156 0.0353765 0.0420065 0.0541737 0.0231716 0.0766809 0.099531 0.0758741 0.141287 0.0114588 0.0207023 0.0321838 0.101344 0.0243617 0.056427 0.0865157 0.124706 -0.0159244
internal_weight=4318.01 403.949 165.002 3914.06 3795.91 3577.83 3382.36 695.342 118.144 195.465 167.306 2687.02 182.671 49.3649 4.61821 44.7467 8.54612 7.39756 3.35969 133.306 65.3231 44.3871 17.9395 10.4589 7.44422 4.24415 67.9828 7.48053 26.4476 1.05839 238.947 174.216 51.8328 1.32926 3.01471 20.936 25.3892 2504.35 47.1275 13.9059 218.084 88.2437 6.21545 5.65021 4.26056 43.2913 26.9172 24.496 18.9553 7.97299 10.9823 7.31831 6.1494 2.41253 36.2006 27.4118 21.4992 2.18453 19.3147 6.44364 4.42169 3.02413 164.52
internal_count=534717 175500 96758 359217 335690 277444 269381 141107 23527 8063 6046 128274 23396 6573 520 6053 1070 996 373 16823 9444 5308 1673 1045 508 306 7379 628 3635 313 78742 42877 15314 565 537 4136 3322 104878 6141 1088 58246 23235 1467 1305 1172 8766 5409 4544 3472 1446 2026 1155 999 463 4983 3626 3106 328 2778 677 464 313 96589
is_linear=0
shrinkage=0.03


Tree=121
num_leaves=64
num_cat=0
split_feature=10 12 142 144 99 57 53 63 219 263 63 225 247 6 95 71 211 136 119 130 205 6 35 23 3 6 180 136 249 97 117 145 149 218 171 211 56 68 211 176 43 237 99 0 61 136 87 3 73 106 73 61 81 50 58 55 51 31 251 57 36 36 106
split_gain=26.3553 26.1073 12.9319 12.2569 11.6432 11.6348 12.1502 13.9703 14.6364 14.3865 27.2259 13.6004 13.5273 11.728 12.2051 18.1339 20.4031 13.1104 11.4138 11.406 12.5578 28.0408 11.594 15.9055 20.9325 11.8274 11.6536 36.8394 11.1271 10.9831 10.5437 10.3938 10.3732 12.4251 11.6551 16.9863 10.2352 11.2781 10.6906 14.7977 10.8469 13.7844 16.424 15.4802 16.5221 13.5332 27.2634 14.9962 12.8507 14.4587 16.9379 13.0974 12.4128 12.3421 10.7582 14.9861 13.1948 10.415 15.637 15.5011 25.5571 28.2595 26.5618
threshold=7.5000000000000009 22734.385129960432 1.0000000180025095e-35 1.0000000180025095e-35 176380.24808887276 54.500000000000007 19036.834368759621 278.46409157342504 -113133.47194167372 2531.9388817143308 1009.952753259074 1.0000000180025095e-35 677.69473405014912 34948.481675562914 1710.8147609736434 6671.7168491915545 -19.520300132032002 10.500000000000002 630.73183858250513 36058.245642815258 -8952.9472991763523 86924.510073434314 73024.693830150674 1.0000000180025095e-35 30.500000000000004 -6754.5686181026895 -1.0000000180025095e-35 16.500000000000004 -7.9999999999999991 192.95381419989153 1313.0609281498782 -161.08419374688745 1.0000000180025095e-35 95318.161900777704 3762.1341907088499 1.0000000180025095e-35 1.5000000000000002 -11585.032518984313 -129.38891391401953 327.78714858324025 298.4042459193526 -42731.376053169653 938222.44017430546 37211335.500000007 115.60415717038902 8.5000000000000018 59.500000000000007 34.500000000000007 5.5000000000000009 22.500000000000004 8.5000000000000018 724.7387890638621 1595.6268034026727 3072.5000000000005 64.500000000000014 1597.1471009671238 9806.9716526538105 1.0000000180025095e-35 -26094.207508638148 39.500000000000007 -1308.4999999999998 -1002.4999999999999 1.0000000180025095e-35
decision_type=2 2 10 10 8 8 8 10 8 10 10 10 8 10 10 8 8 10 10 8 10 8 10 2 2 8 10 8 8 8 10 8 8 10 8 8 10 8 8 10 10 8 8 2 10 10 10 2 10 8 10 10 10 10 10 2 10 2 8 8 10 10 8
left_child=18 2 3 5 19 6 7 13 9 11 -11 -9 -8 14 -2 16 -16 -18 31 20 21 -3 25 24 -24 -22 27 -25 -6 32 -13 -1 -26 34 -34 -36 37 -33 39 -39 41 42 45 -44 -45 47 -47 52 54 51 -51 53 -40 -50 57 56 -56 -43 -59 60 -60 62 -62
right_child=1 4 -4 -5 28 -7 12 8 -10 10 -12 30 -14 -15 15 -17 17 -19 -20 -21 22 -23 23 26 29 -27 -28 -29 -30 -31 -32 36 33 -35 35 -37 -38 38 40 -41 -42 48 43 44 -46 46 -48 -49 49 50 -52 -53 -54 -55 55 -57 -58 58 59 -61 61 -63 -64
leaf_value=-0.012688343893092147 -0.0026579823737532433 0.021406868094309365 0.045392308951140763 0.054703281561888382 0.16173805609736869 0.002122453110709389 -0.013146704960478027 -0.030457203494816419 -0.017406402043429577 0.26556125615472737 -0.030311863085294377 0.18847627445174595 0.010372536077895227 -0.02060627217033293 0.15994846528771456 -0.0068167327947030749 -0.0014629222082548647 0.11511063238951619 -0.0085350814120531259 -0.023176015571257418 0.16065698147658475 0.33727353388437875 0.15473874706864693 -0.030086762529926824 0.12902936617764035 -0.02557798026902745 -0.020222201676876415 0.48001909929473541 -0.017680852600972245 -0.030140509255254137 0.01153888555228688 0.0070648387013706321 0.00021770711415471363 0.11850224440400728 0.019799209377699009 0.16312861895941916 -0.011938693081138079 0.0094590870057846034 0.022810713657306698 -0.0064745049977576784 -0.00622539861140365 0.00039448215041079833 -0.019801430396869876 0.10179026822519505 -0.012801582310409738 0.20305972284678706 0.021015198001063454 0.015264269981283799 0.013499550057456402 0.17155401050218483 0.0026000087039786332 -0.025801320126877025 0.13865522046916404 0.12994898708449054 -0.0017229646356707292 -0.017459204220580025 0.011692588664710268 -0.020478764656311738 0.0069163295014750608 0.0030321889213796418 0.1308382160627535 0.017789529423926708 0.042268355174996705
leaf_weight=45.793656320427544 195.29533997760154 1.1298303203075182 5.2002795122680245 3.4081278025405473 0.31167105317581445 320.28145619743736 30.85562489106087 2.6748451793682766 131.01404606254073 0.60727897146716692 0.51923111727228388 0.54544954694574677 76.768496801611036 31.110266880772542 1.55111769947689 6.2623737775720665 2.9701033991877894 1.2269666273496111 105.39167595090112 17.208770897239447 0.31442803516983986 0.32590885885292653 1.1304737485479588 0.45873812574427475 0.93377818679436886 12.833756320294921 12.134259521495549 0.17642189684556797 167.14071300253272 3.0601407369831568 0.68221156409708783 341.49276217399165 9.5544429115252569 1.1923482455313195 2.3915232355939233 1.0803306589368733 48.688090943731368 266.83799583441578 1.630370786355342 65.293820099264849 193.55528371629771 680.969352185959 16.523894580139316 2.1989408941008142 2.3347409695270471 1.142407760897185 2.1040514977648854 33.999268347630277 2.2529852585284948 1.3142403252422821 0.89955399266909797 3.5342777416808531 1.700963167240843 1.2870976136182433 911.10773171565961 50.815718214900699 71.133733256021515 18.62315911980113 105.30487556295702 249.6184860530775 4.2698040520772311 32.679854075482581 10.644334160198923
leaf_count=3804 17656 576 146 247 139 40347 4456 769 43907 196 262 127 4987 4411 126 2081 284 154 15359 10956 138 82 169 376 222 5288 10710 137 104564 1372 170 7889 1874 220 431 241 1087 34546 256 9721 38875 26650 1485 115 295 63 663 2429 489 130 204 828 41 269 40037 31883 17222 1770 10377 24384 230 4320 1475
internal_value=-0.000145721 -0.00430019 -0.00176417 -0.00206851 -0.0131889 -0.00230965 -0.00525421 -0.00780753 -0.0154785 0.0347461 0.129187 0.00748441 0.00362962 -0.00343037 -0.000852796 0.0285001 0.066976 0.0326161 0.00117729 -0.00229691 0.00539426 0.0921227 0.00260478 0.0123205 0.0294751 -0.0211243 -0.0136653 0.1116 -0.0173469 0.0216998 0.0901521 0.00150043 0.0321694 0.0258083 0.0173237 0.0643988 0.00170855 0.00192476 0.00128221 0.0063267 0.000584004 0.00118144 0.0151692 -0.00632809 0.0427781 0.0263254 0.0850755 0.0212161 0.00077941 0.0359904 0.102901 0.0150519 0.0819604 0.055838 0.000626239 -0.00157326 -0.000751413 0.00268793 0.00639636 0.00763978 0.015162 0.0334061 0.0676252
internal_weight=4315.49 1042.35 810.973 805.773 231.378 802.365 482.083 374.459 136.043 5.02902 1.12651 3.90251 107.624 238.416 207.306 12.0106 5.74819 4.19707 3273.14 63.9252 46.7164 1.45574 45.2606 32.1125 19.343 13.1482 12.7694 0.63516 167.452 18.2126 1.22766 3167.75 15.1524 14.2186 13.0263 3.47185 3121.96 3073.27 2731.78 332.132 2399.65 2206.09 61.6346 21.0576 4.53368 40.5771 3.24646 37.3306 2144.46 9.28815 2.21379 7.07436 3.33133 3.54008 2135.17 1033.06 982.241 1102.11 421.141 402.517 152.899 47.594 14.9141
internal_count=534717 257821 120326 120180 137495 119933 79586 70143 45431 1524 458 1066 9443 24712 20301 2645 564 438 276896 32792 21836 658 21178 15752 4529 5426 11223 513 104703 4360 297 261537 2988 2766 2546 672 257733 256646 248757 44267 204490 165615 5347 1895 410 3452 726 2726 160268 1920 334 1586 297 758 158348 89142 57259 69206 42556 40786 16402 6025 1705
is_linear=0
shrinkage=0.03


Tree=122
num_leaves=64
num_cat=0
split_feature=14 62 205 10 90 46 57 172 63 46 224 210 61 262 147 101 173 245 8 50 159 208 147 45 192 104 231 90 154 68 79 4 65 217 37 224 170 139 83 90 82 53 2 265 25 53 151 170 43 51 10 90 122 266 38 2 101 198 50 215 159 57 147
split_gain=25.3836 17.7018 16.1756 12.5761 15.7613 13.2408 17.8303 26.8185 54.685 15.0136 13.2137 15.2261 27.1318 13.9801 16.6229 20.8831 12.7581 12.5957 12.2891 23.2244 20.1098 15.2435 12.9841 12.4112 11.8553 12.3294 17.6892 17.2709 13.4573 13.3717 15.1362 18.5147 13.9543 13.0585 23.4142 12.0293 11.0753 10.6536 22.8392 10.9316 10.4747 10.4161 10.2882 9.93297 24.0387 9.85962 12.0233 14.6213 12.6239 12.7116 12.3537 13.2077 23.2216 14.4827 13.2595 11.6384 24.2145 21.8006 30.0854 13.1178 12.6343 11.1479 9.8855
threshold=95357.135522786921 -466.03270926737491 14267.063432324219 7.5000000000000009 1.0000000180025095e-35 -1673.4999999999998 62.500000000000007 -294.93066191128918 1278.5647798820221 -2159.4999999999995 -14.499999999999998 1625.6979844032639 724.7387890638621 43288.450710887635 2.5000000000000004 9443.8135870933165 -8119.3804669455012 -11.499999999999998 32.294540174430004 602.50000000000011 74270.874166683774 84474.148593946957 -1.9999999999999998 232542.360636322 1.0000000180025095e-35 4690.5000000000009 -55320.289641709467 -364.49999999999994 -1915.4999999999998 164843.40843950617 9978.4341550000336 261.50000000000006 1.0000000180025095e-35 5.5000000000000009 1.0000000180025095e-35 10.500000000000002 -7174.353747156506 1.0000000180025095e-35 42938.525391267664 -941.49999999999989 1.0000000180025095e-35 102.06806980332601 1.5000000000000002 1.0000000180025095e-35 1.0000000180025095e-35 32333.945721628075 26004.097868101129 -564.14467299285081 298.4042459193526 11192.581003795598 9.5000000000000018 -562.49999999999989 96916.050179556943 1790.5608801277249 1037211.9627941843 1.0000000180025095e-35 934.95906635455015 1.0000000180025095e-35 2389.5000000000005 -1.0000000180025095e-35 461.12412212258158 27.500000000000004 4.5000000000000009
decision_type=2 8 10 2 10 8 10 8 8 10 10 10 10 10 8 10 10 8 10 8 10 10 8 8 10 10 8 10 8 10 10 2 10 10 8 10 8 8 8 10 8 10 2 10 8 10 10 10 10 8 2 10 10 10 8 2 10 8 10 8 10 10 8
left_child=2 -2 24 10 5 6 17 8 -8 -9 11 18 -13 41 15 -15 -10 -5 21 -20 -21 22 -3 -23 25 42 -27 29 -29 32 -31 -32 33 40 -35 -26 -4 38 39 -24 -28 43 45 -12 -45 46 48 -48 50 55 62 -52 53 54 -53 56 57 -50 -59 -58 -61 -47 -1
right_child=1 3 36 4 -6 -7 7 9 16 -11 13 12 -14 14 -16 -17 -18 -19 19 20 -22 23 37 -25 35 26 27 28 -30 30 31 -33 -34 34 -36 -37 -38 -39 -40 -41 -42 -43 -44 44 -46 61 47 -49 49 -51 51 52 -54 -55 -56 -57 59 58 -60 60 -62 -63 -64
leaf_value=0.0037005768004002332 -0.01675379043592419 0.12287169616345535 0.028573614031854471 0.19890930096226619 0.16325683807916411 -0.019805059232294669 0.38158492112766801 0.13001580785301198 -0.030215810697753046 -0.01586501171838145 0.0003487339765399915 0.0016292917758871403 0.26140130558281333 0.014017792161337203 -0.030130020424091384 0.27317028337822885 0.13880183146287259 -0.010708888527891199 0.18070298809427382 0.011229510602046746 0.18156829893948473 0.19917791898212608 -0.03068240339758891 0.009829678977674285 -0.0061841932855018836 -0.01562696906770698 0.036281412042734697 0.057119811218606945 -0.017394132024156156 0.02701900566380231 0.052347550683630013 0.25893646910795259 -0.028317786298706824 0.17716527985508274 -0.013694433175289317 0.0077996520965118738 -0.020078504583502074 -0.0062270707617668947 0.18328303722988248 0.069741973345992206 0.008594119632276213 -0.016547902006168486 -0.013294593508893469 0.22767988352729893 -0.030214526049628258 0.027731727496840657 0.034144527799165041 -0.014195761109742971 0.016464906232553266 -0.016170096205091189 -0.020403570170615653 -0.016032354028046689 0.18464150596646589 0.13451547867537181 0.1240899259921264 -0.0090009580528505363 -0.024706020481770022 0.025186841546667751 0.21178157691678015 0.035141604813829233 -0.0016484074404980867 0.0049826513376518998 -0.00020127312970421178
leaf_weight=917.51247849798528 124.15167457296047 0.78208837372949347 4.6115405716118403 0.26076506800018251 0.46201081149047141 68.304137120780069 0.58253640949260443 0.74894116481300432 0.92643529275665082 4.1711622993461779 74.657468832680024 0.8774748631985847 0.61580256390152499 0.53002846147864946 0.7699600196792743 0.59289745934074745 0.70997054042527452 24.269917007593911 0.99247935693710765 6.9740802377928057 0.68504012015182514 0.64855516096576926 2.3309710287721828 0.59958656824892398 349.68508148938417 30.657149917446077 12.802342774928546 2.3420220924308524 31.797508977295365 6.0266791650792575 1.0520343132084233 0.62083940993761633 8.693848703755064 1.1505829461384554 1.1634385985671545 65.778544880391564 48.492734734027181 35.577278083539568 0.84124355163658027 1.6776896783849213 311.98828715027776 44.025712411850691 46.316432417370379 0.58132691285572824 0.73856102162972104 22.295902278856374 19.612686878943354 7.899436015111859 4.4480224591679862 79.710662131605204 43.909396957489662 8.0473212556680593 0.69747795735020268 0.72042333532590497 0.65744953806279305 72.716725930338725 12.827758649073074 1.5306971497484485 1.5808208570233544 12.469261093123349 25.749551042972598 148.59286456904374 1609.5443293991848
leaf_count=56317 84319 206 293 69 95 34207 105 202 250 1169 8724 387 178 119 407 217 208 11999 178 1686 80 124 423 180 92952 3236 242 251 2984 821 291 177 1033 179 244 16174 10287 11427 231 214 31318 17686 1356 156 254 916 537 383 178 17482 9960 1947 217 134 19 12437 1285 172 106 1232 4572 4858 84627
internal_value=-0.000144076 -0.00735149 0.000590874 -0.0031057 -0.011563 -0.0123709 0.00366289 0.0453895 0.131972 0.00634106 0.00176206 0.014329 0.108755 -0.00366102 0.0772328 0.150849 0.0431141 -0.00848061 0.0115701 0.0441584 0.0264648 0.00492958 0.00180119 0.108218 0.000817075 0.00139439 0.00628895 0.00806811 -0.0122824 0.0100907 0.04918 0.129017 0.00919442 0.0101914 0.0812053 -0.00397019 -0.0158536 -0.000540996 0.0411701 0.0113468 0.00968548 -0.00493701 0.000736333 0.00179102 0.0833716 0.00095364 0.00052957 0.0202648 0.000335109 -0.00671955 0.000911908 -0.013282 0.0176097 0.00524906 -0.00544927 -0.00098323 0.00896493 0.0590748 0.119987 0.0015441 0.0103547 0.00795073 0.00121539
internal_weight=4312.79 399.086 3913.7 274.934 100.436 99.9739 31.6697 7.13905 2.21894 4.9201 174.498 52.6023 1.49328 121.896 1.89289 1.12293 1.63641 24.5307 51.109 8.6516 7.65912 42.4574 41.2093 1.24814 3860.6 3445.13 408.295 377.638 34.1395 343.498 7.69955 1.67287 335.799 327.105 2.31402 415.464 53.1043 40.4272 4.8499 4.00866 324.791 120.003 3036.84 75.9774 1.31989 2990.52 2819.63 27.5121 2792.12 211.033 2581.09 54.0321 10.1227 9.42519 8.70477 131.323 58.6061 7.55954 3.11152 51.0466 38.2188 170.889 2527.06
internal_count=534717 175500 359217 91181 48304 48209 14002 1934 563 1371 42877 15314 565 27563 743 336 458 12068 14749 1944 1766 12805 12501 304 348637 239511 40776 37540 3235 34305 1289 468 33016 31983 423 109126 10580 12295 868 637 31560 26820 198735 9134 410 197379 191605 920 190685 37464 153221 12277 2317 2100 1966 19982 7545 456 278 7089 5804 5774 140944
is_linear=0
shrinkage=0.03


Tree=123
num_leaves=64
num_cat=0
split_feature=10 14 192 162 122 8 91 39 52 32 16 188 14 216 79 262 101 185 91 103 36 17 50 265 93 156 102 266 235 116 148 40 235 141 24 135 93 257 173 211 185 49 141 60 39 232 135 14 14 41 115 73 250 48 192 122 195 188 32 40 174 7 63
split_gain=24.9405 26.9684 15.2633 12.802 16.795 13.4113 13.2223 12.325 12.9143 23.6641 30.1928 13.0554 12.0104 12.1219 11.3973 12.4487 17.2154 22.8535 11.7973 19.658 14.9065 11.3697 10.6155 10.5285 14.1764 10.4608 16.8592 15.2198 12.2205 12.0711 12.1887 10.2253 10.1832 10.0959 9.76986 9.76884 9.71718 11.1227 20.1532 9.31106 14.5586 9.24174 9.22302 16.906 25.6642 14.0871 13.0702 15.6273 13.9151 10.4817 43.7746 12.9587 9.0682 10.3335 9.19409 19.6113 10.9426 9.78575 9.0373 9.41075 8.93943 12.5155 11.0945
threshold=6.5000000000000009 95357.135522786921 1.0000000180025095e-35 9.5000000000000018 115057.92532693452 -362.81822763772192 -1.0000000180025095e-35 1.5000000000000002 24.500000000000004 5.5000000000000009 32.500000000000007 -46231.95915724618 26855.516863086985 1.0000000180025095e-35 1466.4907554733743 1032.6854297528744 2344.6120494159145 -357.65106537025434 62389.299816425846 1.5000000000000002 -881.49999999999989 3733.2785145112093 1727.5000000000002 -1.4999999999999998 8.5000000000000018 94460.960419336814 54242.552576606402 36.288754753273516 -380.38237111153234 785.58061329281725 1021.5000000000001 113.50000000000001 -1251.3764986024255 13.500000000000002 56804.264823227721 2969.9191174508951 1.5000000000000002 -3831.1959003471052 1.0000000180025095e-35 320.76347004270957 1293.1260422630705 11.500000000000002 67.500000000000014 6115.9932696913411 11.500000000000002 29.500000000000004 2441.0743492658657 -12982.421778104437 79863.926260527252 37855.167485110935 1081.5928470933998 35.500000000000007 -2882.7715122813602 460634.93621273868 3.5000000000000004 -11589.514618090221 -1.0000000180025095e-35 7393.4182379914755 15.500000000000002 1326.5000000000002 -90.136057472318825 111.28387583666002 429.18160172918806
decision_type=2 2 10 10 10 10 8 8 10 10 2 8 2 8 10 10 10 10 10 10 10 2 8 8 10 8 10 8 8 10 10 8 8 8 2 10 10 10 8 8 10 10 10 10 10 8 10 2 2 10 8 8 10 10 10 10 8 10 10 10 8 8 10
left_child=7 2 3 4 31 -5 -6 8 11 -10 -11 12 13 22 -4 18 17 -17 33 20 -20 35 -1 24 32 26 27 -13 -27 34 -31 -2 -7 -16 52 -3 37 39 -39 -25 -41 -9 43 44 45 -18 47 -45 -49 -44 -51 -52 53 54 56 -56 57 60 -47 -60 -30 -62 -63
right_child=1 21 14 5 6 23 -8 41 9 10 -12 25 -14 -15 15 16 42 -19 19 -21 -22 -23 -24 36 -26 28 -28 -29 29 30 -32 -33 -34 -35 -36 -37 -38 38 -40 40 -42 -43 49 46 -46 58 -48 48 -50 50 51 -53 -54 -55 55 -57 -58 -59 59 -61 61 62 -64
leaf_value=0.035362283846911938 -0.014370596465083235 -0.0045001909949354598 -0.013509434753903322 -0.01645983848136363 0.087171794287879259 -0.020760093320914795 0.015282032161519207 0.0018223701158835439 -0.032975534061199949 0.30489503947572588 0.052946947164371906 0.006973939871112834 0.00078496843606097491 0.0065768006985213569 0.070830301559894393 0.16593863041304435 0.083236172630622413 -0.0082400954864297986 0.22802390694129679 -0.0053038237049935454 0.019573387876979532 -0.015813091823700293 0.11881008388862925 -0.0032910763353561703 -0.026529269225235508 -0.016358673530854812 -0.01248050266428564 0.093049304733250321 -0.0048967883956015134 0.078743192431441345 0.013336067127802298 0.0013347126733526424 0.023494470158546336 -0.018349914750595407 -0.017726781801101602 0.06413199531608095 -0.0082522031379652378 -0.018894777624067362 0.059144736763217437 0.010319655822339993 0.14423853190216196 -0.0061381514356888007 -0.0089933069253460007 0.067276731356484404 0.15647153322408133 -0.023587834785059214 0.11862769907574229 -0.017652174877912378 0.13745825141749052 0.33491744877301965 -0.012490035297034635 0.15235801132030355 -0.0068002335831808232 0.047851641641122517 0.16692785919925626 0.02072790023969465 0.0054735149438829055 -0.019825978673949196 -0.030452892212723553 0.079383872238879993 0.066998593926046596 0.012351692542662289 0.06263373835545924
leaf_weight=2.3851535956491698 38.591815585386939 100.63663495186483 142.68811251281295 71.641487751039676 2.424901555175893 5.3830651142634451 45.648133195471019 1692.6107776429853 1.2968305046088056 0.62266081193229172 1.3698523886268956 6.2626113968435657 5.4324869889533138 2.7596837317105383 1.1682095872238267 1.3718499501701447 2.870146031666081 1.3403561355080444 0.69470991240814328 3.1349075132166035 0.55575082357972749 174.5947345472523 3.2299319401499815 64.04805712873349 7.7443460248177862 16.599036068830173 49.698930049664341 2.6232280019903556 6.102001124585513 4.544162985053843 5.8849427636014298 1123.4029197061318 35.809615490725264 51.892298529099207 11.820748127764089 1.9017799458233628 183.53176523651928 4.7551243561319989 7.969984064809978 2.8213401563116345 0.98590486135799427 142.2879534974345 47.316076642367989 2.4307423190330182 1.5842795860371541 4.2574526354437685 0.80507703020702948 18.957423423125881 0.53522627573693071 0.40985664416802958 3.3372227139770989 0.49251519184326742 24.386405947792809 7.2262560813105656 1.0443801751825956 3.944843486417084 122.0384951850865 4.2402096539735785 1.0461957911611537 2.1342671598540619 8.0531709920614958 17.795396410336256 5.0757883234182364
leaf_count=179 4768 20064 38713 19694 310 834 8291 88300 462 107 306 359 1214 302 39 220 262 213 183 811 105 126134 175 4354 1048 1661 3314 177 348 97 206 117468 3728 18255 5681 251 13663 410 383 308 203 10568 23609 208 179 674 125 4566 216 122 1221 158 1380 244 89 600 5173 481 159 239 205 456 445
internal_value=-0.000142687 -0.0024186 -0.00113314 1.64637e-05 0.00153199 -0.00475072 0.0189083 0.00214549 0.00763332 0.0667647 0.131681 0.00700821 0.0355253 0.0580604 -0.0074764 -0.00159369 0.00544052 0.0798605 -0.0124781 0.0348115 0.135381 -0.0111564 0.0833635 -0.00207108 0.0107102 0.00568399 -0.00567559 0.0323846 0.00847135 0.0103266 0.0418352 0.000813113 0.0177113 -0.0163865 0.00877457 -0.00322727 -0.0044393 0.00424507 0.0299829 -0.000581625 0.0449986 0.00120507 0.00309832 0.0150749 0.0440567 0.0267793 -8.9388e-05 -0.00444895 -0.0133932 -0.00494423 0.0402455 0.00870989 0.0103416 0.0127233 0.0112149 0.0513315 0.0099893 0.0233439 0.00499369 0.0432537 0.0282877 0.0348356 0.0235108
internal_weight=4310.25 2160.91 1883.78 1594.76 1210.07 384.691 48.073 2149.34 314.437 3.28934 1.99251 311.148 13.8073 8.37477 289.023 146.335 88.8887 2.71221 57.4459 4.38537 1.25046 277.133 5.61509 313.049 48.937 297.341 58.5848 8.88584 238.756 222.157 10.4291 1161.99 41.1927 53.0605 211.728 102.538 264.112 80.5804 12.7251 67.8553 3.80725 1834.9 86.1765 34.6208 11.8923 10.3081 22.7285 21.9234 19.4926 51.5557 4.23959 3.82974 199.907 175.521 168.294 4.98922 163.305 41.2666 7.43792 3.18046 37.0264 30.9244 22.8712
internal_count=534717 412188 265739 175462 130837 44625 8601 122529 23661 875 413 22786 1870 656 90277 51564 32171 433 19393 1099 288 146449 354 24931 5610 20916 3850 536 17066 15405 303 122236 4562 18294 15102 20315 19321 5658 793 4865 511 98868 31738 6628 1513 1334 5115 4990 4782 25110 1501 1379 9421 8041 7797 689 7108 1935 1072 398 1454 1106 901
is_linear=0
shrinkage=0.03


Tree=124
num_leaves=64
num_cat=0
split_feature=23 53 3 46 9 114 68 133 144 17 28 83 78 112 1 46 161 67 6 40 263 271 30 109 226 1 162 71 183 152 130 89 204 3 53 185 52 26 133 103 137 4 147 28 9 111 46 59 215 243 115 100 149 53 103 17 52 171 136 129 122 82 114
split_gain=23.3606 17.8637 23.1617 18.7455 47.329 15.9869 20.3896 51.3187 16.6091 15.1321 14.2124 14.8099 13.5558 18.7907 13.2603 13.0693 28.6089 14.0134 12.7858 11.8166 11.6659 11.5426 12.1316 15.0646 11.0048 14.4359 24.3166 16.0208 12.125 12.349 11.1871 15.32 13.2558 11.7549 11.4172 10.9098 24.6496 24.272 23.8001 12.7618 14.3638 14.1365 27.2128 16.3284 15.2532 18.9996 11.0946 10.7818 10.7552 10.4972 18.0276 25.0057 24.2418 13.8841 11.5299 13.6492 20.5444 21.2116 10.2078 15.2524 9.96577 13.246 14.7621
threshold=1.0000000180025095e-35 19036.834368759621 63.500000000000007 -242.49999999999997 401.27894944712506 25076.258801046617 257189.19833161143 1832.7337924687929 -1855.4999999999998 965.52671810684058 13.500000000000002 253231.52180654198 83864.525504872159 149.50000000000003 202051.50000000003 -1794.4999999999998 1019.1730608842341 1.0000000180025095e-35 53008.399771483942 113.50000000000001 -46922.362513290303 3357.2990441036377 14.500000000000002 1386.9906515865575 -4.4999999999999991 202101.50000000003 11.500000000000002 3858.5974962694404 487.61628530130605 8.0000000000000018 57681.993140000006 50550.755637485527 -5517.5000786696173 55.500000000000007 102.06806980332601 -2161.8644196580785 3.5000000000000004 1.0000000180025095e-35 207.63572956433603 9.5000000000000018 20840.997472174251 144.50000000000003 4.5000000000000009 2.5000000000000004 842.2619295791776 56.500000000000007 -1612.4999999999998 3232.4057679016737 1729.8619403991881 1029.3319225402918 1597.5595699501803 -1002.4999999999999 2243.6032119629226 222.61607191537354 1.5000000000000002 51979.676029254602 9.5000000000000018 1176.7347075049247 4.5000000000000009 1.0000000180025095e-35 1446.4112360797683 4.5000000000000009 11960.651828539934
decision_type=2 8 2 10 8 8 10 8 8 2 10 10 10 8 2 10 8 10 8 8 8 10 2 8 10 2 10 10 10 10 10 8 10 2 8 8 10 2 10 10 10 2 8 8 8 10 8 8 8 10 10 10 8 8 8 2 10 10 8 8 10 10 8
left_child=10 2 9 5 -5 6 15 -8 -7 20 11 12 19 58 -3 16 -4 -17 47 -1 -2 22 -11 -24 28 26 27 35 29 -21 31 -27 33 34 -33 36 39 38 -38 40 41 -26 44 -44 -43 -46 -39 -15 -19 54 51 53 -53 -51 55 -34 57 -57 -14 -60 61 -37 -63
right_child=1 14 3 4 -6 8 7 -9 -10 21 -12 -13 13 18 -16 17 -18 48 -20 24 -22 -23 23 -25 25 30 -28 -29 -30 -31 -32 32 49 -35 -36 60 37 46 -40 -41 -42 42 43 -45 45 -47 -48 -49 -50 50 -52 52 -54 -55 -56 56 -58 -59 59 -61 -62 62 -64
leaf_value=-0.010320283961401356 0.10934253903156486 0.0070731335107112247 0.025253967176363454 0.45542017863497197 0.011190180775010236 0.24331096271945651 0.5083327654149451 -0.030231660725445308 -0.020805567418611413 -0.017801615804218671 -0.0084381831904886805 -0.01640895861223661 -0.025594057710801341 0.045547009682085061 -0.016141373846487245 0.13747688277249515 0.23791004166048274 -0.011898572456599645 -8.3186386631758062e-05 0.0047430113762904963 -0.0027649431178007901 0.01225933896397668 0.15312493033652722 0.0033068210223967773 0.0067208446525422834 -0.010174817852957867 -0.016237504594115212 -0.0061738912333690922 -0.0041420660139743545 0.039312587336987274 -0.011911197977054066 0.049766898286637024 -0.0032480631148683568 0.064775080029294801 -0.0079953065179738433 -0.00037323234183126775 0.051840069928709633 0.098100375735576256 0.25162049210201032 -0.017766321951160773 -0.016624902791591945 0.036925784024049967 0.043362070635619275 -0.008392331300391442 0.042816386138002961 0.16572270331561187 -0.030550396540992269 0.11713712733787371 0.12111707151390561 0.088914884958896059 -0.017892565512612008 0.20124989035131718 0.031328753427255551 -0.0061647863469508624 0.0067120327990970799 0.02202431502871631 -0.0043660873394951536 0.20643314859580389 0.032775881444359257 -0.028799680304794031 -0.0066406260352994241 0.029359755561715863 0.0049957823571092786
leaf_weight=80.104722525225952 0.84222432668320835 119.72868754307274 2.1077427969430569 0.30879050539806374 0.71716469217790291 0.21919609961332753 0.27807359647704366 0.37260718434117734 9.568773169594353 232.26131792942761 147.84963794384385 43.207013067207299 7.0873323185369399 5.3627830756595349 27.170459590153769 0.70364448055624684 0.78008639439940441 7.4539546448504579 3.1619095943169659 932.03040171170142 103.03554627246922 12.793165220005902 0.80621967988554299 2.408807528787293 76.494498794083484 61.252385319210589 94.575912000844255 347.76311151502887 148.26370257086819 9.3937874954426643 40.688125953776762 4.9899214711040267 190.00528415804729 6.0291640963405362 8.0452405313262716 667.17618643818423 1.0847782846540206 0.93248748173937201 1.0621786708943544 17.081005538580939 16.046237858594395 5.2010314541403186 9.1591122448444384 13.682550416211596 2.0132805750472471 2.5859258625423536 1.7089240609202536 2.92655205563642 0.59041896817506945 1.9367093787295742 4.7677289813291273 1.6731678578071276 1.3779423746746036 4.8281114177079871 487.51660664123483 1.1197859232779586 3.1400661825900897 1.125721810152754 13.842707957257518 4.9027265509357667 166.40531233604997 27.605218208627775 118.2857723494526
leaf_count=5660 97 14910 461 57 374 93 96 208 5879 199871 40334 8937 268 251 6527 53 233 2591 257 54193 29212 6513 179 1143 3176 2652 7664 68766 10042 95 3676 62 7564 218 391 12730 141 135 133 972 972 194 214 667 142 194 271 121 69 78 1124 127 172 602 17558 160 694 102 644 229 8802 575 4192
internal_value=-0.000140804 -0.00608931 -0.00956116 0.0195393 0.144894 0.0137132 0.0365003 0.199928 -0.0148908 -0.0114701 0.000679696 0.00105029 0.00126016 0.0192554 0.00277938 0.0273614 0.0826985 0.00909386 0.0512437 0.00107154 -0.00185599 -0.0154927 -0.0170005 0.0408761 0.00133399 0.000193739 -0.00149126 -0.000545289 0.00383211 0.00508796 0.00342349 0.00422567 0.00545665 0.0301374 0.0141163 0.00119229 0.00881167 0.0757607 0.150679 0.00655827 0.00987733 0.0137739 0.0303025 0.0123603 0.0721207 0.111921 0.0148667 0.0708219 -0.00213585 0.00478206 0.0299668 0.0532127 0.12451 0.0210557 0.00424423 -0.00191314 0.0451835 0.114472 0.00507559 0.0166713 4.83579e-05 0.00141735 0.00960589
internal_weight=4307.64 522.147 375.248 23.1005 1.02596 22.0745 12.2865 0.650681 9.78797 352.147 3785.49 3637.64 3594.44 37.284 146.899 11.6358 2.88783 8.74802 11.4512 3557.15 103.878 248.27 235.476 3.21503 3477.05 2387.36 1568.86 1474.29 1089.69 941.424 818.496 777.808 716.555 19.0643 13.0352 1126.52 147.052 4.78837 2.14696 142.264 125.183 109.136 32.6419 22.8417 9.80024 4.59921 2.64141 8.28934 8.04437 697.491 14.5837 9.81593 3.05111 6.76482 682.907 195.391 5.38557 2.24551 25.8328 18.7454 979.472 813.067 145.891
internal_count=534717 268566 247129 10114 431 9683 3711 304 5972 237015 266151 225817 216880 1770 21437 3407 694 2713 629 215110 29309 207706 201193 1322 209450 145120 109940 102276 64330 54288 35180 31504 28852 671 453 33510 7211 680 274 6531 5559 4587 1411 881 530 336 406 372 2660 28181 2103 979 299 680 26078 8520 956 262 1141 873 26299 17497 4767
is_linear=0
shrinkage=0.03


Tree=125
num_leaves=64
num_cat=0
split_feature=10 14 142 162 29 254 246 62 247 22 224 266 135 60 105 208 239 99 105 214 90 65 14 105 189 91 104 55 189 161 174 87 55 84 155 49 161 200 143 40 8 55 33 135 178 193 215 199 82 28 236 28 91 187 144 86 214 256 227 87 162 137 199
split_gain=23.0688 25.2475 15.9153 13.0023 16.575 13.8352 18.0669 12.882 12.495 17.5161 15.9329 15.7377 14.0516 24.3291 20.5129 13.7319 12.2314 12.219 13.5274 13.1719 12.692 15.3157 16.1814 42.9658 11.6237 13.6608 12.9464 17.666 16.3214 24.2433 16.7529 11.794 11.487 12.905 16.9724 24.5705 12.7993 11.426 22.9864 17.7211 11.2639 11.1927 11.9846 12.104 11.1256 10.7695 24.2018 13.8147 26.5476 10.7338 45.4494 10.725 10.7223 12.0546 10.9711 10.0497 9.94287 9.90304 11.425 15.2963 14.4608 11.193 9.82537
threshold=6.5000000000000009 95357.135522786921 1.0000000180025095e-35 9.5000000000000018 23018.444313538868 46908.641506224121 -162.05114246593436 -187.42267375524898 3667.6048320561454 34526.221657036804 7.5000000000000009 2575.2579420935149 2316.7909352968263 22793.493917565229 23747.323928898517 -152956.62996232414 59.500000000000007 378761.9891999595 9962.9600164602361 -1.0000000180025095e-35 -1384.4999999999998 -6546.9488854231158 3259.2540768480844 23747.323928898517 -82077.19114771641 -1.0000000180025095e-35 4904.5000000000009 5351.1340688946975 -132328.62943404671 2851.4602059091926 -943.10868987982087 84.500000000000014 409.25375248207388 7.5000000000000009 9371.6044970724088 3.5000000000000004 31732.430164217832 8253.256103253947 71539.848603338221 4368.5000000000009 1965.6792293941983 8512.8502723100701 37.500000000000007 1365.3173127957402 -375.20165258311005 -9.4999999999999982 -2231.210816800367 2.5000000000000004 17.500000000000004 22.500000000000004 -31057.341281425612 10.500000000000002 3093.6572551428117 -1.0000000180025095e-35 1.0000000180025095e-35 5.5000000000000009 2139.934299126277 -4737.0399606431884 -15.499999999999998 84.500000000000014 2.5000000000000004 20840.997472174251 1.0000000180025095e-35
decision_type=2 2 10 10 2 10 10 8 10 2 10 8 10 10 8 10 10 10 10 10 10 10 2 10 8 8 8 2 10 10 10 10 2 10 10 10 10 8 8 10 8 2 2 10 8 8 10 8 10 10 10 8 8 8 10 10 10 8 10 10 10 8 10
left_child=-1 2 3 8 5 62 -7 45 9 10 24 16 15 -14 -15 -12 41 18 -10 -20 -21 -22 51 -24 25 31 27 -27 -28 30 -30 -2 49 36 35 -35 56 57 -39 -40 -38 42 43 44 -11 46 -3 -48 -49 -26 -51 -23 53 -9 -55 -8 -34 58 60 -60 -17 -62 -5
right_child=1 7 -4 4 -6 6 55 52 17 11 12 -13 13 14 -16 37 -18 -19 19 20 21 22 23 -25 32 26 28 -29 29 -31 -32 -33 33 34 -36 -37 40 38 39 -41 -42 -43 -44 -45 -46 -47 47 48 -50 50 -52 -53 -54 54 -56 -57 -58 -59 59 -61 61 -63 -64
leaf_value=0.0020571184348931811 0.026402350790946584 0.28690959344154754 0.034181685874647712 -0.0023403024910257008 -0.016752339724354467 0.13279454458625636 0.061051779174845548 0.15217313079957517 0.0074699810859954344 0.061249195138727418 0.12204199054188032 0.0013523062314463837 -0.0079810792071054511 0.17926200482015364 0.0034529899043291173 0.022567073145245437 0.12820390496978737 -0.00459062545919375 -0.0061048538339354462 0.00015383553633224764 0.030636582210784885 0.10924385909580382 0.36147253813346042 0.052868057727667568 6.7226702057630844e-05 -0.0021771763226899324 0.012046280182613183 0.095049577111651282 0.2364244001657495 -0.032378510916107675 0.07988847277339392 0.15408575105338559 -0.018107953181243655 0.020990264285382938 -0.030108241635106964 0.32307620889116984 0.0027839748804994974 0.21294939202523697 -0.030261364916649901 0.19316105875262016 0.1762111483671171 0.11340135052218583 -0.020132181469048167 0.010009955924081979 -0.019822185733407972 -0.020720160957152671 -0.010391254029569244 0.0072358675622689666 0.32858707643592538 0.2622821133019419 -0.030328230914397399 0.018715340182550798 -0.017072450610281561 -0.001200391142369647 0.1339990886437471 -0.015895278186520402 0.14368817137870485 -0.0066408704966813524 0.015899003349101676 -0.026997584206671737 0.055641990549397669 0.18366907440610997 -0.022731059816073408
leaf_weight=2151.7058397586225 1.5485378832090648 0.28336995118297537 11.438506520935332 338.2374929600046 96.187437880085781 1.4382865900988688 2.5550951689947388 0.46745744894724339 24.8675907922443 1.5986999954329801 0.97480825119418923 117.97406126471469 2.4428266751929177 1.8453966715605927 0.883135732088704 8.520457396109121 0.55101890931837161 23.88934827351477 4.1729077933123362 3.1026212448487067 5.3388862580177374 2.8122697934741119 0.68834183551371075 0.99001308757578954 829.21960308146663 36.114441734738648 6.4568065918283537 1.7640925960731682 1.0023536221124234 1.0184717631200326 1.5936131608905255 1.1234214680152943 61.293109407590237 0.56715193204581626 0.89667303487658501 0.42309912986820564 0.81014384573791065 0.73426987836137358 1.5440422943211158 0.40287106094183389 0.57718195312190801 0.62450454902136598 104.18068437970942 30.581726045929827 32.372813105816022 111.24467676971108 7.1102102944860226 0.76974673848599084 0.33080356009304523 0.71651870140340213 1.4335802133427922 2.0265078249503858 46.760345973598305 105.37948968494311 0.54296737594995548 3.7987789532053284 0.34375341498525713 31.238389128120616 40.519527875003405 9.1755257080076245 1.6633670772425824 0.9747478252975269 22.694927459117025
leaf_count=122529 111 96 346 33401 31993 169 136 13 1248 186 153 14089 259 188 206 1291 80 2184 556 333 240 130 159 195 60208 6045 1345 358 160 306 284 192 40110 208 636 124 210 107 494 147 120 232 43223 2275 2693 81679 3939 445 123 143 382 189 23792 36266 96 445 61 4812 2342 3883 169 214 5969
internal_value=-0.000139651 -0.00233527 -0.00109748 -0.00131345 -0.00566175 -0.0027686 0.0367815 -0.0108624 0.000126833 -0.000511299 0.00128944 -0.00706551 0.012621 0.0607892 0.122358 0.0100195 -0.0129103 0.0126821 0.0220603 0.0410251 0.0541727 0.0683089 0.0991704 0.179436 8.17333e-05 0.0140677 0.0103889 0.0023509 0.0406202 0.0916645 0.14033 0.0800867 -0.000708193 -0.0128628 0.0644439 0.150061 -0.0151773 0.00886723 0.0699156 0.015971 0.0749365 -0.0133694 -0.0138386 -0.0036816 -0.016007 -0.018234 0.0143258 0.00491837 0.103828 0.000240805 0.0671839 0.07133 -0.00509904 0.000163502 -0.000507347 0.0150476 -0.0172056 0.00708985 0.0141383 0.00797872 0.0415704 0.102946 -0.00362244
internal_weight=4304.54 2152.83 1879.94 1868.51 464.912 368.725 7.79216 272.889 1403.59 1335.71 1047.82 287.884 100.919 5.17136 2.72853 95.748 169.909 67.8885 43.9991 19.1315 14.9586 11.856 6.51713 1.67835 946.903 50.6217 47.9498 37.8785 10.0712 3.61444 2.59597 2.67196 896.281 64.9111 1.88692 0.990251 63.0242 94.7732 2.68118 1.94691 1.38733 169.358 168.734 64.5532 33.9715 119.739 8.49413 8.21076 1.10055 831.37 2.1501 4.83878 153.15 106.39 105.922 6.35387 61.6369 92.092 60.8536 49.6951 11.1586 2.63811 360.932
internal_count=534717 412188 265739 265393 72113 40120 750 146449 193280 188046 125268 62778 14265 653 394 13612 48689 5234 3050 1802 1246 913 673 354 111003 8801 8498 6403 2095 750 444 303 102202 41469 968 332 40501 13459 748 641 330 48609 48377 5154 2879 86282 4603 4507 568 60733 525 319 60167 36375 36362 581 40171 12711 7899 6225 1674 383 39370
is_linear=0
shrinkage=0.03


Tree=126
num_leaves=64
num_cat=0
split_feature=16 56 12 87 181 106 117 153 66 216 0 36 263 65 153 263 51 38 25 45 221 145 95 52 26 58 172 125 184 60 217 66 174 113 14 25 0 5 227 60 154 158 227 52 107 235 185 82 45 147 117 179 36 25 51 67 254 236 115 93 209 38 27
split_gain=22.1579 12.44 11.8748 12.3867 13.0255 14.0711 23.9023 12.7144 11.5185 12.8712 13.7345 23.1792 18.3112 13.7686 21.4934 13.5856 25.1496 11.8815 10.7773 14.2754 10.6991 10.4047 11.7877 10.6662 11.1897 12.1361 10.758 10.2304 14.6621 15.7836 18.8771 29.4348 14.2545 12.718 12.2589 24.7074 47.6508 10.1918 10.1843 10.1411 11.3471 13.9581 10.0464 19.9697 10.012 10.5169 18.5114 25.1231 9.89113 9.48282 9.44718 14.7042 35.0779 9.3279 14.6082 14.2794 12.8319 12.6811 15.1434 15.1393 12.2669 10.5628 16.6601
threshold=12.500000000000002 1.5000000000000002 58320.821724166941 1.0000000180025095e-35 -1.0000000180025095e-35 22.500000000000004 1167.2950000000003 114754.22705941903 1.0000000180025095e-35 3.5000000000000004 24041036.000000004 -1414.9999999999998 -56.642893198965503 -2507.4709104092058 262204.12024265592 6485.6270834870065 16244.256203236464 485719.24061201751 8951.8362891718461 214356.88272432963 27.500000000000004 -161.08419374688745 487.53903437554607 8.5000000000000018 1.5000000000000002 150.50000000000003 510.75155158967169 15672.015598113165 -23507.331800272117 19033.55556784802 -1.4999999999999998 4371.3291480284197 -1429.2636269885854 2152.4122272026448 202088.33124547909 5267.6080360975966 29020775.500000004 -2428.7969051673695 -5.4999999999999991 47281.248372669441 -1002.4999999999999 5134.5000000000009 11.500000000000002 4.5000000000000009 19076.586550162865 52042.717331171771 8285.4011107834103 19.500000000000004 467863.89892806282 7.5000000000000009 150.02279000000001 892.12881298449884 -1002.4999999999999 4170.694954548263 14390.364771295941 1.0000000180025095e-35 3861.3854988034295 -7888.5858652199959 1225.0660639305963 2.5000000000000004 12600.070334306636 1208132.2958422538 2067.9299592090429
decision_type=2 10 2 8 8 10 10 8 8 8 2 10 8 10 10 10 10 8 10 10 10 8 8 10 2 10 8 10 8 10 8 8 10 10 2 10 2 8 8 8 10 8 8 8 10 10 10 8 10 10 10 10 10 8 10 8 10 8 10 8 8 10 2
left_child=1 2 21 -4 7 -6 -7 -5 9 10 11 12 -2 -13 -15 -12 -17 20 -18 -20 44 22 39 24 26 -26 38 28 32 30 31 -30 -25 48 -29 36 -36 -28 -23 40 41 -1 49 -44 45 -10 -47 -48 -32 -27 51 -40 -53 -39 56 -56 61 -58 60 -60 -59 -55 -63
right_child=8 -3 3 4 5 6 -8 -9 17 -11 15 13 -14 14 -16 16 18 -19 19 -21 -22 23 -24 27 25 42 37 34 29 -31 33 -33 -34 -35 35 -37 -38 53 50 -41 -42 -43 43 -45 -46 46 47 -49 -50 -51 -52 52 -54 54 55 -57 57 58 59 -61 -62 62 -64
leaf_value=-0.032489501904307834 0.17802362044461978 -0.013630507704278117 0.066248122367970952 0.047824301716830116 -0.010289627403822037 0.29345305197076288 -0.030307712530138777 0.00099775724201130655 -0.0083271755750217846 -0.02165830260062665 -0.0054866637657481057 -0.023039067747124654 0.032281060805629043 -0.030385354098820427 0.14995956875251207 0.13895669444621109 -0.01697412459033253 -0.016024966914531594 0.13162216601246446 -0.0082545421907195445 0.17811265172696733 0.0025574967063506549 -0.017929928514989018 0.23005727719099422 0.0048487891060359049 0.01288511548307821 0.026935568525351002 -0.0017498929278260739 0.22067601100114514 -0.01018439707282206 0.0068614966866718183 -0.00060283863304985783 0.055779687352552405 0.1196875559641723 0.44042637420892805 -0.030100173005947004 0.036225365627279071 0.0015701812073582995 -0.0010979931595532437 -0.036758562156227158 0.087192539117011844 0.086273335004243834 -0.010195542890938989 0.13583370549763343 0.010265883426183751 0.0026685346824312632 0.024366170690175441 0.33523654441112177 0.077959742158461048 0.066864890653282924 -0.0070057600801461352 -0.011380015440885757 0.15891269655282336 0.0065423464315630545 0.09507840931988909 -0.011686651109375206 -0.00070766253773784271 0.0033461570731013034 0.11953112059704098 0.043887978787543497 0.088061577308664943 -0.033810346637877339 0.097304026667725599
leaf_weight=2.6919388485257514 1.7118936942424623 54.718860068358481 2.111629939870908 6.768046485027301 183.59698933229083 0.3690473519382057 0.46232671034522355 22.79494678217452 199.15433593612397 12.239329862350131 28.092870573163964 3.8653305904590525 1.4189770896919074 1.0854613555129602 1.3156261431286109 1.7523470945307034 4.3739046760019846 127.56273793271976 1.2804557334166022 1.3479034851188769 0.28787508222740044 545.24796179146506 45.741898670210503 0.57267832430079613 68.459171536553185 18.133790187595881 15.29901500151027 34.127329728740733 1.1929032919579183 9.5801674530375731 11.607111031014947 0.99007391394116018 1.6094899090239776 1.1953727490617883 0.38247918331762709 1.1667068181559441 0.83674860786413774 1508.834899846639 842.29801893502008 2.1381625173380598 2.6026957372087036 1.3310381128685547 1.4206506527261837 2.0721381304319948 33.647422918351367 2.6761785765993404 0.5510193184018134 0.40662518597673625 2.0760233525070353 3.4932182859629384 299.19316830160096 2.9059655185556039 1.7407699128380034 107.63508209883003 1.1650190710206516 34.956354816618841 8.7565697738900763 9.4756395535659994 3.3625942120561358 8.1597262914292497 1.8364915127749579 1.273971207498106 2.7656935306149535
leaf_count=353 132 1394 47 1105 75486 95 240 4861 108569 1970 3116 580 178 170 133 137 676 72980 112 211 68 36939 3224 133 2744 685 564 7194 132 2520 2263 334 412 250 189 715 285 79290 40944 146 148 36 189 130 7911 841 323 88 294 234 49639 374 239 12429 76 7547 545 689 244 422 250 267 226
internal_value=-0.00013836 0.000572426 0.000775637 -0.0060552 -0.00676867 -0.00973201 0.11341 0.0117181 -0.00666021 0.00569841 0.0129388 0.0453129 0.11197 0.0120093 0.0684309 0.0046823 0.0373137 -0.00864431 0.0118771 0.0598891 -0.00466711 0.00118474 -0.0118233 0.00138424 0.00115932 0.0113931 0.000877227 0.0133935 0.0267544 0.0206308 0.0379339 0.120317 0.101516 0.0258467 0.00284631 0.0685884 0.163026 0.00255998 -0.000817603 0.0200498 0.0383824 0.00680425 0.0292284 0.076438 -0.00488966 -0.00740433 0.0431731 0.156365 0.0176486 0.021604 -0.00242323 -0.000804394 0.0524154 0.00233909 0.0088064 -0.00824317 0.0131051 0.0299858 0.0417562 0.0659631 0.0170995 0.00832978 0.0559551
internal_weight=4301.92 3879.15 3824.43 216.103 213.991 184.428 0.831374 29.563 422.77 58.4841 46.2448 9.39729 3.13087 6.26642 2.40109 36.8475 8.75461 364.286 7.00226 2.62836 236.723 3608.33 54.5057 3553.82 3488.49 93.579 3394.91 65.3371 28.8238 26.6417 17.0615 2.18298 2.18217 14.8785 36.5133 2.38593 1.21923 1703.52 1691.39 8.76384 6.62567 4.02298 25.1198 3.49279 236.436 202.788 3.63382 0.957645 13.6831 21.627 1146.14 846.945 4.64674 1688.22 179.387 36.1214 143.266 31.591 22.8345 11.5223 11.3121 111.675 4.03966
internal_count=534717 336522 335128 81834 81787 75821 335 5966 198195 7415 5445 1193 310 883 303 4252 1136 190780 999 323 117800 253294 3907 249387 234666 3982 230684 14721 6338 5793 3273 466 545 2807 8383 1189 474 102549 128135 683 537 389 1238 319 117732 109821 1252 411 2557 919 91196 41557 613 101985 22695 7623 15072 2150 1605 666 939 12922 493
is_linear=0
shrinkage=0.03


Tree=127
num_leaves=64
num_cat=0
split_feature=10 14 29 22 1 47 11 224 43 2 6 36 158 105 163 87 221 29 47 192 170 6 11 33 8 200 125 231 14 118 105 157 235 96 149 221 40 183 27 224 267 27 230 242 44 175 261 175 155 136 141 133 54 117 133 33 27 2 154 189 8 263 40
split_gain=21.7879 22.4324 15.5233 13.2886 15.7005 16.7828 12.7423 12.4325 10.9217 11.4545 14.1233 16.6595 20.9719 13.8087 12.1467 11.5718 11.1564 14.0244 11.275 14.4374 16.7063 14.9075 10.562 15.5923 13.5657 15.8554 13.1058 10.4813 17.2077 10.4296 11.0617 12.1771 10.4468 10.7136 18.1067 10.3114 10.2916 10.181 11.9117 10.1608 12.1622 14.4612 17.9704 11.7919 11.5017 10.575 10.2317 10.1513 10.4345 10.1013 10.097 9.8324 9.74078 9.72983 23.738 10.9544 12.0859 9.72539 9.71991 31.9583 9.66856 11.9938 14.3852
threshold=7.5000000000000009 113171.11142508792 23018.444313538868 22102.248524378836 202051.50000000003 41121.82729339978 3486.781698214299 -31.499999999999996 298.4042459193526 1.0000000180025095e-35 86924.510073434314 -1034.4999999999998 811.50000000000011 2931.3504355159353 8876.4729887693211 84.500000000000014 1.0000000180025095e-35 1.0000000180025095e-35 36846.514292682979 2.5000000000000004 -428.00826874323838 9710.6312502731944 -148.61922422435899 1.0000000180025095e-35 -269.70367960776696 37092.262834928762 37027.206203699745 -2614.6939076335289 3259.2540768480844 7.5000000000000009 2931.3504355159353 13.500000000000002 6.1784950209925009 5.5000000000000009 4041.8538474963807 -1.4999999999999998 1171.5000000000002 -2925.9446405233398 1727.1354339293548 -40.499999999999993 280.22542606423804 1924.4876351351138 6441.8950524172988 -698.13779868381459 8.0000000000000018 -97.161850779081945 59.500000000000007 59.109023242956148 110049.19634939726 16.500000000000004 13.500000000000002 7207.4019471594393 3.5000000000000004 1034.0482554722041 30285.35622816144 1.0000000180025095e-35 2146.5044659365226 1.0000000180025095e-35 -149.49999999999997 276924.22716159467 -108.68920152106999 -2842.0029895378998 2016.5000000000002
decision_type=2 2 2 2 2 8 2 8 10 2 10 8 8 8 10 8 10 2 8 8 10 10 2 2 10 8 8 10 2 10 8 10 10 10 8 10 8 8 2 8 10 2 10 8 10 8 8 10 10 10 8 8 2 10 10 2 2 2 10 8 10 10 8
left_child=3 2 7 6 5 37 8 -2 16 -10 14 12 -12 -14 -11 -15 29 53 19 27 -21 -22 24 -24 25 26 47 52 -29 32 -31 35 33 39 -35 -32 -3 -5 -39 40 41 42 43 -1 -41 -44 -45 48 51 -37 -9 -7 -19 55 -55 -18 -57 -20 -38 -60 61 62 -36
right_child=1 36 -4 4 -6 22 -8 50 9 10 11 -13 13 15 -16 -17 17 18 57 20 21 -23 23 -25 -26 -27 -28 28 -30 30 31 -33 -34 34 60 49 58 38 -40 44 -42 -43 45 46 -46 -47 -48 -49 -50 -51 -52 -53 -54 54 -56 56 -58 -59 59 -61 -62 -63 -64
leaf_value=0.10743854468517026 -0.017618048554604457 -0.00010383407603057326 -0.010765479106967667 0.008435546376670976 -0.016446830504632869 0.0039507896526669167 -0.011259501185613533 -0.01011980657618319 0.0031943935625793883 -0.01372995202994381 0.17778884905419917 -0.013160407285611991 0.19902597778685735 0.092245838506265679 0.066423923525033915 -0.030981483019501474 0.042495913109398181 0.00057687022016110901 0.022178431562245977 -0.0099102165877798572 0.058542163267284293 0.18804388279595874 0.052806622679983421 -0.0086175762477980027 0.0014603530657129884 0.086686051529461752 -0.0087623206231964082 0.10145292639220044 -0.0072445592171571085 0.00053028662858737967 -0.0213343425134522 0.074411299806476622 -0.0090801108432592269 0.1489181309360359 0.18893933893985765 0.019363090950117887 -0.020825799638566518 -0.016719608424297702 0.013841488400664761 0.0015354036816968698 -0.025340355148713623 0.083497476150489164 0.031384282341650326 -0.033638100668922408 0.022332692328388439 0.15535589235682271 0.015399781318456669 0.05882521424215751 0.058406057160349842 0.087338841003727033 0.0017564742565968656 0.051054693643128216 0.025802032028623086 0.015265950818007671 0.177529221394195 -0.0070380293958484941 0.037573708888672577 -0.025899339367296079 -0.011412924974044995 0.30210978388485393 -0.044166856179900023 -0.030385959989907684 0.021798321293605104
leaf_weight=1.0755735164275391 35.728916177409701 31.523711195157375 156.70670056156814 23.264986426685937 72.484490396338515 25.746996833186135 65.253525307402015 71.861839433957357 111.14585981174605 121.16745719668688 1.1386464951210653 4.9513959247851727 0.38587078894488536 1.0133137484081092 1.7258152834838245 2.1223415127024055 4.8325587026774874 21.780280298611615 6.8265963567537229 1.4690758527140131 1.950040293100755 1.3565413245232774 3.9060265244916073 77.853639231994748 118.1199355373974 2.9616698286263263 14.816142825467976 3.4110468082362777 2.1288210860220715 39.424517206323799 5.3773924787528804 3.6786907583591519 77.110400177887641 1.161004866415168 0.81386926502454993 37.109470662951935 105.24607774848118 102.93287146533839 12.918999181245452 2071.9432039278909 5.0855805672472334 3.3585147534613489 1.2107707074610514 4.742228496179453 24.212421054951847 1.2676072277827182 19.893312045023787 6.4064080941025159 4.9021647915942586 2.0776483709341838 622.83157584664878 4.7193465679301871 37.496239468455315 15.185007961292285 0.85722572158556509 78.778595096082427 5.8728482208680353 8.5036675027804449 1.5652423381688993 0.35988760512555007 1.5668013977119697 1.1125161886448043 1.0763307377346791
leaf_count=198 8467 13019 57036 1254 8886 861 12107 2209 18169 26632 99 889 82 128 277 976 40 1531 652 439 211 227 119 6851 3922 216 1173 108 330 1504 430 224 10126 187 152 3088 73992 14683 935 142618 1648 268 162 591 144 201 2751 324 79 157 102178 185 2512 2351 156 2727 154 1459 846 74 120 383 200
internal_value=-0.000136863 -0.00395193 -0.00219781 0.00105861 -0.0036037 -0.00126791 0.00184219 -0.000359674 0.0021545 -0.00390784 -0.00986524 0.0251567 0.0658683 0.02968 -0.0126043 0.00884048 0.00274682 0.00972501 0.0188 0.0239305 0.0742704 0.111671 0.00324016 -0.00568307 0.00734637 0.019021 0.0154798 0.0202215 0.0596834 0.00216983 0.0123185 0.0219518 0.00176827 0.00215944 0.043124 0.0176214 -0.0151718 -0.00967479 -0.0133116 0.00204937 0.0177126 0.0246528 0.0176421 0.0102054 0.00177563 0.0947916 0.00596021 0.0240776 0.0177837 0.0229671 0.000527945 0.0112474 0.0165334 0.00242195 0.0239366 -0.00143509 -0.00394301 -0.00449021 -0.0196039 0.0471976 0.0162443 0.0477665 0.0937647
internal_weight=4299.51 1025.82 887.129 3273.68 471.034 398.549 2802.65 730.422 2737.4 243.651 132.505 9.61157 4.66017 3.52153 122.893 3.13566 2493.75 190.449 84.9223 69.592 4.77566 3.30658 259.432 81.7597 177.673 59.5527 56.5911 64.8164 5.53987 2303.3 87.6677 48.2432 2215.63 2138.52 5.73052 44.5645 138.695 139.117 115.852 2132.79 36.6336 31.548 28.1895 25.7111 2096.16 2.47838 24.6355 41.7749 35.3685 39.1871 694.693 30.4663 59.2765 105.526 16.0422 89.484 84.6514 15.3303 107.171 1.92513 4.56952 3.00272 1.8902
internal_count=534717 257821 169890 276896 39488 30602 237408 112854 225301 47252 29083 2174 1285 1186 26909 1104 178049 12897 7469 5358 877 438 13730 6970 6760 2838 2622 4481 438 165152 5403 3899 159749 149623 1042 3675 87931 16872 15618 148581 5819 4171 3903 3540 142762 363 3342 1449 1125 3245 104387 1046 4043 5428 2507 2921 2881 2111 74912 920 855 735 352
is_linear=0
shrinkage=0.03


Tree=128
num_leaves=64
num_cat=0
split_feature=55 50 2 66 41 151 226 189 13 76 62 27 57 114 225 71 117 11 239 133 38 120 175 55 0 225 103 109 170 162 209 41 50 172 66 174 109 53 194 71 129 172 50 0 61 136 155 136 155 41 99 155 159 105 230 52 211 254 155 172 50 36 53
split_gain=20.8248 21.0995 13.5242 14.2243 13.5208 12.9007 11.5035 15.4686 12.0561 15.1326 13.4249 11.4327 11.7222 11.4244 11.3784 11.8297 10.8315 19.0442 38.7056 10.8159 11.481 15.077 11.2995 10.8107 12.6085 18.0755 17.5079 17.2125 24.0501 12.7998 13.15 11.0288 13.4614 34.0955 11.8321 17.3759 10.8037 22.3966 10.6363 12.5277 10.552 10.4126 17.7797 21.2885 18.4294 14.4851 10.3977 15.1561 17.1173 20.149 37.1103 33.5099 10.235 15.2826 18.3432 16.3043 10.1288 10.364 16.7118 10.0752 16.9793 10.5842 11.1281
threshold=733.30220192056618 2165.5000000000005 1.0000000180025095e-35 5944.612627695019 2750.6532910630508 26004.097868101129 -4.4999999999999991 1.0000000180025095e-35 1.0000000180025095e-35 160315.31239113395 -1349.8360136488348 1464.0107126935761 64.500000000000014 25076.258801046617 28.500000000000004 41163.485813824016 84.818569983910024 -21.222184469792996 -1.0000000180025095e-35 2703.3934325215387 258380.40070702444 37362.276087980827 26.120125281765159 2808.5087017639185 41493910.000000007 3.5000000000000004 1.0000000180025095e-35 2989.0353543306678 423.38669722761512 7.5000000000000009 84165.307009495751 50164.078302191389 413.50000000000006 -3500.1334131415656 77851.45988157409 -172.01216359709798 2039.518411472932 1.0000000180025095e-35 -7039.2857300067144 23321.598984109321 23.500000000000004 -5839.464601364497 1181.5000000000002 22978891.000000004 171.12076040116202 95.000000000000014 6564.5152730004256 6.5000000000000009 1.0000000180025095e-35 7150.3877590268648 378761.9891999595 2379.2253101998026 18663.778628074913 3729.9475999406463 -5044.850146492382 6.5000000000000009 3069.7185250028538 -334.71963744134581 46488.753110812722 510.75155158967169 602.50000000000011 -1764.4999999999998 1885.8437301360589
decision_type=2 10 2 10 10 10 8 10 2 10 8 2 10 8 8 8 8 2 10 10 10 10 8 2 2 10 10 10 8 10 10 8 10 10 10 8 8 8 10 8 10 8 10 2 10 8 8 8 10 10 10 10 8 8 8 8 8 8 8 8 10 8 10
left_child=4 2 3 11 6 -3 7 19 -8 10 16 12 -2 -7 -9 38 17 -10 -19 22 21 -21 -1 -4 40 29 -27 28 -28 30 31 32 33 -26 -34 -36 37 -33 39 -16 -25 42 43 -6 -44 -45 47 48 -43 -50 51 -51 53 -23 -55 -56 -22 58 -58 -12 -61 -62 -63
right_child=1 5 23 -5 41 13 8 14 9 -11 59 -13 -14 -15 15 -17 -18 18 -20 20 56 52 -24 24 25 26 27 -29 -30 -31 -32 36 34 -35 35 -37 -38 -39 -40 -41 -42 46 44 45 -46 -47 -48 -49 49 50 -52 -53 -54 54 55 -57 57 -59 -60 60 61 62 -64
leaf_value=-0.00089826887503588362 -0.0014378546092818347 -0.016395489460180029 -0.0041133883721806049 -0.021609530482210156 0.20599296725235169 0.11191524171633042 0.0040753298399446468 -0.0049091658487642447 -0.0058551959629358366 -0.015622617160825698 -0.0022711433642177434 0.098811464206121663 0.1423193385512066 0.0082788596083478144 0.0769684896175757 -0.033937926712959587 -0.014122106436028566 -0.0051475209986722318 0.19014688509072863 0.013321057896892129 -0.0040684599470560733 -0.0011271510129431421 0.0080094670617041844 -0.0064894164523196561 0.25051027640061951 0.14629985891076139 -0.030860423479686157 0.015990945864987297 0.24286218259885436 -0.010603636739324683 0.065863431005717371 0.2636064949095947 0.010632183959135802 0.0098642204239485966 0.23312086382469852 0.022470134818560077 -0.0085224947237403266 -0.030197057086161043 0.0087223596015421484 0.0017043440350346046 0.10026769337955409 -0.0059122840393555417 0.16181376698068081 -0.024508449710342165 -0.0088577619310201521 0.12611457949239627 -0.01113795455157289 -0.0098245766639815015 0.012573374249888395 0.26263387878641403 -0.030555748078370488 0.068434090347383958 0.014434671053228853 0.13491394357288586 -0.0043537729714695763 0.093739063449039151 0.14158563729715007 0.0032670992231454178 0.0034628721655387421 -0.0034727314281419491 -0.012572036361548071 0.0071679504188392586 -0.0034851223413454166
leaf_weight=225.80494540126529 25.93435098964256 162.24065698264167 94.135472792317159 48.383715162519366 0.87806906807236318 1.1241509929532174 524.98927726229886 231.23225937550887 12.32364043738926 61.8492300005164 912.70071148889838 1.1305039946455497 0.52074525423813511 6.4502257625572383 4.8921880667330671 4.8140908702625884 100.40681451244745 2.3546068282448687 1.4921535179601044 91.032620704441797 44.352853717457037 2.9011390656232807 296.39432994218078 35.236056731024291 0.84891973895719308 1.6563592716120163 0.4637596611282786 5.7443029810092412 0.76616963575361297 16.016463111969642 5.1713908356032325 0.40799342485843315 11.54196675273124 1.4099701374070743 0.5566021105623804 0.9607201141770918 15.725128014571965 0.54602894792333245 37.538153934699949 3.355602582276334 0.85345089383190398 8.226354462909514 0.60157302167499338 1.4895875945803712 10.65326792601263 0.93549494224134822 180.01278738526162 25.23634471767582 5.297936750634106 1.4285889109596612 1.4067895389162002 1.8165157815092241 7.4188618577900369 3.2773273378843442 2.9158930475241505 3.1970442514284514 1.6352777798310851 4.2573065623291759 1.5222793258144522 337.89140077965567 30.482940279587638 564.82754375663353 104.59191861527506
leaf_count=8599 7081 146526 34161 29653 87 150 9393 19120 727 10724 57057 82 79 980 150 1240 25954 283 134 4888 5208 132 12081 11197 220 256 141 1958 210 5283 726 86 2832 308 153 314 6403 221 2708 268 25 627 102 353 4235 96 49060 4001 408 106 195 207 1089 271 479 301 200 555 337 10283 2716 33621 17677
internal_value=-0.000134835 -0.00633526 -0.00109299 -0.0118077 0.000568741 -0.0146089 0.00102405 0.00382617 3.53435e-06 -0.00100057 -0.000563056 0.0053843 0.00139188 0.0236601 -0.00208937 0.0107965 -0.0104523 0.0123343 0.0706069 0.00626106 0.01302 0.0184718 0.00415766 0.00314562 0.0101251 0.0183512 0.0586221 0.0377989 0.139652 0.0118162 0.0214772 0.0143035 0.0326821 0.100302 0.0209858 0.0997435 -0.00257544 0.0954498 0.0155001 0.0463474 -0.00396481 -0.00635795 0.0182255 0.0794236 0.000264658 0.0335956 -0.00795976 0.00521881 0.0261055 0.0525773 0.0981368 0.153926 0.0422607 0.0590559 0.0776496 0.0469484 0.0013573 0.0338121 0.0749957 2.80069e-05 0.00205002 0.00471624 0.00550349
internal_weight=4296.26 437.825 268.01 75.9693 3858.44 169.815 3620.45 966.542 2653.91 2128.92 2067.07 27.5856 26.4551 7.57438 281.832 50.6 116.577 16.1704 3.84676 684.71 162.511 110.743 522.199 192.041 97.9053 61.8158 8.63059 6.97423 1.22993 53.1852 37.1687 31.9973 15.3182 2.25889 13.0593 1.51732 16.6792 0.954022 45.7859 8.24779 36.0895 237.983 14.558 3.30315 11.2548 2.42508 223.425 43.4125 18.1762 9.94983 4.65189 3.2451 19.7103 12.2914 9.39026 6.11294 51.7677 7.41486 3.15756 1950.49 1037.79 699.902 669.419
internal_count=534717 249045 101389 36895 285672 147656 226195 57626 168569 159176 148452 7242 7160 1130 23486 4366 27098 1144 417 34140 13460 7160 20680 64494 30333 19111 2565 2309 351 16546 11263 10537 3827 528 3299 467 6710 307 3126 418 11222 59477 4873 536 4337 449 54604 5544 1543 916 508 313 2272 1183 1051 780 6300 1092 537 121354 64297 54014 51298
is_linear=0
shrinkage=0.03


Tree=129
num_leaves=64
num_cat=0
split_feature=116 23 266 247 36 209 4 57 36 4 156 154 100 12 115 111 110 206 194 238 156 8 148 5 67 4 4 144 162 201 43 256 116 106 122 225 156 9 185 151 225 162 50 159 262 178 262 227 179 246 36 62 39 156 3 175 4 102 185 5 144 9 62
split_gain=21.0545 15.0555 13.644 12.3149 16.007 15.4405 14.0141 14.7081 17.2853 38.9406 41.8974 59.4822 20.5335 17.5638 13.8522 19.1677 13.0101 14.3951 20.3272 33.7802 19.3698 17.7825 29.9671 14.4564 11.7182 13.5341 27.5267 11.6546 17.6596 20.2472 22.3591 36.4219 12.9008 11.6396 27.4057 11.2999 11.1673 11.115 12.0868 16.8944 14.2593 12.026 11.9807 17.944 29.169 13.3703 25.9732 12.3402 12.0057 11.823 18.9675 11.72 11.3358 14.6551 15.0024 15.6469 14.4851 13.2173 12.763 19.0647 12.1026 11.3758 18.219
threshold=-1317.0756948576998 1.0000000180025095e-35 8233.521365449853 1398.3179893019594 -1034.4999999999998 138347.44402902038 62.500000000000007 54.500000000000007 -455.49999999999994 206.50000000000003 169255.04497209183 -759.49999999999989 -729.49999999999989 2762.0309551093947 945.07963823103557 72.500000000000014 1.0000000180025095e-35 -1.0000000180025095e-35 -9297.5978680608077 -3.4999999999999996 125633.86300833483 1.0000000180025095e-35 259.50000000000006 703.17703564326723 1.0000000180025095e-35 183.50000000000003 221.50000000000003 -729.49999999999989 7.5000000000000009 -5218.1408981431987 6431.6795597681739 -3934.0509323759975 -264.25880472291595 20.500000000000004 136846.00501414758 35.500000000000007 291337.91138072888 3633.7254875541216 -22121.002675787964 9260.9185077204093 35.500000000000007 9.5000000000000018 5141.5000000000009 6479.026967885623 1.0000000180025095e-35 523.79759930356863 3548.629868578178 -26.499999999999996 -1641.6069211720499 -5048.1532573092154 -1247.4999999999998 -187.42267375524898 1.5000000000000002 94460.960419336814 45.500000000000007 288.06688106025007 192.50000000000003 195978.05343208084 454.4312656011366 334.44387714245704 -1384.4999999999998 842.2619295791776 -986.35575704384678
decision_type=8 2 8 10 10 10 2 10 10 2 10 10 10 2 10 10 8 8 10 8 10 8 8 8 10 2 2 8 10 10 10 8 10 8 10 10 8 10 8 8 10 10 10 8 10 10 10 10 8 8 8 8 10 8 2 10 2 8 8 10 10 10 10
left_child=2 37 24 5 -5 6 14 -8 -9 -10 11 12 -11 -12 16 33 -3 18 19 -18 21 -20 -23 -24 25 -1 -27 28 29 -6 31 -31 -32 -16 -35 -19 -37 38 39 41 52 42 45 44 -44 47 -47 51 -45 50 -39 -2 53 -40 55 56 61 -57 -58 -60 -56 -55 -63
right_child=1 3 -4 4 27 -7 7 8 9 10 13 -13 -14 -15 15 -17 17 35 20 -21 -22 22 23 -25 -26 26 -28 -29 -30 30 32 -33 -34 34 -36 36 -38 49 40 -41 -42 -43 43 48 -46 46 -48 -49 -50 -51 -52 -53 -54 54 60 57 58 -59 59 -61 -62 62 -64
leaf_value=0.0048441243078318303 0.069003419560692489 -0.016869464073156482 0.0025839108271111483 -0.011142965014807877 0.029495230502279111 0.023276799350582675 -0.015830649854791025 -0.0046172442539855725 -0.010203787492397655 -0.030169655590989084 0.20701124787755931 0.56659591919805452 0.2758124179636624 -0.030174576880072024 0.001430443487326308 0.21593017189524183 0.33210597474799747 -0.0041978204235457398 -0.0052968069979336804 0.050602373174275225 -0.03057086997739087 0.2885017498934806 0.20342042331658997 0.032884356290341567 -0.01133675171180183 -0.031071281220408122 0.19391749375035283 0.0062077947078555381 0.0024086315143699859 0.45678227174281688 0.15921830851438598 0.049071770229518953 0.02505017487697446 0.011117085114686733 0.18014771036938154 0.0129176245130656 0.15725971883904255 0.16564043350239152 -0.0046150464605084858 -0.0082040748292575676 0.012999341163147752 -0.0010227776225483673 0.04005859316355391 0.065437320588324077 0.17708251053994414 0.010876265769197625 0.22305990158962652 0.0054029781165443472 -0.0061751301082579799 -0.009685188132600003 -0.0098702435878057181 0.01888292916702302 -0.0012369880514851615 0.0029601577954088249 -0.0014766094159745875 0.035517104666518758 0.011684120117033191 0.010703220493018153 0.13507463200120445 0.031579757640450477 0.0077970536323333115 0.044118939264244393 -6.7316084572098216e-05
leaf_weight=10.4179125399678 5.7540714367059991 41.681607991864439 104.19418070139363 17.373541961656883 3.7298346825409681 15.131866635172626 187.64172943326412 36.897491829528008 4.1445105601451351 0.40742140414658934 0.37681842234451313 0.40119465399766363 0.38288022042252123 1.1048523949575608 7.8502486006473147 0.48055779136484567 0.49665975733660161 69.423622379079461 3.6231082278536633 1.68611604894977 5.018787729961331 0.56376275554066335 0.51345976738957699 3.4758579115732573 278.60131190594984 0.90517167298821632 1.0655270341667344 12.26048820425058 4.6271703374222852 0.43060083343880251 1.2172665849793705 0.36380596220260342 1.3719925663317551 2.744511600525585 1.2594352215528486 1.2837212804588483 0.7727962482604197 0.90904602181399241 231.42882632813416 37.435693699808326 88.012110606825445 32.228754568670411 4.5962202422088012 3.1419597839703783 2.0095222136005759 1.4414238635799841 0.8115325430408119 53.204965071636252 6.3959560872172023 106.87596839264734 1.4195672094356271 15.536528419354001 1407.8830373904784 570.70870261453092 586.02492138679372 27.59975946682971 17.118160726618953 64.396475390880369 2.0965372268110531 6.7897117545362562 161.57335226651048 15.983788377605377 17.696522930520587
leaf_count=688 287 16202 6719 3590 152 5250 123343 21411 2116 263 36 155 33 802 3038 32 217 24829 1592 345 2539 155 132 916 106925 94 205 1683 861 155 131 140 162 444 236 391 160 180 8333 2366 7434 4194 393 296 232 251 106 6179 1140 26964 384 522 92165 16075 23787 866 446 1598 145 534 8500 2878 2320
internal_value=-0.00013347 0.000535494 -0.00673165 -0.00476809 0.0107892 -0.00642978 -0.0076374 -0.0121797 0.00349168 0.0473774 0.136652 0.269096 0.118071 0.0301465 -0.000177667 0.0301904 -0.00309181 0.00351984 0.029851 0.114655 0.0158224 0.0443 0.0837666 0.0548338 -0.0100673 0.0184819 0.0905768 0.026665 0.048028 0.0777023 0.130841 0.270067 0.0881255 0.0226607 0.0642854 -0.00214487 0.0671584 0.00119096 0.0014971 0.00947716 0.00109138 0.0147673 0.0202457 0.043737 0.0817424 0.0153044 0.0873065 0.0131268 0.0174153 -0.00822814 0.0586458 0.0324287 0.000754315 0.00240207 0.00350682 0.00658995 0.00490329 0.0181476 0.0268269 0.0559974 0.000527645 0.00396001 0.0209023
internal_weight=4292.99 3897.81 395.184 428.738 41.3747 387.363 372.231 231.357 43.7152 6.81768 2.67317 1.1915 0.790302 1.48167 140.874 12.3348 128.54 86.8579 15.3778 2.18278 13.195 8.17619 4.55308 3.98932 290.99 12.3886 1.9707 24.0012 11.7407 7.1135 3.38367 0.794407 2.58926 11.8542 4.00395 71.4801 2.05652 3469.07 3359.87 162.557 3197.31 125.121 92.8922 16.1437 6.60574 76.7485 2.25296 74.4956 9.53792 109.205 2.32861 21.2906 3109.3 1701.42 1469.99 722.39 630.393 91.9962 26.0044 8.88625 747.598 604.389 33.6803
internal_count=534717 420086 114631 211511 6874 204637 199387 148159 24816 3405 1289 451 296 838 51228 3750 47478 31276 5896 562 5334 2795 1203 1048 107912 987 299 3284 1601 740 588 295 293 3718 680 25380 551 208575 181047 15966 165081 13600 9406 2061 625 7345 357 6988 1436 27528 564 809 157647 65482 57149 24862 22398 2464 1125 679 32287 21273 5198
is_linear=0
shrinkage=0.03


Tree=130
num_leaves=64
num_cat=0
split_feature=10 226 24 22 39 14 50 87 140 20 37 86 145 14 177 25 148 156 14 60 58 213 148 214 59 3 226 35 28 50 68 120 232 238 3 134 162 69 157 120 42 193 158 24 0 68 36 60 102 49 170 156 242 267 9 262 65 113 36 140 183 117 28
split_gain=20.0118 17.6981 14.3444 13.7872 12.8414 12.4441 16.0662 15.6201 11.8534 12.0945 18.6126 31.9222 11.8053 11.5052 16.4632 12.2003 11.9278 11.4035 11.1995 10.969 16.3311 10.7443 10.6292 11.8821 10.8294 17.0073 27.024 10.5143 11.1069 10.6175 23.4346 10.5124 10.3035 10.9309 10.0885 12.457 12.1612 20.7507 14.8864 21.7186 28.1842 12.7041 35.4257 10.071 10.0178 15.9227 17.2603 26.9389 19.4292 16.2163 31.6079 13.9015 15.2311 17.8463 13.8624 13.7272 21.1567 14.9039 10.4273 9.63431 16.0669 11.4958 17.7853
threshold=8.5000000000000018 2.5000000000000004 1.0000000180025095e-35 504629.39387559146 1.5000000000000002 -2661.0679072241223 7916.5000000000009 12.500000000000002 6.5000000000000009 25283.884944065245 62292.177915897752 8.5000000000000018 -161.08419374688745 54814.10636290424 163.10270760886004 41065.588436843158 526.50000000000011 102596.26647972241 255513.20717443852 53300.652541790136 174.50000000000003 1.0000000180025095e-35 1646.5000000000002 -1517.9055097146902 1526.4959462037132 67.500000000000014 4.5000000000000009 61022.871648682209 2.5000000000000004 197.50000000000003 164843.40843950617 115427.72627632383 29.500000000000004 1.0000000180025095e-35 59.500000000000007 1.0000000180025095e-35 3.5000000000000004 1.5000000000000002 6.5000000000000009 7763.5968485378135 10.500000000000002 8.5000000000000018 3489.5000000000005 125344.75637503035 24041036.000000004 3430.2059913700464 -1414.9999999999998 2153.6071747844553 168232.43344429441 7.5000000000000009 58.864514675079143 114424.90431528962 1.0000000180025095e-35 1.0000000180025095e-35 26.044188277668002 1707.1785080322086 -306.44210510231545 1.0000000180025095e-35 -394.49999999999994 5.5000000000000009 13528.325585194596 1.0000000180025095e-35 11.500000000000002
decision_type=2 10 2 2 8 2 10 8 10 2 10 8 8 2 10 8 8 8 2 8 8 10 10 8 8 2 10 8 10 8 10 8 8 8 2 8 8 10 10 10 8 10 8 2 2 8 10 8 8 10 8 8 8 10 10 10 10 10 8 8 8 10 8
left_child=2 5 4 21 17 6 7 -2 9 -9 11 -11 -6 15 -15 16 -5 19 44 -1 -21 22 23 -4 25 -25 -27 -26 29 30 43 -31 33 -14 35 59 37 38 -36 40 -40 -38 -43 -29 45 55 47 -47 -49 -48 -51 52 53 -46 -50 -19 -57 -58 -52 60 61 62 -7
right_child=1 -3 3 13 12 34 -8 8 -10 10 -12 -13 32 14 -16 -17 -18 18 -20 20 -22 -23 -24 24 27 26 -28 28 -30 31 -32 -33 -34 -35 36 -37 41 -39 39 -41 -42 42 -44 -45 51 46 49 48 54 50 58 -53 -54 -55 -56 56 57 -59 -60 -61 -62 -63 -64
leaf_value=-0.0046243587075645524 0.066698304285254278 -0.016046796277781061 0.088818323382918618 0.046096936772828195 -0.015700584047947087 -0.01722022294044747 0.10004580396995398 0.00383904752142959 -0.01722753614060675 0.010505186519731301 0.018817265148349041 0.30191888727720601 0.0030207727326144306 0.026862711146975842 0.16022494717090038 0.07045515128473194 -0.033657846405874971 0.00095916843101068899 -0.014835379760319147 0.012249480020039808 0.15396534823474783 0.021773169742549347 -0.01492264989108384 -0.012757494338260291 -0.018496820074363665 0.0088134225602814475 0.22035905561671082 0.013621535575520583 -0.00050078218659468162 0.022651578272178504 0.21246658888538214 -0.02196419025863303 0.00099218501568167474 -0.013593015445655929 -0.0013868561366173916 -0.020353566598201749 -0.0091560259141541499 0.17899856569139258 0.018015823213663476 0.0010677259010652017 0.18875020440638338 0.49219543451996955 -0.030048653743431249 0.10767011892277836 0.012386984893933717 0.18693232256672027 0.01040114139398567 0.13225513466496555 0.084900390963418088 0.19353476135719266 -0.0021944654101478073 0.0040075627051135848 0.014541565011781613 0.11512003945013577 -0.0029036250409497492 -0.0028249397578483586 0.18827302903999943 0.046383940410202648 0.10677261758010811 -0.014535008156013881 0.19725608663166005 -0.0010251185025437759 0.094682329579826099
leaf_weight=123.92363944480894 3.4424701151438049 118.52385299943853 1.2454061708413064 2.4180000573396638 40.826974894443993 2.2406621205154797 1.5769446488120582 91.684862320777029 23.513503151596524 0.7299763055052596 4.4650686621898785 0.63053217780543502 58.498701421893202 2.6885200680699195 1.2071451072115449 2.1819591958192186 5.5876143581117512 53.348114561988041 20.383779908996075 3.1391007845522827 0.95434443489648391 12.239161361125296 104.21457523008576 113.80750118254218 20.836558293492999 2.2423400955740358 0.71734409464988846 4.7907323361141634 97.777673348842654 17.872591597726569 0.74048266577301536 6.474965526256713 2596.0245135116274 91.219997424050234 15.787360944494145 71.185686541080941 39.25354803079972 0.71590070630190794 1.7154736358206712 3.8261930623557419 1.7659528931835664 0.17232427443377574 0.36346195748774335 1.303556643950287 2.8483472452498972 1.3645906749879921 29.954633338493295 1.8304927170975105 2.3145485314307743 1.3341639582649794 3.0893857610062696 364.52501203934662 25.40105698583648 3.2677843628916889 5.3794686727924272 3.2035827153595164 1.2290881214430549 1.4549567720387129 1.0620647090254349 34.989708771288861 0.3949225276010101 36.087096426228527 2.9761232705786824
leaf_count=6182 56 55248 274 55 2862 629 171 8608 3554 162 337 128 4834 347 137 71 686 1767 5157 417 141 1259 80354 50522 6840 401 173 973 42861 5233 172 2441 140466 9333 3659 21176 11425 150 131 1437 149 105 292 253 181 80 3637 207 137 203 454 22548 1149 212 788 474 140 137 58 19017 129 12493 1045
internal_value=-0.000132718 -0.00607376 0.000573779 -0.00481533 0.00119845 -0.0025716 0.00488986 0.00368427 0.00189187 0.00650229 0.0484173 0.145562 0.000312745 0.0243382 0.0681875 0.00757056 -0.00956887 0.00499545 0.00696326 -0.00302834 0.0452891 -0.00588381 -0.0067937 -0.00363042 -0.00406234 -0.0109111 0.0600861 0.00127632 0.00447114 0.0200615 0.0531019 0.0107865 0.00055085 -0.00710161 -0.00701879 -0.011316 0.00297255 0.0199306 0.0149998 0.0504015 0.104621 -0.00717556 0.13792 0.0337383 0.00784909 0.0160608 0.0292353 0.06227 0.0444094 0.0190853 0.0665061 0.00566025 0.0247751 0.0672762 0.02351 0.00575684 0.0492288 0.111358 0.0256826 -0.00292699 0.00681336 0.00499246 0.0466191
internal_weight=4290.97 456.042 3834.92 398.346 3436.58 337.518 126.043 124.466 121.024 97.5104 5.82558 1.36051 2786.57 14.0832 3.89567 10.1876 8.00561 650.008 521.991 128.017 4.09345 384.263 372.024 267.809 266.564 116.767 2.95968 149.797 128.96 31.1823 6.83477 24.3476 2745.74 149.719 211.474 147.874 63.6002 23.8109 23.095 7.30762 3.48143 39.7893 0.535786 6.09429 501.607 105.565 46.3293 10.8891 9.52451 35.4402 5.48561 396.042 31.5172 6.11613 7.69402 59.2357 5.88763 2.68404 4.15145 76.6885 41.6988 41.3039 5.21679
internal_count=534717 140101 394616 193052 201564 84853 13016 12845 12789 9235 627 290 157495 1296 484 812 741 44069 37329 6740 558 191756 190497 110143 109869 51096 574 58773 51933 9072 1398 7674 154633 14167 71837 54489 17348 5526 5376 1717 280 11822 397 1226 32172 8082 5564 1212 1132 4352 715 24090 1542 393 925 2518 751 277 512 33313 14296 14167 1674
is_linear=0
shrinkage=0.03


Tree=131
num_leaves=64
num_cat=0
split_feature=10 193 142 19 39 52 236 16 188 143 104 144 62 7 57 239 141 29 226 57 71 120 79 86 226 144 114 86 147 79 177 87 194 10 46 95 244 140 256 30 6 115 53 148 24 135 148 114 34 86 86 52 79 174 154 0 148 93 5 46 174 178 226
split_gain=19.4345 22.283 13.317 11.4738 10.6969 11.0943 18.9043 17.9284 11.4404 10.3887 12.0284 20.3551 14.4601 17.019 17.9629 10.0067 9.86946 9.68932 10.4104 16.131 11.3182 9.59836 10.6395 9.23242 10.6685 11.9023 11.4486 13.7812 11.4001 12.8054 13.8071 10.2225 13.3331 13.3933 17.727 19.1358 40.7951 21.8851 25.999 14.6099 13.1006 12.0549 18.2161 9.90797 23.6511 10.1178 10.9709 10.29 9.40987 9.19374 12.423 10.8969 9.06082 9.01378 12.7304 9.69626 17.4963 30.0292 11.2889 13.5025 10.8835 21.9535 9.23994
threshold=6.5000000000000009 1.0000000180025095e-35 1.0000000180025095e-35 53.500000000000007 1.5000000000000002 24.500000000000004 -3551.4569862450003 32.500000000000007 -46231.95915724618 1311182.4298529436 4904.5000000000009 -514.49999999999989 -364.44599419081595 1.0000000180025095e-35 58.500000000000007 59.500000000000007 79.500000000000014 23018.444313538868 -5.4999999999999991 60.500000000000007 2399.8657798392364 11644.708248757403 1466.4907554733743 75.500000000000014 -1.4999999999999998 -1384.4999999999998 1.0000000180025095e-35 41.500000000000007 12.500000000000002 7188.6418023250289 231.71333292895653 45.500000000000007 -17316.69442448785 8.5000000000000018 -150.49999999999997 6222.8643384848247 -1.4999999999999998 60.500000000000007 -6628.2140217777041 10.500000000000002 172428.16565549499 480.69131408822705 10103.91082851598 389.50000000000006 103319.4504131479 2302.5722045645625 1181.5000000000002 32497.310563042603 6.5000000000000009 26.500000000000004 36.500000000000007 7.5000000000000009 8926.6625595254536 -507.40408443897576 -349.99999999999994 24041036.000000004 4081.5000000000005 5.5000000000000009 1305.8088427080277 -821.49999999999989 -172.01216359709798 -41.453890385308028 -2.4999999999999996
decision_type=2 10 10 2 8 10 8 2 8 10 10 10 10 8 10 10 10 2 10 10 10 10 10 10 8 8 8 10 10 10 10 10 10 2 10 8 10 10 10 2 10 8 10 8 2 10 10 8 10 8 10 8 10 8 10 2 10 10 8 10 8 10 10
left_child=4 2 9 15 5 8 -7 -8 17 10 23 12 -12 14 -14 21 -4 18 20 -20 -1 22 -3 24 25 26 27 -2 29 30 43 -31 52 34 35 36 -34 39 -39 49 -35 -38 -43 44 -27 53 47 -47 -26 -37 51 -51 -33 54 -45 56 58 -58 59 -55 61 -60 -57
right_child=1 3 16 -5 -6 6 7 -9 -10 -11 11 -13 13 -15 -16 -17 -18 -19 19 -21 -22 -23 -24 -25 48 28 -28 -29 -30 31 -32 32 33 40 -36 37 41 38 -40 -41 -42 42 -44 45 -46 46 -48 -49 -50 50 -52 -53 -54 55 -56 62 57 -59 60 -61 -62 -63 -64
leaf_value=0.025116624695944414 0.0092304427843648371 -0.01157240890804964 0.0083115002270965719 0.086013019886168829 0.00099971688436012907 -0.032919232930321875 0.2246342219562405 0.048373209722350985 0.0051262669250400515 -0.017462138459071092 -0.0014241875843259454 -0.014901257726552247 0.01553512854809737 0.01236697337217686 0.11252411496934549 0.15991186579211444 0.063899582158175358 -0.011991094516705617 -0.009969150816942338 0.1069874404073454 0.11577918321092992 -0.015030979481607257 0.0021006847726404258 -0.011767719716537586 -0.0038029100737438232 0.012865099147642027 -0.0090532337888057628 0.10473401391572465 -0.017360803441412866 -0.01271047617334755 -0.0084775500433319478 0.053786534637386328 0.20726815835673704 0.0011454256979603692 0.20301719121812278 -0.012133494291296607 0.16912545871296802 0.2584872714896434 -0.030209713196674187 0.15072154233132104 0.141201667897145 -0.034764219368241943 0.081387414265847988 -0.019203513276188244 0.12987491061532738 0.075074892756277309 -0.003769446049621972 0.019145555501773822 0.028301986641162576 0.024763959662097323 -0.030471145847849837 0.15256093994289355 -0.0078712732287610377 0.019930528254874017 0.047941836646518396 2.4774884526315318e-05 0.0067603308634819016 0.17060130593015144 -0.031834409976864798 0.10170079788862246 -0.0038494487202289751 0.14410262059987011 0.016652903449032367
leaf_weight=2.1351694414624935 12.022028895851689 108.91711425851099 7.101542965800034 1.1416369240032498 1837.5876646934776 1.2624818650656378 0.81370483397040505 1.4357672623009419 299.72834105393849 33.795441911614034 77.287437441467773 37.855850287654903 3.6915940563194454 130.53978336829459 3.2155964326229878 0.31447229837067325 4.8294250314938836 3.3327220843639216 4.3193921999773002 1.4070757027948273 2.953504889679607 154.9098498611711 96.68552758754231 77.710446241719183 775.21197750250576 8.2384350929642078 119.96216639323393 1.5332854192820367 21.425555732217617 8.4033070297446084 75.371945086750202 2.5175524387159411 1.7832297440036198 11.550845668185499 0.64116914541227998 8.8000820325687474 0.59840213874122239 0.72375225508585572 0.45866410830058224 0.6474636089405984 0.6340689906501219 2.3057682192302309 2.569271891086828 25.703497248934585 1.9163515595719207 5.2221231338335219 7.0376267542014821 6.8362675096723251 8.3044570951024053 1.285401421540884 1.3037625975557601 1.1269652479095382 14.496500472771002 7.70756426040316 2.8200937737710765 187.21176289045252 2.3408820448676115 1.7665901935542931 1.208890400186647 2.3782653055386618 25.163822028494909 1.3523870719945987 35.833080638025422
leaf_count=63 1197 21835 164 282 98868 445 125 305 20916 6893 25745 6702 330 15156 157 95 164 620 816 106 265 103514 24636 24958 111207 719 14520 206 2813 551 9269 333 235 3201 136 2337 144 145 189 51 185 936 219 3042 181 115 607 307 79 197 444 235 2052 639 281 18493 281 179 224 244 2549 131 2684
internal_value=-0.000131553 -0.0021606 -0.000775385 -0.00894357 0.00187813 0.00696392 0.059989 0.112132 0.00637062 -0.000989455 -0.00066705 0.00538181 0.00895754 0.0147953 0.0606877 -0.00924401 0.0308125 0.0327327 0.0465145 0.0187688 0.0777379 -0.00939156 -0.00514258 -0.00170352 -0.00114344 0.00182135 -0.00610025 0.0200332 0.00402768 0.00502835 0.00308333 0.017967 0.0229782 0.0337148 0.0475635 0.0429496 0.0826494 0.0228683 0.146501 0.0117632 0.00843356 0.0420491 0.0264507 0.00578325 0.0349465 0.00483583 0.0259953 0.0433669 -0.00346263 0.00457484 0.0441415 0.0844658 0.00125217 0.00345907 -0.0125649 0.00518408 0.0184221 0.077227 0.0120341 0.0392122 0.0021472 0.0610626 0.00269615
internal_weight=4289.39 2134.41 1772.44 361.969 2154.98 317.388 3.51195 2.24947 313.876 1760.51 1726.72 252.59 214.734 137.447 6.90719 360.827 11.931 14.1479 10.8151 5.72647 5.08867 360.512 205.603 1474.13 1396.42 612.899 133.517 13.5553 479.381 457.956 398.11 59.8462 51.4429 34.4288 22.2439 21.6028 7.25667 14.3461 1.18242 13.1637 12.1849 5.47344 4.87504 322.738 10.1548 312.583 19.096 12.0584 783.516 12.5162 3.71613 2.41237 17.0141 293.487 28.5236 264.963 41.9184 4.10747 37.8109 10.0858 27.7251 2.56128 223.045
internal_count=534717 412188 261826 150362 122529 23661 875 430 22786 261498 254605 48090 41388 15643 487 150080 328 1870 1250 922 328 149985 46471 206515 181557 70271 15923 1403 54348 51535 39945 11590 11039 8654 5268 5132 1534 3598 334 3264 3386 1299 1155 30676 900 29776 1029 422 111286 3213 876 432 2385 28747 3323 25424 4247 460 3787 883 2904 355 21177
is_linear=0
shrinkage=0.03


end of trees

feature_importances:
foto_mes=157
mcuentas_saldo=141
mprestamos_personales=140
mcuenta_corriente=133
ctrx_quarter_delta1=132
mtarjeta_visa_consumo=108
Visa_mpagominimo=102
ctrx_quarter_delta2=97
mcaja_ahorro=89
ctrx_quarter=84
cproductos=82
mpayroll_sobre_edad=82
mpasivos_margen=75
cpayroll_trx=75
mcuentas_saldo_lag1=73
mcuentas_saldo_delta2=72
cliente_edad=70
ctarjeta_visa_transacciones=70
ccallcenter_transacciones_delta2=69
Visa_mpagominimo_delta1=69
numero_de_cliente=68
mrentabilidad_annual_lag2=68
Master_Fvencimiento=67
mprestamos_personales_delta1=67
mrentabilidad_annual_lag1=62
mttarjeta_visa_debitos_automaticos_lag2=62
cliente_antiguedad=61
Visa_fechaalta=61
internet=60
chomebanking_transacciones_delta1=60
Visa_Fvencimiento=58
mactivos_margen_lag1=57
mprestamos_personales_delta2=57
mactivos_margen=56
mrentabilidad_annual_delta1=54
cdescubierto_preacordado=53
mcomisiones_lag2=53
mcuentas_saldo_lag2=53
mttarjeta_visa_debitos_automaticos_delta1=53
chomebanking_transacciones_delta2=53
internet_lag1=52
cliente_edad_lag2=51
mactivos_margen_delta2=51
mrentabilidad=50
mpayroll=50
Visa_msaldototal=50
mcomisiones_mantenimiento=48
mrentabilidad_annual=47
mtarjeta_master_consumo=47
mactivos_margen_lag2=47
kmes_lag2=47
mrentabilidad_annual_delta2=47
ccomisiones_mantenimiento_delta2=47
ctarjeta_visa_transacciones_delta2=46
mtransferencias_recibidas=45
Visa_mfinanciacion_limite=45
cliente_antiguedad_lag2=45
Visa_fechaalta_lag2=45
mcuenta_corriente_delta2=45
mcaja_ahorro_delta2=45
mcuentas_saldo_delta1=45
Visa_status=44
mpayroll_delta2=44
cliente_edad_lag1=43
ctrx_quarter_lag1=43
Master_fechaalta_lag1=43
Visa_mpagominimo_lag1=43
chomebanking_transacciones_lag2=43
ctrx_quarter_lag2=43
mttarjeta_visa_debitos_automaticos_delta2=43
Master_fultimo_cierre=42
mpasivos_margen_lag1=42
mcuenta_corriente_lag1=42
mpasivos_margen_lag2=42
Master_fechaalta=41
Master_Fvencimiento_lag1=41
mcomisiones_mantenimiento_delta2=41
mcomisiones_lag1=40
mcaja_ahorro_lag1=40
mttarjeta_visa_debitos_automaticos_lag1=40
Master_fechaalta_lag2=40
mprestamos_personales_lag2=39
mcomisiones=38
Visa_cconsumos=38
chomebanking_transacciones_lag1=37
mcaja_ahorro_lag2=37
cliente_antiguedad_lag1=36
cproductos_delta1=36
Master_mpagominimo_delta2=36
ccomisiones_otras=35
mrentabilidad_lag1=35
Visa_fechaalta_lag1=35
chomebanking_transacciones=34
mtransferencias_recibidas_lag1=34
Visa_cconsumos_lag1=34
Visa_fultimo_cierre_lag2=34
mrentabilidad_delta1=34
cproductos_delta2=34
Visa_cconsumos_delta2=34
mttarjeta_visa_debitos_automaticos=33
mpayroll_lag1=33
Visa_Fvencimiento_lag2=33
Visa_msaldototal_lag2=33
Visa_mpagominimo_lag2=33
Visa_msaldototal_delta1=33
Visa_mfinanciacion_limite_lag1=32
mcomisiones_delta1=32
mcuenta_corriente_delta1=32
mpayroll_delta1=32
ccallcenter_transacciones=31
Master_mfinanciacion_limite=31
Visa_Fvencimiento_lag1=31
Visa_mfinanciacion_limite_lag2=31
mpasivos_margen_delta2=31
Visa_mfinanciacion_limite_delta2=31
Visa_mpagominimo_delta2=31
Visa_mconsumototal=30
mcuenta_corriente_lag2=30
ccomisiones_otras_lag2=30
mcaja_ahorro_delta1=30
Visa_fultimo_cierre=29
Visa_mconsumototal_lag1=29
mpasivos_margen_delta1=29
mprestamos_personales_lag1=28
Master_msaldototal_lag2=28
Visa_mlimitecompra_lag2=28
mtarjeta_visa_consumo_delta2=28
cprestamos_personales_delta2=28
Visa_mconsumototal_delta1=28
Master_msaldototal=27
Visa_mlimitecompra=27
Master_Fvencimiento_lag2=27
Master_fultimo_cierre_lag2=27
Visa_mconsumototal_lag2=27
mtarjeta_visa_consumo_delta1=27
ccomisiones_mantenimiento_delta1=27
Master_mlimitecompra=26
mtransferencias_recibidas_lag2=26
ccallcenter_transacciones_delta1=26
Master_mfinanciacion_limite_delta1=26
Visa_mconsumototal_delta2=26
ccomisiones_mantenimiento=25
Master_mfinanciacion_limite_lag1=25
mpayroll_lag2=25
Visa_cconsumos_lag2=25
mcomisiones_delta2=25
ctarjeta_visa_transacciones_delta1=25
Master_mpagominimo=24
mtarjeta_visa_consumo_lag1=24
ccomisiones_otras_lag1=24
Master_mlimitecompra_lag1=24
Visa_msaldototal_lag1=24
ccomisiones_otras_delta2=24
Master_fultimo_cierre_lag1=23
Visa_fultimo_cierre_lag1=23
mpayroll_sobre_edad_delta2=23
mrentabilidad_lag2=22
Master_mfinanciacion_limite_lag2=22
Master_mfinanciacion_limite_delta2=22
Master_mconsumototal=21
mcomisiones_mantenimiento_lag2=21
mrentabilidad_delta2=21
ccomisiones_otras_delta1=21
mtransferencias_recibidas_delta2=21
Master_mlimitecompra_delta1=21
cproductos_lag1=20
Visa_mlimitecompra_lag1=20
Master_mlimitecompra_delta2=20
Visa_mlimitecompra_delta2=20
mpayroll_sobre_edad_delta1=20
mpayroll_sobre_edad_lag1=19
mcomisiones_mantenimiento_delta1=19
Master_msaldototal_delta2=19
Master_mpagominimo_delta1=19
Visa_cconsumos_delta1=19
cprestamos_personales=18
Master_mpagominimo_lag1=18
cproductos_lag2=18
Visa_msaldototal_delta2=18
Master_status=17
Master_mconsumototal_lag2=17
thomebanking_delta2=17
thomebanking=16
kmes=16
mcomisiones_mantenimiento_lag1=16
Master_msaldototal_lag1=15
Visa_mfinanciacion_limite_delta1=15
internet_lag2=14
ctarjeta_visa_transacciones_lag2=14
mtransferencias_recibidas_delta1=14
Visa_fultimo_cierre_delta2=14
ctarjeta_visa=13
mtarjeta_visa_consumo_lag2=13
Master_status_lag2=13
cdescubierto_preacordado_delta2=13
Visa_mlimitecompra_delta1=13
ctarjeta_master_transacciones=12
ccallcenter_transacciones_lag1=12
mactivos_margen_delta1=12
cprestamos_personales_lag2=11
Master_mlimitecompra_lag2=11
Master_mpagominimo_lag2=11
ctarjeta_master_transacciones_delta2=11
Master_fultimo_cierre_delta2=11
Master_mconsumototal_delta1=11
ccallcenter_transacciones_lag2=10
Visa_status_lag2=10
kmes_delta2=10
ctarjeta_visa_transacciones_lag1=9
Master_mconsumototal_lag1=9
cdescubierto_preacordado_lag2=9
cdescubierto_preacordado_delta1=9
mtarjeta_master_consumo_delta2=9
Master_msaldototal_delta1=9
Visa_Fvencimiento_delta2=9
ctarjeta_master_transacciones_lag1=8
mtarjeta_master_consumo_lag1=8
mpayroll_sobre_edad_lag2=8
ctarjeta_visa_delta2=8
mtarjeta_master_consumo_delta1=8
cpayroll_trx_delta1=8
Master_cconsumos=7
cpayroll_trx_lag1=7
thomebanking_lag2=7
Master_fultimo_cierre_delta1=7
Master_cconsumos_delta2=7
Visa_fultimo_cierre_delta1=7
cdescubierto_preacordado_lag1=6
thomebanking_lag1=6
kmes_lag1=6
internet_delta2=6
cpayroll_trx_delta2=6
Master_fechaalta_delta1=6
Visa_status_delta2=6
cpayroll_trx_lag2=5
Master_cconsumos_lag2=5
ctarjeta_visa_delta1=5
cprestamos_personales_delta1=5
thomebanking_delta1=5
Master_mconsumototal_delta2=5
Master_cconsumos_delta1=5
Visa_fechaalta_delta2=5
cprestamos_personales_lag1=4
ccomisiones_mantenimiento_lag1=4
Master_cconsumos_lag1=4
mtarjeta_master_consumo_lag2=4
ccomisiones_mantenimiento_lag2=4
ctarjeta_master_transacciones_delta1=4
Master_Fvencimiento_delta1=4
Master_fechaalta_delta2=4
Visa_status_delta1=4
Visa_Fvencimiento_delta1=4
Visa_status_lag1=3
ctarjeta_master_delta2=3
Master_status_delta2=3
Master_status_lag1=2
ctarjeta_visa_lag2=2
ctarjeta_master_transacciones_lag2=2
internet_delta1=2
ctarjeta_master=1
ctarjeta_visa_lag1=1
ctarjeta_master_lag2=1
Master_Fvencimiento_delta2=1
Visa_fechaalta_delta1=1

parameters:
[boosting: gbdt]
[objective: binary]
[metric: auc]
[tree_learner: serial]
[device_type: cpu]
[data_sample_strategy: bagging]
[data: ]
[valid: ]
[num_iterations: 132]
[learning_rate: 0.03]
[num_leaves: 64]
[num_threads: 0]
[seed: 315967]
[deterministic: 0]
[force_col_wise: 0]
[force_row_wise: 1]
[histogram_pool_size: -1]
[max_depth: -1]
[min_data_in_leaf: 128]
[min_sum_hessian_in_leaf: 0.001]
[bagging_fraction: 1]
[pos_bagging_fraction: 1]
[neg_bagging_fraction: 1]
[bagging_freq: 0]
[bagging_seed: 8384]
[bagging_by_query: 0]
[feature_fraction: 0.5]
[feature_fraction_bynode: 1]
[feature_fraction_seed: 23680]
[extra_trees: 0]
[extra_seed: 1303]
[early_stopping_round: 0]
[early_stopping_min_delta: 0]
[first_metric_only: 1]
[max_delta_step: 0]
[lambda_l1: 0]
[lambda_l2: 0]
[linear_lambda: 0]
[min_gain_to_split: 0]
[drop_rate: 0.1]
[max_drop: 50]
[skip_drop: 0.5]
[xgboost_dart_mode: 0]
[uniform_drop: 0]
[drop_seed: 25295]
[top_rate: 0.2]
[other_rate: 0.1]
[min_data_per_group: 100]
[max_cat_threshold: 32]
[cat_l2: 10]
[cat_smooth: 10]
[max_cat_to_onehot: 4]
[top_k: 20]
[monotone_constraints: ]
[monotone_constraints_method: basic]
[monotone_penalty: 0]
[feature_contri: ]
[forcedsplits_filename: ]
[refit_decay_rate: 0.9]
[cegb_tradeoff: 1]
[cegb_penalty_split: 0]
[cegb_penalty_feature_lazy: ]
[cegb_penalty_feature_coupled: ]
[path_smooth: 0]
[interaction_constraints: ]
[verbosity: -100]
[saved_feature_importance_type: 0]
[use_quantized_grad: 0]
[num_grad_quant_bins: 4]
[quant_train_renew_leaf: 0]
[stochastic_rounding: 1]
[linear_tree: 0]
[max_bin: 31]
[max_bin_by_feature: ]
[min_data_in_bin: 3]
[bin_construct_sample_cnt: 200000]
[data_random_seed: 16045]
[is_enable_sparse: 1]
[enable_bundle: 1]
[use_missing: 1]
[zero_as_missing: 0]
[feature_pre_filter: 0]
[pre_partition: 0]
[two_round: 0]
[header: 0]
[label_column: ]
[weight_column: ]
[group_column: ]
[ignore_column: ]
[categorical_feature: ]
[forcedbins_filename: ]
[precise_float_parser: 0]
[parser_config_file: ]
[objective_seed: 1478]
[num_class: 1]
[is_unbalance: 0]
[scale_pos_weight: 1]
[sigmoid: 1]
[boost_from_average: 1]
[reg_sqrt: 0]
[alpha: 0.9]
[fair_c: 1]
[poisson_max_delta_step: 0.7]
[tweedie_variance_power: 1.5]
[lambdarank_truncation_level: 30]
[lambdarank_norm: 1]
[label_gain: ]
[lambdarank_position_bias_regularization: 0]
[eval_at: ]
[multi_error_top_k: 1]
[auc_mu_weights: ]
[num_machines: 1]
[local_listen_port: 12400]
[time_out: 120]
[machine_list_filename: ]
[machines: ]
[gpu_platform_id: -1]
[gpu_device_id: -1]
[gpu_device_id_list: ]
[gpu_use_dp: 0]
[num_gpu: 1]

end of parameters
