gan_acum,gan_suavizada,envio,celda,semilla
1.375,,25,A,100103
1.75,,50,A,100103
4.125,,75,A,100103
3.5,,100,A,100103
4.875,,125,A,100103
9.25,,150,A,100103
8.625,,175,A,100103
12,17.9,200,A,100103
17.375,20.7625,225,A,100103
21.75,23.935,250,A,100103
25.125,27.105,275,A,100103
34.5,30.3025,300,A,100103
36.875,33.5425,325,A,100103
40.25,36.6425,350,A,100103
42.625,39.8175,375,A,100103
46,43.0575,400,A,100103
49.375,46.1425,425,A,100103
52.75,49.055,450,A,100103
54.125,51.8525,475,A,100103
55.5,54.4975,500,A,100103
55.875,56.7525,525,A,100103
58.25,58.9625,550,A,100103
60.625,61.1625,575,A,100103
63,63.2725,600,A,100103
65.375,65.2325,625,A,100103
67.75,66.94,650,A,100103
69.125,68.62,675,A,100103
72.5,70.2175,700,A,100103
72.875,71.7825,725,A,100103
75.25,73.33,750,A,100103
77.625,74.78,775,A,100103
78,76.1725,800,A,100103
79.375,77.41,825,A,100103
79.75,78.39,850,A,100103
80.125,79.345,875,A,100103
80.5,80.0925,900,A,100103
80.875,80.7775,925,A,100103
82.25,81.3075,950,A,100103
82.625,81.7475,975,A,100103
84,82.1175,1000,A,100103
83.375,82.38,1025,A,100103
82.75,82.645,1050,A,100103
83.125,82.8575,1075,A,100103
83.5,83.1225,1100,A,100103
82.875,83.3825,1125,A,100103
83.25,83.585,1150,A,100103
83.625,83.78,1175,A,100103
83,83.98,1200,A,100103
82.375,84.21,1225,A,100103
83.75,84.535,1250,A,100103
84.125,84.8975,1275,A,100103
84.5,85.2625,1300,A,100103
84.875,85.7675,1325,A,100103
86.25,86.39,1350,A,100103
87.625,87.0025,1375,A,100103
87,87.565,1400,A,100103
88.375,88.2,1425,A,100103
88.75,88.825,1450,A,100103
89.125,89.4425,1475,A,100103
90.5,90.0075,1500,A,100103
91.875,90.525,1525,A,100103
93.25,91.0375,1550,A,100103
92.625,91.4675,1575,A,100103
92,91.83,1600,A,100103
93.375,92.1625,1625,A,100103
93.75,92.4,1650,A,100103
93.125,92.6325,1675,A,100103
93.5,92.835,1700,A,100103
92.875,92.8925,1725,A,100103
93.25,92.805,1750,A,100103
92.625,92.7225,1775,A,100103
93,92.69,1800,A,100103
92.375,92.68,1825,A,100103
91.75,92.5925,1850,A,100103
93.125,92.48,1875,A,100103
92.5,92.4025,1900,A,100103
91.875,92.34,1925,A,100103
91.25,92.2525,1950,A,100103
91.625,92.1275,1975,A,100103
93,92.015,2000,A,100103
92.375,91.9025,2025,A,100103
91.75,91.84,2050,A,100103
92.125,91.695,2075,A,100103
92.5,91.55,2100,A,100103
91.875,91.425,2125,A,100103
91.25,91.3,2150,A,100103
90.625,91.1325,2175,A,100103
91,90.9975,2200,A,100103
91.375,90.81,2225,A,100103
90.75,90.6775,2250,A,100103
90.125,90.5825,2275,A,100103
90.5,90.4425,2300,A,100103
89.875,90.3175,2325,A,100103
89.25,90.1925,2350,A,100103
88.625,90.0675,2375,A,100103
90,89.9275,2400,A,100103
89.375,89.87,2425,A,100103
89.75,89.86,2450,A,100103
90.125,89.865,2475,A,100103
90.5,89.885,2500,A,100103
89.875,89.9225,2525,A,100103
89.25,89.99,2550,A,100103
88.625,90.115,2575,A,100103
89,90.28,2600,A,100103
90.375,90.4825,2625,A,100103
90.75,90.6775,2650,A,100103
91.125,90.8225,2675,A,100103
90.5,90.915,2700,A,100103
90.875,91.035,2725,A,100103
91.25,91.2025,2750,A,100103
90.625,91.4525,2775,A,100103
93,91.655,2800,A,100103
93.375,91.7625,2825,A,100103
92.75,91.7725,2850,A,100103
92.125,91.7675,2875,A,100103
91.5,91.705,2900,A,100103
91.875,91.605,2925,A,100103
93.25,91.49,2950,A,100103
92.625,91.4125,2975,A,100103
92,91.2475,3000,A,100103
91.375,91.045,3025,A,100103
90.75,90.845,3050,A,100103
90.125,90.6575,3075,A,100103
89.5,90.47,3100,A,100103
88.875,90.26,3125,A,100103
89.25,90.03,3150,A,100103
89.625,89.7175,3175,A,100103
90,89.4075,3200,A,100103
89.375,89.1575,3225,A,100103
89.75,88.9075,3250,A,100103
89.125,88.6575,3275,A,100103
88.5,88.4075,3300,A,100103
88.875,88.1575,3325,A,100103
88.25,87.8925,3350,A,100103
87.625,87.5325,3375,A,100103
88,87.1375,3400,A,100103
87.375,86.7575,3425,A,100103
86.75,86.39,3450,A,100103
86.125,86.1225,3475,A,100103
85.5,85.8725,3500,A,100103
84.875,85.645,3525,A,100103
84.25,85.395,3550,A,100103
83.625,85.145,3575,A,100103
83,84.8925,3600,A,100103
83.375,84.6025,3625,A,100103
84.75,84.3525,3650,A,100103
85.125,84.1025,3675,A,100103
84.5,83.8525,3700,A,100103
84.875,83.6025,3725,A,100103
84.25,83.3525,3750,A,100103
83.625,83.1025,3775,A,100103
83,82.88,3800,A,100103
83.375,82.635,3825,A,100103
82.75,82.3275,3850,A,100103
82.125,81.9075,3875,A,100103
81.5,81.47,3900,A,100103
80.875,80.975,3925,A,100103
80.25,80.5375,3950,A,100103
79.625,80.1625,3975,A,100103
80,79.7875,4000,A,100103
79.375,79.39,4025,A,100103
78.75,78.9525,4050,A,100103
78.125,78.5775,4075,A,100103
77.5,78.2025,4100,A,100103
76.875,77.8275,4125,A,100103
78.25,77.495,4150,A,100103
77.625,77.1825,4175,A,100103
77,76.8425,4200,A,100103
76.375,76.4675,4225,A,100103
75.75,76.1325,4250,A,100103
76.125,75.82,4275,A,100103
75.5,75.5075,4300,A,100103
74.875,75.2525,4325,A,100103
75.25,74.94,4350,A,100103
74.625,74.565,4375,A,100103
74,74.19,4400,A,100103
73.375,73.815,4425,A,100103
73.75,73.4575,4450,A,100103
73.125,73.11,4475,A,100103
72.5,72.7975,4500,A,100103
72.875,72.485,4525,A,100103
72.25,72.13,4550,A,100103
71.625,71.755,4575,A,100103
71,71.3925,4600,A,100103
70.375,71.1375,4625,A,100103
70.75,70.8475,4650,A,100103
71.125,70.535,4675,A,100103
70.5,70.2225,4700,A,100103
69.875,69.8525,4725,A,100103
69.25,69.4775,4750,A,100103
68.625,69.1025,4775,A,100103
69,68.7275,4800,A,100103
69.375,68.3525,4825,A,100103
68.75,67.96,4850,A,100103
68.125,67.5275,4875,A,100103
67.5,67.09,4900,A,100103
66.875,66.6525,4925,A,100103
66.25,66.215,4950,A,100103
65.625,65.8125,4975,A,100103
65,65.425,5000,A,100103
64.375,64.965,5025,A,100103
63.75,64.5275,5050,A,100103
64.125,64.09,5075,A,100103
63.5,63.6875,5100,A,100103
62.875,63.465,5125,A,100103
62.25,63.2775,5150,A,100103
62.625,63.09,5175,A,100103
62,62.9025,5200,A,100103
62.375,62.715,5225,A,100103
61.75,62.5275,5250,A,100103
61.125,62.3075,5275,A,100103
63.5,62.07,5300,A,100103
63.875,61.89,5325,A,100103
63.25,61.765,5350,A,100103
62.625,61.605,5375,A,100103
62,61.4175,5400,A,100103
61.375,61.2525,5425,A,100103
60.75,61.065,5450,A,100103
60.125,60.885,5475,A,100103
60.5,60.76,5500,A,100103
60.875,60.545,5525,A,100103
60.25,60.295,5550,A,100103
59.625,60.045,5575,A,100103
59,59.795,5600,A,100103
59.375,59.56,5625,A,100103
58.75,59.38,5650,A,100103
59.125,59.255,5675,A,100103
60.5,59.1175,5700,A,100103
59.875,58.9225,5725,A,100103
59.25,58.6725,5750,A,100103
58.625,58.4225,5775,A,100103
58,58.1725,5800,A,100103
58.375,57.865,5825,A,100103
58.75,57.5575,5850,A,100103
58.125,57.3,5875,A,100103
57.5,57.01,5900,A,100103
56.875,56.635,5925,A,100103
56.25,56.3225,5950,A,100103
55.625,56.0725,5975,A,100103
55,55.8225,6000,A,100103
54.375,55.5575,6025,A,100103
54.75,55.2375,6050,A,100103
54.125,54.8625,6075,A,100103
54.5,54.4875,6100,A,100103
53.875,54.1125,6125,A,100103
55.25,53.7375,6150,A,100103
54.625,53.3625,6175,A,100103
54,52.9875,6200,A,100103
53.375,52.64,6225,A,100103
52.75,52.3225,6250,A,100103
52.125,51.9475,6275,A,100103
51.5,51.515,6300,A,100103
50.875,51.1025,6325,A,100103
50.25,50.665,6350,A,100103
49.625,50.165,6375,A,100103
49,49.6975,6400,A,100103
49.375,49.2875,6425,A,100103
48.75,48.9125,6450,A,100103
48.125,48.5525,6475,A,100103
47.5,48.24,6500,A,100103
47.875,47.9275,6525,A,100103
47.25,47.615,6550,A,100103
46.625,47.3025,6575,A,100103
47,47.0025,6600,A,100103
47.375,46.725,6625,A,100103
46.75,46.4125,6650,A,100103
47.125,46.1075,6675,A,100103
46.5,45.8575,6700,A,100103
45.875,45.5825,6725,A,100103
45.25,45.27,6750,A,100103
44.625,44.9575,6775,A,100103
45,44.6125,6800,A,100103
44.375,44.21,6825,A,100103
43.75,43.7725,6850,A,100103
44.125,43.32,6875,A,100103
43.5,42.82,6900,A,100103
42.875,42.32,6925,A,100103
42.25,41.82,6950,A,100103
41.625,41.35,6975,A,100103
41,40.9,7000,A,100103
40.375,40.4,7025,A,100103
39.75,39.9,7050,A,100103
39.125,39.3925,7075,A,100103
38.5,38.8725,7100,A,100103
37.875,38.3725,7125,A,100103
37.25,37.8725,7150,A,100103
37.625,37.3725,7175,A,100103
37,36.8725,7200,A,100103
36.375,36.3725,7225,A,100103
35.75,35.8825,7250,A,100103
35.125,35.4925,7275,A,100103
35.5,35.1175,7300,A,100103
34.875,34.7425,7325,A,100103
34.25,34.3675,7350,A,100103
33.625,33.9625,7375,A,100103
33,33.525,7400,A,100103
32.375,33.0875,7425,A,100103
32.75,32.7075,7450,A,100103
33.125,32.3325,7475,A,100103
32.5,31.915,7500,A,100103
31.875,31.4775,7525,A,100103
31.25,31.04,7550,A,100103
30.625,30.6025,7575,A,100103
30,30.165,7600,A,100103
29.375,29.7275,7625,A,100103
29.75,29.28,7650,A,100103
29.125,28.7325,7675,A,100103
28.5,28.2225,7700,A,100103
27.875,27.7225,7725,A,100103
27.25,27.2225,7750,A,100103
26.625,26.765,7775,A,100103
26,26.3275,7800,A,100103
25.375,25.89,7825,A,100103
24.75,25.395,7850,A,100103
24.125,24.895,7875,A,100103
24.5,24.4125,7900,A,100103
23.875,23.975,7925,A,100103
23.25,23.5375,7950,A,100103
23.625,23.1,7975,A,100103
23,22.6625,8000,A,100103
22.375,22.225,8025,A,100103
21.75,21.7875,8050,A,100103
21.125,21.35,8075,A,100103
21.5,20.86,8100,A,100103
20.875,20.36,8125,A,100103
20.25,19.86,8150,A,100103
19.625,19.3175,8175,A,100103
19,18.755,8200,A,100103
18.375,18.1925,8225,A,100103
17.75,17.63,8250,A,100103
17.125,17.0675,8275,A,100103
16.5,16.4875,8300,A,100103
15.875,15.8625,8325,A,100103
15.25,15.2725,8350,A,100103
14.625,14.71,8375,A,100103
14,14.1475,8400,A,100103
13.375,13.585,8425,A,100103
12.75,13.0225,8450,A,100103
12.125,12.485,8475,A,100103
11.5,11.985,8500,A,100103
10.875,11.485,8525,A,100103
11.25,10.985,8550,A,100103
10.625,10.485,8575,A,100103
9.99999999999998,9.98499999999998,8600,A,100103
9.37499999999998,9.48499999999998,8625,A,100103
8.74999999999998,8.98499999999998,8650,A,100103
9.12499999999998,8.48499999999998,8675,A,100103
8.49999999999998,7.98499999999998,8700,A,100103
7.87499999999998,7.48499999999998,8725,A,100103
7.24999999999998,6.94999999999998,8750,A,100103
6.62499999999998,6.38749999999998,8775,A,100103
5.99999999999998,5.82499999999998,8800,A,100103
5.37499999999998,5.26249999999998,8825,A,100103
4.74999999999998,4.69999999999998,8850,A,100103
4.12499999999998,4.11249999999998,8875,A,100103
3.49999999999998,3.48749999999998,8900,A,100103
2.87499999999998,2.86249999999998,8925,A,100103
2.24999999999998,2.23749999999998,8950,A,100103
1.62499999999998,1.61999999999998,8975,A,100103
0.999999999999983,1.05749999999998,9000,A,100103
0.374999999999983,0.494999999999983,9025,A,100103
-0.250000000000017,-0.0675000000000173,9050,A,100103
-0.875000000000017,-0.630000000000017,9075,A,100103
-1.50000000000002,-1.19250000000002,9100,A,100103
-2.12500000000002,-1.75500000000002,9125,A,100103
-2.75000000000002,-2.30250000000002,9150,A,100103
-2.37500000000002,-2.80250000000002,9175,A,100103
-3.00000000000002,-3.30250000000002,9200,A,100103
-3.62500000000002,-3.80250000000002,9225,A,100103
-4.25000000000002,-4.30250000000002,9250,A,100103
-4.87500000000002,-4.80250000000002,9275,A,100103
-5.50000000000002,-5.30250000000002,9300,A,100103
-6.12500000000002,-5.80250000000002,9325,A,100103
-5.75000000000002,-6.30250000000002,9350,A,100103
-6.37500000000002,-6.81000000000002,9375,A,100103
-7.00000000000002,-7.37250000000002,9400,A,100103
-7.62500000000002,-7.93500000000002,9425,A,100103
-8.25000000000002,-8.49750000000002,9450,A,100103
-8.87500000000002,-9.06000000000002,9475,A,100103
-9.50000000000002,-9.62250000000002,9500,A,100103
-10.125,-10.185,9525,A,100103
-10.75,-10.7625,9550,A,100103
-11.375,-11.3275,9575,A,100103
-12,-11.89,9600,A,100103
-12.625,-12.4525,9625,A,100103
-13.25,-13.015,9650,A,100103
-13.875,-13.5775,9675,A,100103
-14.5,-14.14,9700,A,100103
-15.125,-14.7025,9725,A,100103
-15.75,-15.265,9750,A,100103
-15.375,-15.8275,9775,A,100103
-16,-16.39,9800,A,100103
-16.625,-16.9525,9825,A,100103
-17.25,-17.515,9850,A,100103
-17.875,-18.0775,9875,A,100103
-18.5,-18.635,9900,A,100103
-19.125,-19.135,9925,A,100103
-19.75,-19.635,9950,A,100103
-20.375,-20.195,9975,A,100103
-21,-20.7575,10000,A,100103
-21.625,-21.32,10025,A,100103
-22.25,-21.8825,10050,A,100103
-22.875,-22.445,10075,A,100103
-22.5,-23.0075,10100,A,100103
-23.125,-23.57,10125,A,100103
-23.75,-24.1325,10150,A,100103
-24.375,-24.695,10175,A,100103
-25,-25.2575,10200,A,100103
-25.625,-25.82,10225,A,100103
-26.25,-26.3825,10250,A,100103
-26.875,-26.945,10275,A,100103
-27.5,-27.5125,10300,A,100103
-28.125,-28.1375,10325,A,100103
-28.75,-28.7625,10350,A,100103
-29.375,-29.3875,10375,A,100103
-30,-30.0125,10400,A,100103
-30.625,-30.6375,10425,A,100103
-31.25,-31.2625,10450,A,100103
-31.875,-31.8875,10475,A,100103
-32.5,-32.5125,10500,A,100103
-33.125,-33.1375,10525,A,100103
-33.75,-33.7625,10550,A,100103
-34.375,-34.3875,10575,A,100103
-35,-35.005,10600,A,100103
-35.625,-35.5675,10625,A,100103
-36.25,-36.13,10650,A,100103
-36.875,-36.6925,10675,A,100103
-37.5,-37.255,10700,A,100103
-38.125,-37.8175,10725,A,100103
-38.75,-38.38,10750,A,100103
-39.375,-38.9425,10775,A,100103
-39,-39.505,10800,A,100103
-39.625,-40.0675,10825,A,100103
-40.25,-40.6125,10850,A,100103
-40.875,-41.1125,10875,A,100103
-41.5,-41.6125,10900,A,100103
-42.125,-42.1125,10925,A,100103
-42.75,-42.6125,10950,A,100103
-43.375,-43.1125,10975,A,100103
-44,-43.62,11000,A,100103
-44.625,-44.1825,11025,A,100103
-44.25,-44.745,11050,A,100103
-44.875,-45.3075,11075,A,100103
-45.5,-45.87,11100,A,100103
-46.125,-46.4325,11125,A,100103
-46.75,-46.995,11150,A,100103
-47.375,-47.5575,11175,A,100103
-48,-48.12,11200,A,100103
-48.625,-48.6825,11225,A,100103
-49.25,-49.2625,11250,A,100103
-49.875,-49.8875,11275,A,100103
-50.5,-50.5125,11300,A,100103
-51.125,-51.1375,11325,A,100103
-51.75,-51.7625,11350,A,100103
-52.375,-52.3875,11375,A,100103
-53,-53.0125,11400,A,100103
-53.625,-53.6375,11425,A,100103
-54.25,-54.2625,11450,A,100103
-54.875,-54.8875,11475,A,100103
-55.5,-55.495,11500,A,100103
-56.125,-56.0575,11525,A,100103
-56.75,-56.62,11550,A,100103
-57.375,-57.1825,11575,A,100103
-58,-57.745,11600,A,100103
-58.625,-58.3075,11625,A,100103
-59.25,-58.87,11650,A,100103
-59.875,-59.4325,11675,A,100103
-59.5,-59.995,11700,A,100103
-60.125,-60.5575,11725,A,100103
-60.75,-61.12,11750,A,100103
-61.375,-61.6825,11775,A,100103
-62,-62.245,11800,A,100103
-62.625,-62.8075,11825,A,100103
-63.25,-63.37,11850,A,100103
-63.875,-63.9325,11875,A,100103
-64.5,-64.5125,11900,A,100103
-65.125,-65.1375,11925,A,100103
-65.75,-65.7625,11950,A,100103
-66.375,-66.3875,11975,A,100103
-67,-67.0125,12000,A,100103
-67.625,-67.6375,12025,A,100103
-68.25,-68.2625,12050,A,100103
-68.875,-68.8875,12075,A,100103
-69.5,-69.5125,12100,A,100103
-70.125,-70.1375,12125,A,100103
-70.75,-70.7625,12150,A,100103
-71.375,-71.3875,12175,A,100103
-72,-72.0125,12200,A,100103
-72.625,-72.6375,12225,A,100103
-73.25,-73.25,12250,A,100103
-73.875,-73.8125,12275,A,100103
-74.5,-74.375,12300,A,100103
-75.125,-74.9375,12325,A,100103
-75.75,-75.5,12350,A,100103
-76.375,-76.0625,12375,A,100103
-77,-76.625,12400,A,100103
-77.625,-77.1875,12425,A,100103
-77.25,-77.75,12450,A,100103
-77.875,-78.3125,12475,A,100103
-78.5,-78.875,12500,A,100103
-79.125,-79.4375,12525,A,100103
-79.75,-80,12550,A,100103
-80.375,-80.5275,12575,A,100103
-81,-81.0275,12600,A,100103
-81.625,-81.5275,12625,A,100103
-82.25,-82.04,12650,A,100103
-82.875,-82.6025,12675,A,100103
-83.5,-83.165,12700,A,100103
-84.125,-83.7275,12725,A,100103
-84.75,-84.29,12750,A,100103
-84.375,-84.8525,12775,A,100103
-85,-85.415,12800,A,100103
-85.625,-85.9775,12825,A,100103
-86.25,-86.54,12850,A,100103
-86.875,-87.1025,12875,A,100103
-87.5,-87.665,12900,A,100103
-88.125,-88.2275,12925,A,100103
-88.75,-88.79,12950,A,100103
-89.375,-89.325,12975,A,100103
-90,-89.8875,13000,A,100103
-90.625,-90.45,13025,A,100103
-91.25,-91.0125,13050,A,100103
-91.875,-91.575,13075,A,100103
-92.5,-92.1375,13100,A,100103
-93.125,-92.7,13125,A,100103
-93.75,-93.2625,13150,A,100103
-93.375,-93.825,13175,A,100103
-94,-94.3875,13200,A,100103
-94.625,-94.95,13225,A,100103
-95.25,-95.5125,13250,A,100103
-95.875,-96.075,13275,A,100103
-96.5,-96.6375,13300,A,100103
-97.125,-97.2,13325,A,100103
-97.75,-97.7625,13350,A,100103
-98.375,-98.3875,13375,A,100103
-99,-99.0125,13400,A,100103
-99.625,-99.6375,13425,A,100103
-100.25,-100.2625,13450,A,100103
-100.875,-100.8875,13475,A,100103
-101.5,-101.5125,13500,A,100103
-102.125,-102.1375,13525,A,100103
-102.75,-102.7625,13550,A,100103
-103.375,-103.3875,13575,A,100103
-104,-104.0125,13600,A,100103
-104.625,-104.6375,13625,A,100103
-105.25,-105.2625,13650,A,100103
-105.875,-105.8875,13675,A,100103
-106.5,-106.5125,13700,A,100103
-107.125,-107.1375,13725,A,100103
-107.75,-107.7625,13750,A,100103
-108.375,-108.3875,13775,A,100103
-109,-109.0125,13800,A,100103
-109.625,-109.6375,13825,A,100103
-110.25,-110.2625,13850,A,100103
-110.875,-110.8875,13875,A,100103
-111.5,-111.5125,13900,A,100103
-112.125,-112.1375,13925,A,100103
-112.75,-112.7625,13950,A,100103
-113.375,-113.3875,13975,A,100103
-114,-114.0125,14000,A,100103
-114.625,-114.6375,14025,A,100103
-115.25,-115.2625,14050,A,100103
-115.875,-115.8875,14075,A,100103
-116.5,-116.5125,14100,A,100103
-117.125,-117.1375,14125,A,100103
-117.75,-117.7625,14150,A,100103
-118.375,-118.3275,14175,A,100103
-119,-118.89,14200,A,100103
-119.625,-119.4525,14225,A,100103
-120.25,-120.015,14250,A,100103
-120.875,-120.5775,14275,A,100103
-121.5,-121.14,14300,A,100103
-122.125,-121.7025,14325,A,100103
-122.75,-122.265,14350,A,100103
-122.375,-122.8275,14375,A,100103
-123,-123.39,14400,A,100103
-123.625,-123.9525,14425,A,100103
-124.25,-124.515,14450,A,100103
-124.875,-125.0775,14475,A,100103
-125.5,-125.64,14500,A,100103
-126.125,-126.2025,14525,A,100103
-126.75,-126.765,14550,A,100103
-127.375,-127.3875,14575,A,100103
-128,-128.0125,14600,A,100103
-128.625,-128.6375,14625,A,100103
-129.25,-129.2625,14650,A,100103
-129.875,-129.8875,14675,A,100103
-130.5,-130.5125,14700,A,100103
-131.125,-131.1375,14725,A,100103
-131.75,-131.7625,14750,A,100103
-132.375,-132.3875,14775,A,100103
-133,-133.0125,14800,A,100103
-133.625,-133.6375,14825,A,100103
-134.25,-134.2625,14850,A,100103
-134.875,-134.8875,14875,A,100103
-135.5,-135.5125,14900,A,100103
-136.125,-136.1375,14925,A,100103
-136.75,-136.7625,14950,A,100103
-137.375,-137.3875,14975,A,100103
-138,-138.0125,15000,A,100103
-138.625,-138.6375,15025,A,100103
-139.25,-139.2625,15050,A,100103
-139.875,-139.8875,15075,A,100103
-140.5,-140.5125,15100,A,100103
-141.125,-141.1375,15125,A,100103
-141.75,-141.7625,15150,A,100103
-142.375,-142.3875,15175,A,100103
-143,-143.0125,15200,A,100103
-143.625,-143.6375,15225,A,100103
-144.25,-144.2625,15250,A,100103
-144.875,-144.8875,15275,A,100103
-145.5,-145.5125,15300,A,100103
-146.125,-146.1375,15325,A,100103
-146.75,-146.7625,15350,A,100103
-147.375,-147.3875,15375,A,100103
-148,-148.0125,15400,A,100103
-148.625,-148.6375,15425,A,100103
-149.25,-149.2625,15450,A,100103
-149.875,-149.8875,15475,A,100103
-150.5,-150.5125,15500,A,100103
-151.125,-151.1375,15525,A,100103
-151.75,-151.7625,15550,A,100103
-152.375,-152.3875,15575,A,100103
-153,-153.0125,15600,A,100103
-153.625,-153.6375,15625,A,100103
-154.25,-154.2625,15650,A,100103
-154.875,-154.8875,15675,A,100103
-155.5,-155.5125,15700,A,100103
-156.125,-156.1375,15725,A,100103
-156.75,-156.7625,15750,A,100103
-157.375,-157.3875,15775,A,100103
-158,-158.0125,15800,A,100103
-158.625,-158.635,15825,A,100103
-159.25,-159.1975,15850,A,100103
-159.875,-159.76,15875,A,100103
-160.5,-160.3225,15900,A,100103
-161.125,-160.885,15925,A,100103
-161.75,-161.4475,15950,A,100103
-162.375,-162.01,15975,A,100103
-163,-162.5725,16000,A,100103
-162.625,-163.135,16025,A,100103
-163.25,-163.6975,16050,A,100103
-163.875,-164.26,16075,A,100103
-164.5,-164.7325,16100,A,100103
-165.125,-165.17,16125,A,100103
-165.75,-165.6075,16150,A,100103
-166.375,-166.045,16175,A,100103
-167,-166.4825,16200,A,100103
-167.625,-166.9225,16225,A,100103
-168.25,-167.4225,16250,A,100103
-168.875,-167.9225,16275,A,100103
-167.5,-168.4225,16300,A,100103
-168.125,-168.9225,16325,A,100103
-168.75,-169.4225,16350,A,100103
-169.375,-169.9225,16375,A,100103
-170,-170.4225,16400,A,100103
-170.625,-170.9225,16425,A,100103
-171.25,-171.4225,16450,A,100103
-171.875,-171.9225,16475,A,100103
-172.5,-172.5125,16500,A,100103
-173.125,-173.1375,16525,A,100103
-173.75,-173.7625,16550,A,100103
-174.375,-174.3875,16575,A,100103
-175,-175.0125,16600,A,100103
-175.625,-175.6375,16625,A,100103
-176.25,-176.2625,16650,A,100103
-176.875,-176.8875,16675,A,100103
-177.5,-177.5125,16700,A,100103
-178.125,-178.1375,16725,A,100103
-178.75,-178.7625,16750,A,100103
-179.375,-179.3875,16775,A,100103
-180,-180.0125,16800,A,100103
-180.625,-180.6375,16825,A,100103
-181.25,-181.2625,16850,A,100103
-181.875,-181.8875,16875,A,100103
-182.5,-182.5125,16900,A,100103
-183.125,-183.1375,16925,A,100103
-183.75,-183.7625,16950,A,100103
-184.375,-184.3775,16975,A,100103
-185,-184.94,17000,A,100103
-185.625,-185.5025,17025,A,100103
-186.25,-186.065,17050,A,100103
-186.875,-186.6275,17075,A,100103
-187.5,-187.19,17100,A,100103
-188.125,-187.7525,17125,A,100103
-188.75,-188.315,17150,A,100103
-188.375,-188.8775,17175,A,100103
-189,-189.44,17200,A,100103
-189.625,-190.0025,17225,A,100103
-190.25,-190.565,17250,A,100103
-190.875,-191.1275,17275,A,100103
-191.5,-191.69,17300,A,100103
-192.125,-192.2525,17325,A,100103
-192.75,-192.815,17350,A,100103
-193.375,-193.3875,17375,A,100103
-194,-194.0125,17400,A,100103
-194.625,-194.6375,17425,A,100103
-195.25,-195.2625,17450,A,100103
-195.875,-195.8875,17475,A,100103
-196.5,-196.5125,17500,A,100103
-197.125,-197.1375,17525,A,100103
-197.75,-197.7625,17550,A,100103
-198.375,-198.3875,17575,A,100103
-199,-199.0125,17600,A,100103
-199.625,-199.6375,17625,A,100103
-200.25,-200.2625,17650,A,100103
-200.875,-200.8875,17675,A,100103
-201.5,-201.5125,17700,A,100103
-202.125,-202.1375,17725,A,100103
-202.75,-202.7625,17750,A,100103
-203.375,-203.3875,17775,A,100103
-204,-204.0125,17800,A,100103
-204.625,-204.6375,17825,A,100103
-205.25,-205.2625,17850,A,100103
-205.875,-205.8875,17875,A,100103
-206.5,-206.5125,17900,A,100103
-207.125,-207.1375,17925,A,100103
-207.75,-207.7625,17950,A,100103
-208.375,-208.3875,17975,A,100103
-209,-209.0125,18000,A,100103
-209.625,-209.6375,18025,A,100103
-210.25,-210.2625,18050,A,100103
-210.875,-210.8875,18075,A,100103
-211.5,-211.5125,18100,A,100103
-212.125,-212.1375,18125,A,100103
-212.75,-212.7625,18150,A,100103
-213.375,-213.3875,18175,A,100103
-214,-214.0125,18200,A,100103
-214.625,-214.6375,18225,A,100103
-215.25,-215.2625,18250,A,100103
-215.875,-215.8875,18275,A,100103
-216.5,-216.5125,18300,A,100103
-217.125,-217.1375,18325,A,100103
-217.75,-217.7625,18350,A,100103
-218.375,-218.3875,18375,A,100103
-219,-219.0125,18400,A,100103
-219.625,-219.6375,18425,A,100103
-220.25,-220.2625,18450,A,100103
-220.875,-220.8875,18475,A,100103
-221.5,-221.5125,18500,A,100103
-222.125,-222.1375,18525,A,100103
-222.75,-222.7625,18550,A,100103
-223.375,-223.3875,18575,A,100103
-224,-224.0125,18600,A,100103
-224.625,-224.6375,18625,A,100103
-225.25,-225.2625,18650,A,100103
-225.875,-225.8875,18675,A,100103
-226.5,-226.5125,18700,A,100103
-227.125,-227.1375,18725,A,100103
-227.75,-227.7625,18750,A,100103
-228.375,-228.3875,18775,A,100103
-229,-229.0125,18800,A,100103
-229.625,-229.6375,18825,A,100103
-230.25,-230.2625,18850,A,100103
-230.875,-230.8875,18875,A,100103
-231.5,-231.5125,18900,A,100103
-232.125,-232.1375,18925,A,100103
-232.75,-232.7625,18950,A,100103
-233.375,-233.3875,18975,A,100103
-234,-234.0125,19000,A,100103
-234.625,-234.6375,19025,A,100103
-235.25,-235.2625,19050,A,100103
-235.875,-235.8875,19075,A,100103
-236.5,-236.5125,19100,A,100103
-237.125,-237.1375,19125,A,100103
-237.75,-237.7625,19150,A,100103
-238.375,-238.3875,19175,A,100103
-239,-239.0125,19200,A,100103
-239.625,-239.6375,19225,A,100103
-240.25,-240.2625,19250,A,100103
-240.875,-240.8875,19275,A,100103
-241.5,-241.5125,19300,A,100103
-242.125,-242.1375,19325,A,100103
-242.75,-242.7625,19350,A,100103
-243.375,-243.3875,19375,A,100103
-244,-244.0125,19400,A,100103
-244.625,-244.6375,19425,A,100103
-245.25,-245.2625,19450,A,100103
-245.875,-245.8875,19475,A,100103
-246.5,-246.5125,19500,A,100103
-247.125,-247.1375,19525,A,100103
-247.75,-247.7625,19550,A,100103
-248.375,-248.3875,19575,A,100103
-249,-249.0125,19600,A,100103
-249.625,-249.6375,19625,A,100103
-250.25,-250.2625,19650,A,100103
-250.875,-250.8875,19675,A,100103
-251.5,-251.5125,19700,A,100103
-252.125,-252.1375,19725,A,100103
-252.75,-252.7625,19750,A,100103
-253.375,-253.3875,19775,A,100103
-254,-254.0125,19800,A,100103
-254.625,-254.6375,19825,A,100103
-255.25,-255.2625,19850,A,100103
-255.875,-255.8875,19875,A,100103
-256.5,-256.5125,19900,A,100103
-257.125,-257.1375,19925,A,100103
-257.75,-257.7625,19950,A,100103
-258.375,-258.3875,19975,A,100103
-259,-259.0125,20000,A,100103
1.375,,25,A,315967
1.75,,50,A,315967
1.125,,75,A,315967
3.5,,100,A,315967
5.875,,125,A,315967
10.25,,150,A,315967
12.625,,175,A,315967
15,18.455,200,A,315967
19.375,21.315,225,A,315967
24.75,24.3175,250,A,315967
26.125,27.38,275,A,315967
31.5,30.3875,300,A,315967
34.875,33.4325,325,A,315967
38.25,36.465,350,A,315967
42.625,39.42,375,A,315967
45,42.415,400,A,315967
48.375,45.395,425,A,315967
50.75,48.14,450,A,315967
50.125,50.76,475,A,315967
52.5,53.3825,500,A,315967
53.875,55.64,525,A,315967
58.25,57.77,550,A,315967
60.625,59.78,575,A,315967
63,61.56,600,A,315967
65.375,63.265,625,A,315967
66.75,64.7275,650,A,315967
69.125,66.2275,675,A,315967
70.5,67.815,700,A,315967
69.875,69.3925,725,A,315967
71.25,70.7375,750,A,315967
72.625,72.0125,775,A,315967
74,73.115,800,A,315967
73.375,73.975,825,A,315967
73.75,74.7575,850,A,315967
75.125,75.55,875,A,315967
78.5,76.1425,900,A,315967
77.875,76.86,925,A,315967
79.25,77.645,950,A,315967
79.625,78.395,975,A,315967
79,79.055,1000,A,315967
79.375,79.6925,1025,A,315967
79.75,80.41,1050,A,315967
80.125,81.1325,1075,A,315967
80.5,81.78,1100,A,315967
81.875,82.37,1125,A,315967
84.25,83.0075,1150,A,315967
83.625,83.6625,1175,A,315967
83,84.4825,1200,A,315967
84.375,85.3225,1225,A,315967
85.75,86.125,1250,A,315967
87.125,86.855,1275,A,315967
87.5,87.66,1300,A,315967
87.875,88.3625,1325,A,315967
89.25,89.0525,1350,A,315967
91.625,89.8,1375,A,315967
93,90.6075,1400,A,315967
92.375,91.3675,1425,A,315967
91.75,92.07,1450,A,315967
92.125,92.6675,1475,A,315967
92.5,93.2625,1500,A,315967
94.875,93.7975,1525,A,315967
95.25,94.21,1550,A,315967
95.625,94.5125,1575,A,315967
96,94.65,1600,A,315967
96.375,94.835,1625,A,315967
95.75,95.0225,1650,A,315967
96.125,95.1775,1675,A,315967
96.5,95.2425,1700,A,315967
95.875,95.26,1725,A,315967
95.25,95.125,1750,A,315967
94.625,94.92,1775,A,315967
95,94.675,1800,A,315967
95.375,94.4025,1825,A,315967
94.75,94.1225,1850,A,315967
94.125,93.865,1875,A,315967
93.5,93.5175,1900,A,315967
92.875,93.1975,1925,A,315967
92.25,92.885,1950,A,315967
92.625,92.5725,1975,A,315967
92,92.29,2000,A,315967
91.375,92.015,2025,A,315967
91.75,91.8275,2050,A,315967
91.125,91.7,2075,A,315967
90.5,91.585,2100,A,315967
90.875,91.58,2125,A,315967
90.25,91.6325,2150,A,315967
89.625,91.6525,2175,A,315967
91,91.6525,2200,A,315967
91.375,91.655,2225,A,315967
91.75,91.705,2250,A,315967
92.125,91.7675,2275,A,315967
92.5,91.8825,2300,A,315967
92.875,91.9525,2325,A,315967
93.25,92.1425,2350,A,315967
92.625,92.4,2375,A,315967
92,92.695,2400,A,315967
92.375,92.91,2425,A,315967
92.75,93.035,2450,A,315967
92.125,93.1,2475,A,315967
92.5,93.1525,2500,A,315967
91.875,93.1125,2525,A,315967
94.25,93.06,2550,A,315967
94.625,92.9975,2575,A,315967
95,92.935,2600,A,315967
94.375,92.9325,2625,A,315967
93.75,92.85,2650,A,315967
93.125,92.725,2675,A,315967
92.5,92.5975,2700,A,315967
92.875,92.4725,2725,A,315967
92.25,92.22,2750,A,315967
91.625,91.9,2775,A,315967
91,91.4925,2800,A,315967
91.375,91.0575,2825,A,315967
90.75,90.745,2850,A,315967
90.125,90.4325,2875,A,315967
90.5,90.1525,2900,A,315967
89.875,89.885,2925,A,315967
89.25,89.6225,2950,A,315967
88.625,89.3725,2975,A,315967
88,89.1225,3000,A,315967
88.375,88.81,3025,A,315967
88.75,88.5175,3050,A,315967
88.125,88.2675,3075,A,315967
88.5,87.9675,3100,A,315967
87.875,87.655,3125,A,315967
88.25,87.3425,3150,A,315967
87.625,87.0475,3175,A,315967
87,86.8075,3200,A,315967
86.375,86.6275,3225,A,315967
86.75,86.435,3250,A,315967
86.125,86.31,3275,A,315967
85.5,86.1525,3300,A,315967
84.875,85.965,3325,A,315967
84.25,85.7275,3350,A,315967
84.625,85.4775,3375,A,315967
85,85.2275,3400,A,315967
85.375,84.98,3425,A,315967
86.75,84.7725,3450,A,315967
86.125,84.5225,3475,A,315967
85.5,84.2725,3500,A,315967
84.875,84.0225,3525,A,315967
84.25,83.7725,3550,A,315967
83.625,83.5475,3575,A,315967
83,83.2875,3600,A,315967
83.375,83.0275,3625,A,315967
82.75,82.6575,3650,A,315967
82.125,82.2575,3675,A,315967
81.5,81.8825,3700,A,315967
80.875,81.5075,3725,A,315967
80.25,81.18,3750,A,315967
80.625,80.8675,3775,A,315967
80,80.57,3800,A,315967
80.375,80.3675,3825,A,315967
79.75,80.1175,3850,A,315967
80.125,79.94,3875,A,315967
79.5,79.815,3900,A,315967
78.875,79.69,3925,A,315967
79.25,79.565,3950,A,315967
78.625,79.3975,3975,A,315967
79,79.21,4000,A,315967
79.375,78.97,4025,A,315967
78.75,78.8275,4050,A,315967
80.125,78.665,4075,A,315967
79.5,78.4775,4100,A,315967
78.875,78.29,4125,A,315967
78.25,78.055,4150,A,315967
77.625,77.805,4175,A,315967
77,77.58,4200,A,315967
77.375,77.28,4225,A,315967
77.75,76.9675,4250,A,315967
77.125,76.5825,4275,A,315967
76.5,76.145,4300,A,315967
75.875,75.7075,4325,A,315967
75.25,75.335,4350,A,315967
74.625,75.0225,4375,A,315967
75,74.71,4400,A,315967
74.375,74.3875,4425,A,315967
73.75,73.9675,4450,A,315967
73.125,73.5525,4475,A,315967
72.5,73.2025,4500,A,315967
71.875,72.89,4525,A,315967
73.25,72.5775,4550,A,315967
72.625,72.265,4575,A,315967
72,71.9125,4600,A,315967
71.375,71.55,4625,A,315967
70.75,71.29,4650,A,315967
71.125,71.04,4675,A,315967
71.5,70.79,4700,A,315967
70.875,70.54,4725,A,315967
70.25,70.225,4750,A,315967
69.625,69.8625,4775,A,315967
69,69.6,4800,A,315967
69.375,69.35,4825,A,315967
69.75,69.14,4850,A,315967
69.125,68.955,4875,A,315967
68.5,68.7425,4900,A,315967
67.875,68.5325,4925,A,315967
67.25,68.345,4950,A,315967
67.625,68.195,4975,A,315967
68,68.07,5000,A,315967
67.375,67.9475,5025,A,315967
67.75,67.77,5050,A,315967
68.125,67.5825,5075,A,315967
67.5,67.395,5100,A,315967
67.875,67.2075,5125,A,315967
67.25,67.02,5150,A,315967
67.625,66.82,5175,A,315967
67,66.56,5200,A,315967
67.375,66.31,5225,A,315967
66.75,66.02,5250,A,315967
66.125,65.6825,5275,A,315967
65.5,65.3075,5300,A,315967
64.875,64.8925,5325,A,315967
64.25,64.5025,5350,A,315967
63.625,64.145,5375,A,315967
64,63.77,5400,A,315967
63.375,63.38,5425,A,315967
62.75,62.9775,5450,A,315967
62.125,62.6025,5475,A,315967
61.5,62.2275,5500,A,315967
60.875,61.8525,5525,A,315967
61.25,61.5025,5550,A,315967
61.625,61.19,5575,A,315967
61,60.8375,5600,A,315967
60.375,60.4625,5625,A,315967
60.75,60.0875,5650,A,315967
60.125,59.7725,5675,A,315967
59.5,59.51,5700,A,315967
58.875,59.3225,5725,A,315967
59.25,59.0875,5750,A,315967
58.625,58.7825,5775,A,315967
58,58.4975,5800,A,315967
57.375,58.2475,5825,A,315967
56.75,57.9625,5850,A,315967
57.125,57.685,5875,A,315967
58.5,57.435,5900,A,315967
57.875,57.185,5925,A,315967
57.25,56.91,5950,A,315967
56.625,56.5975,5975,A,315967
57,56.285,6000,A,315967
56.375,55.9725,6025,A,315967
55.75,55.66,6050,A,315967
56.125,55.2875,6075,A,315967
55.5,54.8625,6100,A,315967
54.875,54.3625,6125,A,315967
54.25,53.8625,6150,A,315967
53.625,53.37,6175,A,315967
53,52.905,6200,A,315967
52.375,52.405,6225,A,315967
51.75,51.9375,6250,A,315967
51.125,51.4675,6275,A,315967
50.5,51.03,6300,A,315967
49.875,50.5925,6325,A,315967
49.25,50.155,6350,A,315967
49.625,49.7175,6375,A,315967
49,49.28,6400,A,315967
48.375,48.8425,6425,A,315967
48.75,48.435,6450,A,315967
49.125,48.06,6475,A,315967
48.5,47.685,6500,A,315967
47.875,47.325,6525,A,315967
47.25,47.0125,6550,A,315967
46.625,46.6925,6575,A,315967
46,46.3175,6600,A,315967
45.375,45.9425,6625,A,315967
45.75,45.535,6650,A,315967
45.125,45.095,6675,A,315967
44.5,44.65,6700,A,315967
44.875,44.2725,6725,A,315967
44.25,43.8975,6750,A,315967
43.625,43.5225,6775,A,315967
43,43.155,6800,A,315967
42.375,42.8425,6825,A,315967
41.75,42.5,6850,A,315967
41.125,42.125,6875,A,315967
41.5,41.78,6900,A,315967
41.875,41.4525,6925,A,315967
41.25,41.0775,6950,A,315967
40.625,40.7025,6975,A,315967
41,40.3275,7000,A,315967
40.375,39.9525,7025,A,315967
39.75,39.5825,7050,A,315967
39.125,39.27,7075,A,315967
39.5,38.9025,7100,A,315967
38.875,38.4675,7125,A,315967
38.25,38.03,7150,A,315967
37.625,37.65,7175,A,315967
37,37.2675,7200,A,315967
36.375,36.83,7225,A,315967
36.75,36.3925,7250,A,315967
36.125,35.955,7275,A,315967
35.5,35.4875,7300,A,315967
34.875,35.035,7325,A,315967
34.25,34.645,7350,A,315967
34.625,34.27,7375,A,315967
34,33.9275,7400,A,315967
33.375,33.615,7425,A,315967
32.75,33.2975,7450,A,315967
32.125,32.9225,7475,A,315967
31.5,32.5475,7500,A,315967
31.875,32.1725,7525,A,315967
32.25,31.7975,7550,A,315967
31.625,31.365,7575,A,315967
32,30.9275,7600,A,315967
31.375,30.49,7625,A,315967
30.75,30.0525,7650,A,315967
30.125,29.615,7675,A,315967
29.5,29.1775,7700,A,315967
28.875,28.6925,7725,A,315967
28.25,28.145,7750,A,315967
27.625,27.5825,7775,A,315967
27,26.9875,7800,A,315967
26.375,26.3625,7825,A,315967
25.75,25.7375,7850,A,315967
25.125,25.1125,7875,A,315967
24.5,24.4875,7900,A,315967
23.875,23.8625,7925,A,315967
23.25,23.2375,7950,A,315967
22.625,22.6125,7975,A,315967
22,21.9875,8000,A,315967
21.375,21.3625,8025,A,315967
20.75,20.7375,8050,A,315967
20.125,20.1125,8075,A,315967
19.5,19.4875,8100,A,315967
18.875,18.8625,8125,A,315967
18.25,18.2375,8150,A,315967
17.625,17.6125,8175,A,315967
17,16.9875,8200,A,315967
16.375,16.3625,8225,A,315967
15.75,15.7375,8250,A,315967
15.125,15.1725,8275,A,315967
14.5,14.615,8300,A,315967
13.875,14.115,8325,A,315967
13.25,13.615,8350,A,315967
12.625,13.115,8375,A,315967
12,12.615,8400,A,315967
11.375,12.115,8425,A,315967
10.75,11.615,8450,A,315967
11.125,11.115,8475,A,315967
11.5,10.615,8500,A,315967
10.875,10.115,8525,A,315967
10.25,9.61499999999998,8550,A,315967
9.62499999999998,9.11499999999998,8575,A,315967
8.99999999999998,8.61499999999998,8600,A,315967
8.37499999999998,8.11499999999998,8625,A,315967
7.74999999999998,7.61499999999998,8650,A,315967
7.12499999999998,7.05499999999998,8675,A,315967
6.49999999999998,6.48749999999998,8700,A,315967
5.87499999999998,5.86249999999998,8725,A,315967
5.24999999999998,5.23749999999998,8750,A,315967
4.62499999999998,4.61249999999998,8775,A,315967
3.99999999999998,3.98749999999998,8800,A,315967
3.37499999999998,3.39749999999998,8825,A,315967
2.74999999999998,2.83499999999998,8850,A,315967
2.12499999999998,2.27249999999998,8875,A,315967
1.49999999999998,1.70999999999998,8900,A,315967
0.874999999999983,1.14749999999998,8925,A,315967
0.249999999999983,0.584999999999983,8950,A,315967
-0.375000000000017,0.0224999999999829,8975,A,315967
-1.00000000000002,-0.540000000000017,9000,A,315967
-0.625000000000017,-1.09750000000002,9025,A,315967
-1.25000000000002,-1.59750000000002,9050,A,315967
-1.87500000000002,-2.09750000000002,9075,A,315967
-2.50000000000002,-2.59750000000002,9100,A,315967
-3.12500000000002,-3.09750000000002,9125,A,315967
-3.75000000000002,-3.59750000000002,9150,A,315967
-4.37500000000002,-4.09750000000002,9175,A,315967
-5.00000000000002,-4.59750000000002,9200,A,315967
-4.62500000000002,-5.13250000000002,9225,A,315967
-5.25000000000002,-5.69500000000002,9250,A,315967
-5.87500000000002,-6.23750000000002,9275,A,315967
-6.50000000000002,-6.73750000000002,9300,A,315967
-7.12500000000002,-7.23750000000002,9325,A,315967
-7.75000000000002,-7.73750000000002,9350,A,315967
-8.37500000000002,-8.23750000000002,9375,A,315967
-9.00000000000002,-8.73750000000002,9400,A,315967
-9.62500000000002,-9.24250000000002,9425,A,315967
-10.25,-9.80500000000002,9450,A,315967
-9.87500000000002,-10.3675,9475,A,315967
-10.5,-10.93,9500,A,315967
-11.125,-11.4925,9525,A,315967
-11.75,-12.055,9550,A,315967
-12.375,-12.6175,9575,A,315967
-13,-13.18,9600,A,315967
-13.625,-13.7425,9625,A,315967
-14.25,-14.305,9650,A,315967
-14.875,-14.8875,9675,A,315967
-15.5,-15.5125,9700,A,315967
-16.125,-16.1375,9725,A,315967
-16.75,-16.7625,9750,A,315967
-17.375,-17.3875,9775,A,315967
-18,-18.0125,9800,A,315967
-18.625,-18.6375,9825,A,315967
-19.25,-19.2625,9850,A,315967
-19.875,-19.8875,9875,A,315967
-20.5,-20.5125,9900,A,315967
-21.125,-21.1375,9925,A,315967
-21.75,-21.7625,9950,A,315967
-22.375,-22.3875,9975,A,315967
-23,-23.0125,10000,A,315967
-23.625,-23.6375,10025,A,315967
-24.25,-24.2625,10050,A,315967
-24.875,-24.8875,10075,A,315967
-25.5,-25.5125,10100,A,315967
-26.125,-26.1375,10125,A,315967
-26.75,-26.7625,10150,A,315967
-27.375,-27.3875,10175,A,315967
-28,-28.0125,10200,A,315967
-28.625,-28.6375,10225,A,315967
-29.25,-29.2625,10250,A,315967
-29.875,-29.8875,10275,A,315967
-30.5,-30.5125,10300,A,315967
-31.125,-31.1375,10325,A,315967
-31.75,-31.7625,10350,A,315967
-32.375,-32.3875,10375,A,315967
-33,-33.0125,10400,A,315967
-33.625,-33.6375,10425,A,315967
-34.25,-34.2625,10450,A,315967
-34.875,-34.8875,10475,A,315967
-35.5,-35.5125,10500,A,315967
-36.125,-36.1375,10525,A,315967
-36.75,-36.7625,10550,A,315967
-37.375,-37.3875,10575,A,315967
-38,-38.0025,10600,A,315967
-38.625,-38.565,10625,A,315967
-39.25,-39.1275,10650,A,315967
-39.875,-39.69,10675,A,315967
-40.5,-40.2525,10700,A,315967
-41.125,-40.7675,10725,A,315967
-41.75,-41.205,10750,A,315967
-42.375,-41.6425,10775,A,315967
-42,-42.08,10800,A,315967
-42.625,-42.5175,10825,A,315967
-43.25,-42.955,10850,A,315967
-43.875,-43.3575,10875,A,315967
-44.5,-43.7325,10900,A,315967
-43.125,-44.1075,10925,A,315967
-43.75,-44.4825,10950,A,315967
-44.375,-44.8575,10975,A,315967
-45,-45.2425,11000,A,315967
-45.625,-45.68,11025,A,315967
-46.25,-46.1175,11050,A,315967
-45.875,-46.555,11075,A,315967
-46.5,-46.9925,11100,A,315967
-47.125,-47.4775,11125,A,315967
-47.75,-48.04,11150,A,315967
-48.375,-48.5825,11175,A,315967
-49,-49.0825,11200,A,315967
-49.625,-49.5825,11225,A,315967
-50.25,-50.0825,11250,A,315967
-50.875,-50.6175,11275,A,315967
-51.5,-51.1225,11300,A,315967
-52.125,-51.6225,11325,A,315967
-52.75,-52.1225,11350,A,315967
-52.375,-52.6225,11375,A,315967
-53,-53.1225,11400,A,315967
-53.625,-53.6225,11425,A,315967
-54.25,-54.1225,11450,A,315967
-54.875,-54.6225,11475,A,315967
-54.5,-55.1225,11500,A,315967
-55.125,-55.6225,11525,A,315967
-55.75,-56.1225,11550,A,315967
-56.375,-56.6425,11575,A,315967
-57,-57.205,11600,A,315967
-57.625,-57.7675,11625,A,315967
-58.25,-58.33,11650,A,315967
-58.875,-58.8925,11675,A,315967
-59.5,-59.5125,11700,A,315967
-60.125,-60.1375,11725,A,315967
-60.75,-60.7625,11750,A,315967
-61.375,-61.3875,11775,A,315967
-62,-62.0125,11800,A,315967
-62.625,-62.6375,11825,A,315967
-63.25,-63.2625,11850,A,315967
-63.875,-63.8875,11875,A,315967
-64.5,-64.5125,11900,A,315967
-65.125,-65.1375,11925,A,315967
-65.75,-65.7625,11950,A,315967
-66.375,-66.3875,11975,A,315967
-67,-67.0125,12000,A,315967
-67.625,-67.6375,12025,A,315967
-68.25,-68.2625,12050,A,315967
-68.875,-68.8875,12075,A,315967
-69.5,-69.5125,12100,A,315967
-70.125,-70.1375,12125,A,315967
-70.75,-70.7625,12150,A,315967
-71.375,-71.3875,12175,A,315967
-72,-72.0125,12200,A,315967
-72.625,-72.6375,12225,A,315967
-73.25,-73.2625,12250,A,315967
-73.875,-73.8875,12275,A,315967
-74.5,-74.5125,12300,A,315967
-75.125,-75.1375,12325,A,315967
-75.75,-75.7625,12350,A,315967
-76.375,-76.3875,12375,A,315967
-77,-77.0125,12400,A,315967
-77.625,-77.6375,12425,A,315967
-78.25,-78.2625,12450,A,315967
-78.875,-78.8875,12475,A,315967
-79.5,-79.5125,12500,A,315967
-80.125,-80.1375,12525,A,315967
-80.75,-80.7625,12550,A,315967
-81.375,-81.3875,12575,A,315967
-82,-82.0125,12600,A,315967
-82.625,-82.6375,12625,A,315967
-83.25,-83.2625,12650,A,315967
-83.875,-83.8875,12675,A,315967
-84.5,-84.5125,12700,A,315967
-85.125,-85.1375,12725,A,315967
-85.75,-85.7625,12750,A,315967
-86.375,-86.3875,12775,A,315967
-87,-87.0125,12800,A,315967
-87.625,-87.6375,12825,A,315967
-88.25,-88.2625,12850,A,315967
-88.875,-88.8875,12875,A,315967
-89.5,-89.495,12900,A,315967
-90.125,-90.0575,12925,A,315967
-90.75,-90.62,12950,A,315967
-91.375,-91.1825,12975,A,315967
-92,-91.745,13000,A,315967
-92.625,-92.3075,13025,A,315967
-93.25,-92.87,13050,A,315967
-93.875,-93.415,13075,A,315967
-93.5,-93.915,13100,A,315967
-94.125,-94.415,13125,A,315967
-94.75,-94.915,13150,A,315967
-95.375,-95.415,13175,A,315967
-96,-95.915,13200,A,315967
-96.625,-96.415,13225,A,315967
-97.25,-96.915,13250,A,315967
-96.875,-97.415,13275,A,315967
-97.5,-97.9325,13300,A,315967
-98.125,-98.445,13325,A,315967
-98.75,-98.945,13350,A,315967
-99.375,-99.445,13375,A,315967
-100,-99.945,13400,A,315967
-100.625,-100.445,13425,A,315967
-101.25,-100.945,13450,A,315967
-101.875,-101.4625,13475,A,315967
-102.5,-102.025,13500,A,315967
-102.125,-102.5875,13525,A,315967
-102.75,-103.15,13550,A,315967
-103.375,-103.7125,13575,A,315967
-104,-104.275,13600,A,315967
-104.625,-104.81,13625,A,315967
-105.25,-105.31,13650,A,315967
-105.875,-105.81,13675,A,315967
-106.5,-106.31,13700,A,315967
-107.125,-106.86,13725,A,315967
-107.75,-107.4225,13750,A,315967
-108.375,-107.985,13775,A,315967
-109,-108.4875,13800,A,315967
-108.625,-108.9875,13825,A,315967
-109.25,-109.4875,13850,A,315967
-109.875,-109.9875,13875,A,315967
-110.5,-110.4875,13900,A,315967
-111.125,-110.9875,13925,A,315967
-111.75,-111.4875,13950,A,315967
-112.375,-111.9875,13975,A,315967
-112,-112.4875,14000,A,315967
-112.625,-113.015,14025,A,315967
-113.25,-113.5775,14050,A,315967
-113.875,-114.14,14075,A,315967
-114.5,-114.7025,14100,A,315967
-115.125,-115.265,14125,A,315967
-115.75,-115.8275,14150,A,315967
-116.375,-116.39,14175,A,315967
-117,-117.0125,14200,A,315967
-117.625,-117.6375,14225,A,315967
-118.25,-118.2625,14250,A,315967
-118.875,-118.8875,14275,A,315967
-119.5,-119.5125,14300,A,315967
-120.125,-120.1375,14325,A,315967
-120.75,-120.7625,14350,A,315967
-121.375,-121.3875,14375,A,315967
-122,-122.0125,14400,A,315967
-122.625,-122.6375,14425,A,315967
-123.25,-123.2625,14450,A,315967
-123.875,-123.8875,14475,A,315967
-124.5,-124.5125,14500,A,315967
-125.125,-125.1375,14525,A,315967
-125.75,-125.7625,14550,A,315967
-126.375,-126.3875,14575,A,315967
-127,-127.0125,14600,A,315967
-127.625,-127.6375,14625,A,315967
-128.25,-128.2625,14650,A,315967
-128.875,-128.8875,14675,A,315967
-129.5,-129.5125,14700,A,315967
-130.125,-130.1375,14725,A,315967
-130.75,-130.7625,14750,A,315967
-131.375,-131.3875,14775,A,315967
-132,-132.0125,14800,A,315967
-132.625,-132.6375,14825,A,315967
-133.25,-133.2625,14850,A,315967
-133.875,-133.8875,14875,A,315967
-134.5,-134.5125,14900,A,315967
-135.125,-135.1375,14925,A,315967
-135.75,-135.7625,14950,A,315967
-136.375,-136.3875,14975,A,315967
-137,-137.0125,15000,A,315967
-137.625,-137.6375,15025,A,315967
-138.25,-138.2625,15050,A,315967
-138.875,-138.8875,15075,A,315967
-139.5,-139.5125,15100,A,315967
-140.125,-140.1375,15125,A,315967
-140.75,-140.7625,15150,A,315967
-141.375,-141.3875,15175,A,315967
-142,-142.0125,15200,A,315967
-142.625,-142.6375,15225,A,315967
-143.25,-143.2625,15250,A,315967
-143.875,-143.8875,15275,A,315967
-144.5,-144.5125,15300,A,315967
-145.125,-145.1375,15325,A,315967
-145.75,-145.7625,15350,A,315967
-146.375,-146.3875,15375,A,315967
-147,-147.0125,15400,A,315967
-147.625,-147.6375,15425,A,315967
-148.25,-148.2625,15450,A,315967
-148.875,-148.8875,15475,A,315967
-149.5,-149.5125,15500,A,315967
-150.125,-150.1375,15525,A,315967
-150.75,-150.7625,15550,A,315967
-151.375,-151.3875,15575,A,315967
-152,-152.0125,15600,A,315967
-152.625,-152.6375,15625,A,315967
-153.25,-153.2625,15650,A,315967
-153.875,-153.8875,15675,A,315967
-154.5,-154.5125,15700,A,315967
-155.125,-155.1375,15725,A,315967
-155.75,-155.7625,15750,A,315967
-156.375,-156.3875,15775,A,315967
-157,-157.0125,15800,A,315967
-157.625,-157.6375,15825,A,315967
-158.25,-158.2625,15850,A,315967
-158.875,-158.8875,15875,A,315967
-159.5,-159.5125,15900,A,315967
-160.125,-160.1375,15925,A,315967
-160.75,-160.7625,15950,A,315967
-161.375,-161.3875,15975,A,315967
-162,-162.0125,16000,A,315967
-162.625,-162.6375,16025,A,315967
-163.25,-163.2625,16050,A,315967
-163.875,-163.8875,16075,A,315967
-164.5,-164.5125,16100,A,315967
-165.125,-165.1375,16125,A,315967
-165.75,-165.7625,16150,A,315967
-166.375,-166.3875,16175,A,315967
-167,-167.0125,16200,A,315967
-167.625,-167.6375,16225,A,315967
-168.25,-168.2625,16250,A,315967
-168.875,-168.8875,16275,A,315967
-169.5,-169.5125,16300,A,315967
-170.125,-170.1375,16325,A,315967
-170.75,-170.7625,16350,A,315967
-171.375,-171.3875,16375,A,315967
-172,-172.0125,16400,A,315967
-172.625,-172.6325,16425,A,315967
-173.25,-173.195,16450,A,315967
-173.875,-173.7575,16475,A,315967
-174.5,-174.32,16500,A,315967
-175.125,-174.8825,16525,A,315967
-175.75,-175.445,16550,A,315967
-176.375,-176.0075,16575,A,315967
-177,-176.5325,16600,A,315967
-176.625,-177.0325,16625,A,315967
-177.25,-177.5325,16650,A,315967
-177.875,-178.0325,16675,A,315967
-178.5,-178.5325,16700,A,315967
-179.125,-179.0325,16725,A,315967
-179.75,-179.5325,16750,A,315967
-180.375,-180.0325,16775,A,315967
-180,-180.5325,16800,A,315967
-180.625,-181.0375,16825,A,315967
-181.25,-181.6,16850,A,315967
-181.875,-182.1625,16875,A,315967
-182.5,-182.725,16900,A,315967
-183.125,-183.2875,16925,A,315967
-183.75,-183.85,16950,A,315967
-184.375,-184.4125,16975,A,315967
-185,-185.0125,17000,A,315967
-185.625,-185.6375,17025,A,315967
-186.25,-186.2625,17050,A,315967
-186.875,-186.8875,17075,A,315967
-187.5,-187.5125,17100,A,315967
-188.125,-188.1375,17125,A,315967
-188.75,-188.7625,17150,A,315967
-189.375,-189.3875,17175,A,315967
-190,-190.0125,17200,A,315967
-190.625,-190.6375,17225,A,315967
-191.25,-191.2,17250,A,315967
-191.875,-191.7625,17275,A,315967
-192.5,-192.325,17300,A,315967
-193.125,-192.8875,17325,A,315967
-193.75,-193.45,17350,A,315967
-194.375,-194.0125,17375,A,315967
-195,-194.575,17400,A,315967
-195.625,-195.1375,17425,A,315967
-195.25,-195.7,17450,A,315967
-195.875,-196.2625,17475,A,315967
-196.5,-196.825,17500,A,315967
-197.125,-197.3875,17525,A,315967
-197.75,-197.95,17550,A,315967
-198.375,-198.5125,17575,A,315967
-199,-199.075,17600,A,315967
-199.625,-199.6375,17625,A,315967
-200.25,-200.2625,17650,A,315967
-200.875,-200.8875,17675,A,315967
-201.5,-201.5125,17700,A,315967
-202.125,-202.1375,17725,A,315967
-202.75,-202.7625,17750,A,315967
-203.375,-203.3875,17775,A,315967
-204,-204.0125,17800,A,315967
-204.625,-204.6375,17825,A,315967
-205.25,-205.2625,17850,A,315967
-205.875,-205.8875,17875,A,315967
-206.5,-206.5125,17900,A,315967
-207.125,-207.1375,17925,A,315967
-207.75,-207.7625,17950,A,315967
-208.375,-208.3875,17975,A,315967
-209,-209.0125,18000,A,315967
-209.625,-209.6375,18025,A,315967
-210.25,-210.2625,18050,A,315967
-210.875,-210.8875,18075,A,315967
-211.5,-211.5125,18100,A,315967
-212.125,-212.1375,18125,A,315967
-212.75,-212.7625,18150,A,315967
-213.375,-213.3875,18175,A,315967
-214,-214.0125,18200,A,315967
-214.625,-214.6375,18225,A,315967
-215.25,-215.2625,18250,A,315967
-215.875,-215.8875,18275,A,315967
-216.5,-216.5125,18300,A,315967
-217.125,-217.1375,18325,A,315967
-217.75,-217.7625,18350,A,315967
-218.375,-218.3875,18375,A,315967
-219,-219.0125,18400,A,315967
-219.625,-219.6375,18425,A,315967
-220.25,-220.2625,18450,A,315967
-220.875,-220.8875,18475,A,315967
-221.5,-221.5125,18500,A,315967
-222.125,-222.1375,18525,A,315967
-222.75,-222.7625,18550,A,315967
-223.375,-223.3875,18575,A,315967
-224,-224.0125,18600,A,315967
-224.625,-224.6375,18625,A,315967
-225.25,-225.2625,18650,A,315967
-225.875,-225.8875,18675,A,315967
-226.5,-226.5125,18700,A,315967
-227.125,-227.1375,18725,A,315967
-227.75,-227.7625,18750,A,315967
-228.375,-228.3875,18775,A,315967
-229,-229.0125,18800,A,315967
-229.625,-229.6375,18825,A,315967
-230.25,-230.2625,18850,A,315967
-230.875,-230.8875,18875,A,315967
-231.5,-231.5125,18900,A,315967
-232.125,-232.09,18925,A,315967
-232.75,-232.6525,18950,A,315967
-233.375,-233.215,18975,A,315967
-234,-233.7775,19000,A,315967
-234.625,-234.34,19025,A,315967
-235.25,-234.9025,19050,A,315967
-235.875,-235.465,19075,A,315967
-236.5,-236.0275,19100,A,315967
-236.125,-236.59,19125,A,315967
-236.75,-237.1525,19150,A,315967
-237.375,-237.715,19175,A,315967
-238,-238.2775,19200,A,315967
-238.625,-238.84,19225,A,315967
-239.25,-239.4025,19250,A,315967
-239.875,-239.965,19275,A,315967
-240.5,-240.5275,19300,A,315967
-241.125,-241.1375,19325,A,315967
-241.75,-241.7625,19350,A,315967
-242.375,-242.3875,19375,A,315967
-243,-243.0125,19400,A,315967
-243.625,-243.6375,19425,A,315967
-244.25,-244.2625,19450,A,315967
-244.875,-244.8875,19475,A,315967
-245.5,-245.5125,19500,A,315967
-246.125,-246.1375,19525,A,315967
-246.75,-246.7625,19550,A,315967
-247.375,-247.3875,19575,A,315967
-248,-248.0125,19600,A,315967
-248.625,-248.6375,19625,A,315967
-249.25,-249.2625,19650,A,315967
-249.875,-249.8875,19675,A,315967
-250.5,-250.5125,19700,A,315967
-251.125,-251.1375,19725,A,315967
-251.75,-251.7625,19750,A,315967
-252.375,-252.3875,19775,A,315967
-253,-253.0125,19800,A,315967
-253.625,-253.6375,19825,A,315967
-254.25,-254.2625,19850,A,315967
-254.875,-254.8875,19875,A,315967
-255.5,-255.5125,19900,A,315967
-256.125,-256.1375,19925,A,315967
-256.75,-256.7625,19950,A,315967
-257.375,-257.3875,19975,A,315967
-258,-258.0125,20000,A,315967
1.375,,25,A,352357
2.75,,50,A,352357
2.125,,75,A,352357
5.5,,100,A,352357
5.875,,125,A,352357
7.25,,150,A,352357
8.625,,175,A,352357
14,14.74,200,A,352357
18.375,16.7475,225,A,352357
18.75,18.8125,250,A,352357
20.125,20.915,275,A,352357
25.5,23.0975,300,A,352357
26.875,25.3525,325,A,352357
29.25,27.6125,350,A,352357
31.625,29.9175,375,A,352357
33,32.24,400,A,352357
34.375,34.455,425,A,352357
34.75,36.6875,450,A,352357
36.125,39.1275,475,A,352357
40.5,41.555,500,A,352357
42.875,43.9375,525,A,352357
43.25,46.275,550,A,352357
46.625,48.425,575,A,352357
50,50.45,600,A,352357
53.375,52.4575,625,A,352357
55.75,54.43,650,A,352357
61.125,56.36,675,A,352357
62.5,58.2375,700,A,352357
63.875,60.115,725,A,352357
65.25,62.01,750,A,352357
64.625,63.87,775,A,352357
65,65.6275,800,A,352357
66.375,67.2075,825,A,352357
66.75,68.73,850,A,352357
68.125,69.985,875,A,352357
71.5,71.065,900,A,352357
72.875,72.07,925,A,352357
73.25,73.0425,950,A,352357
76.625,74.0475,975,A,352357
77,75.13,1000,A,352357
78.375,76.2125,1025,A,352357
78.75,77.2925,1050,A,352357
79.125,78.37,1075,A,352357
79.5,79.3275,1100,A,352357
79.875,80.1625,1125,A,352357
80.25,80.9825,1150,A,352357
81.625,81.735,1175,A,352357
82,82.355,1200,A,352357
82.375,82.9575,1225,A,352357
83.75,83.435,1250,A,352357
84.125,83.9025,1275,A,352357
85.5,84.33,1300,A,352357
85.875,84.675,1325,A,352357
87.25,85.0575,1350,A,352357
86.625,85.4275,1375,A,352357
87,85.7475,1400,A,352357
86.375,86.1175,1425,A,352357
85.75,86.445,1450,A,352357
86.125,86.7525,1475,A,352357
85.5,87.06,1500,A,352357
85.875,87.4425,1525,A,352357
87.25,87.8125,1550,A,352357
86.625,88.195,1575,A,352357
88,88.58,1600,A,352357
88.375,88.9875,1625,A,352357
88.75,89.425,1650,A,352357
89.125,89.8575,1675,A,352357
90.5,90.295,1700,A,352357
91.875,90.7425,1725,A,352357
92.25,91.1175,1750,A,352357
93.625,91.4325,1775,A,352357
93,91.755,1800,A,352357
93.375,91.95,1825,A,352357
92.75,92.1125,1850,A,352357
93.125,92.2575,1875,A,352357
92.5,92.34,1900,A,352357
92.875,92.3075,1925,A,352357
92.25,92.19,1950,A,352357
92.625,92.0575,1975,A,352357
92,91.895,2000,A,352357
91.375,91.81,2025,A,352357
91.75,91.7475,2050,A,352357
91.125,91.6325,2075,A,352357
90.5,91.5625,2100,A,352357
90.875,91.5,2125,A,352357
91.25,91.4475,2150,A,352357
90.625,91.4575,2175,A,352357
91,91.49,2200,A,352357
92.375,91.5575,2225,A,352357
91.75,91.71,2250,A,352357
91.125,91.8525,2275,A,352357
91.5,92.04,2300,A,352357
91.875,92.1675,2325,A,352357
92.25,92.29,2350,A,352357
92.625,92.365,2375,A,352357
93,92.465,2400,A,352357
93.375,92.455,2425,A,352357
93.75,92.3925,2450,A,352357
94.125,92.33,2475,A,352357
93.5,92.2125,2500,A,352357
92.875,92.0725,2525,A,352357
92.25,91.9375,2550,A,352357
92.625,91.7375,2575,A,352357
92,91.4625,2600,A,352357
91.375,91.2075,2625,A,352357
90.75,90.8975,2650,A,352357
90.125,90.5675,2675,A,352357
89.5,90.24,2700,A,352357
89.875,89.9275,2725,A,352357
89.25,89.6775,2750,A,352357
88.625,89.435,2775,A,352357
89,89.185,2800,A,352357
88.375,88.935,2825,A,352357
88.75,88.685,2850,A,352357
88.125,88.435,2875,A,352357
88.5,88.245,2900,A,352357
87.875,88.125,2925,A,352357
88.25,88,2950,A,352357
88.625,87.89,2975,A,352357
88,87.82,3000,A,352357
87.375,87.755,3025,A,352357
86.75,87.67,3050,A,352357
86.125,87.6075,3075,A,352357
86.5,87.5325,3100,A,352357
87.875,87.47,3125,A,352357
87.25,87.345,3150,A,352357
87.625,87.2,3175,A,352357
87,87.0525,3200,A,352357
87.375,86.955,3225,A,352357
87.75,86.8925,3250,A,352357
87.125,86.83,3275,A,352357
87.5,86.7075,3300,A,352357
86.875,86.4975,3325,A,352357
86.25,86.2475,3350,A,352357
85.625,85.9825,3375,A,352357
86,85.67,3400,A,352357
86.375,85.2975,3425,A,352357
85.75,84.9025,3450,A,352357
85.125,84.515,3475,A,352357
84.5,84.2,3500,A,352357
83.875,83.9425,3525,A,352357
83.25,83.6925,3550,A,352357
82.625,83.4425,3575,A,352357
82,83.1725,3600,A,352357
81.375,82.9375,3625,A,352357
80.75,82.6875,3650,A,352357
81.125,82.4375,3675,A,352357
82.5,82.1875,3700,A,352357
82.875,81.995,3725,A,352357
82.25,81.86,3750,A,352357
81.625,81.735,3775,A,352357
82,81.61,3800,A,352357
82.375,81.485,3825,A,352357
81.75,81.36,3850,A,352357
81.125,81.2475,3875,A,352357
80.5,81.09,3900,A,352357
80.875,80.8825,3925,A,352357
81.25,80.715,3950,A,352357
80.625,80.59,3975,A,352357
80,80.475,4000,A,352357
79.375,80.3075,4025,A,352357
78.75,80.12,4050,A,352357
80.125,79.9325,4075,A,352357
79.5,79.745,4100,A,352357
79.875,79.5075,4125,A,352357
80.25,79.29,4150,A,352357
79.625,79.1025,4175,A,352357
80,78.9575,4200,A,352357
79.375,78.8325,4225,A,352357
78.75,78.7075,4250,A,352357
78.125,78.52,4275,A,352357
77.5,78.27,4300,A,352357
77.875,77.985,4325,A,352357
78.25,77.6525,4350,A,352357
77.625,77.2775,4375,A,352357
78,76.8725,4400,A,352357
77.375,76.44,4425,A,352357
76.75,76.11,4450,A,352357
76.125,75.7975,4475,A,352357
75.5,75.485,4500,A,352357
74.875,75.165,4525,A,352357
74.25,74.7675,4550,A,352357
73.625,74.33,4575,A,352357
73,73.9125,4600,A,352357
73.375,73.475,4625,A,352357
73.75,73.0375,4650,A,352357
73.125,72.6,4675,A,352357
72.5,72.1875,4700,A,352357
71.875,71.8125,4725,A,352357
71.25,71.4375,4750,A,352357
70.625,71.105,4775,A,352357
71,70.7925,4800,A,352357
70.375,70.475,4825,A,352357
69.75,70.055,4850,A,352357
69.125,69.6725,4875,A,352357
69.5,69.3225,4900,A,352357
68.875,69.01,4925,A,352357
68.25,68.7275,4950,A,352357
68.625,68.5175,4975,A,352357
68,68.2675,5000,A,352357
67.375,68.0175,5025,A,352357
66.75,67.7675,5050,A,352357
67.125,67.5175,5075,A,352357
67.5,67.3,5100,A,352357
66.875,67.0525,5125,A,352357
67.25,66.865,5150,A,352357
67.625,66.635,5175,A,352357
67,66.445,5200,A,352357
66.375,66.2575,5225,A,352357
65.75,66.09,5250,A,352357
65.125,65.91,5275,A,352357
65.5,65.7375,5300,A,352357
65.875,65.55,5325,A,352357
65.25,65.3325,5350,A,352357
64.625,65.0425,5375,A,352357
65,64.73,5400,A,352357
64.375,64.4175,5425,A,352357
64.75,64.135,5450,A,352357
64.125,63.885,5475,A,352357
64.5,63.5775,5500,A,352357
63.875,63.2775,5525,A,352357
63.25,63.01,5550,A,352357
62.625,62.76,5575,A,352357
62,62.475,5600,A,352357
61.375,62.225,5625,A,352357
61.75,61.955,5650,A,352357
61.125,61.6425,5675,A,352357
60.5,61.29,5700,A,352357
60.875,60.915,5725,A,352357
61.25,60.54,5750,A,352357
60.625,60.2,5775,A,352357
61,59.8875,5800,A,352357
60.375,59.575,5825,A,352357
59.75,59.27,5850,A,352357
59.125,58.9575,5875,A,352357
58.5,58.6675,5900,A,352357
57.875,58.4025,5925,A,352357
57.25,58.045,5950,A,352357
57.625,57.715,5975,A,352357
57,57.3775,6000,A,352357
56.375,57.0375,6025,A,352357
56.75,56.725,6050,A,352357
56.125,56.4125,6075,A,352357
56.5,56.1,6100,A,352357
55.875,55.7875,6125,A,352357
55.25,55.475,6150,A,352357
55.625,55.1825,6175,A,352357
55,54.87,6200,A,352357
55.375,54.5575,6225,A,352357
54.75,54.2475,6250,A,352357
54.125,53.935,6275,A,352357
53.5,53.6,6300,A,352357
52.875,53.225,6325,A,352357
52.25,52.85,6350,A,352357
52.625,52.4875,6375,A,352357
52,52.1125,6400,A,352357
51.375,51.7025,6425,A,352357
51.75,51.265,6450,A,352357
51.125,50.8275,6475,A,352357
50.5,50.415,6500,A,352357
49.875,50.04,6525,A,352357
49.25,49.7175,6550,A,352357
49.625,49.35,6575,A,352357
49,48.975,6600,A,352357
48.375,48.6175,6625,A,352357
47.75,48.32,6650,A,352357
47.125,48.0075,6675,A,352357
47.5,47.74,6700,A,352357
46.875,47.5525,6725,A,352357
47.25,47.365,6750,A,352357
46.625,47.12,6775,A,352357
46,46.87,6800,A,352357
46.375,46.62,6825,A,352357
46.75,46.37,6850,A,352357
46.125,46.12,6875,A,352357
47.5,45.845,6900,A,352357
46.875,45.5325,6925,A,352357
46.25,45.1675,6950,A,352357
45.625,44.7925,6975,A,352357
45,44.4175,7000,A,352357
44.375,44.025,7025,A,352357
43.75,43.5925,7050,A,352357
43.125,43.155,7075,A,352357
42.5,42.6725,7100,A,352357
41.875,42.11,7125,A,352357
41.25,41.5475,7150,A,352357
40.625,40.985,7175,A,352357
40,40.4225,7200,A,352357
39.375,39.86,7225,A,352357
39.75,39.2975,7250,A,352357
39.125,38.735,7275,A,352357
38.5,38.1725,7300,A,352357
37.875,37.61,7325,A,352357
37.25,37.0775,7350,A,352357
36.625,36.5775,7375,A,352357
36,36.0775,7400,A,352357
35.375,35.5775,7425,A,352357
34.75,35.0175,7450,A,352357
34.125,34.455,7475,A,352357
33.5,33.8925,7500,A,352357
32.875,33.33,7525,A,352357
33.25,32.7675,7550,A,352357
32.625,32.205,7575,A,352357
32,31.6875,7600,A,352357
31.375,31.1875,7625,A,352357
30.75,30.6875,7650,A,352357
30.125,30.1875,7675,A,352357
29.5,29.6875,7700,A,352357
28.875,29.1875,7725,A,352357
28.25,28.6575,7750,A,352357
27.625,28.095,7775,A,352357
28,27.5325,7800,A,352357
27.375,26.97,7825,A,352357
26.75,26.4075,7850,A,352357
26.125,25.845,7875,A,352357
25.5,25.2825,7900,A,352357
24.875,24.72,7925,A,352357
24.25,24.1575,7950,A,352357
23.625,23.595,7975,A,352357
23,22.9875,8000,A,352357
22.375,22.3625,8025,A,352357
21.75,21.7375,8050,A,352357
21.125,21.1125,8075,A,352357
20.5,20.4875,8100,A,352357
19.875,19.8625,8125,A,352357
19.25,19.2375,8150,A,352357
18.625,18.6125,8175,A,352357
18,17.9875,8200,A,352357
17.375,17.3625,8225,A,352357
16.75,16.7375,8250,A,352357
16.125,16.1125,8275,A,352357
15.5,15.4875,8300,A,352357
14.875,14.8625,8325,A,352357
14.25,14.2525,8350,A,352357
13.625,13.69,8375,A,352357
13,13.1275,8400,A,352357
12.375,12.565,8425,A,352357
11.75,12.0025,8450,A,352357
11.125,11.44,8475,A,352357
10.5,10.8775,8500,A,352357
9.87499999999998,10.315,8525,A,352357
10.25,9.75249999999998,8550,A,352357
9.62499999999998,9.18999999999998,8575,A,352357
8.99999999999998,8.62749999999998,8600,A,352357
8.37499999999998,8.06499999999998,8625,A,352357
7.74999999999998,7.50249999999998,8650,A,352357
7.12499999999998,6.93999999999998,8675,A,352357
6.49999999999998,6.37749999999998,8700,A,352357
5.87499999999998,5.85499999999998,8725,A,352357
5.24999999999998,5.33999999999998,8750,A,352357
4.62499999999998,4.77749999999998,8775,A,352357
3.99999999999998,4.21499999999998,8800,A,352357
3.37499999999998,3.65249999999998,8825,A,352357
2.74999999999998,3.08999999999998,8850,A,352357
2.12499999999998,2.52749999999998,8875,A,352357
1.49999999999998,1.96499999999998,8900,A,352357
1.87499999999998,1.40249999999998,8925,A,352357
1.24999999999998,0.839999999999983,8950,A,352357
0.624999999999983,0.277499999999983,8975,A,352357
-1.71737624121704e-14,-0.285000000000017,9000,A,352357
-0.625000000000017,-0.847500000000017,9025,A,352357
-1.25000000000002,-1.41000000000002,9050,A,352357
-1.87500000000002,-1.97250000000002,9075,A,352357
-2.50000000000002,-2.53500000000002,9100,A,352357
-3.12500000000002,-3.13750000000002,9125,A,352357
-3.75000000000002,-3.76250000000002,9150,A,352357
-4.37500000000002,-4.38750000000002,9175,A,352357
-5.00000000000002,-5.01250000000002,9200,A,352357
-5.62500000000002,-5.63750000000002,9225,A,352357
-6.25000000000002,-6.26250000000002,9250,A,352357
-6.87500000000002,-6.88750000000002,9275,A,352357
-7.50000000000002,-7.51250000000002,9300,A,352357
-8.12500000000002,-8.13750000000002,9325,A,352357
-8.75000000000002,-8.76250000000002,9350,A,352357
-9.37500000000002,-9.38750000000002,9375,A,352357
-10,-10.0125,9400,A,352357
-10.625,-10.6375,9425,A,352357
-11.25,-11.2625,9450,A,352357
-11.875,-11.8875,9475,A,352357
-12.5,-12.5125,9500,A,352357
-13.125,-13.1375,9525,A,352357
-13.75,-13.7625,9550,A,352357
-14.375,-14.3875,9575,A,352357
-15,-15.0125,9600,A,352357
-15.625,-15.6375,9625,A,352357
-16.25,-16.2625,9650,A,352357
-16.875,-16.8875,9675,A,352357
-17.5,-17.5125,9700,A,352357
-18.125,-18.1375,9725,A,352357
-18.75,-18.7625,9750,A,352357
-19.375,-19.3875,9775,A,352357
-20,-20.0125,9800,A,352357
-20.625,-20.6375,9825,A,352357
-21.25,-21.2625,9850,A,352357
-21.875,-21.8875,9875,A,352357
-22.5,-22.5125,9900,A,352357
-23.125,-23.1375,9925,A,352357
-23.75,-23.7625,9950,A,352357
-24.375,-24.3875,9975,A,352357
-25,-25.0125,10000,A,352357
-25.625,-25.6375,10025,A,352357
-26.25,-26.2625,10050,A,352357
-26.875,-26.8875,10075,A,352357
-27.5,-27.5125,10100,A,352357
-28.125,-28.1375,10125,A,352357
-28.75,-28.7625,10150,A,352357
-29.375,-29.3875,10175,A,352357
-30,-30.0125,10200,A,352357
-30.625,-30.6375,10225,A,352357
-31.25,-31.2625,10250,A,352357
-31.875,-31.8875,10275,A,352357
-32.5,-32.5125,10300,A,352357
-33.125,-33.1375,10325,A,352357
-33.75,-33.7625,10350,A,352357
-34.375,-34.3875,10375,A,352357
-35,-34.9975,10400,A,352357
-35.625,-35.56,10425,A,352357
-36.25,-36.1225,10450,A,352357
-36.875,-36.685,10475,A,352357
-37.5,-37.2475,10500,A,352357
-38.125,-37.81,10525,A,352357
-38.75,-38.3675,10550,A,352357
-39.375,-38.8675,10575,A,352357
-39,-39.3675,10600,A,352357
-39.625,-39.865,10625,A,352357
-40.25,-40.3025,10650,A,352357
-40.875,-40.74,10675,A,352357
-41.5,-41.1775,10700,A,352357
-42.125,-41.615,10725,A,352357
-41.75,-42.0525,10750,A,352357
-42.375,-42.49,10775,A,352357
-43,-42.9425,10800,A,352357
-42.625,-43.4425,10825,A,352357
-43.25,-43.9425,10850,A,352357
-43.875,-44.4425,10875,A,352357
-44.5,-44.9425,10900,A,352357
-45.125,-45.4425,10925,A,352357
-45.75,-45.9475,10950,A,352357
-46.375,-46.51,10975,A,352357
-47,-47.0725,11000,A,352357
-47.625,-47.6375,11025,A,352357
-48.25,-48.2625,11050,A,352357
-48.875,-48.8875,11075,A,352357
-49.5,-49.5125,11100,A,352357
-50.125,-50.1375,11125,A,352357
-50.75,-50.7625,11150,A,352357
-51.375,-51.3875,11175,A,352357
-52,-52.0125,11200,A,352357
-52.625,-52.6375,11225,A,352357
-53.25,-53.2625,11250,A,352357
-53.875,-53.8875,11275,A,352357
-54.5,-54.5125,11300,A,352357
-55.125,-55.0875,11325,A,352357
-55.75,-55.65,11350,A,352357
-56.375,-56.2125,11375,A,352357
-57,-56.775,11400,A,352357
-57.625,-57.3375,11425,A,352357
-58.25,-57.9,11450,A,352357
-58.875,-58.4625,11475,A,352357
-59.5,-59.025,11500,A,352357
-59.125,-59.5875,11525,A,352357
-59.75,-60.15,11550,A,352357
-60.375,-60.7125,11575,A,352357
-61,-61.275,11600,A,352357
-61.625,-61.8375,11625,A,352357
-62.25,-62.4,11650,A,352357
-62.875,-62.9625,11675,A,352357
-63.5,-63.525,11700,A,352357
-64.125,-64.1375,11725,A,352357
-64.75,-64.7625,11750,A,352357
-65.375,-65.3875,11775,A,352357
-66,-66.0125,11800,A,352357
-66.625,-66.6375,11825,A,352357
-67.25,-67.2625,11850,A,352357
-67.875,-67.8875,11875,A,352357
-68.5,-68.5125,11900,A,352357
-69.125,-69.1375,11925,A,352357
-69.75,-69.7625,11950,A,352357
-70.375,-70.3875,11975,A,352357
-71,-70.95,12000,A,352357
-71.625,-71.5125,12025,A,352357
-72.25,-72.075,12050,A,352357
-72.875,-72.6375,12075,A,352357
-73.5,-73.2,12100,A,352357
-74.125,-73.7625,12125,A,352357
-74.75,-74.325,12150,A,352357
-75.375,-74.8875,12175,A,352357
-75,-75.45,12200,A,352357
-75.625,-76.0125,12225,A,352357
-76.25,-76.575,12250,A,352357
-76.875,-77.1375,12275,A,352357
-77.5,-77.7,12300,A,352357
-78.125,-78.2625,12325,A,352357
-78.75,-78.825,12350,A,352357
-79.375,-79.3875,12375,A,352357
-80,-80.0125,12400,A,352357
-80.625,-80.6375,12425,A,352357
-81.25,-81.2625,12450,A,352357
-81.875,-81.8875,12475,A,352357
-82.5,-82.5125,12500,A,352357
-83.125,-83.1375,12525,A,352357
-83.75,-83.7625,12550,A,352357
-84.375,-84.3875,12575,A,352357
-85,-85.0125,12600,A,352357
-85.625,-85.6375,12625,A,352357
-86.25,-86.2625,12650,A,352357
-86.875,-86.83,12675,A,352357
-87.5,-87.3925,12700,A,352357
-88.125,-87.955,12725,A,352357
-88.75,-88.5175,12750,A,352357
-89.375,-89.08,12775,A,352357
-90,-89.6425,12800,A,352357
-90.625,-90.205,12825,A,352357
-91.25,-90.7675,12850,A,352357
-90.875,-91.33,12875,A,352357
-91.5,-91.8925,12900,A,352357
-92.125,-92.455,12925,A,352357
-92.75,-93.0175,12950,A,352357
-93.375,-93.52,12975,A,352357
-94,-94.02,13000,A,352357
-94.625,-94.52,13025,A,352357
-95.25,-95.02,13050,A,352357
-95.875,-95.5325,13075,A,352357
-96.5,-96.0325,13100,A,352357
-97.125,-96.5325,13125,A,352357
-97.75,-97.0325,13150,A,352357
-97.375,-97.5325,13175,A,352357
-98,-98.0325,13200,A,352357
-98.625,-98.5325,13225,A,352357
-99.25,-99.0325,13250,A,352357
-98.875,-99.5325,13275,A,352357
-99.5,-100.0325,13300,A,352357
-100.125,-100.5325,13325,A,352357
-100.75,-101.0325,13350,A,352357
-101.375,-101.5925,13375,A,352357
-102,-102.155,13400,A,352357
-102.625,-102.7175,13425,A,352357
-103.25,-103.28,13450,A,352357
-103.875,-103.8875,13475,A,352357
-104.5,-104.5125,13500,A,352357
-105.125,-105.1375,13525,A,352357
-105.75,-105.7625,13550,A,352357
-106.375,-106.3875,13575,A,352357
-107,-107.0125,13600,A,352357
-107.625,-107.6375,13625,A,352357
-108.25,-108.215,13650,A,352357
-108.875,-108.7775,13675,A,352357
-109.5,-109.34,13700,A,352357
-110.125,-109.9025,13725,A,352357
-110.75,-110.465,13750,A,352357
-111.375,-111.0275,13775,A,352357
-112,-111.59,13800,A,352357
-112.625,-112.1525,13825,A,352357
-112.25,-112.715,13850,A,352357
-112.875,-113.2775,13875,A,352357
-113.5,-113.8325,13900,A,352357
-114.125,-114.3325,13925,A,352357
-114.75,-114.8325,13950,A,352357
-115.375,-115.3325,13975,A,352357
-116,-115.8325,14000,A,352357
-116.625,-116.3325,14025,A,352357
-117.25,-116.88,14050,A,352357
-117.875,-117.4425,14075,A,352357
-117.5,-118.005,14100,A,352357
-118.125,-118.5675,14125,A,352357
-118.75,-119.13,14150,A,352357
-119.375,-119.6925,14175,A,352357
-120,-120.255,14200,A,352357
-120.625,-120.8175,14225,A,352357
-121.25,-121.38,14250,A,352357
-121.875,-121.9425,14275,A,352357
-122.5,-122.5125,14300,A,352357
-123.125,-123.1375,14325,A,352357
-123.75,-123.7625,14350,A,352357
-124.375,-124.355,14375,A,352357
-125,-124.9175,14400,A,352357
-125.625,-125.48,14425,A,352357
-126.25,-126.0425,14450,A,352357
-126.875,-126.605,14475,A,352357
-127.5,-127.1675,14500,A,352357
-128.125,-127.73,14525,A,352357
-128.75,-128.2925,14550,A,352357
-128.375,-128.855,14575,A,352357
-129,-129.4175,14600,A,352357
-129.625,-129.98,14625,A,352357
-130.25,-130.5425,14650,A,352357
-130.875,-131.105,14675,A,352357
-131.5,-131.6675,14700,A,352357
-132.125,-132.23,14725,A,352357
-132.75,-132.7925,14750,A,352357
-133.375,-133.3875,14775,A,352357
-134,-134.0125,14800,A,352357
-134.625,-134.6375,14825,A,352357
-135.25,-135.2625,14850,A,352357
-135.875,-135.8875,14875,A,352357
-136.5,-136.5125,14900,A,352357
-137.125,-137.1375,14925,A,352357
-137.75,-137.7625,14950,A,352357
-138.375,-138.3875,14975,A,352357
-139,-139.0125,15000,A,352357
-139.625,-139.6375,15025,A,352357
-140.25,-140.2625,15050,A,352357
-140.875,-140.8875,15075,A,352357
-141.5,-141.5125,15100,A,352357
-142.125,-142.1375,15125,A,352357
-142.75,-142.7625,15150,A,352357
-143.375,-143.3875,15175,A,352357
-144,-144.0125,15200,A,352357
-144.625,-144.6375,15225,A,352357
-145.25,-145.2625,15250,A,352357
-145.875,-145.8875,15275,A,352357
-146.5,-146.5125,15300,A,352357
-147.125,-147.1375,15325,A,352357
-147.75,-147.7625,15350,A,352357
-148.375,-148.3875,15375,A,352357
-149,-149.0125,15400,A,352357
-149.625,-149.6375,15425,A,352357
-150.25,-150.2625,15450,A,352357
-150.875,-150.8875,15475,A,352357
-151.5,-151.5125,15500,A,352357
-152.125,-152.1375,15525,A,352357
-152.75,-152.7625,15550,A,352357
-153.375,-153.3875,15575,A,352357
-154,-154.0125,15600,A,352357
-154.625,-154.6375,15625,A,352357
-155.25,-155.2625,15650,A,352357
-155.875,-155.8875,15675,A,352357
-156.5,-156.5125,15700,A,352357
-157.125,-157.1375,15725,A,352357
-157.75,-157.7625,15750,A,352357
-158.375,-158.3875,15775,A,352357
-159,-159.0125,15800,A,352357
-159.625,-159.6375,15825,A,352357
-160.25,-160.2625,15850,A,352357
-160.875,-160.8875,15875,A,352357
-161.5,-161.5125,15900,A,352357
-162.125,-162.1375,15925,A,352357
-162.75,-162.7625,15950,A,352357
-163.375,-163.3875,15975,A,352357
-164,-164.0125,16000,A,352357
-164.625,-164.6375,16025,A,352357
-165.25,-165.2625,16050,A,352357
-165.875,-165.8875,16075,A,352357
-166.5,-166.5125,16100,A,352357
-167.125,-167.1375,16125,A,352357
-167.75,-167.7625,16150,A,352357
-168.375,-168.3875,16175,A,352357
-169,-169.0125,16200,A,352357
-169.625,-169.6375,16225,A,352357
-170.25,-170.2625,16250,A,352357
-170.875,-170.8875,16275,A,352357
-171.5,-171.5125,16300,A,352357
-172.125,-172.1375,16325,A,352357
-172.75,-172.7625,16350,A,352357
-173.375,-173.3875,16375,A,352357
-174,-174.0125,16400,A,352357
-174.625,-174.6375,16425,A,352357
-175.25,-175.2625,16450,A,352357
-175.875,-175.8875,16475,A,352357
-176.5,-176.5125,16500,A,352357
-177.125,-177.1375,16525,A,352357
-177.75,-177.7625,16550,A,352357
-178.375,-178.3375,16575,A,352357
-179,-178.9,16600,A,352357
-179.625,-179.4625,16625,A,352357
-180.25,-180.025,16650,A,352357
-180.875,-180.5875,16675,A,352357
-181.5,-181.15,16700,A,352357
-182.125,-181.7125,16725,A,352357
-182.75,-182.275,16750,A,352357
-182.375,-182.8375,16775,A,352357
-183,-183.4,16800,A,352357
-183.625,-183.9625,16825,A,352357
-184.25,-184.525,16850,A,352357
-184.875,-185.0875,16875,A,352357
-185.5,-185.65,16900,A,352357
-186.125,-186.2125,16925,A,352357
-186.75,-186.775,16950,A,352357
-187.375,-187.3875,16975,A,352357
-188,-188.0125,17000,A,352357
-188.625,-188.6375,17025,A,352357
-189.25,-189.2625,17050,A,352357
-189.875,-189.8375,17075,A,352357
-190.5,-190.4,17100,A,352357
-191.125,-190.9625,17125,A,352357
-191.75,-191.525,17150,A,352357
-192.375,-192.0875,17175,A,352357
-193,-192.65,17200,A,352357
-193.625,-193.2125,17225,A,352357
-194.25,-193.775,17250,A,352357
-193.875,-194.3375,17275,A,352357
-194.5,-194.9,17300,A,352357
-195.125,-195.4625,17325,A,352357
-195.75,-196.025,17350,A,352357
-196.375,-196.5875,17375,A,352357
-197,-197.15,17400,A,352357
-197.625,-197.655,17425,A,352357
-198.25,-198.1125,17450,A,352357
-198.875,-198.6,17475,A,352357
-199.5,-199.1,17500,A,352357
-200.125,-199.6,17525,A,352357
-200.75,-200.1,17550,A,352357
-201.375,-200.6,17575,A,352357
-202,-201.1,17600,A,352357
-201.625,-201.6,17625,A,352357
-201.25,-202.1,17650,A,352357
-201.875,-202.6,17675,A,352357
-202.5,-203.1,17700,A,352357
-203.125,-203.6,17725,A,352357
-203.75,-204.1,17750,A,352357
-204.375,-204.6,17775,A,352357
-205,-205.1,17800,A,352357
-205.625,-205.6575,17825,A,352357
-206.25,-206.2625,17850,A,352357
-206.875,-206.8875,17875,A,352357
-207.5,-207.5125,17900,A,352357
-208.125,-208.1375,17925,A,352357
-208.75,-208.7625,17950,A,352357
-209.375,-209.3875,17975,A,352357
-210,-210.0125,18000,A,352357
-210.625,-210.6375,18025,A,352357
-211.25,-211.2625,18050,A,352357
-211.875,-211.8875,18075,A,352357
-212.5,-212.5125,18100,A,352357
-213.125,-213.1375,18125,A,352357
-213.75,-213.7625,18150,A,352357
-214.375,-214.3875,18175,A,352357
-215,-215.0125,18200,A,352357
-215.625,-215.6375,18225,A,352357
-216.25,-216.2625,18250,A,352357
-216.875,-216.8875,18275,A,352357
-217.5,-217.5125,18300,A,352357
-218.125,-218.1375,18325,A,352357
-218.75,-218.7625,18350,A,352357
-219.375,-219.3875,18375,A,352357
-220,-220.0125,18400,A,352357
-220.625,-220.6375,18425,A,352357
-221.25,-221.2625,18450,A,352357
-221.875,-221.8875,18475,A,352357
-222.5,-222.5125,18500,A,352357
-223.125,-223.1375,18525,A,352357
-223.75,-223.7625,18550,A,352357
-224.375,-224.3875,18575,A,352357
-225,-225.0125,18600,A,352357
-225.625,-225.6375,18625,A,352357
-226.25,-226.2625,18650,A,352357
-226.875,-226.8875,18675,A,352357
-227.5,-227.5125,18700,A,352357
-228.125,-228.1375,18725,A,352357
-228.75,-228.7625,18750,A,352357
-229.375,-229.3875,18775,A,352357
-230,-230.0125,18800,A,352357
-230.625,-230.625,18825,A,352357
-231.25,-231.1875,18850,A,352357
-231.875,-231.75,18875,A,352357
-232.5,-232.3125,18900,A,352357
-233.125,-232.875,18925,A,352357
-233.75,-233.4375,18950,A,352357
-234.375,-234,18975,A,352357
-235,-234.5625,19000,A,352357
-234.625,-235.125,19025,A,352357
-235.25,-235.6875,19050,A,352357
-235.875,-236.25,19075,A,352357
-236.5,-236.8125,19100,A,352357
-237.125,-237.375,19125,A,352357
-237.75,-237.9375,19150,A,352357
-238.375,-238.5,19175,A,352357
-239,-239.0625,19200,A,352357
-239.625,-239.6375,19225,A,352357
-240.25,-240.2625,19250,A,352357
-240.875,-240.8875,19275,A,352357
-241.5,-241.5125,19300,A,352357
-242.125,-242.1375,19325,A,352357
-242.75,-242.7625,19350,A,352357
-243.375,-243.3875,19375,A,352357
-244,-244.0125,19400,A,352357
-244.625,-244.6375,19425,A,352357
-245.25,-245.2625,19450,A,352357
-245.875,-245.8875,19475,A,352357
-246.5,-246.5125,19500,A,352357
-247.125,-247.1375,19525,A,352357
-247.75,-247.7625,19550,A,352357
-248.375,-248.3875,19575,A,352357
-249,-249.0125,19600,A,352357
-249.625,-249.6375,19625,A,352357
-250.25,-250.2625,19650,A,352357
-250.875,-250.8875,19675,A,352357
-251.5,-251.5125,19700,A,352357
-252.125,-252.1375,19725,A,352357
-252.75,-252.7625,19750,A,352357
-253.375,-253.3875,19775,A,352357
-254,-254.0125,19800,A,352357
-254.625,-254.6375,19825,A,352357
-255.25,-255.2625,19850,A,352357
-255.875,-255.8875,19875,A,352357
-256.5,-256.5125,19900,A,352357
-257.125,-257.1375,19925,A,352357
-257.75,-257.7625,19950,A,352357
-258.375,-258.3875,19975,A,352357
-259,-259.0125,20000,A,352357
0.375,,25,A,403681
2.75,,50,A,403681
3.125,,75,A,403681
6.5,,100,A,403681
10.875,,125,A,403681
12.25,,150,A,403681
13.625,,175,A,403681
14,19.745,200,A,403681
19.375,22.71,225,A,403681
22.75,25.8275,250,A,403681
25.125,29,275,A,403681
33.5,32.1975,300,A,403681
39.875,35.2275,325,A,403681
42.25,38.1125,350,A,403681
44.625,40.9425,375,A,403681
47,43.85,400,A,403681
48.375,46.6475,425,A,403681
52.75,49.26,450,A,403681
53.125,51.7425,475,A,403681
57.5,54.005,500,A,403681
56.875,55.875,525,A,403681
58.25,57.4475,550,A,403681
59.625,59.05,575,A,403681
61,60.4675,600,A,403681
62.375,61.99,625,A,403681
63.75,63.3525,650,A,403681
64.125,64.5625,675,A,403681
65.5,65.6125,700,A,403681
66.875,66.6675,725,A,403681
67.25,67.76,750,A,403681
68.625,68.8075,775,A,403681
70,69.7825,800,A,403681
73.375,70.69,825,A,403681
72.75,71.5675,850,A,403681
73.125,72.4375,875,A,403681
73.5,73.195,900,A,403681
73.875,73.8925,925,A,403681
75.25,74.7125,950,A,403681
75.625,75.58,975,A,403681
76,76.495,1000,A,403681
76.375,77.2925,1025,A,403681
77.75,78.1725,1050,A,403681
77.125,79.0975,1075,A,403681
77.5,79.965,1100,A,403681
78.875,80.8025,1125,A,403681
80.25,81.6175,1150,A,403681
83.625,82.3325,1175,A,403681
84,83.075,1200,A,403681
87.375,83.785,1225,A,403681
87.75,84.4975,1250,A,403681
87.125,85.185,1275,A,403681
86.5,85.8125,1300,A,403681
87.875,86.425,1325,A,403681
87.25,86.91,1350,A,403681
87.625,87.1825,1375,A,403681
88,87.365,1400,A,403681
87.375,87.49,1425,A,403681
88.75,87.53,1450,A,403681
88.125,87.53,1475,A,403681
87.5,87.53,1500,A,403681
87.875,87.5275,1525,A,403681
87.25,87.585,1550,A,403681
86.625,87.69,1575,A,403681
87,87.7375,1600,A,403681
87.375,87.8625,1625,A,403681
87.75,87.92,1650,A,403681
87.125,87.9875,1675,A,403681
86.5,88.1225,1700,A,403681
87.875,88.2675,1725,A,403681
89.25,88.455,1750,A,403681
88.625,88.6675,1775,A,403681
89,88.9325,1800,A,403681
89.375,89.215,1825,A,403681
89.75,89.42,1850,A,403681
90.125,89.6075,1875,A,403681
90.5,89.835,1900,A,403681
90.875,90.08,1925,A,403681
90.25,90.2725,1950,A,403681
90.625,90.44,1975,A,403681
91,90.625,2000,A,403681
91.375,90.6875,2025,A,403681
90.75,90.73,2050,A,403681
90.125,90.8025,2075,A,403681
90.5,90.855,2100,A,403681
91.875,90.8425,2125,A,403681
91.25,90.815,2150,A,403681
91.625,90.79,2175,A,403681
91,90.6875,2200,A,403681
90.375,90.505,2225,A,403681
89.75,90.3625,2250,A,403681
91.125,90.2375,2275,A,403681
90.5,90.1125,2300,A,403681
89.875,89.9575,2325,A,403681
90.25,89.815,2350,A,403681
89.625,89.6825,2375,A,403681
89,89.57,2400,A,403681
88.375,89.5475,2425,A,403681
88.75,89.5475,2450,A,403681
88.125,89.47,2475,A,403681
88.5,89.345,2500,A,403681
88.875,89.22,2525,A,403681
89.25,89.06,2550,A,403681
89.625,88.8725,2575,A,403681
90,88.685,2600,A,403681
90.375,88.56,2625,A,403681
89.75,88.485,2650,A,403681
89.125,88.4775,2675,A,403681
88.5,88.4375,2700,A,403681
87.875,88.3325,2725,A,403681
87.25,88.27,2750,A,403681
86.625,88.1725,2775,A,403681
86,88.09,2800,A,403681
87.375,88.0025,2825,A,403681
87.75,87.94,2850,A,403681
88.125,87.8775,2875,A,403681
87.5,87.815,2900,A,403681
86.875,87.7525,2925,A,403681
88.25,87.69,2950,A,403681
87.625,87.68,2975,A,403681
88,87.68,3000,A,403681
89.375,87.625,3025,A,403681
88.75,87.53,3050,A,403681
88.125,87.35,3075,A,403681
87.5,87.1625,3100,A,403681
86.875,87.02,3125,A,403681
86.25,86.85,3150,A,403681
86.625,86.675,3175,A,403681
86,86.4975,3200,A,403681
86.375,86.295,3225,A,403681
85.75,86.0725,3250,A,403681
85.125,85.885,3275,A,403681
84.5,85.6975,3300,A,403681
85.875,85.51,3325,A,403681
85.25,85.3225,3350,A,403681
85.625,85.1275,3375,A,403681
86,85.0225,3400,A,403681
85.375,84.9525,3425,A,403681
85.75,84.8275,3450,A,403681
85.125,84.7025,3475,A,403681
84.5,84.61,3500,A,403681
83.875,84.5025,3525,A,403681
83.25,84.315,3550,A,403681
83.625,84.115,3575,A,403681
85,83.8625,3600,A,403681
84.375,83.55,3625,A,403681
83.75,83.21,3650,A,403681
83.125,82.835,3675,A,403681
83.5,82.5275,3700,A,403681
82.875,82.2775,3725,A,403681
82.25,82.0275,3750,A,403681
81.625,81.7325,3775,A,403681
81,81.3375,3800,A,403681
80.375,80.9,3825,A,403681
79.75,80.4625,3850,A,403681
79.125,80.025,3875,A,403681
80.5,79.555,3900,A,403681
79.875,79.055,3925,A,403681
79.25,78.6175,3950,A,403681
78.625,78.18,3975,A,403681
78,77.7625,4000,A,403681
77.375,77.3875,4025,A,403681
76.75,77.0575,4050,A,403681
76.125,76.745,4075,A,403681
75.5,76.365,4100,A,403681
74.875,75.9275,4125,A,403681
75.25,75.5325,4150,A,403681
74.625,75.1575,4175,A,403681
75,74.8075,4200,A,403681
74.375,74.495,4225,A,403681
74.75,74.1825,4250,A,403681
74.125,73.8775,4275,A,403681
73.5,73.6775,4300,A,403681
72.875,73.49,4325,A,403681
73.25,73.2675,4350,A,403681
72.625,73.0825,4375,A,403681
73,72.9675,4400,A,403681
72.375,72.8425,4425,A,403681
71.75,72.6725,4450,A,403681
72.125,72.485,4475,A,403681
72.5,72.3425,4500,A,403681
71.875,72.2175,4525,A,403681
72.25,72.05,4550,A,403681
72.625,71.8625,4575,A,403681
73,71.65,4600,A,403681
72.375,71.4,4625,A,403681
71.75,71.15,4650,A,403681
71.125,70.8925,4675,A,403681
71.5,70.53,4700,A,403681
70.875,70.155,4725,A,403681
70.25,69.785,4750,A,403681
69.625,69.4575,4775,A,403681
69,69.11,4800,A,403681
68.375,68.795,4825,A,403681
67.75,68.4825,4850,A,403681
67.125,68.22,4875,A,403681
66.5,67.9875,4900,A,403681
65.875,67.7375,4925,A,403681
66.25,67.4875,4950,A,403681
66.625,67.295,4975,A,403681
67,67.12,5000,A,403681
67.375,66.995,5025,A,403681
66.75,66.87,5050,A,403681
68.125,66.745,5075,A,403681
67.5,66.6575,5100,A,403681
66.875,66.595,5125,A,403681
66.25,66.5,5150,A,403681
66.625,66.325,5175,A,403681
67,66.0825,5200,A,403681
66.375,65.835,5225,A,403681
65.75,65.585,5250,A,403681
65.125,65.285,5275,A,403681
65.5,64.91,5300,A,403681
64.875,64.535,5325,A,403681
64.25,64.19,5350,A,403681
63.625,63.8775,5375,A,403681
64,63.5525,5400,A,403681
63.375,63.1775,5425,A,403681
62.75,62.8025,5450,A,403681
62.125,62.4275,5475,A,403681
61.5,62.015,5500,A,403681
60.875,61.5775,5525,A,403681
61.25,61.14,5550,A,403681
61.625,60.7625,5575,A,403681
61,60.385,5600,A,403681
60.375,59.9475,5625,A,403681
59.75,59.51,5650,A,403681
59.125,59.0725,5675,A,403681
58.5,58.635,5700,A,403681
57.875,58.2425,5725,A,403681
57.25,57.8375,5750,A,403681
57.625,57.3425,5775,A,403681
57,56.865,5800,A,403681
56.375,56.4275,5825,A,403681
55.75,55.99,5850,A,403681
55.125,55.595,5875,A,403681
54.5,55.22,5900,A,403681
54.875,54.845,5925,A,403681
54.25,54.5175,5950,A,403681
53.625,54.145,5975,A,403681
54,53.7925,6000,A,403681
53.375,53.48,6025,A,403681
52.75,53.1675,6050,A,403681
53.125,52.87,6075,A,403681
52.5,52.62,6100,A,403681
51.875,52.325,6125,A,403681
52.25,52.0125,6150,A,403681
51.625,51.7,6175,A,403681
52,51.365,6200,A,403681
51.375,50.99,6225,A,403681
50.75,50.6475,6250,A,403681
51.125,50.2925,6275,A,403681
50.5,49.9175,6300,A,403681
49.875,49.5425,6325,A,403681
49.25,49.12,6350,A,403681
48.625,48.6825,6375,A,403681
48,48.2225,6400,A,403681
47.375,47.7225,6425,A,403681
47.75,47.2225,6450,A,403681
47.125,46.7075,6475,A,403681
46.5,46.145,6500,A,403681
45.875,45.5825,6525,A,403681
45.25,45.02,6550,A,403681
44.625,44.4575,6575,A,403681
44,43.895,6600,A,403681
43.375,43.365,6625,A,403681
42.75,42.8325,6650,A,403681
42.125,42.27,6675,A,403681
41.5,41.7075,6700,A,403681
40.875,41.145,6725,A,403681
40.25,40.595,6750,A,403681
39.625,40.1,6775,A,403681
39,39.6625,6800,A,403681
39.375,39.225,6825,A,403681
38.75,38.7975,6850,A,403681
38.125,38.4225,6875,A,403681
37.5,38.0475,6900,A,403681
36.875,37.6725,6925,A,403681
37.25,37.2975,6950,A,403681
37.625,36.9225,6975,A,403681
37,36.5475,7000,A,403681
36.375,36.175,7025,A,403681
36.75,35.8,7050,A,403681
36.125,35.44,7075,A,403681
35.5,35.1275,7100,A,403681
34.875,34.815,7125,A,403681
34.25,34.49,7150,A,403681
33.625,34.11,7175,A,403681
33,33.6725,7200,A,403681
33.375,33.235,7225,A,403681
32.75,32.7875,7250,A,403681
33.125,32.2875,7275,A,403681
32.5,31.7875,7300,A,403681
31.875,31.33,7325,A,403681
31.25,30.8925,7350,A,403681
30.625,30.455,7375,A,403681
30,30.0175,7400,A,403681
29.375,29.5675,7425,A,403681
28.75,29.13,7450,A,403681
28.125,28.695,7475,A,403681
27.5,28.2575,7500,A,403681
27.875,27.8825,7525,A,403681
27.25,27.5075,7550,A,403681
26.625,27.1325,7575,A,403681
26,26.7575,7600,A,403681
26.375,26.3825,7625,A,403681
25.75,26.06,7650,A,403681
26.125,25.7475,7675,A,403681
25.5,25.435,7700,A,403681
25.875,25.08,7725,A,403681
25.25,24.705,7750,A,403681
24.625,24.3775,7775,A,403681
24,24.065,7800,A,403681
23.375,23.73,7825,A,403681
23.75,23.355,7850,A,403681
23.125,22.9625,7875,A,403681
22.5,22.525,7900,A,403681
21.875,22.025,7925,A,403681
21.25,21.525,7950,A,403681
21.625,21.025,7975,A,403681
21,20.565,8000,A,403681
20.375,20.1625,8025,A,403681
19.75,19.735,8050,A,403681
19.125,19.2975,8075,A,403681
18.5,18.86,8100,A,403681
17.875,18.4225,8125,A,403681
17.25,17.985,8150,A,403681
16.625,17.5,8175,A,403681
17,17,8200,A,403681
17.375,16.5,8225,A,403681
16.75,16,8250,A,403681
16.125,15.5,8275,A,403681
15.5,15,8300,A,403681
14.875,14.5,8325,A,403681
14.25,14,8350,A,403681
13.625,13.5,8375,A,403681
13,12.96,8400,A,403681
12.375,12.3625,8425,A,403681
11.75,11.7375,8450,A,403681
11.125,11.1125,8475,A,403681
10.5,10.4875,8500,A,403681
9.87499999999998,9.86249999999998,8525,A,403681
9.24999999999998,9.23749999999998,8550,A,403681
8.62499999999998,8.61249999999998,8575,A,403681
7.99999999999998,8.02999999999998,8600,A,403681
7.37499999999998,7.46749999999998,8625,A,403681
6.74999999999998,6.90499999999998,8650,A,403681
6.12499999999998,6.34249999999998,8675,A,403681
5.49999999999998,5.77999999999998,8700,A,403681
4.87499999999998,5.21749999999998,8725,A,403681
4.24999999999998,4.65499999999998,8750,A,403681
3.62499999999998,4.09249999999998,8775,A,403681
3.99999999999998,3.54749999999998,8800,A,403681
3.37499999999998,3.04749999999998,8825,A,403681
2.74999999999998,2.58999999999998,8850,A,403681
2.12499999999998,2.15249999999998,8875,A,403681
1.49999999999998,1.71499999999998,8900,A,403681
0.874999999999983,1.27749999999998,8925,A,403681
0.249999999999983,0.839999999999983,8950,A,403681
-0.375000000000017,0.402499999999983,8975,A,403681
-1.71737624121704e-14,-0.0775000000000172,9000,A,403681
-0.625000000000017,-0.577500000000017,9025,A,403681
-0.250000000000017,-1.07750000000002,9050,A,403681
-0.875000000000017,-1.57750000000002,9075,A,403681
-1.50000000000002,-2.07750000000002,9100,A,403681
-2.12500000000002,-2.52250000000002,9125,A,403681
-2.75000000000002,-2.96000000000002,9150,A,403681
-3.37500000000002,-3.39750000000002,9175,A,403681
-4.00000000000002,-3.85250000000002,9200,A,403681
-4.62500000000002,-4.35250000000002,9225,A,403681
-5.25000000000002,-4.89500000000002,9250,A,403681
-5.87500000000002,-5.45750000000002,9275,A,403681
-6.50000000000002,-6.02000000000002,9300,A,403681
-6.12500000000002,-6.58250000000002,9325,A,403681
-6.75000000000002,-7.14500000000002,9350,A,403681
-7.37500000000002,-7.70750000000002,9375,A,403681
-8.00000000000002,-8.27000000000002,9400,A,403681
-8.62500000000002,-8.83250000000002,9425,A,403681
-9.25000000000002,-9.39500000000002,9450,A,403681
-9.87500000000002,-9.95750000000002,9475,A,403681
-10.5,-10.51,9500,A,403681
-11.125,-11.065,9525,A,403681
-11.75,-11.6275,9550,A,403681
-12.375,-12.19,9575,A,403681
-13,-12.7525,9600,A,403681
-13.625,-13.315,9625,A,403681
-14.25,-13.8775,9650,A,403681
-14.875,-14.44,9675,A,403681
-14.5,-15.0025,9700,A,403681
-15.125,-15.565,9725,A,403681
-15.75,-16.1275,9750,A,403681
-16.375,-16.69,9775,A,403681
-17,-17.2,9800,A,403681
-17.625,-17.7,9825,A,403681
-18.25,-18.2,9850,A,403681
-18.875,-18.7,9875,A,403681
-19.5,-19.205,9900,A,403681
-20.125,-19.705,9925,A,403681
-20.75,-20.205,9950,A,403681
-21.375,-20.705,9975,A,403681
-21,-21.205,10000,A,403681
-21.625,-21.705,10025,A,403681
-22.25,-22.205,10050,A,403681
-22.875,-22.705,10075,A,403681
-22.5,-23.205,10100,A,403681
-23.125,-23.705,10125,A,403681
-23.75,-24.205,10150,A,403681
-24.375,-24.705,10175,A,403681
-25,-25.2575,10200,A,403681
-25.625,-25.82,10225,A,403681
-26.25,-26.3825,10250,A,403681
-26.875,-26.945,10275,A,403681
-27.5,-27.5125,10300,A,403681
-28.125,-28.1375,10325,A,403681
-28.75,-28.7625,10350,A,403681
-29.375,-29.3875,10375,A,403681
-30,-30.0125,10400,A,403681
-30.625,-30.6375,10425,A,403681
-31.25,-31.2625,10450,A,403681
-31.875,-31.8875,10475,A,403681
-32.5,-32.5125,10500,A,403681
-33.125,-33.1375,10525,A,403681
-33.75,-33.7625,10550,A,403681
-34.375,-34.3875,10575,A,403681
-35,-35.0125,10600,A,403681
-35.625,-35.6375,10625,A,403681
-36.25,-36.2625,10650,A,403681
-36.875,-36.8875,10675,A,403681
-37.5,-37.5125,10700,A,403681
-38.125,-38.1375,10725,A,403681
-38.75,-38.7625,10750,A,403681
-39.375,-39.3875,10775,A,403681
-40,-40.0125,10800,A,403681
-40.625,-40.6375,10825,A,403681
-41.25,-41.2625,10850,A,403681
-41.875,-41.8875,10875,A,403681
-42.5,-42.5125,10900,A,403681
-43.125,-43.1375,10925,A,403681
-43.75,-43.7625,10950,A,403681
-44.375,-44.3875,10975,A,403681
-45,-45.0125,11000,A,403681
-45.625,-45.6375,11025,A,403681
-46.25,-46.2625,11050,A,403681
-46.875,-46.8875,11075,A,403681
-47.5,-47.5125,11100,A,403681
-48.125,-48.1375,11125,A,403681
-48.75,-48.7625,11150,A,403681
-49.375,-49.3875,11175,A,403681
-50,-50.0125,11200,A,403681
-50.625,-50.6375,11225,A,403681
-51.25,-51.2625,11250,A,403681
-51.875,-51.8875,11275,A,403681
-52.5,-52.5125,11300,A,403681
-53.125,-53.1375,11325,A,403681
-53.75,-53.7625,11350,A,403681
-54.375,-54.3875,11375,A,403681
-55,-55.0125,11400,A,403681
-55.625,-55.6375,11425,A,403681
-56.25,-56.2625,11450,A,403681
-56.875,-56.8875,11475,A,403681
-57.5,-57.5125,11500,A,403681
-58.125,-58.1375,11525,A,403681
-58.75,-58.7625,11550,A,403681
-59.375,-59.3875,11575,A,403681
-60,-60.0125,11600,A,403681
-60.625,-60.6375,11625,A,403681
-61.25,-61.2625,11650,A,403681
-61.875,-61.8875,11675,A,403681
-62.5,-62.5125,11700,A,403681
-63.125,-63.1375,11725,A,403681
-63.75,-63.7625,11750,A,403681
-64.375,-64.3875,11775,A,403681
-65,-65.0125,11800,A,403681
-65.625,-65.6375,11825,A,403681
-66.25,-66.2625,11850,A,403681
-66.875,-66.8875,11875,A,403681
-67.5,-67.5125,11900,A,403681
-68.125,-68.1375,11925,A,403681
-68.75,-68.7625,11950,A,403681
-69.375,-69.3875,11975,A,403681
-70,-70.0125,12000,A,403681
-70.625,-70.6375,12025,A,403681
-71.25,-71.2625,12050,A,403681
-71.875,-71.8875,12075,A,403681
-72.5,-72.465,12100,A,403681
-73.125,-73.0275,12125,A,403681
-73.75,-73.59,12150,A,403681
-74.375,-74.1525,12175,A,403681
-75,-74.715,12200,A,403681
-75.625,-75.2775,12225,A,403681
-76.25,-75.84,12250,A,403681
-76.875,-76.4025,12275,A,403681
-76.5,-76.965,12300,A,403681
-77.125,-77.5275,12325,A,403681
-77.75,-78.09,12350,A,403681
-78.375,-78.6525,12375,A,403681
-79,-79.175,12400,A,403681
-79.625,-79.675,12425,A,403681
-80.25,-80.175,12450,A,403681
-80.875,-80.675,12475,A,403681
-81.5,-81.2225,12500,A,403681
-82.125,-81.78,12525,A,403681
-82.75,-82.28,12550,A,403681
-83.375,-82.78,12575,A,403681
-83,-83.28,12600,A,403681
-83.625,-83.78,12625,A,403681
-84.25,-84.28,12650,A,403681
-84.875,-84.78,12675,A,403681
-85.5,-85.28,12700,A,403681
-85.125,-85.78,12725,A,403681
-85.75,-86.28,12750,A,403681
-86.375,-86.78,12775,A,403681
-87,-87.32,12800,A,403681
-87.625,-87.8825,12825,A,403681
-88.25,-88.445,12850,A,403681
-88.875,-89.0075,12875,A,403681
-89.5,-89.57,12900,A,403681
-90.125,-90.1375,12925,A,403681
-90.75,-90.7625,12950,A,403681
-91.375,-91.3875,12975,A,403681
-92,-92.0125,13000,A,403681
-92.625,-92.6375,13025,A,403681
-93.25,-93.2125,13050,A,403681
-93.875,-93.775,13075,A,403681
-94.5,-94.3375,13100,A,403681
-95.125,-94.87,13125,A,403681
-95.75,-95.37,13150,A,403681
-96.375,-95.87,13175,A,403681
-97,-96.37,13200,A,403681
-97.625,-96.87,13225,A,403681
-97.25,-97.37,13250,A,403681
-97.875,-97.87,13275,A,403681
-98.5,-98.37,13300,A,403681
-98.125,-98.87,13325,A,403681
-98.75,-99.37,13350,A,403681
-99.375,-99.87,13375,A,403681
-100,-100.37,13400,A,403681
-100.625,-100.87,13425,A,403681
-101.25,-101.42,13450,A,403681
-101.875,-101.9825,13475,A,403681
-102.5,-102.545,13500,A,403681
-103.125,-103.1375,13525,A,403681
-103.75,-103.7625,13550,A,403681
-104.375,-104.3875,13575,A,403681
-105,-105.0125,13600,A,403681
-105.625,-105.6375,13625,A,403681
-106.25,-106.2625,13650,A,403681
-106.875,-106.8875,13675,A,403681
-107.5,-107.5125,13700,A,403681
-108.125,-108.1375,13725,A,403681
-108.75,-108.7625,13750,A,403681
-109.375,-109.3875,13775,A,403681
-110,-110.0125,13800,A,403681
-110.625,-110.6375,13825,A,403681
-111.25,-111.2625,13850,A,403681
-111.875,-111.8875,13875,A,403681
-112.5,-112.5125,13900,A,403681
-113.125,-113.1375,13925,A,403681
-113.75,-113.7625,13950,A,403681
-114.375,-114.3875,13975,A,403681
-115,-115.0125,14000,A,403681
-115.625,-115.6375,14025,A,403681
-116.25,-116.2625,14050,A,403681
-116.875,-116.8875,14075,A,403681
-117.5,-117.5125,14100,A,403681
-118.125,-118.1375,14125,A,403681
-118.75,-118.7625,14150,A,403681
-119.375,-119.3875,14175,A,403681
-120,-120.0125,14200,A,403681
-120.625,-120.6375,14225,A,403681
-121.25,-121.2625,14250,A,403681
-121.875,-121.8875,14275,A,403681
-122.5,-122.5125,14300,A,403681
-123.125,-123.1375,14325,A,403681
-123.75,-123.7625,14350,A,403681
-124.375,-124.3875,14375,A,403681
-125,-125.0125,14400,A,403681
-125.625,-125.6375,14425,A,403681
-126.25,-126.2625,14450,A,403681
-126.875,-126.8875,14475,A,403681
-127.5,-127.5125,14500,A,403681
-128.125,-128.1375,14525,A,403681
-128.75,-128.7625,14550,A,403681
-129.375,-129.3875,14575,A,403681
-130,-130.0125,14600,A,403681
-130.625,-130.6375,14625,A,403681
-131.25,-131.2625,14650,A,403681
-131.875,-131.8875,14675,A,403681
-132.5,-132.5125,14700,A,403681
-133.125,-133.1375,14725,A,403681
-133.75,-133.7625,14750,A,403681
-134.375,-134.3875,14775,A,403681
-135,-135.0125,14800,A,403681
-135.625,-135.6375,14825,A,403681
-136.25,-136.2625,14850,A,403681
-136.875,-136.8875,14875,A,403681
-137.5,-137.5125,14900,A,403681
-138.125,-138.1375,14925,A,403681
-138.75,-138.7625,14950,A,403681
-139.375,-139.3875,14975,A,403681
-140,-140.0125,15000,A,403681
-140.625,-140.6375,15025,A,403681
-141.25,-141.2625,15050,A,403681
-141.875,-141.8875,15075,A,403681
-142.5,-142.5125,15100,A,403681
-143.125,-143.1375,15125,A,403681
-143.75,-143.7625,15150,A,403681
-144.375,-144.3875,15175,A,403681
-145,-145.0125,15200,A,403681
-145.625,-145.6375,15225,A,403681
-146.25,-146.2625,15250,A,403681
-146.875,-146.8875,15275,A,403681
-147.5,-147.5125,15300,A,403681
-148.125,-148.1375,15325,A,403681
-148.75,-148.7625,15350,A,403681
-149.375,-149.3875,15375,A,403681
-150,-150.0125,15400,A,403681
-150.625,-150.6375,15425,A,403681
-151.25,-151.2625,15450,A,403681
-151.875,-151.8875,15475,A,403681
-152.5,-152.5125,15500,A,403681
-153.125,-153.1375,15525,A,403681
-153.75,-153.7625,15550,A,403681
-154.375,-154.35,15575,A,403681
-155,-154.8825,15600,A,403681
-155.625,-155.3825,15625,A,403681
-156.25,-155.8825,15650,A,403681
-156.875,-156.3825,15675,A,403681
-157.5,-156.8825,15700,A,403681
-158.125,-157.3825,15725,A,403681
-158.75,-157.8825,15750,A,403681
-158.375,-158.3825,15775,A,403681
-158,-158.8825,15800,A,403681
-158.625,-159.3825,15825,A,403681
-159.25,-159.875,15850,A,403681
-159.875,-160.3125,15875,A,403681
-160.5,-160.75,15900,A,403681
-161.125,-161.1875,15925,A,403681
-161.75,-161.625,15950,A,403681
-162.375,-162.1,15975,A,403681
-163,-162.63,16000,A,403681
-163.625,-163.1925,16025,A,403681
-163.25,-163.755,16050,A,403681
-163.875,-164.3175,16075,A,403681
-164.5,-164.88,16100,A,403681
-165.125,-165.4425,16125,A,403681
-165.75,-166.005,16150,A,403681
-166.375,-166.5675,16175,A,403681
-167,-167.13,16200,A,403681
-167.625,-167.6925,16225,A,403681
-168.25,-168.2625,16250,A,403681
-168.875,-168.8875,16275,A,403681
-169.5,-169.5125,16300,A,403681
-170.125,-170.1375,16325,A,403681
-170.75,-170.7625,16350,A,403681
-171.375,-171.3825,16375,A,403681
-172,-171.945,16400,A,403681
-172.625,-172.5075,16425,A,403681
-173.25,-173.07,16450,A,403681
-173.875,-173.6325,16475,A,403681
-174.5,-174.195,16500,A,403681
-175.125,-174.7575,16525,A,403681
-175.75,-175.32,16550,A,403681
-175.375,-175.8825,16575,A,403681
-176,-176.445,16600,A,403681
-176.625,-177.0075,16625,A,403681
-177.25,-177.57,16650,A,403681
-177.875,-178.1325,16675,A,403681
-178.5,-178.695,16700,A,403681
-179.125,-179.2575,16725,A,403681
-179.75,-179.82,16750,A,403681
-180.375,-180.325,16775,A,403681
-181,-180.8875,16800,A,403681
-181.625,-181.45,16825,A,403681
-182.25,-182.0125,16850,A,403681
-182.875,-182.575,16875,A,403681
-183.5,-183.1375,16900,A,403681
-184.125,-183.7,16925,A,403681
-184.75,-184.2625,16950,A,403681
-184.375,-184.825,16975,A,403681
-185,-185.3875,17000,A,403681
-185.625,-185.95,17025,A,403681
-186.25,-186.5125,17050,A,403681
-186.875,-187.075,17075,A,403681
-187.5,-187.6375,17100,A,403681
-188.125,-188.2,17125,A,403681
-188.75,-188.7625,17150,A,403681
-189.375,-189.3875,17175,A,403681
-190,-190.0125,17200,A,403681
-190.625,-190.6375,17225,A,403681
-191.25,-191.2625,17250,A,403681
-191.875,-191.8875,17275,A,403681
-192.5,-192.5125,17300,A,403681
-193.125,-193.1375,17325,A,403681
-193.75,-193.7625,17350,A,403681
-194.375,-194.3875,17375,A,403681
-195,-195.0125,17400,A,403681
-195.625,-195.6375,17425,A,403681
-196.25,-196.2625,17450,A,403681
-196.875,-196.8875,17475,A,403681
-197.5,-197.5125,17500,A,403681
-198.125,-198.1375,17525,A,403681
-198.75,-198.7625,17550,A,403681
-199.375,-199.3875,17575,A,403681
-200,-200.0125,17600,A,403681
-200.625,-200.6375,17625,A,403681
-201.25,-201.2625,17650,A,403681
-201.875,-201.8875,17675,A,403681
-202.5,-202.5125,17700,A,403681
-203.125,-203.1375,17725,A,403681
-203.75,-203.7625,17750,A,403681
-204.375,-204.3875,17775,A,403681
-205,-205.0125,17800,A,403681
-205.625,-205.6375,17825,A,403681
-206.25,-206.2625,17850,A,403681
-206.875,-206.8875,17875,A,403681
-207.5,-207.5125,17900,A,403681
-208.125,-208.1375,17925,A,403681
-208.75,-208.7625,17950,A,403681
-209.375,-209.3875,17975,A,403681
-210,-210.0125,18000,A,403681
-210.625,-210.6375,18025,A,403681
-211.25,-211.2625,18050,A,403681
-211.875,-211.8875,18075,A,403681
-212.5,-212.5125,18100,A,403681
-213.125,-213.1375,18125,A,403681
-213.75,-213.7625,18150,A,403681
-214.375,-214.3875,18175,A,403681
-215,-215.0125,18200,A,403681
-215.625,-215.6375,18225,A,403681
-216.25,-216.2625,18250,A,403681
-216.875,-216.8875,18275,A,403681
-217.5,-217.5125,18300,A,403681
-218.125,-218.1375,18325,A,403681
-218.75,-218.7625,18350,A,403681
-219.375,-219.3575,18375,A,403681
-220,-219.92,18400,A,403681
-220.625,-220.4825,18425,A,403681
-221.25,-221.045,18450,A,403681
-221.875,-221.6075,18475,A,403681
-222.5,-222.17,18500,A,403681
-223.125,-222.7325,18525,A,403681
-223.75,-223.295,18550,A,403681
-223.375,-223.8575,18575,A,403681
-224,-224.42,18600,A,403681
-224.625,-224.9825,18625,A,403681
-225.25,-225.545,18650,A,403681
-225.875,-226.1075,18675,A,403681
-226.5,-226.67,18700,A,403681
-227.125,-227.2325,18725,A,403681
-227.75,-227.795,18750,A,403681
-228.375,-228.3875,18775,A,403681
-229,-229.0125,18800,A,403681
-229.625,-229.6375,18825,A,403681
-230.25,-230.2625,18850,A,403681
-230.875,-230.8875,18875,A,403681
-231.5,-231.5125,18900,A,403681
-232.125,-232.1375,18925,A,403681
-232.75,-232.7625,18950,A,403681
-233.375,-233.3875,18975,A,403681
-234,-234.0125,19000,A,403681
-234.625,-234.6375,19025,A,403681
-235.25,-235.2625,19050,A,403681
-235.875,-235.8875,19075,A,403681
-236.5,-236.5125,19100,A,403681
-237.125,-237.1375,19125,A,403681
-237.75,-237.7625,19150,A,403681
-238.375,-238.3875,19175,A,403681
-239,-239.0125,19200,A,403681
-239.625,-239.6375,19225,A,403681
-240.25,-240.2625,19250,A,403681
-240.875,-240.8875,19275,A,403681
-241.5,-241.5125,19300,A,403681
-242.125,-242.1375,19325,A,403681
-242.75,-242.7625,19350,A,403681
-243.375,-243.3875,19375,A,403681
-244,-244.0125,19400,A,403681
-244.625,-244.6375,19425,A,403681
-245.25,-245.2625,19450,A,403681
-245.875,-245.8875,19475,A,403681
-246.5,-246.5125,19500,A,403681
-247.125,-247.1375,19525,A,403681
-247.75,-247.7625,19550,A,403681
-248.375,-248.3875,19575,A,403681
-249,-249.0125,19600,A,403681
-249.625,-249.6375,19625,A,403681
-250.25,-250.2625,19650,A,403681
-250.875,-250.8875,19675,A,403681
-251.5,-251.5125,19700,A,403681
-252.125,-252.1375,19725,A,403681
-252.75,-252.7625,19750,A,403681
-253.375,-253.3875,19775,A,403681
-254,-254.0125,19800,A,403681
-254.625,-254.6375,19825,A,403681
-255.25,-255.2625,19850,A,403681
-255.875,-255.8875,19875,A,403681
-256.5,-256.5125,19900,A,403681
-257.125,-257.1375,19925,A,403681
-257.75,-257.7625,19950,A,403681
-258.375,-258.3875,19975,A,403681
-259,-259.0125,20000,A,403681
2.375,,25,A,439567
2.75,,50,A,439567
5.125,,75,A,439567
8.5,,100,A,439567
8.875,,125,A,439567
10.25,,150,A,439567
12.625,,175,A,439567
17,16.8075,200,A,439567
19.375,19.01,225,A,439567
21.75,21.2625,250,A,439567
23.125,23.665,275,A,439567
24.5,25.965,300,A,439567
28.875,28.4225,325,A,439567
31.25,30.955,350,A,439567
33.625,33.565,375,A,439567
36,36.015,400,A,439567
36.375,38.625,425,A,439567
40.75,41.4775,450,A,439567
42.125,44.435,475,A,439567
45.5,47.2025,500,A,439567
49.875,49.7975,525,A,439567
52.25,52.2625,550,A,439567
53.625,54.685,575,A,439567
57,56.9325,600,A,439567
63.375,59.1975,625,A,439567
68.75,61.3225,650,A,439567
69.125,63.3225,675,A,439567
68.5,65.2175,700,A,439567
67.875,66.9125,725,A,439567
71.25,68.41,750,A,439567
70.625,69.695,775,A,439567
72,70.965,800,A,439567
72.375,71.8925,825,A,439567
73.75,72.5525,850,A,439567
74.125,73.0625,875,A,439567
73.5,73.6525,900,A,439567
74.875,74.2775,925,A,439567
74.25,74.745,950,A,439567
74.625,75.18,975,A,439567
75,75.6375,1000,A,439567
75.375,76.0275,1025,A,439567
77.75,76.42,1050,A,439567
77.125,76.885,1075,A,439567
78.5,77.47,1100,A,439567
77.875,78.1075,1125,A,439567
77.25,78.785,1150,A,439567
77.625,79.465,1175,A,439567
79,80.095,1200,A,439567
78.375,80.735,1225,A,439567
79.75,81.2475,1250,A,439567
83.125,81.685,1275,A,439567
84.5,82.0375,1300,A,439567
84.875,82.415,1325,A,439567
85.25,82.8525,1350,A,439567
84.625,83.23,1375,A,439567
85,83.555,1400,A,439567
85.375,83.8775,1425,A,439567
84.75,84.2225,1450,A,439567
84.125,84.475,1475,A,439567
84.5,84.63,1500,A,439567
84.875,84.7025,1525,A,439567
84.25,84.83,1550,A,439567
83.625,85.04,1575,A,439567
84,85.34,1600,A,439567
84.375,85.56,1625,A,439567
84.75,85.765,1650,A,439567
85.125,86.015,1675,A,439567
85.5,86.26,1700,A,439567
85.875,86.545,1725,A,439567
88.25,86.8675,1750,A,439567
89.625,87.2425,1775,A,439567
89,87.605,1800,A,439567
88.375,87.9075,1825,A,439567
88.75,88.1175,1850,A,439567
88.125,88.2475,1875,A,439567
87.5,88.41,1900,A,439567
89.875,88.535,1925,A,439567
90.25,88.5725,1950,A,439567
89.625,88.61,1975,A,439567
89,88.5625,2000,A,439567
88.375,88.5625,2025,A,439567
87.75,88.59,2050,A,439567
88.125,88.6,2075,A,439567
88.5,88.6625,2100,A,439567
87.875,88.625,2125,A,439567
88.25,88.5075,2150,A,439567
88.625,88.3825,2175,A,439567
89,88.2575,2200,A,439567
88.375,88.1325,2225,A,439567
88.75,88.0275,2250,A,439567
89.125,87.9625,2275,A,439567
88.5,87.8175,2300,A,439567
87.875,87.745,2325,A,439567
88.25,87.6875,2350,A,439567
87.625,87.565,2375,A,439567
87,87.425,2400,A,439567
86.375,87.2875,2425,A,439567
86.75,87.1425,2450,A,439567
86.125,87.0075,2475,A,439567
86.5,86.8325,2500,A,439567
86.875,86.74,2525,A,439567
87.25,86.6725,2550,A,439567
86.625,86.6275,2575,A,439567
86,86.65,2600,A,439567
86.375,86.7125,2625,A,439567
86.75,86.755,2650,A,439567
86.125,86.775,2675,A,439567
86.5,86.8475,2700,A,439567
86.875,86.8575,2725,A,439567
87.25,86.8225,2750,A,439567
87.625,86.76,2775,A,439567
88,86.6975,2800,A,439567
87.375,86.585,2825,A,439567
86.75,86.435,2850,A,439567
87.125,86.2475,2875,A,439567
87.5,86.0475,2900,A,439567
86.875,85.815,2925,A,439567
86.25,85.6475,2950,A,439567
85.625,85.4425,2975,A,439567
85,85.17,3000,A,439567
84.375,84.8875,3025,A,439567
83.75,84.7575,3050,A,439567
83.125,84.6125,3075,A,439567
82.5,84.4225,3100,A,439567
82.875,84.235,3125,A,439567
84.25,84.0475,3150,A,439567
83.625,83.86,3175,A,439567
83,83.6725,3200,A,439567
84.375,83.485,3225,A,439567
84.75,83.2975,3250,A,439567
84.125,83.1175,3275,A,439567
84.5,83.0325,3300,A,439567
83.875,82.98,3325,A,439567
83.25,82.8225,3350,A,439567
82.625,82.6425,3375,A,439567
82,82.5425,3400,A,439567
81.375,82.45,3425,A,439567
80.75,82.205,3450,A,439567
81.125,81.955,3475,A,439567
81.5,81.7175,3500,A,439567
81.875,81.4675,3525,A,439567
81.25,81.2175,3550,A,439567
81.625,80.9975,3575,A,439567
82,80.81,3600,A,439567
81.375,80.625,3625,A,439567
80.75,80.5,3650,A,439567
80.125,80.47,3675,A,439567
80.5,80.3975,3700,A,439567
79.875,80.315,3725,A,439567
79.25,80.2525,3750,A,439567
79.625,80.2,3775,A,439567
79,80.1125,3800,A,439567
79.375,79.9875,3825,A,439567
78.75,79.8625,3850,A,439567
80.125,79.7375,3875,A,439567
80.5,79.585,3900,A,439567
80.875,79.3975,3925,A,439567
80.25,79.21,3950,A,439567
80.625,78.9925,3975,A,439567
80,78.7425,4000,A,439567
79.375,78.49,4025,A,439567
78.75,78.1775,4050,A,439567
78.125,77.8225,4075,A,439567
77.5,77.52,4100,A,439567
76.875,77.1675,4125,A,439567
76.25,76.82,4150,A,439567
75.625,76.5525,4175,A,439567
75,76.24,4200,A,439567
74.375,75.9275,4225,A,439567
73.75,75.615,4250,A,439567
75.125,75.3025,4275,A,439567
75.5,74.99,4300,A,439567
74.875,74.6775,4325,A,439567
76.25,74.41,4350,A,439567
75.625,74.2225,4375,A,439567
75,74.035,4400,A,439567
74.375,73.91,4425,A,439567
73.75,73.785,4450,A,439567
73.125,73.6,4475,A,439567
72.5,73.31,4500,A,439567
71.875,73.0575,4525,A,439567
73.25,72.78,4550,A,439567
72.625,72.405,4575,A,439567
72,72.03,4600,A,439567
72.375,71.655,4625,A,439567
71.75,71.29,4650,A,439567
71.125,70.9775,4675,A,439567
70.5,70.665,4700,A,439567
70.875,70.3525,4725,A,439567
70.25,70.0575,4750,A,439567
69.625,69.8075,4775,A,439567
69,69.5575,4800,A,439567
68.375,69.29,4825,A,439567
68.75,69.04,4850,A,439567
68.125,68.79,4875,A,439567
67.5,68.54,4900,A,439567
66.875,68.305,4925,A,439567
69.25,68.1175,4950,A,439567
68.625,67.93,4975,A,439567
68,67.7425,5000,A,439567
68.375,67.555,5025,A,439567
67.75,67.3575,5050,A,439567
67.125,67.1075,5075,A,439567
66.5,66.8575,5100,A,439567
67.875,66.6075,5125,A,439567
67.25,66.305,5150,A,439567
66.625,65.93,5175,A,439567
66,65.555,5200,A,439567
65.375,65.135,5225,A,439567
64.75,64.6975,5250,A,439567
64.125,64.26,5275,A,439567
63.5,63.8625,5300,A,439567
62.875,63.4125,5325,A,439567
63.25,62.9175,5350,A,439567
62.625,62.52,5375,A,439567
62,62.17,5400,A,439567
61.375,61.885,5425,A,439567
60.75,61.635,5450,A,439567
60.125,61.385,5475,A,439567
60.5,61.135,5500,A,439567
59.875,60.885,5525,A,439567
60.25,60.625,5550,A,439567
60.625,60.3125,5575,A,439567
61,60,5600,A,439567
61.375,59.6875,5625,A,439567
60.75,59.4075,5650,A,439567
60.125,59.1975,5675,A,439567
59.5,58.97,5700,A,439567
58.875,58.72,5725,A,439567
58.25,58.465,5750,A,439567
57.625,58.1125,5775,A,439567
57,57.76,5800,A,439567
56.375,57.3575,5825,A,439567
56.75,56.975,5850,A,439567
57.125,56.6,5875,A,439567
56.5,56.225,5900,A,439567
55.875,55.85,5925,A,439567
55.25,55.475,5950,A,439567
54.625,55.1375,5975,A,439567
55,54.87,6000,A,439567
54.375,54.62,6025,A,439567
54.75,54.3375,6050,A,439567
54.125,53.985,6075,A,439567
53.5,53.61,6100,A,439567
52.875,53.235,6125,A,439567
52.25,52.86,6150,A,439567
52.625,52.485,6175,A,439567
53,52.0625,6200,A,439567
52.375,51.625,6225,A,439567
51.75,51.215,6250,A,439567
51.125,50.84,6275,A,439567
50.5,50.465,6300,A,439567
49.875,50.09,6325,A,439567
49.25,49.715,6350,A,439567
48.625,49.3025,6375,A,439567
48,48.82,6400,A,439567
47.375,48.37,6425,A,439567
48.75,47.9425,6450,A,439567
48.125,47.5675,6475,A,439567
47.5,47.1925,6500,A,439567
46.875,46.8175,6525,A,439567
46.25,46.4425,6550,A,439567
45.625,46.105,6575,A,439567
45,45.7925,6600,A,439567
45.375,45.5025,6625,A,439567
45.75,45.17,6650,A,439567
45.125,44.795,6675,A,439567
44.5,44.4775,6700,A,439567
43.875,44.2825,6725,A,439567
43.25,44.095,6750,A,439567
43.625,43.9075,6775,A,439567
43,43.72,6800,A,439567
43.375,43.4825,6825,A,439567
42.75,43.2725,6850,A,439567
42.125,43.0225,6875,A,439567
43.5,42.7725,6900,A,439567
43.875,42.5225,6925,A,439567
43.25,42.2725,6950,A,439567
42.625,41.985,6975,A,439567
42,41.6725,7000,A,439567
41.375,41.34,7025,A,439567
41.75,41.0275,7050,A,439567
41.125,40.7575,7075,A,439567
40.5,40.45,7100,A,439567
39.875,40.02,7125,A,439567
39.25,39.5825,7150,A,439567
38.625,39.145,7175,A,439567
38,38.7625,7200,A,439567
38.375,38.3875,7225,A,439567
37.75,38.0225,7250,A,439567
38.125,37.6475,7275,A,439567
37.5,37.2725,7300,A,439567
36.875,36.8975,7325,A,439567
36.25,36.5225,7350,A,439567
35.625,36.1475,7375,A,439567
36,35.7725,7400,A,439567
35.375,35.395,7425,A,439567
35.75,34.9575,7450,A,439567
35.125,34.4775,7475,A,439567
34.5,33.9775,7500,A,439567
33.875,33.505,7525,A,439567
33.25,33.0675,7550,A,439567
32.625,32.63,7575,A,439567
32,32.1675,7600,A,439567
31.375,31.73,7625,A,439567
30.75,31.2325,7650,A,439567
30.125,30.7325,7675,A,439567
29.5,30.2475,7700,A,439567
29.875,29.81,7725,A,439567
29.25,29.3725,7750,A,439567
28.625,28.935,7775,A,439567
29,28.4975,7800,A,439567
28.375,28.06,7825,A,439567
27.75,27.655,7850,A,439567
27.125,27.28,7875,A,439567
27.5,26.905,7900,A,439567
26.875,26.5025,7925,A,439567
26.25,26.065,7950,A,439567
25.625,25.6275,7975,A,439567
25,25.16,8000,A,439567
24.375,24.72,8025,A,439567
24.75,24.2825,8050,A,439567
24.125,23.845,8075,A,439567
23.5,23.3925,8100,A,439567
22.875,22.8925,8125,A,439567
22.25,22.3925,8150,A,439567
21.625,21.8925,8175,A,439567
21,21.3925,8200,A,439567
21.375,20.8925,8225,A,439567
20.75,20.36,8250,A,439567
20.125,19.7975,8275,A,439567
19.5,19.235,8300,A,439567
18.875,18.6725,8325,A,439567
18.25,18.11,8350,A,439567
17.625,17.5475,8375,A,439567
17,16.985,8400,A,439567
16.375,16.3625,8425,A,439567
15.75,15.7375,8450,A,439567
15.125,15.1125,8475,A,439567
14.5,14.4875,8500,A,439567
13.875,13.8625,8525,A,439567
13.25,13.2375,8550,A,439567
12.625,12.6125,8575,A,439567
12,11.9875,8600,A,439567
11.375,11.3625,8625,A,439567
10.75,10.7375,8650,A,439567
10.125,10.1125,8675,A,439567
9.49999999999998,9.48749999999998,8700,A,439567
8.87499999999998,8.86249999999998,8725,A,439567
8.24999999999998,8.23749999999998,8750,A,439567
7.62499999999998,7.61249999999998,8775,A,439567
6.99999999999998,6.98749999999998,8800,A,439567
6.37499999999998,6.36249999999998,8825,A,439567
5.74999999999998,5.73749999999998,8850,A,439567
5.12499999999998,5.11249999999998,8875,A,439567
4.49999999999998,4.48749999999998,8900,A,439567
3.87499999999998,3.86249999999998,8925,A,439567
3.24999999999998,3.23749999999998,8950,A,439567
2.62499999999998,2.61249999999998,8975,A,439567
1.99999999999998,1.98749999999998,9000,A,439567
1.37499999999998,1.36249999999998,9025,A,439567
0.749999999999983,0.737499999999983,9050,A,439567
0.124999999999983,0.112499999999983,9075,A,439567
-0.500000000000017,-0.512500000000017,9100,A,439567
-1.12500000000002,-1.13750000000002,9125,A,439567
-1.75000000000002,-1.76250000000002,9150,A,439567
-2.37500000000002,-2.38750000000002,9175,A,439567
-3.00000000000002,-3.01250000000002,9200,A,439567
-3.62500000000002,-3.63750000000002,9225,A,439567
-4.25000000000002,-4.26250000000002,9250,A,439567
-4.87500000000002,-4.88750000000002,9275,A,439567
-5.50000000000002,-5.51250000000002,9300,A,439567
-6.12500000000002,-6.13750000000002,9325,A,439567
-6.75000000000002,-6.76250000000002,9350,A,439567
-7.37500000000002,-7.38750000000002,9375,A,439567
-8.00000000000002,-8.01250000000002,9400,A,439567
-8.62500000000002,-8.63750000000002,9425,A,439567
-9.25000000000002,-9.26250000000002,9450,A,439567
-9.87500000000002,-9.88750000000002,9475,A,439567
-10.5,-10.5125,9500,A,439567
-11.125,-11.1375,9525,A,439567
-11.75,-11.7625,9550,A,439567
-12.375,-12.3875,9575,A,439567
-13,-13.0125,9600,A,439567
-13.625,-13.6375,9625,A,439567
-14.25,-14.2625,9650,A,439567
-14.875,-14.8875,9675,A,439567
-15.5,-15.5125,9700,A,439567
-16.125,-16.085,9725,A,439567
-16.75,-16.6475,9750,A,439567
-17.375,-17.21,9775,A,439567
-18,-17.7725,9800,A,439567
-18.625,-18.335,9825,A,439567
-19.25,-18.8975,9850,A,439567
-19.875,-19.46,9875,A,439567
-20.5,-20.0225,9900,A,439567
-20.125,-20.585,9925,A,439567
-20.75,-21.1475,9950,A,439567
-21.375,-21.71,9975,A,439567
-22,-22.2725,10000,A,439567
-22.625,-22.835,10025,A,439567
-23.25,-23.3975,10050,A,439567
-23.875,-23.96,10075,A,439567
-24.5,-24.5225,10100,A,439567
-25.125,-25.1375,10125,A,439567
-25.75,-25.7175,10150,A,439567
-26.375,-26.255,10175,A,439567
-27,-26.755,10200,A,439567
-27.625,-27.255,10225,A,439567
-28.25,-27.755,10250,A,439567
-28.875,-28.245,10275,A,439567
-29.5,-28.6825,10300,A,439567
-30.125,-29.12,10325,A,439567
-29.75,-29.5575,10350,A,439567
-29.375,-29.995,10375,A,439567
-30,-30.3975,10400,A,439567
-30.625,-30.7725,10425,A,439567
-31.25,-31.1475,10450,A,439567
-30.875,-31.5225,10475,A,439567
-31.5,-31.8975,10500,A,439567
-32.125,-32.2725,10525,A,439567
-32.75,-32.6925,10550,A,439567
-33.375,-33.155,10575,A,439567
-33,-33.655,10600,A,439567
-33.625,-34.155,10625,A,439567
-34.25,-34.655,10650,A,439567
-34.875,-35.165,10675,A,439567
-35.5,-35.7275,10700,A,439567
-36.125,-36.2325,10725,A,439567
-36.75,-36.7325,10750,A,439567
-37.375,-37.2325,10775,A,439567
-38,-37.7675,10800,A,439567
-38.625,-38.33,10825,A,439567
-39.25,-38.8925,10850,A,439567
-39.875,-39.455,10875,A,439567
-40.5,-40.0175,10900,A,439567
-40.125,-40.58,10925,A,439567
-40.75,-41.1425,10950,A,439567
-41.375,-41.705,10975,A,439567
-42,-42.2675,11000,A,439567
-42.625,-42.83,11025,A,439567
-43.25,-43.3925,11050,A,439567
-43.875,-43.955,11075,A,439567
-44.5,-44.5175,11100,A,439567
-45.125,-45.1375,11125,A,439567
-45.75,-45.7625,11150,A,439567
-46.375,-46.3875,11175,A,439567
-47,-47.0125,11200,A,439567
-47.625,-47.6375,11225,A,439567
-48.25,-48.2625,11250,A,439567
-48.875,-48.8875,11275,A,439567
-49.5,-49.5125,11300,A,439567
-50.125,-50.1375,11325,A,439567
-50.75,-50.7625,11350,A,439567
-51.375,-51.3875,11375,A,439567
-52,-52.0125,11400,A,439567
-52.625,-52.6375,11425,A,439567
-53.25,-53.2625,11450,A,439567
-53.875,-53.8875,11475,A,439567
-54.5,-54.46,11500,A,439567
-55.125,-55.0225,11525,A,439567
-55.75,-55.585,11550,A,439567
-56.375,-56.1475,11575,A,439567
-57,-56.71,11600,A,439567
-57.625,-57.2725,11625,A,439567
-58.25,-57.835,11650,A,439567
-58.875,-58.3375,11675,A,439567
-58.5,-58.8375,11700,A,439567
-59.125,-59.3375,11725,A,439567
-59.75,-59.8375,11750,A,439567
-60.375,-60.3375,11775,A,439567
-61,-60.8375,11800,A,439567
-61.625,-61.3375,11825,A,439567
-62.25,-61.8375,11850,A,439567
-61.875,-62.3375,11875,A,439567
-62.5,-62.89,11900,A,439567
-63.125,-63.4525,11925,A,439567
-63.75,-64.015,11950,A,439567
-64.375,-64.5775,11975,A,439567
-65,-65.14,12000,A,439567
-65.625,-65.7025,12025,A,439567
-66.25,-66.265,12050,A,439567
-66.875,-66.8875,12075,A,439567
-67.5,-67.5125,12100,A,439567
-68.125,-68.1375,12125,A,439567
-68.75,-68.7625,12150,A,439567
-69.375,-69.3875,12175,A,439567
-70,-70.0125,12200,A,439567
-70.625,-70.6375,12225,A,439567
-71.25,-71.2625,12250,A,439567
-71.875,-71.8875,12275,A,439567
-72.5,-72.5125,12300,A,439567
-73.125,-73.1375,12325,A,439567
-73.75,-73.7625,12350,A,439567
-74.375,-74.3875,12375,A,439567
-75,-75.0125,12400,A,439567
-75.625,-75.6375,12425,A,439567
-76.25,-76.2625,12450,A,439567
-76.875,-76.8875,12475,A,439567
-77.5,-77.5125,12500,A,439567
-78.125,-78.1375,12525,A,439567
-78.75,-78.7625,12550,A,439567
-79.375,-79.3875,12575,A,439567
-80,-80.0125,12600,A,439567
-80.625,-80.6375,12625,A,439567
-81.25,-81.2625,12650,A,439567
-81.875,-81.8875,12675,A,439567
-82.5,-82.5125,12700,A,439567
-83.125,-83.1375,12725,A,439567
-83.75,-83.7625,12750,A,439567
-84.375,-84.3875,12775,A,439567
-85,-85.0125,12800,A,439567
-85.625,-85.6375,12825,A,439567
-86.25,-86.2625,12850,A,439567
-86.875,-86.8875,12875,A,439567
-87.5,-87.5125,12900,A,439567
-88.125,-88.1375,12925,A,439567
-88.75,-88.7625,12950,A,439567
-89.375,-89.3875,12975,A,439567
-90,-90.0125,13000,A,439567
-90.625,-90.6375,13025,A,439567
-91.25,-91.2625,13050,A,439567
-91.875,-91.8875,13075,A,439567
-92.5,-92.5125,13100,A,439567
-93.125,-93.1375,13125,A,439567
-93.75,-93.7625,13150,A,439567
-94.375,-94.355,13175,A,439567
-95,-94.9175,13200,A,439567
-95.625,-95.48,13225,A,439567
-96.25,-96.0425,13250,A,439567
-96.875,-96.605,13275,A,439567
-97.5,-97.1675,13300,A,439567
-98.125,-97.73,13325,A,439567
-98.75,-98.2925,13350,A,439567
-98.375,-98.855,13375,A,439567
-99,-99.4175,13400,A,439567
-99.625,-99.98,13425,A,439567
-100.25,-100.5425,13450,A,439567
-100.875,-101.105,13475,A,439567
-101.5,-101.6675,13500,A,439567
-102.125,-102.23,13525,A,439567
-102.75,-102.7925,13550,A,439567
-103.375,-103.3875,13575,A,439567
-104,-104.0125,13600,A,439567
-104.625,-104.6375,13625,A,439567
-105.25,-105.2625,13650,A,439567
-105.875,-105.8875,13675,A,439567
-106.5,-106.5125,13700,A,439567
-107.125,-107.1375,13725,A,439567
-107.75,-107.7625,13750,A,439567
-108.375,-108.3875,13775,A,439567
-109,-109.0125,13800,A,439567
-109.625,-109.6375,13825,A,439567
-110.25,-110.2625,13850,A,439567
-110.875,-110.8875,13875,A,439567
-111.5,-111.5125,13900,A,439567
-112.125,-112.1375,13925,A,439567
-112.75,-112.7625,13950,A,439567
-113.375,-113.3875,13975,A,439567
-114,-114.0125,14000,A,439567
-114.625,-114.6375,14025,A,439567
-115.25,-115.2625,14050,A,439567
-115.875,-115.8875,14075,A,439567
-116.5,-116.5125,14100,A,439567
-117.125,-117.1375,14125,A,439567
-117.75,-117.7625,14150,A,439567
-118.375,-118.3875,14175,A,439567
-119,-119.0125,14200,A,439567
-119.625,-119.6375,14225,A,439567
-120.25,-120.2625,14250,A,439567
-120.875,-120.8875,14275,A,439567
-121.5,-121.5125,14300,A,439567
-122.125,-122.1375,14325,A,439567
-122.75,-122.7625,14350,A,439567
-123.375,-123.3875,14375,A,439567
-124,-124.0125,14400,A,439567
-124.625,-124.6375,14425,A,439567
-125.25,-125.2625,14450,A,439567
-125.875,-125.8875,14475,A,439567
-126.5,-126.5125,14500,A,439567
-127.125,-127.1375,14525,A,439567
-127.75,-127.7625,14550,A,439567
-128.375,-128.3875,14575,A,439567
-129,-129.0125,14600,A,439567
-129.625,-129.6375,14625,A,439567
-130.25,-130.2625,14650,A,439567
-130.875,-130.8875,14675,A,439567
-131.5,-131.5125,14700,A,439567
-132.125,-132.1375,14725,A,439567
-132.75,-132.7625,14750,A,439567
-133.375,-133.3875,14775,A,439567
-134,-134.0125,14800,A,439567
-134.625,-134.6375,14825,A,439567
-135.25,-135.2625,14850,A,439567
-135.875,-135.8875,14875,A,439567
-136.5,-136.5125,14900,A,439567
-137.125,-137.1375,14925,A,439567
-137.75,-137.7625,14950,A,439567
-138.375,-138.3875,14975,A,439567
-139,-139.0125,15000,A,439567
-139.625,-139.6375,15025,A,439567
-140.25,-140.2625,15050,A,439567
-140.875,-140.8875,15075,A,439567
-141.5,-141.5125,15100,A,439567
-142.125,-142.1375,15125,A,439567
-142.75,-142.7625,15150,A,439567
-143.375,-143.3875,15175,A,439567
-144,-144.0125,15200,A,439567
-144.625,-144.6375,15225,A,439567
-145.25,-145.2625,15250,A,439567
-145.875,-145.8875,15275,A,439567
-146.5,-146.5125,15300,A,439567
-147.125,-147.1375,15325,A,439567
-147.75,-147.7625,15350,A,439567
-148.375,-148.3875,15375,A,439567
-149,-149.0125,15400,A,439567
-149.625,-149.6375,15425,A,439567
-150.25,-150.2625,15450,A,439567
-150.875,-150.8875,15475,A,439567
-151.5,-151.5125,15500,A,439567
-152.125,-152.1375,15525,A,439567
-152.75,-152.7625,15550,A,439567
-153.375,-153.3875,15575,A,439567
-154,-154.0125,15600,A,439567
-154.625,-154.6375,15625,A,439567
-155.25,-155.2625,15650,A,439567
-155.875,-155.8875,15675,A,439567
-156.5,-156.5125,15700,A,439567
-157.125,-157.1375,15725,A,439567
-157.75,-157.7625,15750,A,439567
-158.375,-158.3875,15775,A,439567
-159,-159.0125,15800,A,439567
-159.625,-159.6375,15825,A,439567
-160.25,-160.2625,15850,A,439567
-160.875,-160.8875,15875,A,439567
-161.5,-161.5125,15900,A,439567
-162.125,-162.1375,15925,A,439567
-162.75,-162.7625,15950,A,439567
-163.375,-163.3875,15975,A,439567
-164,-164.0125,16000,A,439567
-164.625,-164.6375,16025,A,439567
-165.25,-165.2625,16050,A,439567
-165.875,-165.8875,16075,A,439567
-166.5,-166.5125,16100,A,439567
-167.125,-167.1375,16125,A,439567
-167.75,-167.7625,16150,A,439567
-168.375,-168.3875,16175,A,439567
-169,-169.0125,16200,A,439567
-169.625,-169.6375,16225,A,439567
-170.25,-170.2625,16250,A,439567
-170.875,-170.8875,16275,A,439567
-171.5,-171.5125,16300,A,439567
-172.125,-172.1375,16325,A,439567
-172.75,-172.7625,16350,A,439567
-173.375,-173.3875,16375,A,439567
-174,-173.985,16400,A,439567
-174.625,-174.5475,16425,A,439567
-175.25,-175.11,16450,A,439567
-175.875,-175.6725,16475,A,439567
-176.5,-176.235,16500,A,439567
-177.125,-176.7975,16525,A,439567
-177.75,-177.3025,16550,A,439567
-178.375,-177.8025,16575,A,439567
-178,-178.3025,16600,A,439567
-178.625,-178.8025,16625,A,439567
-179.25,-179.3025,16650,A,439567
-179.875,-179.8025,16675,A,439567
-180.5,-180.3025,16700,A,439567
-181.125,-180.8025,16725,A,439567
-180.75,-181.3025,16750,A,439567
-181.375,-181.8025,16775,A,439567
-182,-182.33,16800,A,439567
-182.625,-182.8925,16825,A,439567
-183.25,-183.455,16850,A,439567
-183.875,-184.0175,16875,A,439567
-184.5,-184.58,16900,A,439567
-185.125,-185.1425,16925,A,439567
-185.75,-185.7625,16950,A,439567
-186.375,-186.3875,16975,A,439567
-187,-187.0125,17000,A,439567
-187.625,-187.6375,17025,A,439567
-188.25,-188.2625,17050,A,439567
-188.875,-188.8875,17075,A,439567
-189.5,-189.5125,17100,A,439567
-190.125,-190.1375,17125,A,439567
-190.75,-190.7625,17150,A,439567
-191.375,-191.3875,17175,A,439567
-192,-192.0125,17200,A,439567
-192.625,-192.6375,17225,A,439567
-193.25,-193.2625,17250,A,439567
-193.875,-193.8875,17275,A,439567
-194.5,-194.5125,17300,A,439567
-195.125,-195.1375,17325,A,439567
-195.75,-195.7625,17350,A,439567
-196.375,-196.3875,17375,A,439567
-197,-197.0125,17400,A,439567
-197.625,-197.6375,17425,A,439567
-198.25,-198.2625,17450,A,439567
-198.875,-198.8875,17475,A,439567
-199.5,-199.5125,17500,A,439567
-200.125,-200.1375,17525,A,439567
-200.75,-200.7625,17550,A,439567
-201.375,-201.3875,17575,A,439567
-202,-202.0125,17600,A,439567
-202.625,-202.6375,17625,A,439567
-203.25,-203.2625,17650,A,439567
-203.875,-203.8875,17675,A,439567
-204.5,-204.5125,17700,A,439567
-205.125,-205.1375,17725,A,439567
-205.75,-205.7625,17750,A,439567
-206.375,-206.3875,17775,A,439567
-207,-207.0125,17800,A,439567
-207.625,-207.6375,17825,A,439567
-208.25,-208.2625,17850,A,439567
-208.875,-208.8875,17875,A,439567
-209.5,-209.5125,17900,A,439567
-210.125,-210.1375,17925,A,439567
-210.75,-210.7625,17950,A,439567
-211.375,-211.3875,17975,A,439567
-212,-212.0125,18000,A,439567
-212.625,-212.6375,18025,A,439567
-213.25,-213.2625,18050,A,439567
-213.875,-213.8875,18075,A,439567
-214.5,-214.5125,18100,A,439567
-215.125,-215.1375,18125,A,439567
-215.75,-215.7625,18150,A,439567
-216.375,-216.3875,18175,A,439567
-217,-217.0125,18200,A,439567
-217.625,-217.6375,18225,A,439567
-218.25,-218.2625,18250,A,439567
-218.875,-218.8875,18275,A,439567
-219.5,-219.5125,18300,A,439567
-220.125,-220.1,18325,A,439567
-220.75,-220.6625,18350,A,439567
-221.375,-221.225,18375,A,439567
-222,-221.7875,18400,A,439567
-222.625,-222.35,18425,A,439567
-223.25,-222.9125,18450,A,439567
-223.875,-223.475,18475,A,439567
-224.5,-224.0375,18500,A,439567
-224.125,-224.6,18525,A,439567
-224.75,-225.1625,18550,A,439567
-225.375,-225.725,18575,A,439567
-226,-226.2875,18600,A,439567
-226.625,-226.85,18625,A,439567
-227.25,-227.4125,18650,A,439567
-227.875,-227.975,18675,A,439567
-228.5,-228.5375,18700,A,439567
-229.125,-229.1375,18725,A,439567
-229.75,-229.7625,18750,A,439567
-230.375,-230.3875,18775,A,439567
-231,-231.0125,18800,A,439567
-231.625,-231.6375,18825,A,439567
-232.25,-232.2625,18850,A,439567
-232.875,-232.8875,18875,A,439567
-233.5,-233.5125,18900,A,439567
-234.125,-234.1375,18925,A,439567
-234.75,-234.7625,18950,A,439567
-235.375,-235.3475,18975,A,439567
-236,-235.91,19000,A,439567
-236.625,-236.4725,19025,A,439567
-237.25,-237.035,19050,A,439567
-237.875,-237.5975,19075,A,439567
-238.5,-238.16,19100,A,439567
-239.125,-238.7225,19125,A,439567
-239.75,-239.285,19150,A,439567
-239.375,-239.8475,19175,A,439567
-240,-240.41,19200,A,439567
-240.625,-240.9725,19225,A,439567
-241.25,-241.535,19250,A,439567
-241.875,-242.0975,19275,A,439567
-242.5,-242.66,19300,A,439567
-243.125,-243.2225,19325,A,439567
-243.75,-243.785,19350,A,439567
-244.375,-244.3875,19375,A,439567
-245,-245.0125,19400,A,439567
-245.625,-245.6375,19425,A,439567
-246.25,-246.2625,19450,A,439567
-246.875,-246.8875,19475,A,439567
-247.5,-247.5125,19500,A,439567
-248.125,-248.1375,19525,A,439567
-248.75,-248.7625,19550,A,439567
-249.375,-249.3875,19575,A,439567
-250,-250.0125,19600,A,439567
-250.625,-250.6375,19625,A,439567
-251.25,-251.2625,19650,A,439567
-251.875,-251.8875,19675,A,439567
-252.5,-252.5125,19700,A,439567
-253.125,-253.1375,19725,A,439567
-253.75,-253.7625,19750,A,439567
-254.375,-254.3875,19775,A,439567
-255,-255.0125,19800,A,439567
-255.625,-255.6375,19825,A,439567
-256.25,-256.2625,19850,A,439567
-256.875,-256.8875,19875,A,439567
-257.5,-257.5125,19900,A,439567
-258.125,-258.1375,19925,A,439567
-258.75,-258.7625,19950,A,439567
-259.375,-259.3875,19975,A,439567
-260,-260.0125,20000,A,439567
2.375,,25,A,539503
2.75,,50,A,539503
4.125,,75,A,539503
4.5,,100,A,539503
8.875,,125,A,539503
10.25,,150,A,539503
13.625,,175,A,539503
21,19.965,200,A,539503
26.375,22.5625,225,A,539503
29.75,25.335,250,A,539503
30.125,28.2275,275,A,539503
34.5,31.265,300,A,539503
34.875,34.37,325,A,539503
37.25,37.3025,350,A,539503
38.625,40.2375,375,A,539503
41,42.955,400,A,539503
46.375,45.6175,425,A,539503
48.75,48.3225,450,A,539503
51.125,50.9825,475,A,539503
55.5,53.6325,500,A,539503
56.875,56.1925,525,A,539503
58.25,58.635,550,A,539503
58.625,61.01,575,A,539503
64,63.2775,600,A,539503
68.375,65.355,625,A,539503
71.75,67.25,650,A,539503
73.125,68.97,675,A,539503
75.5,70.5275,700,A,539503
74.875,71.8925,725,A,539503
75.25,73.305,750,A,539503
75.625,74.6625,775,A,539503
76,75.9975,800,A,539503
76.375,76.9275,825,A,539503
77.75,77.6375,850,A,539503
77.125,78.1725,875,A,539503
78.5,78.625,900,A,539503
79.875,79.0325,925,A,539503
79.25,79.455,950,A,539503
82.625,79.8675,975,A,539503
82,80.3175,1000,A,539503
81.375,80.7525,1025,A,539503
81.75,81.2075,1050,A,539503
82.125,81.695,1075,A,539503
81.5,82.16,1100,A,539503
81.875,82.63,1125,A,539503
82.25,83.005,1150,A,539503
82.625,83.275,1175,A,539503
83,83.4325,1200,A,539503
83.375,83.62,1225,A,539503
84.75,83.8325,1250,A,539503
85.125,84.09,1275,A,539503
85.5,84.5375,1300,A,539503
85.875,85.105,1325,A,539503
85.25,85.7375,1350,A,539503
84.625,86.3275,1375,A,539503
85,86.8525,1400,A,539503
84.375,87.4375,1425,A,539503
85.75,87.9525,1450,A,539503
86.125,88.4025,1475,A,539503
89.5,88.8225,1500,A,539503
91.875,89.1525,1525,A,539503
92.25,89.5025,1550,A,539503
91.625,89.8875,1575,A,539503
92,90.305,1600,A,539503
92.375,90.7425,1625,A,539503
92.75,91.11,1650,A,539503
92.125,91.465,1675,A,539503
91.5,91.6375,1700,A,539503
90.875,91.725,1725,A,539503
91.25,91.74,1750,A,539503
91.625,91.74,1775,A,539503
92,91.7975,1800,A,539503
91.375,91.8025,1825,A,539503
90.75,91.755,1850,A,539503
91.125,91.6925,1875,A,539503
92.5,91.6875,1900,A,539503
91.875,91.6875,1925,A,539503
92.25,91.7125,1950,A,539503
91.625,91.7025,1975,A,539503
93,91.6375,2000,A,539503
92.375,91.6025,2025,A,539503
91.75,91.7075,2050,A,539503
91.125,91.7775,2075,A,539503
91.5,91.7825,2100,A,539503
90.875,91.72,2125,A,539503
91.25,91.63,2150,A,539503
90.625,91.505,2175,A,539503
91,91.3125,2200,A,539503
92.375,91.0925,2225,A,539503
92.75,90.945,2250,A,539503
92.125,90.8875,2275,A,539503
91.5,90.83,2300,A,539503
90.875,90.775,2325,A,539503
90.25,90.8125,2350,A,539503
89.625,90.9375,2375,A,539503
89,91.0525,2400,A,539503
89.375,91.0875,2425,A,539503
89.75,91.0175,2450,A,539503
91.125,90.9875,2475,A,539503
90.5,90.9875,2500,A,539503
90.875,90.9875,2525,A,539503
93.25,90.995,2550,A,539503
92.625,91.08,2575,A,539503
92,91.24,2600,A,539503
91.375,91.42,2625,A,539503
91.75,91.5675,2650,A,539503
92.125,91.665,2675,A,539503
91.5,91.7275,2700,A,539503
90.875,91.7825,2725,A,539503
91.25,91.6825,2750,A,539503
91.625,91.5225,2775,A,539503
92,91.3975,2800,A,539503
92.375,91.3175,2825,A,539503
91.75,91.22,2850,A,539503
92.125,91.0625,2875,A,539503
91.5,90.875,2900,A,539503
90.875,90.6875,2925,A,539503
90.25,90.4925,2950,A,539503
90.625,90.22,2975,A,539503
90,89.8725,3000,A,539503
90.375,89.4775,3025,A,539503
89.75,89.1025,3050,A,539503
89.125,88.6875,3075,A,539503
88.5,88.25,3100,A,539503
87.875,87.875,3125,A,539503
87.25,87.5,3150,A,539503
86.625,87.0975,3175,A,539503
86,86.72,3200,A,539503
86.375,86.3,3225,A,539503
85.75,85.8625,3250,A,539503
85.125,85.425,3275,A,539503
84.5,85.0225,3300,A,539503
84.875,84.745,3325,A,539503
84.25,84.5375,3350,A,539503
83.625,84.415,3375,A,539503
84,84.3525,3400,A,539503
83.375,84.2875,3425,A,539503
82.75,84.1775,3450,A,539503
82.125,84.115,3475,A,539503
82.5,84.0525,3500,A,539503
83.875,83.9275,3525,A,539503
84.25,83.8025,3550,A,539503
85.625,83.6775,3575,A,539503
85,83.4925,3600,A,539503
84.375,83.305,3625,A,539503
84.75,83.135,3650,A,539503
84.125,83.01,3675,A,539503
83.5,82.85,3700,A,539503
82.875,82.6325,3725,A,539503
82.25,82.4025,3750,A,539503
81.625,82.0875,3775,A,539503
81,81.7125,3800,A,539503
80.375,81.3375,3825,A,539503
80.75,80.9475,3850,A,539503
80.125,80.51,3875,A,539503
79.5,80.0975,3900,A,539503
80.875,79.75,3925,A,539503
80.25,79.4725,3950,A,539503
79.625,79.23,3975,A,539503
79,79.0425,4000,A,539503
78.375,78.855,4025,A,539503
77.75,78.65,4050,A,539503
77.125,78.4,4075,A,539503
77.5,78.15,4100,A,539503
77.875,77.8325,4125,A,539503
78.25,77.4775,4150,A,539503
78.625,77.165,4175,A,539503
78,76.8525,4200,A,539503
77.375,76.5625,4225,A,539503
76.75,76.3125,4250,A,539503
76.125,76.0625,4275,A,539503
75.5,75.7875,4300,A,539503
74.875,75.4475,4325,A,539503
75.25,75.0375,4350,A,539503
74.625,74.63,4375,A,539503
74,74.1925,4400,A,539503
74.375,73.755,4425,A,539503
73.75,73.3175,4450,A,539503
73.125,72.88,4475,A,539503
72.5,72.4425,4500,A,539503
71.875,72.11,4525,A,539503
71.25,71.7775,4550,A,539503
71.625,71.4025,4575,A,539503
71,71.0275,4600,A,539503
70.375,70.6875,4625,A,539503
69.75,70.37,4650,A,539503
69.125,70.0575,4675,A,539503
68.5,69.745,4700,A,539503
69.875,69.47,4725,A,539503
69.25,69.255,4750,A,539503
68.625,69.03,4775,A,539503
68,68.78,4800,A,539503
68.375,68.53,4825,A,539503
68.75,68.29,4850,A,539503
68.125,68.1025,4875,A,539503
67.5,67.915,4900,A,539503
67.875,67.6225,4925,A,539503
68.25,67.3675,4950,A,539503
67.625,67.1175,4975,A,539503
67,66.8675,5000,A,539503
66.375,66.575,5025,A,539503
66.75,66.2675,5050,A,539503
66.125,65.955,5075,A,539503
65.5,65.65,5100,A,539503
64.875,65.3625,5125,A,539503
65.25,65.015,5150,A,539503
64.625,64.64,5175,A,539503
64,64.315,5200,A,539503
64.375,64.0275,5225,A,539503
63.75,63.7675,5250,A,539503
63.125,63.5325,5275,A,539503
63.5,63.345,5300,A,539503
62.875,63.1575,5325,A,539503
62.25,62.9125,5350,A,539503
61.625,62.675,5375,A,539503
62,62.4875,5400,A,539503
62.375,62.285,5425,A,539503
61.75,62.035,5450,A,539503
63.125,61.785,5475,A,539503
62.5,61.5475,5500,A,539503
61.875,61.2975,5525,A,539503
61.25,61.0475,5550,A,539503
61.625,60.7975,5575,A,539503
61,60.4975,5600,A,539503
60.375,60.16,5625,A,539503
59.75,59.8425,5650,A,539503
59.125,59.4525,5675,A,539503
59.5,59.015,5700,A,539503
58.875,58.6275,5725,A,539503
58.25,58.2525,5750,A,539503
57.625,57.865,5775,A,539503
57,57.4275,5800,A,539503
56.375,56.99,5825,A,539503
56.75,56.5525,5850,A,539503
56.125,56.115,5875,A,539503
55.5,55.695,5900,A,539503
55.875,55.2575,5925,A,539503
55.25,54.82,5950,A,539503
54.625,54.4225,5975,A,539503
54,54.0475,6000,A,539503
53.375,53.6725,6025,A,539503
52.75,53.27,6050,A,539503
52.125,52.895,6075,A,539503
52.5,52.53,6100,A,539503
51.875,52.1675,6125,A,539503
51.25,51.7925,6150,A,539503
51.625,51.4175,6175,A,539503
51,51.0875,6200,A,539503
50.375,50.775,6225,A,539503
50.75,50.4625,6250,A,539503
50.125,50.15,6275,A,539503
50.5,49.8,6300,A,539503
49.875,49.485,6325,A,539503
49.25,49.1725,6350,A,539503
48.625,48.865,6375,A,539503
49,48.6025,6400,A,539503
48.375,48.3525,6425,A,539503
47.75,48.0725,6450,A,539503
47.125,47.7925,6475,A,539503
46.5,47.56,6500,A,539503
46.875,47.31,6525,A,539503
46.25,47.06,6550,A,539503
46.625,46.81,6575,A,539503
47,46.515,6600,A,539503
46.375,46.265,6625,A,539503
45.75,46.015,6650,A,539503
46.125,45.765,6675,A,539503
46.5,45.515,6700,A,539503
45.875,45.205,6725,A,539503
45.25,44.955,6750,A,539503
44.625,44.66,6775,A,539503
44,44.2975,6800,A,539503
44.375,43.9225,6825,A,539503
43.75,43.5475,6850,A,539503
43.125,43.14,6875,A,539503
42.5,42.675,6900,A,539503
41.875,42.1825,6925,A,539503
42.25,41.7775,6950,A,539503
41.625,41.4025,6975,A,539503
41,41.08,7000,A,539503
40.375,40.7625,7025,A,539503
39.75,40.45,7050,A,539503
39.125,40.1375,7075,A,539503
38.5,39.825,7100,A,539503
38.875,39.5125,7125,A,539503
39.25,39.1375,7150,A,539503
38.625,38.7625,7175,A,539503
39,38.3875,7200,A,539503
39.375,38.0125,7225,A,539503
38.75,37.6375,7250,A,539503
38.125,37.2625,7275,A,539503
37.5,36.8875,7300,A,539503
36.875,36.505,7325,A,539503
36.25,36.035,7350,A,539503
35.625,35.535,7375,A,539503
35,34.9825,7400,A,539503
34.375,34.3625,7425,A,539503
33.75,33.7375,7450,A,539503
33.125,33.1125,7475,A,539503
32.5,32.4875,7500,A,539503
31.875,31.8625,7525,A,539503
31.25,31.2375,7550,A,539503
30.625,30.6125,7575,A,539503
30,29.9875,7600,A,539503
29.375,29.3625,7625,A,539503
28.75,28.7525,7650,A,539503
28.125,28.19,7675,A,539503
27.5,27.6275,7700,A,539503
26.875,27.065,7725,A,539503
26.25,26.5025,7750,A,539503
25.625,25.94,7775,A,539503
25,25.3775,7800,A,539503
24.375,24.815,7825,A,539503
24.75,24.2525,7850,A,539503
24.125,23.69,7875,A,539503
23.5,23.1275,7900,A,539503
22.875,22.565,7925,A,539503
22.25,22.0025,7950,A,539503
21.625,21.485,7975,A,539503
21,20.985,8000,A,539503
20.375,20.485,8025,A,539503
19.75,19.97,8050,A,539503
19.125,19.4075,8075,A,539503
18.5,18.845,8100,A,539503
17.875,18.2825,8125,A,539503
17.25,17.7375,8150,A,539503
17.625,17.2375,8175,A,539503
17,16.7475,8200,A,539503
16.375,16.31,8225,A,539503
15.75,15.8725,8250,A,539503
15.125,15.435,8275,A,539503
14.5,14.9975,8300,A,539503
13.875,14.56,8325,A,539503
14.25,14.1225,8350,A,539503
13.625,13.64,8375,A,539503
14,13.14,8400,A,539503
13.375,12.64,8425,A,539503
12.75,12.14,8450,A,539503
12.125,11.64,8475,A,539503
11.5,11.14,8500,A,539503
10.875,10.64,8525,A,539503
10.25,10.1425,8550,A,539503
9.62499999999998,9.64249999999998,8575,A,539503
8.99999999999998,9.13249999999998,8600,A,539503
8.37499999999998,8.56999999999998,8625,A,539503
7.74999999999998,8.00749999999998,8650,A,539503
7.12499999999998,7.44499999999998,8675,A,539503
6.49999999999998,6.88249999999998,8700,A,539503
5.87499999999998,6.31999999999998,8725,A,539503
6.24999999999998,5.75749999999998,8750,A,539503
5.62499999999998,5.19499999999998,8775,A,539503
4.99999999999998,4.63249999999998,8800,A,539503
4.37499999999998,4.06999999999998,8825,A,539503
3.74999999999998,3.50749999999998,8850,A,539503
3.12499999999998,2.94499999999998,8875,A,539503
2.49999999999998,2.38249999999998,8900,A,539503
1.87499999999998,1.81999999999998,8925,A,539503
1.24999999999998,1.23749999999998,8950,A,539503
0.624999999999983,0.619999999999983,8975,A,539503
-1.71737624121704e-14,0.0574999999999829,9000,A,539503
-0.625000000000017,-0.505000000000017,9025,A,539503
-1.25000000000002,-1.06750000000002,9050,A,539503
-1.87500000000002,-1.63000000000002,9075,A,539503
-2.50000000000002,-2.19250000000002,9100,A,539503
-3.12500000000002,-2.75500000000002,9125,A,539503
-3.75000000000002,-3.31750000000002,9150,A,539503
-3.37500000000002,-3.88000000000002,9175,A,539503
-4.00000000000002,-4.44250000000002,9200,A,539503
-4.62500000000002,-5.00500000000002,9225,A,539503
-5.25000000000002,-5.56750000000002,9250,A,539503
-5.87500000000002,-6.13000000000002,9275,A,539503
-6.50000000000002,-6.69250000000002,9300,A,539503
-7.12500000000002,-7.25500000000002,9325,A,539503
-7.75000000000002,-7.81750000000002,9350,A,539503
-8.37500000000002,-8.38750000000002,9375,A,539503
-9.00000000000002,-9.01250000000002,9400,A,539503
-9.62500000000002,-9.63750000000002,9425,A,539503
-10.25,-10.2625,9450,A,539503
-10.875,-10.8875,9475,A,539503
-11.5,-11.5125,9500,A,539503
-12.125,-12.1375,9525,A,539503
-12.75,-12.7625,9550,A,539503
-13.375,-13.3875,9575,A,539503
-14,-14.0125,9600,A,539503
-14.625,-14.6375,9625,A,539503
-15.25,-15.2625,9650,A,539503
-15.875,-15.8875,9675,A,539503
-16.5,-16.5125,9700,A,539503
-17.125,-17.1375,9725,A,539503
-17.75,-17.7625,9750,A,539503
-18.375,-18.3875,9775,A,539503
-19,-19.0125,9800,A,539503
-19.625,-19.6375,9825,A,539503
-20.25,-20.2625,9850,A,539503
-20.875,-20.8875,9875,A,539503
-21.5,-21.5125,9900,A,539503
-22.125,-22.0775,9925,A,539503
-22.75,-22.64,9950,A,539503
-23.375,-23.2025,9975,A,539503
-24,-23.765,10000,A,539503
-24.625,-24.3275,10025,A,539503
-25.25,-24.89,10050,A,539503
-25.875,-25.4525,10075,A,539503
-26.5,-26.015,10100,A,539503
-26.125,-26.5775,10125,A,539503
-26.75,-27.14,10150,A,539503
-27.375,-27.7025,10175,A,539503
-28,-28.265,10200,A,539503
-28.625,-28.8275,10225,A,539503
-29.25,-29.39,10250,A,539503
-29.875,-29.9525,10275,A,539503
-30.5,-30.515,10300,A,539503
-31.125,-31.1375,10325,A,539503
-31.75,-31.7625,10350,A,539503
-32.375,-32.3875,10375,A,539503
-33,-33.0125,10400,A,539503
-33.625,-33.6375,10425,A,539503
-34.25,-34.2625,10450,A,539503
-34.875,-34.8875,10475,A,539503
-35.5,-35.5125,10500,A,539503
-36.125,-36.1375,10525,A,539503
-36.75,-36.7625,10550,A,539503
-37.375,-37.3875,10575,A,539503
-38,-38.0125,10600,A,539503
-38.625,-38.6375,10625,A,539503
-39.25,-39.2625,10650,A,539503
-39.875,-39.8875,10675,A,539503
-40.5,-40.5125,10700,A,539503
-41.125,-41.1375,10725,A,539503
-41.75,-41.7625,10750,A,539503
-42.375,-42.3875,10775,A,539503
-43,-42.9825,10800,A,539503
-43.625,-43.545,10825,A,539503
-44.25,-44.1075,10850,A,539503
-44.875,-44.67,10875,A,539503
-45.5,-45.2325,10900,A,539503
-46.125,-45.795,10925,A,539503
-46.75,-46.3575,10950,A,539503
-47.375,-46.92,10975,A,539503
-47,-47.4825,11000,A,539503
-47.625,-48.045,11025,A,539503
-48.25,-48.59,11050,A,539503
-48.875,-49.09,11075,A,539503
-49.5,-49.5375,11100,A,539503
-50.125,-49.975,11125,A,539503
-50.75,-50.4125,11150,A,539503
-51.375,-50.85,11175,A,539503
-52,-51.3175,11200,A,539503
-52.625,-51.8175,11225,A,539503
-52.25,-52.3175,11250,A,539503
-52.875,-52.8175,11275,A,539503
-52.5,-53.3175,11300,A,539503
-53.125,-53.8175,11325,A,539503
-53.75,-54.3175,11350,A,539503
-54.375,-54.8175,11375,A,539503
-55,-55.3175,11400,A,539503
-55.625,-55.8175,11425,A,539503
-56.25,-56.335,11450,A,539503
-56.875,-56.8975,11475,A,539503
-57.5,-57.5125,11500,A,539503
-58.125,-58.1375,11525,A,539503
-58.75,-58.7625,11550,A,539503
-59.375,-59.3875,11575,A,539503
-60,-60.0125,11600,A,539503
-60.625,-60.6375,11625,A,539503
-61.25,-61.2625,11650,A,539503
-61.875,-61.8875,11675,A,539503
-62.5,-62.5075,11700,A,539503
-63.125,-63.07,11725,A,539503
-63.75,-63.6325,11750,A,539503
-64.375,-64.195,11775,A,539503
-65,-64.7575,11800,A,539503
-65.625,-65.32,11825,A,539503
-66.25,-65.8825,11850,A,539503
-66.875,-66.445,11875,A,539503
-66.5,-67.0075,11900,A,539503
-67.125,-67.57,11925,A,539503
-67.75,-68.1325,11950,A,539503
-68.375,-68.695,11975,A,539503
-69,-69.2575,12000,A,539503
-69.625,-69.82,12025,A,539503
-70.25,-70.3825,12050,A,539503
-70.875,-70.945,12075,A,539503
-71.5,-71.5125,12100,A,539503
-72.125,-72.1375,12125,A,539503
-72.75,-72.7625,12150,A,539503
-73.375,-73.3875,12175,A,539503
-74,-74.0125,12200,A,539503
-74.625,-74.6375,12225,A,539503
-75.25,-75.2625,12250,A,539503
-75.875,-75.8875,12275,A,539503
-76.5,-76.5125,12300,A,539503
-77.125,-77.1375,12325,A,539503
-77.75,-77.7625,12350,A,539503
-78.375,-78.3875,12375,A,539503
-79,-79.0125,12400,A,539503
-79.625,-79.6375,12425,A,539503
-80.25,-80.2625,12450,A,539503
-80.875,-80.8875,12475,A,539503
-81.5,-81.5125,12500,A,539503
-82.125,-82.1375,12525,A,539503
-82.75,-82.7625,12550,A,539503
-83.375,-83.3875,12575,A,539503
-84,-84.0125,12600,A,539503
-84.625,-84.6375,12625,A,539503
-85.25,-85.2625,12650,A,539503
-85.875,-85.8875,12675,A,539503
-86.5,-86.5125,12700,A,539503
-87.125,-87.1375,12725,A,539503
-87.75,-87.7625,12750,A,539503
-88.375,-88.3875,12775,A,539503
-89,-89.0125,12800,A,539503
-89.625,-89.6375,12825,A,539503
-90.25,-90.2625,12850,A,539503
-90.875,-90.8875,12875,A,539503
-91.5,-91.5125,12900,A,539503
-92.125,-92.1375,12925,A,539503
-92.75,-92.7625,12950,A,539503
-93.375,-93.3875,12975,A,539503
-94,-94.0125,13000,A,539503
-94.625,-94.6375,13025,A,539503
-95.25,-95.2625,13050,A,539503
-95.875,-95.8875,13075,A,539503
-96.5,-96.5125,13100,A,539503
-97.125,-97.1375,13125,A,539503
-97.75,-97.7625,13150,A,539503
-98.375,-98.3725,13175,A,539503
-99,-98.935,13200,A,539503
-99.625,-99.4975,13225,A,539503
-100.25,-100.0225,13250,A,539503
-100.875,-100.5225,13275,A,539503
-101.5,-101.0225,13300,A,539503
-102.125,-101.47,13325,A,539503
-102.75,-101.9075,13350,A,539503
-102.375,-102.345,13375,A,539503
-103,-102.7825,13400,A,539503
-103.625,-103.1825,13425,A,539503
-103.25,-103.5575,13450,A,539503
-103.875,-103.9325,13475,A,539503
-104.5,-104.3075,13500,A,539503
-104.125,-104.6825,13525,A,539503
-104.75,-105.0575,13550,A,539503
-105.375,-105.4475,13575,A,539503
-106,-105.885,13600,A,539503
-105.625,-106.3225,13625,A,539503
-106.25,-106.7975,13650,A,539503
-106.875,-107.2975,13675,A,539503
-107.5,-107.7975,13700,A,539503
-108.125,-108.35,13725,A,539503
-108.75,-108.9125,13750,A,539503
-109.375,-109.475,13775,A,539503
-110,-110.0375,13800,A,539503
-110.625,-110.6375,13825,A,539503
-111.25,-111.2625,13850,A,539503
-111.875,-111.8875,13875,A,539503
-112.5,-112.5125,13900,A,539503
-113.125,-113.1375,13925,A,539503
-113.75,-113.7625,13950,A,539503
-114.375,-114.3875,13975,A,539503
-115,-115.0125,14000,A,539503
-115.625,-115.6375,14025,A,539503
-116.25,-116.2625,14050,A,539503
-116.875,-116.8875,14075,A,539503
-117.5,-117.5125,14100,A,539503
-118.125,-118.1375,14125,A,539503
-118.75,-118.7625,14150,A,539503
-119.375,-119.3875,14175,A,539503
-120,-120.0125,14200,A,539503
-120.625,-120.6375,14225,A,539503
-121.25,-121.2625,14250,A,539503
-121.875,-121.8875,14275,A,539503
-122.5,-122.5125,14300,A,539503
-123.125,-123.1375,14325,A,539503
-123.75,-123.7625,14350,A,539503
-124.375,-124.3875,14375,A,539503
-125,-125.0125,14400,A,539503
-125.625,-125.6375,14425,A,539503
-126.25,-126.2625,14450,A,539503
-126.875,-126.8875,14475,A,539503
-127.5,-127.5125,14500,A,539503
-128.125,-128.1375,14525,A,539503
-128.75,-128.7625,14550,A,539503
-129.375,-129.3875,14575,A,539503
-130,-129.98,14600,A,539503
-130.625,-130.5425,14625,A,539503
-131.25,-131.105,14650,A,539503
-131.875,-131.6675,14675,A,539503
-132.5,-132.23,14700,A,539503
-133.125,-132.7475,14725,A,539503
-133.75,-133.2475,14750,A,539503
-134.375,-133.7475,14775,A,539503
-134,-134.2475,14800,A,539503
-134.625,-134.7475,14825,A,539503
-135.25,-135.2475,14850,A,539503
-135.875,-135.7475,14875,A,539503
-136.5,-136.2475,14900,A,539503
-136.125,-136.7475,14925,A,539503
-136.75,-137.2475,14950,A,539503
-137.375,-137.7475,14975,A,539503
-138,-138.28,15000,A,539503
-138.625,-138.8425,15025,A,539503
-139.25,-139.405,15050,A,539503
-139.875,-139.9675,15075,A,539503
-140.5,-140.53,15100,A,539503
-141.125,-141.1375,15125,A,539503
-141.75,-141.7625,15150,A,539503
-142.375,-142.3875,15175,A,539503
-143,-143.0125,15200,A,539503
-143.625,-143.6375,15225,A,539503
-144.25,-144.2625,15250,A,539503
-144.875,-144.8875,15275,A,539503
-145.5,-145.5125,15300,A,539503
-146.125,-146.1375,15325,A,539503
-146.75,-146.7625,15350,A,539503
-147.375,-147.3875,15375,A,539503
-148,-148.0125,15400,A,539503
-148.625,-148.6375,15425,A,539503
-149.25,-149.2625,15450,A,539503
-149.875,-149.8875,15475,A,539503
-150.5,-150.5,15500,A,539503
-151.125,-151.0625,15525,A,539503
-151.75,-151.625,15550,A,539503
-152.375,-152.1875,15575,A,539503
-153,-152.75,15600,A,539503
-153.625,-153.3125,15625,A,539503
-154.25,-153.875,15650,A,539503
-154.875,-154.4375,15675,A,539503
-154.5,-155,15700,A,539503
-155.125,-155.5625,15725,A,539503
-155.75,-156.125,15750,A,539503
-156.375,-156.6875,15775,A,539503
-157,-157.25,15800,A,539503
-157.625,-157.8125,15825,A,539503
-158.25,-158.375,15850,A,539503
-158.875,-158.9375,15875,A,539503
-159.5,-159.5125,15900,A,539503
-160.125,-160.1375,15925,A,539503
-160.75,-160.7625,15950,A,539503
-161.375,-161.3875,15975,A,539503
-162,-162.0125,16000,A,539503
-162.625,-162.6375,16025,A,539503
-163.25,-163.2625,16050,A,539503
-163.875,-163.8875,16075,A,539503
-164.5,-164.5125,16100,A,539503
-165.125,-165.1375,16125,A,539503
-165.75,-165.7625,16150,A,539503
-166.375,-166.3875,16175,A,539503
-167,-166.96,16200,A,539503
-167.625,-167.5225,16225,A,539503
-168.25,-168.085,16250,A,539503
-168.875,-168.6475,16275,A,539503
-169.5,-169.21,16300,A,539503
-170.125,-169.7725,16325,A,539503
-170.75,-170.335,16350,A,539503
-171.375,-170.8975,16375,A,539503
-171,-171.46,16400,A,539503
-171.625,-172.0225,16425,A,539503
-172.25,-172.585,16450,A,539503
-172.875,-173.1475,16475,A,539503
-173.5,-173.71,16500,A,539503
-174.125,-174.2725,16525,A,539503
-174.75,-174.835,16550,A,539503
-175.375,-175.3975,16575,A,539503
-176,-176.0125,16600,A,539503
-176.625,-176.6375,16625,A,539503
-177.25,-177.2625,16650,A,539503
-177.875,-177.8875,16675,A,539503
-178.5,-178.5125,16700,A,539503
-179.125,-179.1375,16725,A,539503
-179.75,-179.7625,16750,A,539503
-180.375,-180.3875,16775,A,539503
-181,-181.0125,16800,A,539503
-181.625,-181.6375,16825,A,539503
-182.25,-182.2625,16850,A,539503
-182.875,-182.8875,16875,A,539503
-183.5,-183.5125,16900,A,539503
-184.125,-184.1375,16925,A,539503
-184.75,-184.7625,16950,A,539503
-185.375,-185.3875,16975,A,539503
-186,-186.0125,17000,A,539503
-186.625,-186.6375,17025,A,539503
-187.25,-187.2625,17050,A,539503
-187.875,-187.8275,17075,A,539503
-188.5,-188.39,17100,A,539503
-189.125,-188.9525,17125,A,539503
-189.75,-189.515,17150,A,539503
-190.375,-190.0775,17175,A,539503
-191,-190.64,17200,A,539503
-191.625,-191.2025,17225,A,539503
-192.25,-191.765,17250,A,539503
-191.875,-192.3275,17275,A,539503
-192.5,-192.89,17300,A,539503
-193.125,-193.4525,17325,A,539503
-193.75,-194.015,17350,A,539503
-194.375,-194.5775,17375,A,539503
-195,-195.14,17400,A,539503
-195.625,-195.7025,17425,A,539503
-196.25,-196.265,17450,A,539503
-196.875,-196.8875,17475,A,539503
-197.5,-197.5125,17500,A,539503
-198.125,-198.1375,17525,A,539503
-198.75,-198.7325,17550,A,539503
-199.375,-199.295,17575,A,539503
-200,-199.8575,17600,A,539503
-200.625,-200.42,17625,A,539503
-201.25,-200.9825,17650,A,539503
-201.875,-201.515,17675,A,539503
-202.5,-202.015,17700,A,539503
-203.125,-202.515,17725,A,539503
-202.75,-203.015,17750,A,539503
-203.375,-203.515,17775,A,539503
-204,-204.015,17800,A,539503
-204.625,-204.515,17825,A,539503
-205.25,-205.015,17850,A,539503
-204.875,-205.515,17875,A,539503
-205.5,-206.015,17900,A,539503
-206.125,-206.515,17925,A,539503
-206.75,-207.045,17950,A,539503
-207.375,-207.6075,17975,A,539503
-208,-208.17,18000,A,539503
-208.625,-208.7325,18025,A,539503
-209.25,-209.295,18050,A,539503
-209.875,-209.8875,18075,A,539503
-210.5,-210.5125,18100,A,539503
-211.125,-211.1375,18125,A,539503
-211.75,-211.7625,18150,A,539503
-212.375,-212.3875,18175,A,539503
-213,-213.0125,18200,A,539503
-213.625,-213.6375,18225,A,539503
-214.25,-214.2625,18250,A,539503
-214.875,-214.8875,18275,A,539503
-215.5,-215.5125,18300,A,539503
-216.125,-216.1375,18325,A,539503
-216.75,-216.7625,18350,A,539503
-217.375,-217.3875,18375,A,539503
-218,-218.0125,18400,A,539503
-218.625,-218.6375,18425,A,539503
-219.25,-219.2625,18450,A,539503
-219.875,-219.8875,18475,A,539503
-220.5,-220.5125,18500,A,539503
-221.125,-221.1375,18525,A,539503
-221.75,-221.7625,18550,A,539503
-222.375,-222.3875,18575,A,539503
-223,-223.0125,18600,A,539503
-223.625,-223.6375,18625,A,539503
-224.25,-224.2625,18650,A,539503
-224.875,-224.8875,18675,A,539503
-225.5,-225.5125,18700,A,539503
-226.125,-226.1375,18725,A,539503
-226.75,-226.7625,18750,A,539503
-227.375,-227.3875,18775,A,539503
-228,-228.0125,18800,A,539503
-228.625,-228.6375,18825,A,539503
-229.25,-229.2625,18850,A,539503
-229.875,-229.8875,18875,A,539503
-230.5,-230.5125,18900,A,539503
-231.125,-231.1375,18925,A,539503
-231.75,-231.7625,18950,A,539503
-232.375,-232.3875,18975,A,539503
-233,-233.0125,19000,A,539503
-233.625,-233.6375,19025,A,539503
-234.25,-234.2625,19050,A,539503
-234.875,-234.8875,19075,A,539503
-235.5,-235.5125,19100,A,539503
-236.125,-236.1375,19125,A,539503
-236.75,-236.7625,19150,A,539503
-237.375,-237.3875,19175,A,539503
-238,-238.0125,19200,A,539503
-238.625,-238.6375,19225,A,539503
-239.25,-239.2625,19250,A,539503
-239.875,-239.8875,19275,A,539503
-240.5,-240.5125,19300,A,539503
-241.125,-241.1375,19325,A,539503
-241.75,-241.7625,19350,A,539503
-242.375,-242.3875,19375,A,539503
-243,-243.0125,19400,A,539503
-243.625,-243.6375,19425,A,539503
-244.25,-244.2625,19450,A,539503
-244.875,-244.8875,19475,A,539503
-245.5,-245.5125,19500,A,539503
-246.125,-246.1375,19525,A,539503
-246.75,-246.7625,19550,A,539503
-247.375,-247.3875,19575,A,539503
-248,-248.0125,19600,A,539503
-248.625,-248.6375,19625,A,539503
-249.25,-249.2625,19650,A,539503
-249.875,-249.8875,19675,A,539503
-250.5,-250.5125,19700,A,539503
-251.125,-251.1375,19725,A,539503
-251.75,-251.7625,19750,A,539503
-252.375,-252.3875,19775,A,539503
-253,-253.0125,19800,A,539503
-253.625,-253.6375,19825,A,539503
-254.25,-254.2625,19850,A,539503
-254.875,-254.8875,19875,A,539503
-255.5,-255.5125,19900,A,539503
-256.125,-256.1375,19925,A,539503
-256.75,-256.7625,19950,A,539503
-257.375,-257.3875,19975,A,539503
-258,-258.0125,20000,A,539503
2.375,,25,A,691787
4.75,,50,A,691787
6.125,,75,A,691787
6.5,,100,A,691787
7.875,,125,A,691787
11.25,,150,A,691787
11.625,,175,A,691787
15,16.0775,200,A,691787
14.375,18.515,225,A,691787
18.75,21.2025,250,A,691787
23.125,24.1025,275,A,691787
23.5,27.095,300,A,691787
26.875,30.17,325,A,691787
32.25,33.1825,350,A,691787
34.625,36.0775,375,A,691787
37,38.94,400,A,691787
43.375,41.745,425,A,691787
50.75,44.44,450,A,691787
53.125,46.9275,475,A,691787
54.5,49.2375,500,A,691787
56.875,51.4125,525,A,691787
57.25,53.4075,550,A,691787
57.625,55.49,575,A,691787
59,57.57,600,A,691787
59.375,59.4575,625,A,691787
59.75,61.175,650,A,691787
60.125,62.735,675,A,691787
59.5,64.1925,700,A,691787
61.875,65.5625,725,A,691787
64.25,66.9025,750,A,691787
68.625,68.3125,775,A,691787
70,69.7675,800,A,691787
71.375,71.1475,825,A,691787
76.75,72.5975,850,A,691787
78.125,74.075,875,A,691787
77.5,75.615,900,A,691787
78.875,77.1475,925,A,691787
80.25,78.65,950,A,691787
81.625,80,975,A,691787
81,81.1825,1000,A,691787
82.375,82.32,1025,A,691787
83.75,83.165,1050,A,691787
84.125,83.9425,1075,A,691787
85.5,84.63,1100,A,691787
84.875,85.3775,1125,A,691787
87.25,86.12,1150,A,691787
87.625,86.775,1175,A,691787
89,87.3725,1200,A,691787
88.375,88.0125,1225,A,691787
88.75,88.64,1250,A,691787
89.125,89.24,1275,A,691787
88.5,89.79,1300,A,691787
90.875,90.395,1325,A,691787
91.25,90.97,1350,A,691787
90.625,91.4175,1375,A,691787
92,91.8625,1400,A,691787
92.375,92.2375,1425,A,691787
93.75,92.695,1450,A,691787
93.125,93.1325,1475,A,691787
93.5,93.57,1500,A,691787
95.875,93.8975,1525,A,691787
95.25,94.16,1550,A,691787
94.625,94.41,1575,A,691787
95,94.625,1600,A,691787
94.375,94.7375,1625,A,691787
96.75,94.7375,1650,A,691787
96.125,94.7075,1675,A,691787
95.5,94.7425,1700,A,691787
94.875,94.7,1725,A,691787
95.25,94.65,1750,A,691787
94.625,94.65,1775,A,691787
94,94.5925,1800,A,691787
93.375,94.53,1825,A,691787
92.75,94.3675,1850,A,691787
93.125,94.1175,1875,A,691787
93.5,93.8675,1900,A,691787
94.875,93.6175,1925,A,691787
95.25,93.3725,1950,A,691787
94.625,93.17,1975,A,691787
94,93.0375,2000,A,691787
93.375,92.9125,2025,A,691787
92.75,92.7875,2050,A,691787
92.125,92.705,2075,A,691787
91.5,92.5875,2100,A,691787
90.875,92.4625,2125,A,691787
91.25,92.2625,2150,A,691787
91.625,92.0125,2175,A,691787
92,91.7625,2200,A,691787
91.375,91.5125,2225,A,691787
90.75,91.2625,2250,A,691787
92.125,91.0125,2275,A,691787
92.5,90.7975,2300,A,691787
91.875,90.65,2325,A,691787
91.25,90.525,2350,A,691787
90.625,90.3625,2375,A,691787
90,90.1825,2400,A,691787
89.375,89.995,2425,A,691787
88.75,89.8075,2450,A,691787
88.125,89.55,2475,A,691787
88.5,89.355,2500,A,691787
88.875,89.1425,2525,A,691787
89.25,88.955,2550,A,691787
89.625,88.7675,2575,A,691787
89,88.58,2600,A,691787
88.375,88.4325,2625,A,691787
87.75,88.3075,2650,A,691787
88.125,88.1825,2675,A,691787
88.5,88.0225,2700,A,691787
88.875,87.8225,2725,A,691787
88.25,87.6375,2750,A,691787
87.625,87.44,2775,A,691787
87,87.19,2800,A,691787
87.375,87.0025,2825,A,691787
86.75,87.0275,2850,A,691787
86.125,87.085,2875,A,691787
85.5,87.0225,2900,A,691787
85.875,86.9225,2925,A,691787
86.25,86.8,2950,A,691787
85.625,86.7375,2975,A,691787
85,86.69,3000,A,691787
87.375,86.685,3025,A,691787
88.75,86.7475,3050,A,691787
88.125,86.81,3075,A,691787
87.5,86.9075,3100,A,691787
86.875,87.095,3125,A,691787
87.25,87.2525,3150,A,691787
86.625,87.3775,3175,A,691787
87,87.5025,3200,A,691787
88.375,87.565,3225,A,691787
87.75,87.415,3250,A,691787
87.125,87.265,3275,A,691787
88.5,87.14,3300,A,691787
88.875,87.015,3325,A,691787
88.25,86.9225,3350,A,691787
87.625,86.7975,3375,A,691787
87,86.72,3400,A,691787
86.375,86.56,3425,A,691787
85.75,86.31,3450,A,691787
86.125,86.1025,3475,A,691787
85.5,85.88,3500,A,691787
84.875,85.54,3525,A,691787
85.25,85.165,3550,A,691787
84.625,84.84,3575,A,691787
85,84.5275,3600,A,691787
84.375,84.2575,3625,A,691787
83.75,84.0075,3650,A,691787
84.125,83.72,3675,A,691787
83.5,83.4175,3700,A,691787
82.875,83.195,3725,A,691787
82.25,82.9725,3750,A,691787
82.625,82.7225,3775,A,691787
82,82.41,3800,A,691787
82.375,82.0975,3825,A,691787
81.75,81.785,3850,A,691787
81.125,81.4325,3875,A,691787
81.5,81.155,3900,A,691787
81.875,80.905,3925,A,691787
81.25,80.655,3950,A,691787
80.625,80.3775,3975,A,691787
80,80.1275,4000,A,691787
79.375,79.88,4025,A,691787
78.75,79.7125,4050,A,691787
79.125,79.5875,4075,A,691787
79.5,79.4525,4100,A,691787
78.875,79.2375,4125,A,691787
78.25,78.9875,4150,A,691787
78.625,78.7375,4175,A,691787
78,78.5475,4200,A,691787
79.375,78.36,4225,A,691787
79.75,78.1725,4250,A,691787
79.125,77.9825,4275,A,691787
78.5,77.6975,4300,A,691787
77.875,77.385,4325,A,691787
77.25,77.0725,4350,A,691787
76.625,76.7375,4375,A,691787
77,76.3625,4400,A,691787
76.375,75.9925,4425,A,691787
75.75,75.535,4450,A,691787
75.125,75.0875,4475,A,691787
74.5,74.65,4500,A,691787
73.875,74.275,4525,A,691787
73.25,73.9,4550,A,691787
72.625,73.525,4575,A,691787
72,73.1725,4600,A,691787
72.375,72.86,4625,A,691787
71.75,72.55,4650,A,691787
72.125,72.3,4675,A,691787
71.5,72.075,4700,A,691787
71.875,71.8875,4725,A,691787
71.25,71.7,4750,A,691787
70.625,71.5125,4775,A,691787
72,71.325,4800,A,691787
71.375,71.0875,4825,A,691787
71.75,70.8775,4850,A,691787
71.125,70.6375,4875,A,691787
71.5,70.3875,4900,A,691787
70.875,70.075,4925,A,691787
70.25,69.7825,4950,A,691787
69.625,69.5325,4975,A,691787
69,69.275,5000,A,691787
68.375,69.025,5025,A,691787
68.75,68.7725,5050,A,691787
68.125,68.46,5075,A,691787
67.5,68.1225,5100,A,691787
66.875,67.7475,5125,A,691787
67.25,67.3725,5150,A,691787
66.625,66.9975,5175,A,691787
68,66.6225,5200,A,691787
67.375,66.2475,5225,A,691787
66.75,65.8325,5250,A,691787
66.125,65.395,5275,A,691787
65.5,65.065,5300,A,691787
64.875,64.7525,5325,A,691787
64.25,64.42,5350,A,691787
63.625,64.045,5375,A,691787
63,63.595,5400,A,691787
62.375,63.095,5425,A,691787
61.75,62.6325,5450,A,691787
61.125,62.2575,5475,A,691787
62.5,61.8825,5500,A,691787
61.875,61.5075,5525,A,691787
61.25,61.1325,5550,A,691787
60.625,60.8025,5575,A,691787
60,60.49,5600,A,691787
59.375,60.1775,5625,A,691787
60.75,59.865,5650,A,691787
60.125,59.5525,5675,A,691787
59.5,59.1325,5700,A,691787
58.875,58.695,5725,A,691787
58.25,58.27,5750,A,691787
58.625,57.895,5775,A,691787
58,57.52,5800,A,691787
57.375,57.145,5825,A,691787
56.75,56.7325,5850,A,691787
56.125,56.2325,5875,A,691787
55.5,55.7325,5900,A,691787
54.875,55.2325,5925,A,691787
55.25,54.7325,5950,A,691787
54.625,54.1875,5975,A,691787
54,53.625,6000,A,691787
53.375,53.0925,6025,A,691787
52.75,52.5925,6050,A,691787
52.125,52.0925,6075,A,691787
51.5,51.5925,6100,A,691787
50.875,51.0925,6125,A,691787
50.25,50.58,6150,A,691787
49.625,50.0175,6175,A,691787
49,49.455,6200,A,691787
49.375,48.8925,6225,A,691787
48.75,48.3675,6250,A,691787
48.125,47.8675,6275,A,691787
47.5,47.3675,6300,A,691787
46.875,46.87,6325,A,691787
46.25,46.4325,6350,A,691787
45.625,46.02,6375,A,691787
45,45.645,6400,A,691787
44.375,45.24,6425,A,691787
44.75,44.8025,6450,A,691787
44.125,44.365,6475,A,691787
43.5,43.9275,6500,A,691787
43.875,43.49,6525,A,691787
43.25,43.0525,6550,A,691787
43.625,42.615,6575,A,691787
43,42.1775,6600,A,691787
42.375,41.7675,6625,A,691787
41.75,41.3575,6650,A,691787
41.125,41.025,6675,A,691787
40.5,40.74,6700,A,691787
39.875,40.4875,6725,A,691787
39.25,40.175,6750,A,691787
38.625,39.8375,6775,A,691787
38,39.4775,6800,A,691787
38.375,39.165,6825,A,691787
38.75,38.8525,6850,A,691787
39.125,38.54,6875,A,691787
39.5,38.2275,6900,A,691787
38.875,37.915,6925,A,691787
38.25,37.6025,6950,A,691787
37.625,37.29,6975,A,691787
38,37.015,7000,A,691787
37.375,36.7375,7025,A,691787
36.75,36.4225,7050,A,691787
36.125,36.03,7075,A,691787
35.5,35.67,7100,A,691787
34.875,35.295,7125,A,691787
34.25,34.9475,7150,A,691787
33.625,34.635,7175,A,691787
34,34.3075,7200,A,691787
33.375,33.9325,7225,A,691787
32.75,33.5575,7250,A,691787
33.125,33.1825,7275,A,691787
33.5,32.8075,7300,A,691787
32.875,32.4325,7325,A,691787
33.25,32.0575,7350,A,691787
32.625,31.6825,7375,A,691787
32,31.27,7400,A,691787
31.375,30.8325,7425,A,691787
30.75,30.395,7450,A,691787
30.125,29.9325,7475,A,691787
29.5,29.39,7500,A,691787
28.875,28.8275,7525,A,691787
28.25,28.2375,7550,A,691787
27.625,27.6125,7575,A,691787
27,26.9875,7600,A,691787
26.375,26.3625,7625,A,691787
25.75,25.7375,7650,A,691787
25.125,25.1125,7675,A,691787
24.5,24.52,7700,A,691787
23.875,23.9575,7725,A,691787
23.25,23.4325,7750,A,691787
22.625,22.9325,7775,A,691787
22,22.4325,7800,A,691787
21.375,21.9325,7825,A,691787
20.75,21.4325,7850,A,691787
20.125,20.9325,7875,A,691787
20.5,20.4325,7900,A,691787
19.875,19.9325,7925,A,691787
20.25,19.4325,7950,A,691787
19.625,18.9325,7975,A,691787
19,18.4325,8000,A,691787
18.375,17.9325,8025,A,691787
17.75,17.4325,8050,A,691787
17.125,16.9325,8075,A,691787
16.5,16.4,8100,A,691787
15.875,15.8375,8125,A,691787
15.25,15.2375,8150,A,691787
14.625,14.6125,8175,A,691787
14,13.9875,8200,A,691787
13.375,13.3625,8225,A,691787
12.75,12.7375,8250,A,691787
12.125,12.155,8275,A,691787
11.5,11.5925,8300,A,691787
10.875,11.03,8325,A,691787
10.25,10.4675,8350,A,691787
9.62499999999998,9.90499999999998,8375,A,691787
8.99999999999998,9.34249999999998,8400,A,691787
8.37499999999998,8.77999999999998,8425,A,691787
7.74999999999998,8.24499999999998,8450,A,691787
8.12499999999998,7.74499999999998,8475,A,691787
7.49999999999998,7.24499999999998,8500,A,691787
6.87499999999998,6.74499999999998,8525,A,691787
6.24999999999998,6.24499999999998,8550,A,691787
5.62499999999998,5.80749999999998,8575,A,691787
4.99999999999998,5.36999999999998,8600,A,691787
4.37499999999998,4.93249999999998,8625,A,691787
4.74999999999998,4.49499999999998,8650,A,691787
4.12499999999998,4.01499999999998,8675,A,691787
3.49999999999998,3.53999999999998,8700,A,691787
2.87499999999998,3.10249999999998,8725,A,691787
2.24999999999998,2.66499999999998,8750,A,691787
2.62499999999998,2.22749999999998,8775,A,691787
1.99999999999998,1.80249999999998,8800,A,691787
1.37499999999998,1.42749999999998,8825,A,691787
0.749999999999983,1.02499999999998,8850,A,691787
0.124999999999983,0.607499999999983,8875,A,691787
0.499999999999983,0.232499999999983,8900,A,691787
-0.125000000000017,-0.142500000000017,8925,A,691787
-0.750000000000017,-0.517500000000017,8950,A,691787
-1.37500000000002,-0.902500000000017,8975,A,691787
-1.00000000000002,-1.22500000000002,9000,A,691787
-1.62500000000002,-1.49750000000002,9025,A,691787
-2.25000000000002,-1.74750000000002,9050,A,691787
-1.87500000000002,-1.99750000000002,9075,A,691787
-2.50000000000002,-2.27250000000002,9100,A,691787
-3.12500000000002,-2.58500000000002,9125,A,691787
-3.75000000000002,-2.89750000000002,9150,A,691787
-3.37500000000002,-3.21000000000002,9175,A,691787
-3.00000000000002,-3.53500000000002,9200,A,691787
-2.62500000000002,-3.91000000000002,9225,A,691787
-3.25000000000002,-4.25500000000002,9250,A,691787
-3.87500000000002,-4.58750000000002,9275,A,691787
-4.50000000000002,-4.96250000000002,9300,A,691787
-5.12500000000002,-5.33750000000002,9325,A,691787
-5.75000000000002,-5.71250000000002,9350,A,691787
-6.37500000000002,-6.14000000000002,9375,A,691787
-7.00000000000002,-6.63000000000002,9400,A,691787
-7.62500000000002,-7.17000000000002,9425,A,691787
-7.25000000000002,-7.73250000000002,9450,A,691787
-7.87500000000002,-8.29500000000002,9475,A,691787
-8.50000000000002,-8.85750000000002,9500,A,691787
-9.12500000000002,-9.42000000000002,9525,A,691787
-9.75000000000002,-9.98250000000002,9550,A,691787
-10.375,-10.545,9575,A,691787
-11,-11.1075,9600,A,691787
-11.625,-11.67,9625,A,691787
-12.25,-12.225,9650,A,691787
-12.875,-12.7875,9675,A,691787
-13.5,-13.35,9700,A,691787
-14.125,-13.9125,9725,A,691787
-14.75,-14.475,9750,A,691787
-15.375,-15.0375,9775,A,691787
-16,-15.6,9800,A,691787
-16.625,-16.1625,9825,A,691787
-16.25,-16.6775,9850,A,691787
-16.875,-17.1775,9875,A,691787
-17.5,-17.6775,9900,A,691787
-18.125,-18.1775,9925,A,691787
-18.75,-18.6775,9950,A,691787
-19.375,-19.1775,9975,A,691787
-20,-19.6775,10000,A,691787
-20.625,-20.1775,10025,A,691787
-20.25,-20.715,10050,A,691787
-20.875,-21.2775,10075,A,691787
-21.5,-21.84,10100,A,691787
-22.125,-22.4025,10125,A,691787
-22.75,-22.965,10150,A,691787
-23.375,-23.5275,10175,A,691787
-24,-24.09,10200,A,691787
-24.625,-24.6525,10225,A,691787
-25.25,-25.2625,10250,A,691787
-25.875,-25.8875,10275,A,691787
-26.5,-26.5125,10300,A,691787
-27.125,-27.1375,10325,A,691787
-27.75,-27.7625,10350,A,691787
-28.375,-28.3875,10375,A,691787
-29,-29.0075,10400,A,691787
-29.625,-29.57,10425,A,691787
-30.25,-30.1325,10450,A,691787
-30.875,-30.695,10475,A,691787
-31.5,-31.2575,10500,A,691787
-32.125,-31.82,10525,A,691787
-32.75,-32.3825,10550,A,691787
-33.375,-32.945,10575,A,691787
-33,-33.5075,10600,A,691787
-33.625,-34.07,10625,A,691787
-34.25,-34.6325,10650,A,691787
-34.875,-35.195,10675,A,691787
-35.5,-35.7575,10700,A,691787
-36.125,-36.32,10725,A,691787
-36.75,-36.8825,10750,A,691787
-37.375,-37.445,10775,A,691787
-38,-38.0125,10800,A,691787
-38.625,-38.6375,10825,A,691787
-39.25,-39.2625,10850,A,691787
-39.875,-39.8875,10875,A,691787
-40.5,-40.5125,10900,A,691787
-41.125,-41.1375,10925,A,691787
-41.75,-41.7625,10950,A,691787
-42.375,-42.3875,10975,A,691787
-43,-43.0125,11000,A,691787
-43.625,-43.6375,11025,A,691787
-44.25,-44.2625,11050,A,691787
-44.875,-44.8875,11075,A,691787
-45.5,-45.5125,11100,A,691787
-46.125,-46.1375,11125,A,691787
-46.75,-46.7625,11150,A,691787
-47.375,-47.3875,11175,A,691787
-48,-48.0125,11200,A,691787
-48.625,-48.6375,11225,A,691787
-49.25,-49.2625,11250,A,691787
-49.875,-49.8875,11275,A,691787
-50.5,-50.5125,11300,A,691787
-51.125,-51.1375,11325,A,691787
-51.75,-51.7625,11350,A,691787
-52.375,-52.3875,11375,A,691787
-53,-53.0125,11400,A,691787
-53.625,-53.6375,11425,A,691787
-54.25,-54.2625,11450,A,691787
-54.875,-54.8875,11475,A,691787
-55.5,-55.5125,11500,A,691787
-56.125,-56.1375,11525,A,691787
-56.75,-56.7625,11550,A,691787
-57.375,-57.3875,11575,A,691787
-58,-58.0125,11600,A,691787
-58.625,-58.6375,11625,A,691787
-59.25,-59.2625,11650,A,691787
-59.875,-59.8875,11675,A,691787
-60.5,-60.5125,11700,A,691787
-61.125,-61.1375,11725,A,691787
-61.75,-61.7625,11750,A,691787
-62.375,-62.3875,11775,A,691787
-63,-63.0125,11800,A,691787
-63.625,-63.6375,11825,A,691787
-64.25,-64.2625,11850,A,691787
-64.875,-64.8875,11875,A,691787
-65.5,-65.5125,11900,A,691787
-66.125,-66.1375,11925,A,691787
-66.75,-66.7625,11950,A,691787
-67.375,-67.3875,11975,A,691787
-68,-68.0125,12000,A,691787
-68.625,-68.6375,12025,A,691787
-69.25,-69.2625,12050,A,691787
-69.875,-69.8875,12075,A,691787
-70.5,-70.5125,12100,A,691787
-71.125,-71.1375,12125,A,691787
-71.75,-71.7625,12150,A,691787
-72.375,-72.3875,12175,A,691787
-73,-73.0125,12200,A,691787
-73.625,-73.6375,12225,A,691787
-74.25,-74.205,12250,A,691787
-74.875,-74.7675,12275,A,691787
-75.5,-75.33,12300,A,691787
-76.125,-75.8925,12325,A,691787
-76.75,-76.455,12350,A,691787
-77.375,-77.0175,12375,A,691787
-78,-77.58,12400,A,691787
-78.625,-78.1425,12425,A,691787
-78.25,-78.705,12450,A,691787
-78.875,-79.2675,12475,A,691787
-79.5,-79.83,12500,A,691787
-80.125,-80.3425,12525,A,691787
-80.75,-80.8425,12550,A,691787
-81.375,-81.3425,12575,A,691787
-82,-81.8425,12600,A,691787
-82.625,-82.3425,12625,A,691787
-83.25,-82.9,12650,A,691787
-83.875,-83.4625,12675,A,691787
-84.5,-83.9975,12700,A,691787
-84.125,-84.435,12725,A,691787
-84.75,-84.8725,12750,A,691787
-85.375,-85.31,12775,A,691787
-86,-85.7475,12800,A,691787
-86.625,-86.185,12825,A,691787
-87.25,-86.6225,12850,A,691787
-87.875,-87.06,12875,A,691787
-86.5,-87.4975,12900,A,691787
-87.125,-87.985,12925,A,691787
-87.75,-88.485,12950,A,691787
-88.375,-88.985,12975,A,691787
-89,-89.485,13000,A,691787
-89.625,-89.985,13025,A,691787
-90.25,-90.485,13050,A,691787
-90.875,-90.985,13075,A,691787
-91.5,-91.5125,13100,A,691787
-92.125,-92.1375,13125,A,691787
-92.75,-92.7625,13150,A,691787
-93.375,-93.3875,13175,A,691787
-94,-94.0125,13200,A,691787
-94.625,-94.6375,13225,A,691787
-95.25,-95.2625,13250,A,691787
-95.875,-95.8875,13275,A,691787
-96.5,-96.5125,13300,A,691787
-97.125,-97.1375,13325,A,691787
-97.75,-97.7625,13350,A,691787
-98.375,-98.3875,13375,A,691787
-99,-99.0125,13400,A,691787
-99.625,-99.6375,13425,A,691787
-100.25,-100.2625,13450,A,691787
-100.875,-100.8875,13475,A,691787
-101.5,-101.5125,13500,A,691787
-102.125,-102.1375,13525,A,691787
-102.75,-102.7625,13550,A,691787
-103.375,-103.3875,13575,A,691787
-104,-104.0125,13600,A,691787
-104.625,-104.6375,13625,A,691787
-105.25,-105.2625,13650,A,691787
-105.875,-105.8875,13675,A,691787
-106.5,-106.5125,13700,A,691787
-107.125,-107.1375,13725,A,691787
-107.75,-107.7625,13750,A,691787
-108.375,-108.3875,13775,A,691787
-109,-109.0125,13800,A,691787
-109.625,-109.6375,13825,A,691787
-110.25,-110.2625,13850,A,691787
-110.875,-110.8875,13875,A,691787
-111.5,-111.5125,13900,A,691787
-112.125,-112.1375,13925,A,691787
-112.75,-112.7625,13950,A,691787
-113.375,-113.3875,13975,A,691787
-114,-114.0125,14000,A,691787
-114.625,-114.6375,14025,A,691787
-115.25,-115.2625,14050,A,691787
-115.875,-115.8875,14075,A,691787
-116.5,-116.5125,14100,A,691787
-117.125,-117.1375,14125,A,691787
-117.75,-117.7625,14150,A,691787
-118.375,-118.3875,14175,A,691787
-119,-119.0125,14200,A,691787
-119.625,-119.6375,14225,A,691787
-120.25,-120.2625,14250,A,691787
-120.875,-120.8875,14275,A,691787
-121.5,-121.475,14300,A,691787
-122.125,-122.0375,14325,A,691787
-122.75,-122.6,14350,A,691787
-123.375,-123.1625,14375,A,691787
-124,-123.725,14400,A,691787
-124.625,-124.2875,14425,A,691787
-125.25,-124.85,14450,A,691787
-125.875,-125.4125,14475,A,691787
-125.5,-125.975,14500,A,691787
-126.125,-126.5375,14525,A,691787
-126.75,-127.0725,14550,A,691787
-127.375,-127.5725,14575,A,691787
-128,-128.0725,14600,A,691787
-128.625,-128.5725,14625,A,691787
-129.25,-129.0725,14650,A,691787
-129.875,-129.5725,14675,A,691787
-130.5,-130.11,14700,A,691787
-131.125,-130.6725,14725,A,691787
-130.75,-131.235,14750,A,691787
-131.375,-131.7975,14775,A,691787
-132,-132.36,14800,A,691787
-132.625,-132.9225,14825,A,691787
-133.25,-133.485,14850,A,691787
-133.875,-134.0475,14875,A,691787
-134.5,-134.6025,14900,A,691787
-135.125,-135.1025,14925,A,691787
-135.75,-135.63,14950,A,691787
-136.375,-136.1925,14975,A,691787
-137,-136.755,15000,A,691787
-137.625,-137.3175,15025,A,691787
-138.25,-137.88,15050,A,691787
-138.875,-138.4425,15075,A,691787
-138.5,-139.005,15100,A,691787
-139.125,-139.5675,15125,A,691787
-139.75,-140.13,15150,A,691787
-140.375,-140.6925,15175,A,691787
-141,-141.255,15200,A,691787
-141.625,-141.8175,15225,A,691787
-142.25,-142.38,15250,A,691787
-142.875,-142.9425,15275,A,691787
-143.5,-143.5125,15300,A,691787
-144.125,-144.1375,15325,A,691787
-144.75,-144.7625,15350,A,691787
-145.375,-145.3875,15375,A,691787
-146,-146.0125,15400,A,691787
-146.625,-146.6375,15425,A,691787
-147.25,-147.2625,15450,A,691787
-147.875,-147.8875,15475,A,691787
-148.5,-148.5125,15500,A,691787
-149.125,-149.1375,15525,A,691787
-149.75,-149.7625,15550,A,691787
-150.375,-150.3875,15575,A,691787
-151,-151.0125,15600,A,691787
-151.625,-151.6375,15625,A,691787
-152.25,-152.2625,15650,A,691787
-152.875,-152.8875,15675,A,691787
-153.5,-153.5125,15700,A,691787
-154.125,-154.1375,15725,A,691787
-154.75,-154.7625,15750,A,691787
-155.375,-155.3875,15775,A,691787
-156,-156.0125,15800,A,691787
-156.625,-156.6375,15825,A,691787
-157.25,-157.2625,15850,A,691787
-157.875,-157.8875,15875,A,691787
-158.5,-158.5125,15900,A,691787
-159.125,-159.1375,15925,A,691787
-159.75,-159.7625,15950,A,691787
-160.375,-160.3875,15975,A,691787
-161,-161.0125,16000,A,691787
-161.625,-161.6375,16025,A,691787
-162.25,-162.2625,16050,A,691787
-162.875,-162.8875,16075,A,691787
-163.5,-163.5125,16100,A,691787
-164.125,-164.1375,16125,A,691787
-164.75,-164.7625,16150,A,691787
-165.375,-165.3875,16175,A,691787
-166,-166.0125,16200,A,691787
-166.625,-166.6375,16225,A,691787
-167.25,-167.2625,16250,A,691787
-167.875,-167.885,16275,A,691787
-168.5,-168.4475,16300,A,691787
-169.125,-169.01,16325,A,691787
-169.75,-169.5725,16350,A,691787
-170.375,-170.135,16375,A,691787
-171,-170.6975,16400,A,691787
-171.625,-171.26,16425,A,691787
-172.25,-171.8225,16450,A,691787
-171.875,-172.385,16475,A,691787
-172.5,-172.9475,16500,A,691787
-173.125,-173.51,16525,A,691787
-173.75,-174.0725,16550,A,691787
-174.375,-174.635,16575,A,691787
-175,-175.1975,16600,A,691787
-175.625,-175.76,16625,A,691787
-176.25,-176.3225,16650,A,691787
-176.875,-176.8875,16675,A,691787
-177.5,-177.5125,16700,A,691787
-178.125,-178.1375,16725,A,691787
-178.75,-178.7625,16750,A,691787
-179.375,-179.3875,16775,A,691787
-180,-180.0125,16800,A,691787
-180.625,-180.6375,16825,A,691787
-181.25,-181.2625,16850,A,691787
-181.875,-181.8875,16875,A,691787
-182.5,-182.5125,16900,A,691787
-183.125,-183.1375,16925,A,691787
-183.75,-183.7625,16950,A,691787
-184.375,-184.3875,16975,A,691787
-185,-185.0125,17000,A,691787
-185.625,-185.6375,17025,A,691787
-186.25,-186.2175,17050,A,691787
-186.875,-186.78,17075,A,691787
-187.5,-187.3425,17100,A,691787
-188.125,-187.905,17125,A,691787
-188.75,-188.4675,17150,A,691787
-189.375,-189.03,17175,A,691787
-190,-189.5925,17200,A,691787
-190.625,-190.155,17225,A,691787
-190.25,-190.7175,17250,A,691787
-190.875,-191.28,17275,A,691787
-191.5,-191.8425,17300,A,691787
-192.125,-192.405,17325,A,691787
-192.75,-192.9675,17350,A,691787
-193.375,-193.53,17375,A,691787
-194,-194.0925,17400,A,691787
-194.625,-194.655,17425,A,691787
-195.25,-195.2625,17450,A,691787
-195.875,-195.8875,17475,A,691787
-196.5,-196.5125,17500,A,691787
-197.125,-197.1375,17525,A,691787
-197.75,-197.7625,17550,A,691787
-198.375,-198.3875,17575,A,691787
-199,-199.0125,17600,A,691787
-199.625,-199.6375,17625,A,691787
-200.25,-200.2625,17650,A,691787
-200.875,-200.8875,17675,A,691787
-201.5,-201.5125,17700,A,691787
-202.125,-202.1375,17725,A,691787
-202.75,-202.7625,17750,A,691787
-203.375,-203.3875,17775,A,691787
-204,-204.0125,17800,A,691787
-204.625,-204.6375,17825,A,691787
-205.25,-205.2625,17850,A,691787
-205.875,-205.8875,17875,A,691787
-206.5,-206.5125,17900,A,691787
-207.125,-207.1375,17925,A,691787
-207.75,-207.7625,17950,A,691787
-208.375,-208.3875,17975,A,691787
-209,-209.0125,18000,A,691787
-209.625,-209.6375,18025,A,691787
-210.25,-210.2625,18050,A,691787
-210.875,-210.8875,18075,A,691787
-211.5,-211.5125,18100,A,691787
-212.125,-212.1375,18125,A,691787
-212.75,-212.7625,18150,A,691787
-213.375,-213.3875,18175,A,691787
-214,-214.0125,18200,A,691787
-214.625,-214.6375,18225,A,691787
-215.25,-215.2625,18250,A,691787
-215.875,-215.8875,18275,A,691787
-216.5,-216.5125,18300,A,691787
-217.125,-217.1375,18325,A,691787
-217.75,-217.7625,18350,A,691787
-218.375,-218.3875,18375,A,691787
-219,-219.0125,18400,A,691787
-219.625,-219.6375,18425,A,691787
-220.25,-220.2625,18450,A,691787
-220.875,-220.8875,18475,A,691787
-221.5,-221.5125,18500,A,691787
-222.125,-222.1375,18525,A,691787
-222.75,-222.7625,18550,A,691787
-223.375,-223.3875,18575,A,691787
-224,-224.0125,18600,A,691787
-224.625,-224.6375,18625,A,691787
-225.25,-225.2625,18650,A,691787
-225.875,-225.8875,18675,A,691787
-226.5,-226.5125,18700,A,691787
-227.125,-227.1375,18725,A,691787
-227.75,-227.7625,18750,A,691787
-228.375,-228.3875,18775,A,691787
-229,-229.0125,18800,A,691787
-229.625,-229.6375,18825,A,691787
-230.25,-230.2625,18850,A,691787
-230.875,-230.8875,18875,A,691787
-231.5,-231.5125,18900,A,691787
-232.125,-232.1375,18925,A,691787
-232.75,-232.7625,18950,A,691787
-233.375,-233.3875,18975,A,691787
-234,-234.0125,19000,A,691787
-234.625,-234.6375,19025,A,691787
-235.25,-235.2625,19050,A,691787
-235.875,-235.8875,19075,A,691787
-236.5,-236.5125,19100,A,691787
-237.125,-237.1375,19125,A,691787
-237.75,-237.7625,19150,A,691787
-238.375,-238.3875,19175,A,691787
-239,-239.0125,19200,A,691787
-239.625,-239.6375,19225,A,691787
-240.25,-240.2625,19250,A,691787
-240.875,-240.8875,19275,A,691787
-241.5,-241.5125,19300,A,691787
-242.125,-242.1375,19325,A,691787
-242.75,-242.7625,19350,A,691787
-243.375,-243.3875,19375,A,691787
-244,-244.0125,19400,A,691787
-244.625,-244.6375,19425,A,691787
-245.25,-245.2625,19450,A,691787
-245.875,-245.8875,19475,A,691787
-246.5,-246.5125,19500,A,691787
-247.125,-247.1375,19525,A,691787
-247.75,-247.7625,19550,A,691787
-248.375,-248.3875,19575,A,691787
-249,-249.0125,19600,A,691787
-249.625,-249.6375,19625,A,691787
-250.25,-250.2625,19650,A,691787
-250.875,-250.8875,19675,A,691787
-251.5,-251.5125,19700,A,691787
-252.125,-252.1375,19725,A,691787
-252.75,-252.7625,19750,A,691787
-253.375,-253.3875,19775,A,691787
-254,-254.0125,19800,A,691787
-254.625,-254.6375,19825,A,691787
-255.25,-255.2625,19850,A,691787
-255.875,-255.8875,19875,A,691787
-256.5,-256.5125,19900,A,691787
-257.125,-257.1375,19925,A,691787
-257.75,-257.7625,19950,A,691787
-258.375,-258.3875,19975,A,691787
-259,-259.0125,20000,A,691787
1.375,,25,A,761263
1.75,,50,A,761263
5.125,,75,A,761263
7.5,,100,A,761263
7.875,,125,A,761263
13.25,,150,A,761263
14.625,,175,A,761263
19,19.93,200,A,761263
21.375,22.97,225,A,761263
21.75,26.14,250,A,761263
26.125,29.4325,275,A,761263
28.5,32.7725,300,A,761263
34.875,36.1775,325,A,761263
42.25,39.655,350,A,761263
44.625,43,375,A,761263
49,46.135,400,A,761263
51.375,49.065,425,A,761263
53.75,52.1425,450,A,761263
58.125,55.1025,475,A,761263
61.5,57.8425,500,A,761263
64.875,60.3075,525,A,761263
66.25,62.445,550,A,761263
67.625,64.33,575,A,761263
67,66.0175,600,A,761263
70.375,67.72,625,A,761263
70.75,69.315,650,A,761263
71.125,70.645,675,A,761263
71.5,71.7775,700,A,761263
73.875,72.7525,725,A,761263
73.25,73.4975,750,A,761263
73.625,74.2025,775,A,761263
75,74.9925,800,A,761263
78.375,75.7225,825,A,761263
77.75,76.245,850,A,761263
78.125,76.8025,875,A,761263
77.5,77.32,900,A,761263
77.875,77.9125,925,A,761263
78.25,78.4875,950,A,761263
78.625,79.1675,975,A,761263
80,79.82,1000,A,761263
79.375,80.305,1025,A,761263
79.75,80.68,1050,A,761263
79.125,81.0025,1075,A,761263
80.5,81.3425,1100,A,761263
81.875,81.7625,1125,A,761263
84.25,82.2425,1150,A,761263
84.625,82.75,1175,A,761263
85,83.24,1200,A,761263
84.375,83.74,1225,A,761263
83.75,84.2175,1250,A,761263
83.125,84.655,1275,A,761263
84.5,85.04,1300,A,761263
84.875,85.3725,1325,A,761263
87.25,85.76,1350,A,761263
86.625,86.1175,1375,A,761263
88,86.405,1400,A,761263
87.375,86.7675,1425,A,761263
86.75,87.1425,1450,A,761263
86.125,87.5175,1475,A,761263
86.5,87.89,1500,A,761263
86.875,88.225,1525,A,761263
90.25,88.5025,1550,A,761263
89.625,88.69,1575,A,761263
90,88.8125,1600,A,761263
90.375,88.9775,1625,A,761263
89.75,89.2275,1650,A,761263
89.125,89.4775,1675,A,761263
89.5,89.725,1700,A,761263
89.875,89.8825,1725,A,761263
90.25,89.9775,1750,A,761263
89.625,89.9775,1775,A,761263
90,89.955,1800,A,761263
91.375,89.905,1825,A,761263
90.75,89.845,1850,A,761263
90.125,89.845,1875,A,761263
89.5,89.8675,1900,A,761263
89.875,89.8175,1925,A,761263
90.25,89.7425,1950,A,761263
89.625,89.6175,1975,A,761263
90,89.465,2000,A,761263
89.375,89.26,2025,A,761263
89.75,89.1425,2050,A,761263
89.125,89.1425,2075,A,761263
89.5,89.2325,2100,A,761263
88.875,89.3875,2125,A,761263
88.25,89.455,2150,A,761263
87.625,89.5775,2175,A,761263
87,89.7,2200,A,761263
87.375,89.81,2225,A,761263
90.75,89.9325,2250,A,761263
90.125,89.995,2275,A,761263
91.5,90.01,2300,A,761263
91.875,90.01,2325,A,761263
91.25,90.01,2350,A,761263
91.625,90.0725,2375,A,761263
91,90.15,2400,A,761263
91.375,90.2525,2425,A,761263
90.75,90.1825,2450,A,761263
90.125,89.995,2475,A,761263
89.5,89.725,2500,A,761263
88.875,89.45,2525,A,761263
88.25,89.2,2550,A,761263
88.625,88.9075,2575,A,761263
89,88.6575,2600,A,761263
88.375,88.36,2625,A,761263
87.75,88.085,2650,A,761263
87.125,87.8825,2675,A,761263
87.5,87.7575,2700,A,761263
87.875,87.6325,2725,A,761263
87.25,87.5075,2750,A,761263
87.625,87.32,2775,A,761263
87,87.1625,2800,A,761263
86.375,86.975,2825,A,761263
86.75,86.8175,2850,A,761263
88.125,86.755,2875,A,761263
87.5,86.685,2900,A,761263
86.875,86.575,2925,A,761263
86.25,86.45,2950,A,761263
85.625,86.3225,2975,A,761263
86,86.1975,3000,A,761263
85.375,86.0725,3025,A,761263
86.75,85.9425,3050,A,761263
86.125,85.83,3075,A,761263
85.5,85.68,3100,A,761263
85.875,85.555,3125,A,761263
85.25,85.43,3150,A,761263
85.625,85.325,3175,A,761263
85,85.2175,3200,A,761263
84.375,85.0925,3225,A,761263
84.75,84.9775,3250,A,761263
85.125,84.865,3275,A,761263
85.5,84.865,3300,A,761263
84.875,84.83,3325,A,761263
84.25,84.7675,3350,A,761263
84.625,84.69,3375,A,761263
84,84.565,3400,A,761263
83.375,84.455,3425,A,761263
83.75,84.36,3450,A,761263
86.125,84.175,3475,A,761263
85.5,83.99,3500,A,761263
84.875,83.8025,3525,A,761263
84.25,83.6725,3550,A,761263
83.625,83.5275,3575,A,761263
83,83.385,3600,A,761263
83.375,83.26,3625,A,761263
82.75,83.1725,3650,A,761263
82.125,83.0975,3675,A,761263
82.5,82.91,3700,A,761263
81.875,82.7225,3725,A,761263
82.25,82.535,3750,A,761263
81.625,82.3475,3775,A,761263
82,82.16,3800,A,761263
81.375,81.9575,3825,A,761263
83.75,81.7075,3850,A,761263
83.125,81.4575,3875,A,761263
82.5,81.1675,3900,A,761263
81.875,80.9125,3925,A,761263
81.25,80.6375,3950,A,761263
80.625,80.3875,3975,A,761263
80,80.0925,4000,A,761263
79.375,79.78,4025,A,761263
78.75,79.39,4050,A,761263
78.125,78.89,4075,A,761263
77.5,78.39,4100,A,761263
77.875,77.89,4125,A,761263
78.25,77.425,4150,A,761263
77.625,77.0275,4175,A,761263
77,76.6525,4200,A,761263
76.375,76.365,4225,A,761263
75.75,76.115,4250,A,761263
75.125,75.865,4275,A,761263
74.5,75.615,4300,A,761263
73.875,75.3375,4325,A,761263
74.25,75.055,4350,A,761263
74.625,74.7425,4375,A,761263
74,74.4825,4400,A,761263
75.375,74.2325,4425,A,761263
74.75,73.9825,4450,A,761263
74.125,73.7525,4475,A,761263
73.5,73.565,4500,A,761263
73.875,73.3775,4525,A,761263
73.25,73.205,4550,A,761263
72.625,73.01,4575,A,761263
73,72.8225,4600,A,761263
72.375,72.5475,4625,A,761263
71.75,72.2925,4650,A,761263
72.125,72.045,4675,A,761263
71.5,71.8575,4700,A,761263
70.875,71.64,4725,A,761263
71.25,71.4,4750,A,761263
71.625,71.2125,4775,A,761263
71,70.9725,4800,A,761263
70.375,70.7225,4825,A,761263
70.75,70.4725,4850,A,761263
71.125,70.2625,4875,A,761263
70.5,70.0125,4900,A,761263
69.875,69.7625,4925,A,761263
70.25,69.5175,4950,A,761263
69.625,69.2975,4975,A,761263
69,69.0475,5000,A,761263
68.375,68.7975,5025,A,761263
67.75,68.49,5050,A,761263
68.125,68.175,5075,A,761263
67.5,67.8,5100,A,761263
66.875,67.425,5125,A,761263
68.25,67.04,5150,A,761263
67.625,66.6025,5175,A,761263
67,66.2175,5200,A,761263
66.375,65.93,5225,A,761263
65.75,65.8375,5250,A,761263
65.125,65.7975,5275,A,761263
64.5,65.82,5300,A,761263
63.875,65.8825,5325,A,761263
63.25,65.89,5350,A,761263
62.625,65.8275,5375,A,761263
63,65.765,5400,A,761263
64.375,65.715,5425,A,761263
67.75,65.715,5450,A,761263
68.125,65.7625,5475,A,761263
68.5,65.825,5500,A,761263
67.875,65.93,5525,A,761263
67.25,66.055,5550,A,761263
66.625,66.18,5575,A,761263
66,66.2525,5600,A,761263
66.375,66.2275,5625,A,761263
65.75,66.0075,5650,A,761263
66.125,65.675,5675,A,761263
65.5,65.2775,5700,A,761263
65.875,64.84,5725,A,761263
65.25,64.44,5750,A,761263
64.625,64.065,5775,A,761263
64,63.69,5800,A,761263
63.375,63.3025,5825,A,761263
62.75,62.865,5850,A,761263
62.125,62.42,5875,A,761263
61.5,61.9825,5900,A,761263
60.875,61.5025,5925,A,761263
61.25,61.0025,5950,A,761263
60.625,60.5025,5975,A,761263
60,60.06,6000,A,761263
59.375,59.6275,6025,A,761263
58.75,59.2525,6050,A,761263
59.125,58.8775,6075,A,761263
58.5,58.5025,6100,A,761263
57.875,58.1275,6125,A,761263
57.25,57.715,6150,A,761263
56.625,57.2775,6175,A,761263
57,56.84,6200,A,761263
57.375,56.44,6225,A,761263
56.75,56.065,6250,A,761263
56.125,55.65,6275,A,761263
55.5,55.2125,6300,A,761263
54.875,54.775,6325,A,761263
54.25,54.3375,6350,A,761263
53.625,53.905,6375,A,761263
53,53.4725,6400,A,761263
53.375,53.03,6425,A,761263
52.75,52.53,6450,A,761263
52.125,52.03,6475,A,761263
51.5,51.53,6500,A,761263
50.875,51.03,6525,A,761263
50.25,50.53,6550,A,761263
50.625,50.03,6575,A,761263
50,49.53,6600,A,761263
49.375,48.9925,6625,A,761263
48.75,48.43,6650,A,761263
48.125,47.8675,6675,A,761263
47.5,47.365,6700,A,761263
46.875,46.865,6725,A,761263
46.25,46.365,6750,A,761263
45.625,45.86,6775,A,761263
45,45.2975,6800,A,761263
44.375,44.735,6825,A,761263
43.75,44.23,6850,A,761263
43.125,43.7925,6875,A,761263
43.5,43.355,6900,A,761263
42.875,42.9175,6925,A,761263
42.25,42.4825,6950,A,761263
41.625,42.1075,6975,A,761263
41,41.7325,7000,A,761263
40.375,41.3575,7025,A,761263
41.75,40.9825,7050,A,761263
41.125,40.6075,7075,A,761263
40.5,40.1725,7100,A,761263
39.875,39.735,7125,A,761263
40.25,39.2975,7150,A,761263
39.625,38.86,7175,A,761263
39,38.4225,7200,A,761263
38.375,37.985,7225,A,761263
37.75,37.49,7250,A,761263
37.125,36.9275,7275,A,761263
36.5,36.365,7300,A,761263
35.875,35.8025,7325,A,761263
35.25,35.27,7350,A,761263
34.625,34.7075,7375,A,761263
34,34.145,7400,A,761263
33.375,33.5825,7425,A,761263
32.75,33.0725,7450,A,761263
32.125,32.5725,7475,A,761263
31.5,32.0725,7500,A,761263
30.875,31.5725,7525,A,761263
31.25,31.0725,7550,A,761263
30.625,30.5725,7575,A,761263
30,30.0775,7600,A,761263
29.375,29.64,7625,A,761263
29.75,29.2025,7650,A,761263
29.125,28.765,7675,A,761263
28.5,28.3275,7700,A,761263
27.875,27.89,7725,A,761263
27.25,27.42,7750,A,761263
26.625,26.9675,7775,A,761263
27,26.53,7800,A,761263
26.375,26.0925,7825,A,761263
25.75,25.6025,7850,A,761263
25.125,25.1025,7875,A,761263
24.5,24.6025,7900,A,761263
23.875,24.1025,7925,A,761263
23.25,23.6025,7950,A,761263
23.625,23.1025,7975,A,761263
23,22.5975,8000,A,761263
22.375,22.035,8025,A,761263
21.75,21.4725,8050,A,761263
21.125,20.91,8075,A,761263
20.5,20.3475,8100,A,761263
19.875,19.785,8125,A,761263
19.25,19.2225,8150,A,761263
18.625,18.6125,8175,A,761263
18,17.9875,8200,A,761263
17.375,17.3625,8225,A,761263
16.75,16.7375,8250,A,761263
16.125,16.1125,8275,A,761263
15.5,15.4875,8300,A,761263
14.875,14.8625,8325,A,761263
14.25,14.2375,8350,A,761263
13.625,13.6125,8375,A,761263
13,12.9875,8400,A,761263
12.375,12.3625,8425,A,761263
11.75,11.7375,8450,A,761263
11.125,11.1125,8475,A,761263
10.5,10.4875,8500,A,761263
9.87499999999998,9.86249999999998,8525,A,761263
9.24999999999998,9.23749999999998,8550,A,761263
8.62499999999998,8.66749999999998,8575,A,761263
7.99999999999998,8.10499999999998,8600,A,761263
7.37499999999998,7.54249999999998,8625,A,761263
6.74999999999998,6.97999999999998,8650,A,761263
6.12499999999998,6.47749999999998,8675,A,761263
5.49999999999998,5.97749999999998,8700,A,761263
4.87499999999998,5.47749999999998,8725,A,761263
4.24999999999998,4.97749999999998,8750,A,761263
4.62499999999998,4.47749999999998,8775,A,761263
3.99999999999998,3.97749999999998,8800,A,761263
3.37499999999998,3.47749999999998,8825,A,761263
2.74999999999998,2.97749999999998,8850,A,761263
3.12499999999998,2.47749999999998,8875,A,761263
2.49999999999998,1.97749999999998,8900,A,761263
1.87499999999998,1.47749999999998,8925,A,761263
1.24999999999998,0.977499999999983,8950,A,761263
0.624999999999983,0.422499999999983,8975,A,761263
-1.71737624121704e-14,-0.140000000000017,9000,A,761263
-0.625000000000017,-0.702500000000017,9025,A,761263
-1.25000000000002,-1.26500000000002,9050,A,761263
-1.87500000000002,-1.88750000000002,9075,A,761263
-2.50000000000002,-2.50750000000002,9100,A,761263
-3.12500000000002,-3.04500000000002,9125,A,761263
-3.75000000000002,-3.54500000000002,9150,A,761263
-4.37500000000002,-4.04500000000002,9175,A,761263
-5.00000000000002,-4.54500000000002,9200,A,761263
-5.62500000000002,-5.04500000000002,9225,A,761263
-6.25000000000002,-5.54500000000002,9250,A,761263
-6.87500000000002,-6.04500000000002,9275,A,761263
-6.50000000000002,-6.54500000000002,9300,A,761263
-6.12500000000002,-7.04500000000002,9325,A,761263
-6.75000000000002,-7.54500000000002,9350,A,761263
-7.37500000000002,-8.04500000000002,9375,A,761263
-8.00000000000002,-8.54500000000002,9400,A,761263
-8.62500000000002,-9.04500000000002,9425,A,761263
-9.25000000000002,-9.54500000000002,9450,A,761263
-9.87500000000002,-10.045,9475,A,761263
-10.5,-10.55,9500,A,761263
-11.125,-11.1375,9525,A,761263
-11.75,-11.7625,9550,A,761263
-12.375,-12.3875,9575,A,761263
-13,-13.0125,9600,A,761263
-13.625,-13.6375,9625,A,761263
-14.25,-14.2625,9650,A,761263
-14.875,-14.8875,9675,A,761263
-15.5,-15.5125,9700,A,761263
-16.125,-16.1375,9725,A,761263
-16.75,-16.7625,9750,A,761263
-17.375,-17.3875,9775,A,761263
-18,-18.0125,9800,A,761263
-18.625,-18.6375,9825,A,761263
-19.25,-19.2625,9850,A,761263
-19.875,-19.8875,9875,A,761263
-20.5,-20.5125,9900,A,761263
-21.125,-21.1375,9925,A,761263
-21.75,-21.7625,9950,A,761263
-22.375,-22.3875,9975,A,761263
-23,-23.0125,10000,A,761263
-23.625,-23.6375,10025,A,761263
-24.25,-24.2625,10050,A,761263
-24.875,-24.8875,10075,A,761263
-25.5,-25.5125,10100,A,761263
-26.125,-26.1375,10125,A,761263
-26.75,-26.7625,10150,A,761263
-27.375,-27.3875,10175,A,761263
-28,-28.0125,10200,A,761263
-28.625,-28.6375,10225,A,761263
-29.25,-29.2325,10250,A,761263
-29.875,-29.795,10275,A,761263
-30.5,-30.3575,10300,A,761263
-31.125,-30.92,10325,A,761263
-31.75,-31.4825,10350,A,761263
-32.375,-32.045,10375,A,761263
-33,-32.6075,10400,A,761263
-33.625,-33.17,10425,A,761263
-33.25,-33.7325,10450,A,761263
-33.875,-34.295,10475,A,761263
-34.5,-34.8575,10500,A,761263
-35.125,-35.42,10525,A,761263
-35.75,-35.9825,10550,A,761263
-36.375,-36.545,10575,A,761263
-37,-37.1075,10600,A,761263
-37.625,-37.63,10625,A,761263
-38.25,-38.0975,10650,A,761263
-38.875,-38.5975,10675,A,761263
-39.5,-39.0975,10700,A,761263
-40.125,-39.5975,10725,A,761263
-40.75,-40.0975,10750,A,761263
-41.375,-40.5975,10775,A,761263
-42,-41.0975,10800,A,761263
-40.625,-41.5975,10825,A,761263
-41.25,-42.0975,10850,A,761263
-41.875,-42.5975,10875,A,761263
-42.5,-43.0975,10900,A,761263
-43.125,-43.5975,10925,A,761263
-43.75,-44.0975,10950,A,761263
-44.375,-44.5975,10975,A,761263
-45,-45.0975,11000,A,761263
-45.625,-45.6375,11025,A,761263
-46.25,-46.2075,11050,A,761263
-46.875,-46.77,11075,A,761263
-47.5,-47.3325,11100,A,761263
-48.125,-47.895,11125,A,761263
-48.75,-48.4575,11150,A,761263
-49.375,-49.02,11175,A,761263
-50,-49.5825,11200,A,761263
-50.625,-50.145,11225,A,761263
-50.25,-50.7075,11250,A,761263
-50.875,-51.27,11275,A,761263
-51.5,-51.8325,11300,A,761263
-52.125,-52.395,11325,A,761263
-52.75,-52.9575,11350,A,761263
-53.375,-53.52,11375,A,761263
-54,-54.0825,11400,A,761263
-54.625,-54.645,11425,A,761263
-55.25,-55.2625,11450,A,761263
-55.875,-55.8875,11475,A,761263
-56.5,-56.5125,11500,A,761263
-57.125,-57.1375,11525,A,761263
-57.75,-57.7625,11550,A,761263
-58.375,-58.3875,11575,A,761263
-59,-59.0125,11600,A,761263
-59.625,-59.6375,11625,A,761263
-60.25,-60.2625,11650,A,761263
-60.875,-60.8875,11675,A,761263
-61.5,-61.5125,11700,A,761263
-62.125,-62.135,11725,A,761263
-62.75,-62.6975,11750,A,761263
-63.375,-63.26,11775,A,761263
-64,-63.8225,11800,A,761263
-64.625,-64.385,11825,A,761263
-65.25,-64.9475,11850,A,761263
-65.875,-65.51,11875,A,761263
-66.5,-66.0725,11900,A,761263
-66.125,-66.635,11925,A,761263
-66.75,-67.145,11950,A,761263
-67.375,-67.645,11975,A,761263
-68,-68.145,12000,A,761263
-68.625,-68.645,12025,A,761263
-69.25,-69.145,12050,A,761263
-69.875,-69.63,12075,A,761263
-70.5,-70.0675,12100,A,761263
-71.125,-70.5075,12125,A,761263
-70.75,-71.0075,12150,A,761263
-71.375,-71.5075,12175,A,761263
-72,-72.0075,12200,A,761263
-72.625,-72.5075,12225,A,761263
-73.25,-73.0075,12250,A,761263
-72.875,-73.5075,12275,A,761263
-73.5,-74.0075,12300,A,761263
-74.125,-74.5075,12325,A,761263
-74.75,-75.06,12350,A,761263
-75.375,-75.6225,12375,A,761263
-76,-76.185,12400,A,761263
-76.625,-76.7475,12425,A,761263
-77.25,-77.31,12450,A,761263
-77.875,-77.8875,12475,A,761263
-78.5,-78.5125,12500,A,761263
-79.125,-79.1375,12525,A,761263
-79.75,-79.7625,12550,A,761263
-80.375,-80.3875,12575,A,761263
-81,-81.0125,12600,A,761263
-81.625,-81.6375,12625,A,761263
-82.25,-82.2625,12650,A,761263
-82.875,-82.8875,12675,A,761263
-83.5,-83.5125,12700,A,761263
-84.125,-84.1375,12725,A,761263
-84.75,-84.7625,12750,A,761263
-85.375,-85.3875,12775,A,761263
-86,-86.0125,12800,A,761263
-86.625,-86.6375,12825,A,761263
-87.25,-87.2625,12850,A,761263
-87.875,-87.8875,12875,A,761263
-88.5,-88.5125,12900,A,761263
-89.125,-89.1375,12925,A,761263
-89.75,-89.7625,12950,A,761263
-90.375,-90.3875,12975,A,761263
-91,-90.98,13000,A,761263
-91.625,-91.5425,13025,A,761263
-92.25,-92.105,13050,A,761263
-92.875,-92.6675,13075,A,761263
-93.5,-93.23,13100,A,761263
-94.125,-93.7925,13125,A,761263
-94.75,-94.355,13150,A,761263
-95.375,-94.9175,13175,A,761263
-95,-95.48,13200,A,761263
-95.625,-96.0425,13225,A,761263
-96.25,-96.605,13250,A,761263
-96.875,-97.1675,13275,A,761263
-97.5,-97.73,13300,A,761263
-98.125,-98.2925,13325,A,761263
-98.75,-98.845,13350,A,761263
-99.375,-99.345,13375,A,761263
-100,-99.8775,13400,A,761263
-100.625,-100.44,13425,A,761263
-101.25,-101.0025,13450,A,761263
-101.875,-101.565,13475,A,761263
-102.5,-102.1275,13500,A,761263
-103.125,-102.69,13525,A,761263
-102.75,-103.2275,13550,A,761263
-103.375,-103.7275,13575,A,761263
-104,-104.2275,13600,A,761263
-104.625,-104.7275,13625,A,761263
-105.25,-105.2275,13650,A,761263
-105.875,-105.7275,13675,A,761263
-106.5,-106.2275,13700,A,761263
-107.125,-106.7275,13725,A,761263
-106.75,-107.2375,13750,A,761263
-107.375,-107.8,13775,A,761263
-108,-108.3625,13800,A,761263
-108.625,-108.925,13825,A,761263
-109.25,-109.4875,13850,A,761263
-109.875,-110.05,13875,A,761263
-110.5,-110.6125,13900,A,761263
-111.125,-111.175,13925,A,761263
-111.75,-111.7625,13950,A,761263
-112.375,-112.3875,13975,A,761263
-113,-113.0125,14000,A,761263
-113.625,-113.6375,14025,A,761263
-114.25,-114.2625,14050,A,761263
-114.875,-114.8875,14075,A,761263
-115.5,-115.5125,14100,A,761263
-116.125,-116.1375,14125,A,761263
-116.75,-116.7625,14150,A,761263
-117.375,-117.3875,14175,A,761263
-118,-118.0125,14200,A,761263
-118.625,-118.6375,14225,A,761263
-119.25,-119.2625,14250,A,761263
-119.875,-119.8875,14275,A,761263
-120.5,-120.5125,14300,A,761263
-121.125,-121.1375,14325,A,761263
-121.75,-121.7625,14350,A,761263
-122.375,-122.3875,14375,A,761263
-123,-122.9925,14400,A,761263
-123.625,-123.555,14425,A,761263
-124.25,-124.1175,14450,A,761263
-124.875,-124.68,14475,A,761263
-125.5,-125.2425,14500,A,761263
-126.125,-125.805,14525,A,761263
-126.75,-126.3675,14550,A,761263
-127.375,-126.93,14575,A,761263
-127,-127.4925,14600,A,761263
-127.625,-128.055,14625,A,761263
-128.25,-128.6175,14650,A,761263
-128.875,-129.18,14675,A,761263
-129.5,-129.7425,14700,A,761263
-130.125,-130.305,14725,A,761263
-130.75,-130.8675,14750,A,761263
-131.375,-131.43,14775,A,761263
-132,-132.0125,14800,A,761263
-132.625,-132.6375,14825,A,761263
-133.25,-133.2625,14850,A,761263
-133.875,-133.8875,14875,A,761263
-134.5,-134.5125,14900,A,761263
-135.125,-135.1375,14925,A,761263
-135.75,-135.7625,14950,A,761263
-136.375,-136.3875,14975,A,761263
-137,-137.0125,15000,A,761263
-137.625,-137.6375,15025,A,761263
-138.25,-138.2625,15050,A,761263
-138.875,-138.8875,15075,A,761263
-139.5,-139.46,15100,A,761263
-140.125,-140.0225,15125,A,761263
-140.75,-140.585,15150,A,761263
-141.375,-141.1475,15175,A,761263
-142,-141.71,15200,A,761263
-142.625,-142.2725,15225,A,761263
-143.25,-142.835,15250,A,761263
-143.875,-143.3975,15275,A,761263
-143.5,-143.96,15300,A,761263
-144.125,-144.5225,15325,A,761263
-144.75,-145.085,15350,A,761263
-145.375,-145.6475,15375,A,761263
-146,-146.21,15400,A,761263
-146.625,-146.7725,15425,A,761263
-147.25,-147.335,15450,A,761263
-147.875,-147.8975,15475,A,761263
-148.5,-148.5125,15500,A,761263
-149.125,-149.1375,15525,A,761263
-149.75,-149.7625,15550,A,761263
-150.375,-150.3875,15575,A,761263
-151,-151.0125,15600,A,761263
-151.625,-151.6375,15625,A,761263
-152.25,-152.2625,15650,A,761263
-152.875,-152.8875,15675,A,761263
-153.5,-153.5125,15700,A,761263
-154.125,-154.1375,15725,A,761263
-154.75,-154.7625,15750,A,761263
-155.375,-155.3875,15775,A,761263
-156,-156.0125,15800,A,761263
-156.625,-156.6375,15825,A,761263
-157.25,-157.2625,15850,A,761263
-157.875,-157.8875,15875,A,761263
-158.5,-158.5125,15900,A,761263
-159.125,-159.1375,15925,A,761263
-159.75,-159.7625,15950,A,761263
-160.375,-160.3875,15975,A,761263
-161,-161.0125,16000,A,761263
-161.625,-161.6375,16025,A,761263
-162.25,-162.2625,16050,A,761263
-162.875,-162.8875,16075,A,761263
-163.5,-163.5125,16100,A,761263
-164.125,-164.1375,16125,A,761263
-164.75,-164.7625,16150,A,761263
-165.375,-165.3875,16175,A,761263
-166,-166.0125,16200,A,761263
-166.625,-166.6375,16225,A,761263
-167.25,-167.2625,16250,A,761263
-167.875,-167.8875,16275,A,761263
-168.5,-168.5125,16300,A,761263
-169.125,-169.1375,16325,A,761263
-169.75,-169.7625,16350,A,761263
-170.375,-170.3875,16375,A,761263
-171,-171.0125,16400,A,761263
-171.625,-171.6375,16425,A,761263
-172.25,-172.2625,16450,A,761263
-172.875,-172.8875,16475,A,761263
-173.5,-173.5125,16500,A,761263
-174.125,-174.1375,16525,A,761263
-174.75,-174.7625,16550,A,761263
-175.375,-175.3875,16575,A,761263
-176,-176.0125,16600,A,761263
-176.625,-176.6375,16625,A,761263
-177.25,-177.2625,16650,A,761263
-177.875,-177.8875,16675,A,761263
-178.5,-178.5125,16700,A,761263
-179.125,-179.1375,16725,A,761263
-179.75,-179.7625,16750,A,761263
-180.375,-180.3875,16775,A,761263
-181,-181.0125,16800,A,761263
-181.625,-181.6375,16825,A,761263
-182.25,-182.2625,16850,A,761263
-182.875,-182.8875,16875,A,761263
-183.5,-183.5125,16900,A,761263
-184.125,-184.1375,16925,A,761263
-184.75,-184.7625,16950,A,761263
-185.375,-185.3875,16975,A,761263
-186,-186.0125,17000,A,761263
-186.625,-186.6375,17025,A,761263
-187.25,-187.2625,17050,A,761263
-187.875,-187.8875,17075,A,761263
-188.5,-188.5125,17100,A,761263
-189.125,-189.1375,17125,A,761263
-189.75,-189.7625,17150,A,761263
-190.375,-190.3875,17175,A,761263
-191,-191.0125,17200,A,761263
-191.625,-191.62,17225,A,761263
-192.25,-192.1825,17250,A,761263
-192.875,-192.745,17275,A,761263
-193.5,-193.3075,17300,A,761263
-194.125,-193.87,17325,A,761263
-194.75,-194.4325,17350,A,761263
-195.375,-194.995,17375,A,761263
-196,-195.5575,17400,A,761263
-195.625,-196.12,17425,A,761263
-196.25,-196.6825,17450,A,761263
-196.875,-197.245,17475,A,761263
-197.5,-197.8075,17500,A,761263
-198.125,-198.37,17525,A,761263
-198.75,-198.9325,17550,A,761263
-199.375,-199.495,17575,A,761263
-200,-200.0575,17600,A,761263
-200.625,-200.6375,17625,A,761263
-201.25,-201.2625,17650,A,761263
-201.875,-201.8875,17675,A,761263
-202.5,-202.5125,17700,A,761263
-203.125,-203.1375,17725,A,761263
-203.75,-203.7625,17750,A,761263
-204.375,-204.3875,17775,A,761263
-205,-205.0125,17800,A,761263
-205.625,-205.6375,17825,A,761263
-206.25,-206.2625,17850,A,761263
-206.875,-206.8875,17875,A,761263
-207.5,-207.5125,17900,A,761263
-208.125,-208.1375,17925,A,761263
-208.75,-208.7625,17950,A,761263
-209.375,-209.3875,17975,A,761263
-210,-210.0125,18000,A,761263
-210.625,-210.6375,18025,A,761263
-211.25,-211.2625,18050,A,761263
-211.875,-211.8875,18075,A,761263
-212.5,-212.5125,18100,A,761263
-213.125,-213.1375,18125,A,761263
-213.75,-213.7625,18150,A,761263
-214.375,-214.3875,18175,A,761263
-215,-215.0125,18200,A,761263
-215.625,-215.6375,18225,A,761263
-216.25,-216.2625,18250,A,761263
-216.875,-216.8875,18275,A,761263
-217.5,-217.5125,18300,A,761263
-218.125,-218.1375,18325,A,761263
-218.75,-218.7625,18350,A,761263
-219.375,-219.3875,18375,A,761263
-220,-220.0125,18400,A,761263
-220.625,-220.6375,18425,A,761263
-221.25,-221.2625,18450,A,761263
-221.875,-221.8875,18475,A,761263
-222.5,-222.5125,18500,A,761263
-223.125,-223.1375,18525,A,761263
-223.75,-223.7625,18550,A,761263
-224.375,-224.3875,18575,A,761263
-225,-225.0125,18600,A,761263
-225.625,-225.6375,18625,A,761263
-226.25,-226.2625,18650,A,761263
-226.875,-226.8875,18675,A,761263
-227.5,-227.5125,18700,A,761263
-228.125,-228.1375,18725,A,761263
-228.75,-228.7625,18750,A,761263
-229.375,-229.3875,18775,A,761263
-230,-230.0125,18800,A,761263
-230.625,-230.6375,18825,A,761263
-231.25,-231.2625,18850,A,761263
-231.875,-231.8875,18875,A,761263
-232.5,-232.5125,18900,A,761263
-233.125,-233.1375,18925,A,761263
-233.75,-233.7625,18950,A,761263
-234.375,-234.3875,18975,A,761263
-235,-235.0125,19000,A,761263
-235.625,-235.6375,19025,A,761263
-236.25,-236.2625,19050,A,761263
-236.875,-236.8875,19075,A,761263
-237.5,-237.5125,19100,A,761263
-238.125,-238.1375,19125,A,761263
-238.75,-238.7625,19150,A,761263
-239.375,-239.3875,19175,A,761263
-240,-240.0125,19200,A,761263
-240.625,-240.6375,19225,A,761263
-241.25,-241.2625,19250,A,761263
-241.875,-241.8875,19275,A,761263
-242.5,-242.5125,19300,A,761263
-243.125,-243.1375,19325,A,761263
-243.75,-243.7625,19350,A,761263
-244.375,-244.3875,19375,A,761263
-245,-245.0125,19400,A,761263
-245.625,-245.6375,19425,A,761263
-246.25,-246.2625,19450,A,761263
-246.875,-246.8875,19475,A,761263
-247.5,-247.5125,19500,A,761263
-248.125,-248.1375,19525,A,761263
-248.75,-248.7625,19550,A,761263
-249.375,-249.3875,19575,A,761263
-250,-250.0125,19600,A,761263
-250.625,-250.6375,19625,A,761263
-251.25,-251.2625,19650,A,761263
-251.875,-251.8875,19675,A,761263
-252.5,-252.5125,19700,A,761263
-253.125,-253.1375,19725,A,761263
-253.75,-253.7625,19750,A,761263
-254.375,-254.3875,19775,A,761263
-255,-255.0125,19800,A,761263
-255.625,-255.6375,19825,A,761263
-256.25,-256.2625,19850,A,761263
-256.875,-256.8875,19875,A,761263
-257.5,-257.5125,19900,A,761263
-258.125,-258.1375,19925,A,761263
-258.75,-258.7625,19950,A,761263
-259.375,-259.3875,19975,A,761263
-260,-260.0125,20000,A,761263
2.375,,25,A,778567
2.75,,50,A,778567
9.125,,75,A,778567
14.5,,100,A,778567
17.875,,125,A,778567
18.25,,150,A,778567
22.625,,175,A,778567
22,24.4875,200,A,778567
26.375,27.2775,225,A,778567
32.75,30.165,250,A,778567
35.125,32.905,275,A,778567
37.5,35.3375,300,A,778567
40.875,37.6075,325,A,778567
42.25,39.94,350,A,778567
44.625,42.235,375,A,778567
44,44.4825,400,A,778567
48.375,46.79,425,A,778567
48.75,49.035,450,A,778567
51.125,51.33,475,A,778567
50.5,53.575,500,A,778567
54.875,55.735,525,A,778567
56.25,57.79,550,A,778567
57.625,59.7425,575,A,778567
60,61.6325,600,A,778567
63.375,63.5175,625,A,778567
68.75,65.25,650,A,778567
71.125,66.89,675,A,778567
72.5,68.5025,700,A,778567
74.875,69.9725,725,A,778567
75.25,71.3125,750,A,778567
74.625,72.645,775,A,778567
75,73.8825,800,A,778567
76.375,75.1375,825,A,778567
75.75,76.2075,850,A,778567
76.125,76.955,875,A,778567
76.5,77.66,900,A,778567
76.875,78.2975,925,A,778567
78.25,78.905,950,A,778567
77.625,79.53,975,A,778567
80,80.1725,1000,A,778567
82.375,80.82,1025,A,778567
82.75,81.5075,1050,A,778567
82.125,82.2725,1075,A,778567
83.5,83.06,1100,A,778567
83.875,83.825,1125,A,778567
85.25,84.6075,1150,A,778567
84.625,85.4025,1175,A,778567
85,86.185,1200,A,778567
86.375,86.7725,1225,A,778567
88.75,87.2225,1250,A,778567
89.125,87.66,1275,A,778567
89.5,88.0375,1300,A,778567
89.875,88.4575,1325,A,778567
90.25,88.8425,1350,A,778567
90.625,89.2475,1375,A,778567
91,89.715,1400,A,778567
90.375,90.045,1425,A,778567
89.75,90.315,1450,A,778567
89.125,90.5975,1475,A,778567
90.5,90.8225,1500,A,778567
90.875,91.055,1525,A,778567
90.25,91.225,1550,A,778567
92.625,91.305,1575,A,778567
92,91.35,1600,A,778567
91.375,91.355,1625,A,778567
91.75,91.44,1650,A,778567
93.125,91.595,1675,A,778567
92.5,91.7425,1700,A,778567
92.875,91.8025,1725,A,778567
92.25,91.9125,1750,A,778567
91.625,92.0075,1775,A,778567
91,92.0175,1800,A,778567
91.375,92.08,1825,A,778567
91.75,92.185,1850,A,778567
92.125,92.15,1875,A,778567
91.5,92.165,1900,A,778567
90.875,92.18,1925,A,778567
93.25,92.18,1950,A,778567
92.625,92.18,1975,A,778567
93,92.18,2000,A,778567
92.375,92.2325,2025,A,778567
92.75,92.2625,2050,A,778567
92.125,92.3625,2075,A,778567
93.5,92.555,2100,A,778567
92.875,92.805,2125,A,778567
92.25,92.945,2150,A,778567
91.625,93.045,2175,A,778567
91,93.16,2200,A,778567
91.375,93.2225,2225,A,778567
93.75,93.2625,2250,A,778567
94.125,93.325,2275,A,778567
95.5,93.325,2300,A,778567
94.875,93.325,2325,A,778567
94.25,93.325,2350,A,778567
94.625,93.415,2375,A,778567
94,93.7075,2400,A,778567
93.375,93.9625,2425,A,778567
93.75,94.16,2450,A,778567
93.125,94.2225,2475,A,778567
93.5,94.2175,2500,A,778567
92.875,94.1875,2525,A,778567
92.25,94.1875,2550,A,778567
94.625,94.15,2575,A,778567
96,94.1,2600,A,778567
95.375,94.1,2625,A,778567
94.75,94.06,2650,A,778567
95.125,93.9975,2675,A,778567
94.5,93.92,2700,A,778567
94.875,93.85,2725,A,778567
94.25,93.7925,2750,A,778567
93.625,93.7175,2775,A,778567
94,93.4875,2800,A,778567
93.375,93.2375,2825,A,778567
92.75,92.9875,2850,A,778567
92.125,92.8125,2875,A,778567
91.5,92.625,2900,A,778567
91.875,92.405,2925,A,778567
92.25,92.2125,2950,A,778567
92.625,92.025,2975,A,778567
92,91.825,3000,A,778567
91.375,91.575,3025,A,778567
90.75,91.355,3050,A,778567
92.125,91.1675,3075,A,778567
91.5,90.98,3100,A,778567
90.875,90.7375,3125,A,778567
91.25,90.4825,3150,A,778567
90.625,90.155,3175,A,778567
90,89.78,3200,A,778567
89.375,89.405,3225,A,778567
89.75,89.03,3250,A,778567
89.125,88.575,3275,A,778567
88.5,88.075,3300,A,778567
87.875,87.575,3325,A,778567
87.25,87.0375,3350,A,778567
86.625,86.6025,3375,A,778567
86,86.2275,3400,A,778567
85.375,85.8525,3425,A,778567
84.75,85.475,3450,A,778567
84.125,85.1625,3475,A,778567
83.5,84.85,3500,A,778567
82.875,84.595,3525,A,778567
84.25,84.345,3550,A,778567
84.625,84.095,3575,A,778567
84,83.845,3600,A,778567
83.375,83.595,3625,A,778567
84.75,83.395,3650,A,778567
84.125,83.2075,3675,A,778567
83.5,83.07,3700,A,778567
83.875,82.945,3725,A,778567
83.25,82.8,3750,A,778567
82.625,82.5475,3775,A,778567
82,82.2525,3800,A,778567
81.375,82.06,3825,A,778567
81.75,81.9075,3850,A,778567
81.125,81.6575,3875,A,778567
81.5,81.4075,3900,A,778567
80.875,81.1,3925,A,778567
80.25,80.7875,3950,A,778567
79.625,80.475,3975,A,778567
80,80.1625,4000,A,778567
81.375,79.8725,4025,A,778567
80.75,79.5725,4050,A,778567
80.125,79.335,4075,A,778567
79.5,79.0975,4100,A,778567
78.875,78.8475,4125,A,778567
78.25,78.5975,4150,A,778567
77.625,78.3475,4175,A,778567
77,78.08,4200,A,778567
77.375,77.71,4225,A,778567
76.75,77.2725,4250,A,778567
78.125,76.835,4275,A,778567
77.5,76.3975,4300,A,778567
76.875,75.96,4325,A,778567
76.25,75.5225,4350,A,778567
75.625,75.085,4375,A,778567
75,74.6475,4400,A,778567
74.375,74.1875,4425,A,778567
73.75,73.6875,4450,A,778567
73.125,73.125,4475,A,778567
72.5,72.6375,4500,A,778567
71.875,72.2,4525,A,778567
71.25,71.7625,4550,A,778567
70.625,71.325,4575,A,778567
70,70.8925,4600,A,778567
69.375,70.5675,4625,A,778567
68.75,70.255,4650,A,778567
69.125,69.9425,4675,A,778567
70.5,69.65,4700,A,778567
69.875,69.4,4725,A,778567
69.25,69.1675,4750,A,778567
68.625,68.98,4775,A,778567
69,68.7925,4800,A,778567
69.375,68.64,4825,A,778567
68.75,68.515,4850,A,778567
68.125,68.4,4875,A,778567
68.5,68.26,4900,A,778567
67.875,68.135,4925,A,778567
68.25,68.01,4950,A,778567
67.625,67.885,4975,A,778567
67,67.755,5000,A,778567
67.375,67.5275,5025,A,778567
66.75,67.34,5050,A,778567
67.125,67.1525,5075,A,778567
68.5,66.945,5100,A,778567
67.875,66.695,5125,A,778567
67.25,66.4275,5150,A,778567
66.625,66.13,5175,A,778567
66,65.88,5200,A,778567
66.375,65.595,5225,A,778567
65.75,65.3025,5250,A,778567
65.125,65.03,5275,A,778567
64.5,64.6575,5300,A,778567
63.875,64.22,5325,A,778567
63.25,63.7825,5350,A,778567
63.625,63.3725,5375,A,778567
63,62.9975,5400,A,778567
62.375,62.6125,5425,A,778567
62.75,62.2,5450,A,778567
62.125,61.825,5475,A,778567
61.5,61.5125,5500,A,778567
60.875,61.2,5525,A,778567
60.25,60.8875,5550,A,778567
60.625,60.56,5575,A,778567
60,60.185,5600,A,778567
59.375,59.855,5625,A,778567
59.75,59.5475,5650,A,778567
59.125,59.245,5675,A,778567
59.5,58.995,5700,A,778567
58.875,58.745,5725,A,778567
58.25,58.545,5750,A,778567
57.625,58.3925,5775,A,778567
57,58.205,5800,A,778567
57.375,58.0175,5825,A,778567
57.75,57.805,5850,A,778567
58.125,57.5575,5875,A,778567
57.5,57.3075,5900,A,778567
56.875,57.105,5925,A,778567
57.25,56.9175,5950,A,778567
57.625,56.73,5975,A,778567
57,56.5425,6000,A,778567
56.375,56.31,6025,A,778567
55.75,56.0725,6050,A,778567
56.125,55.8125,6075,A,778567
55.5,55.5,6100,A,778567
55.875,55.2,6125,A,778567
55.25,54.9,6150,A,778567
54.625,54.525,6175,A,778567
54,54.16,6200,A,778567
53.375,53.8475,6225,A,778567
53.75,53.575,6250,A,778567
53.125,53.3225,6275,A,778567
52.5,53.01,6300,A,778567
52.875,52.65,6325,A,778567
52.25,52.275,6350,A,778567
51.625,51.9,6375,A,778567
52,51.525,6400,A,778567
51.375,51.15,6425,A,778567
51.75,50.7375,6450,A,778567
51.125,50.3,6475,A,778567
50.5,49.8625,6500,A,778567
49.875,49.4125,6525,A,778567
49.25,48.93,6550,A,778567
48.625,48.4925,6575,A,778567
48,48.1075,6600,A,778567
47.375,47.67,6625,A,778567
46.75,47.1925,6650,A,778567
46.125,46.6925,6675,A,778567
45.5,46.1925,6700,A,778567
44.875,45.6925,6725,A,778567
45.25,45.215,6750,A,778567
44.625,44.7775,6775,A,778567
45,44.34,6800,A,778567
44.375,43.9025,6825,A,778567
43.75,43.465,6850,A,778567
43.125,43.08,6875,A,778567
42.5,42.705,6900,A,778567
41.875,42.33,6925,A,778567
42.25,41.9375,6950,A,778567
41.625,41.5,6975,A,778567
41,41,7000,A,778567
40.375,40.5,7025,A,778567
39.75,40,7050,A,778567
40.125,39.5,7075,A,778567
39.5,39,7100,A,778567
38.875,38.5425,7125,A,778567
38.25,38.0825,7150,A,778567
37.625,37.5825,7175,A,778567
37,37.1275,7200,A,778567
36.375,36.69,7225,A,778567
35.75,36.2525,7250,A,778567
35.125,35.7625,7275,A,778567
34.5,35.2625,7300,A,778567
34.875,34.7625,7325,A,778567
34.25,34.295,7350,A,778567
33.625,33.8575,7375,A,778567
34,33.42,7400,A,778567
33.375,32.9825,7425,A,778567
32.75,32.545,7450,A,778567
32.125,32.1075,7475,A,778567
31.5,31.705,7500,A,778567
30.875,31.2875,7525,A,778567
31.25,30.85,7550,A,778567
30.625,30.4125,7575,A,778567
30,29.93,7600,A,778567
29.375,29.43,7625,A,778567
28.75,28.93,7650,A,778567
28.125,28.43,7675,A,778567
28.5,27.97,7700,A,778567
27.875,27.57,7725,A,778567
27.25,27.1625,7750,A,778567
26.625,26.725,7775,A,778567
26,26.2875,7800,A,778567
25.375,25.85,7825,A,778567
24.75,25.4125,7850,A,778567
24.125,24.975,7875,A,778567
24.5,24.5025,7900,A,778567
24.875,24.0025,7925,A,778567
24.25,23.5025,7950,A,778567
23.625,23.0025,7975,A,778567
23,22.5025,8000,A,778567
22.375,22.0175,8025,A,778567
21.75,21.58,8050,A,778567
21.125,21.1425,8075,A,778567
20.5,20.665,8100,A,778567
19.875,20.1275,8125,A,778567
19.25,19.565,8150,A,778567
18.625,19.0025,8175,A,778567
18,18.44,8200,A,778567
18.375,17.8775,8225,A,778567
17.75,17.315,8250,A,778567
17.125,16.7525,8275,A,778567
16.5,16.19,8300,A,778567
15.875,15.6275,8325,A,778567
15.25,15.065,8350,A,778567
14.625,14.5025,8375,A,778567
14,13.94,8400,A,778567
13.375,13.3625,8425,A,778567
12.75,12.7375,8450,A,778567
12.125,12.1125,8475,A,778567
11.5,11.4875,8500,A,778567
10.875,10.8625,8525,A,778567
10.25,10.2375,8550,A,778567
9.62499999999998,9.61249999999998,8575,A,778567
8.99999999999998,9.04749999999998,8600,A,778567
8.37499999999998,8.48499999999998,8625,A,778567
7.74999999999998,7.92249999999998,8650,A,778567
7.12499999999998,7.40499999999998,8675,A,778567
6.49999999999998,6.90499999999998,8700,A,778567
5.87499999999998,6.40499999999998,8725,A,778567
5.24999999999998,5.90499999999998,8750,A,778567
4.62499999999998,5.40499999999998,8775,A,778567
4.99999999999998,4.90499999999998,8800,A,778567
4.37499999999998,4.40499999999998,8825,A,778567
3.74999999999998,3.90499999999998,8850,A,778567
4.12499999999998,3.44249999999998,8875,A,778567
3.49999999999998,3.00499999999998,8900,A,778567
2.87499999999998,2.56749999999998,8925,A,778567
2.24999999999998,2.12999999999998,8950,A,778567
1.62499999999998,1.69249999999998,8975,A,778567
0.999999999999983,1.19499999999998,9000,A,778567
0.374999999999983,0.694999999999983,9025,A,778567
-0.250000000000017,0.194999999999983,9050,A,778567
0.124999999999983,-0.350000000000017,9075,A,778567
-0.500000000000017,-0.912500000000017,9100,A,778567
-1.12500000000002,-1.47500000000002,9125,A,778567
-1.75000000000002,-2.03750000000002,9150,A,778567
-2.37500000000002,-2.60000000000002,9175,A,778567
-3.00000000000002,-3.16250000000002,9200,A,778567
-3.62500000000002,-3.72500000000002,9225,A,778567
-4.25000000000002,-4.28750000000002,9250,A,778567
-4.87500000000002,-4.88750000000002,9275,A,778567
-5.50000000000002,-5.51250000000002,9300,A,778567
-6.12500000000002,-6.13750000000002,9325,A,778567
-6.75000000000002,-6.76250000000002,9350,A,778567
-7.37500000000002,-7.38750000000002,9375,A,778567
-8.00000000000002,-8.01250000000002,9400,A,778567
-8.62500000000002,-8.63750000000002,9425,A,778567
-9.25000000000002,-9.26250000000002,9450,A,778567
-9.87500000000002,-9.88750000000002,9475,A,778567
-10.5,-10.5125,9500,A,778567
-11.125,-11.1375,9525,A,778567
-11.75,-11.7625,9550,A,778567
-12.375,-12.3875,9575,A,778567
-13,-12.97,9600,A,778567
-13.625,-13.5325,9625,A,778567
-14.25,-14.095,9650,A,778567
-14.875,-14.6575,9675,A,778567
-15.5,-15.22,9700,A,778567
-16.125,-15.7375,9725,A,778567
-16.75,-16.2375,9750,A,778567
-17.375,-16.7375,9775,A,778567
-17,-17.2375,9800,A,778567
-17.625,-17.7375,9825,A,778567
-18.25,-18.2375,9850,A,778567
-18.875,-18.7375,9875,A,778567
-19.5,-19.2375,9900,A,778567
-19.125,-19.7075,9925,A,778567
-19.75,-20.145,9950,A,778567
-20.375,-20.5825,9975,A,778567
-21,-21.0625,10000,A,778567
-21.625,-21.5625,10025,A,778567
-22.25,-22.0625,10050,A,778567
-22.875,-22.5625,10075,A,778567
-23.5,-23.0625,10100,A,778567
-23.125,-23.6075,10125,A,778567
-23.75,-24.17,10150,A,778567
-24.375,-24.7325,10175,A,778567
-25,-25.295,10200,A,778567
-25.625,-25.8575,10225,A,778567
-26.25,-26.42,10250,A,778567
-26.875,-26.9825,10275,A,778567
-27.5,-27.545,10300,A,778567
-28.125,-28.1375,10325,A,778567
-28.75,-28.7625,10350,A,778567
-29.375,-29.3875,10375,A,778567
-30,-30.0125,10400,A,778567
-30.625,-30.6375,10425,A,778567
-31.25,-31.2625,10450,A,778567
-31.875,-31.8875,10475,A,778567
-32.5,-32.5125,10500,A,778567
-33.125,-33.1375,10525,A,778567
-33.75,-33.7625,10550,A,778567
-34.375,-34.3875,10575,A,778567
-35,-35.0125,10600,A,778567
-35.625,-35.6375,10625,A,778567
-36.25,-36.2625,10650,A,778567
-36.875,-36.8875,10675,A,778567
-37.5,-37.5125,10700,A,778567
-38.125,-38.1375,10725,A,778567
-38.75,-38.7625,10750,A,778567
-39.375,-39.3875,10775,A,778567
-40,-40.0125,10800,A,778567
-40.625,-40.6375,10825,A,778567
-41.25,-41.2625,10850,A,778567
-41.875,-41.8875,10875,A,778567
-42.5,-42.5125,10900,A,778567
-43.125,-43.1375,10925,A,778567
-43.75,-43.7625,10950,A,778567
-44.375,-44.3875,10975,A,778567
-45,-45.0125,11000,A,778567
-45.625,-45.6375,11025,A,778567
-46.25,-46.2625,11050,A,778567
-46.875,-46.8275,11075,A,778567
-47.5,-47.3275,11100,A,778567
-48.125,-47.8275,11125,A,778567
-48.75,-48.3275,11150,A,778567
-49.375,-48.8275,11175,A,778567
-50,-49.3275,11200,A,778567
-50.625,-49.8275,11225,A,778567
-51.25,-50.3275,11250,A,778567
-49.875,-50.8275,11275,A,778567
-50.5,-51.3275,11300,A,778567
-51.125,-51.8275,11325,A,778567
-51.75,-52.3275,11350,A,778567
-52.375,-52.8275,11375,A,778567
-53,-53.3275,11400,A,778567
-53.625,-53.8275,11425,A,778567
-54.25,-54.3275,11450,A,778567
-54.875,-54.8875,11475,A,778567
-55.5,-55.5125,11500,A,778567
-56.125,-56.1375,11525,A,778567
-56.75,-56.7625,11550,A,778567
-57.375,-57.3875,11575,A,778567
-58,-58.0125,11600,A,778567
-58.625,-58.6375,11625,A,778567
-59.25,-59.2625,11650,A,778567
-59.875,-59.8875,11675,A,778567
-60.5,-60.4975,11700,A,778567
-61.125,-61.06,11725,A,778567
-61.75,-61.6225,11750,A,778567
-62.375,-62.185,11775,A,778567
-63,-62.7475,11800,A,778567
-63.625,-63.31,11825,A,778567
-64.25,-63.8725,11850,A,778567
-64.875,-64.435,11875,A,778567
-64.5,-64.9975,11900,A,778567
-65.125,-65.56,11925,A,778567
-65.75,-66.1225,11950,A,778567
-66.375,-66.685,11975,A,778567
-67,-67.22,12000,A,778567
-67.625,-67.72,12025,A,778567
-68.25,-68.22,12050,A,778567
-68.875,-68.72,12075,A,778567
-69.5,-69.235,12100,A,778567
-70.125,-69.7975,12125,A,778567
-70.75,-70.36,12150,A,778567
-71.375,-70.9225,12175,A,778567
-71,-71.485,12200,A,778567
-71.625,-72.0475,12225,A,778567
-72.25,-72.61,12250,A,778567
-72.875,-73.1725,12275,A,778567
-73.5,-73.735,12300,A,778567
-74.125,-74.2975,12325,A,778567
-74.75,-74.86,12350,A,778567
-75.375,-75.4225,12375,A,778567
-76,-76.0125,12400,A,778567
-76.625,-76.6375,12425,A,778567
-77.25,-77.2625,12450,A,778567
-77.875,-77.8875,12475,A,778567
-78.5,-78.5125,12500,A,778567
-79.125,-79.1375,12525,A,778567
-79.75,-79.7625,12550,A,778567
-80.375,-80.3875,12575,A,778567
-81,-81.0125,12600,A,778567
-81.625,-81.6375,12625,A,778567
-82.25,-82.2625,12650,A,778567
-82.875,-82.8875,12675,A,778567
-83.5,-83.5125,12700,A,778567
-84.125,-84.1375,12725,A,778567
-84.75,-84.7625,12750,A,778567
-85.375,-85.3875,12775,A,778567
-86,-86.0125,12800,A,778567
-86.625,-86.6375,12825,A,778567
-87.25,-87.2625,12850,A,778567
-87.875,-87.8875,12875,A,778567
-88.5,-88.5125,12900,A,778567
-89.125,-89.1375,12925,A,778567
-89.75,-89.7625,12950,A,778567
-90.375,-90.3875,12975,A,778567
-91,-91.0125,13000,A,778567
-91.625,-91.6375,13025,A,778567
-92.25,-92.2625,13050,A,778567
-92.875,-92.8875,13075,A,778567
-93.5,-93.5125,13100,A,778567
-94.125,-94.1375,13125,A,778567
-94.75,-94.7625,13150,A,778567
-95.375,-95.3875,13175,A,778567
-96,-96.0125,13200,A,778567
-96.625,-96.6375,13225,A,778567
-97.25,-97.2625,13250,A,778567
-97.875,-97.8875,13275,A,778567
-98.5,-98.5125,13300,A,778567
-99.125,-99.1375,13325,A,778567
-99.75,-99.7625,13350,A,778567
-100.375,-100.3875,13375,A,778567
-101,-101.0125,13400,A,778567
-101.625,-101.6375,13425,A,778567
-102.25,-102.2625,13450,A,778567
-102.875,-102.8875,13475,A,778567
-103.5,-103.5125,13500,A,778567
-104.125,-104.1375,13525,A,778567
-104.75,-104.7625,13550,A,778567
-105.375,-105.3875,13575,A,778567
-106,-106.0125,13600,A,778567
-106.625,-106.6375,13625,A,778567
-107.25,-107.2625,13650,A,778567
-107.875,-107.8875,13675,A,778567
-108.5,-108.5125,13700,A,778567
-109.125,-109.1375,13725,A,778567
-109.75,-109.7625,13750,A,778567
-110.375,-110.3875,13775,A,778567
-111,-111.0125,13800,A,778567
-111.625,-111.6375,13825,A,778567
-112.25,-112.2625,13850,A,778567
-112.875,-112.8875,13875,A,778567
-113.5,-113.5125,13900,A,778567
-114.125,-114.1375,13925,A,778567
-114.75,-114.7625,13950,A,778567
-115.375,-115.3875,13975,A,778567
-116,-116.0125,14000,A,778567
-116.625,-116.6375,14025,A,778567
-117.25,-117.2625,14050,A,778567
-117.875,-117.8875,14075,A,778567
-118.5,-118.5125,14100,A,778567
-119.125,-119.1375,14125,A,778567
-119.75,-119.7625,14150,A,778567
-120.375,-120.3875,14175,A,778567
-121,-121.0125,14200,A,778567
-121.625,-121.6375,14225,A,778567
-122.25,-122.2625,14250,A,778567
-122.875,-122.8875,14275,A,778567
-123.5,-123.5125,14300,A,778567
-124.125,-124.1375,14325,A,778567
-124.75,-124.7625,14350,A,778567
-125.375,-125.3825,14375,A,778567
-126,-125.945,14400,A,778567
-126.625,-126.5075,14425,A,778567
-127.25,-127.07,14450,A,778567
-127.875,-127.6325,14475,A,778567
-128.5,-128.195,14500,A,778567
-129.125,-128.7575,14525,A,778567
-129.75,-129.32,14550,A,778567
-129.375,-129.8825,14575,A,778567
-130,-130.445,14600,A,778567
-130.625,-131.0075,14625,A,778567
-131.25,-131.57,14650,A,778567
-131.875,-132.1325,14675,A,778567
-132.5,-132.695,14700,A,778567
-133.125,-133.2575,14725,A,778567
-133.75,-133.82,14750,A,778567
-134.375,-134.3875,14775,A,778567
-135,-135.0125,14800,A,778567
-135.625,-135.6375,14825,A,778567
-136.25,-136.2625,14850,A,778567
-136.875,-136.8875,14875,A,778567
-137.5,-137.5125,14900,A,778567
-138.125,-138.1375,14925,A,778567
-138.75,-138.7625,14950,A,778567
-139.375,-139.3875,14975,A,778567
-140,-139.98,15000,A,778567
-140.625,-140.5425,15025,A,778567
-141.25,-141.105,15050,A,778567
-141.875,-141.6675,15075,A,778567
-142.5,-142.23,15100,A,778567
-143.125,-142.7925,15125,A,778567
-143.75,-143.355,15150,A,778567
-144.375,-143.9175,15175,A,778567
-144,-144.48,15200,A,778567
-144.625,-145.0425,15225,A,778567
-145.25,-145.605,15250,A,778567
-145.875,-146.1675,15275,A,778567
-146.5,-146.73,15300,A,778567
-147.125,-147.2925,15325,A,778567
-147.75,-147.855,15350,A,778567
-148.375,-148.4175,15375,A,778567
-149,-149.0125,15400,A,778567
-149.625,-149.6375,15425,A,778567
-150.25,-150.2625,15450,A,778567
-150.875,-150.8875,15475,A,778567
-151.5,-151.5125,15500,A,778567
-152.125,-152.1375,15525,A,778567
-152.75,-152.71,15550,A,778567
-153.375,-153.2725,15575,A,778567
-154,-153.835,15600,A,778567
-154.625,-154.3975,15625,A,778567
-155.25,-154.96,15650,A,778567
-155.875,-155.5225,15675,A,778567
-156.5,-156.085,15700,A,778567
-157.125,-156.6475,15725,A,778567
-156.75,-157.21,15750,A,778567
-157.375,-157.7725,15775,A,778567
-158,-158.335,15800,A,778567
-158.625,-158.8975,15825,A,778567
-159.25,-159.46,15850,A,778567
-159.875,-160.0225,15875,A,778567
-160.5,-160.585,15900,A,778567
-161.125,-161.1475,15925,A,778567
-161.75,-161.7625,15950,A,778567
-162.375,-162.3875,15975,A,778567
-163,-163.0125,16000,A,778567
-163.625,-163.6375,16025,A,778567
-164.25,-164.2625,16050,A,778567
-164.875,-164.8875,16075,A,778567
-165.5,-165.5125,16100,A,778567
-166.125,-166.1375,16125,A,778567
-166.75,-166.7625,16150,A,778567
-167.375,-167.3875,16175,A,778567
-168,-168.0125,16200,A,778567
-168.625,-168.6375,16225,A,778567
-169.25,-169.2625,16250,A,778567
-169.875,-169.8875,16275,A,778567
-170.5,-170.5125,16300,A,778567
-171.125,-171.1375,16325,A,778567
-171.75,-171.7625,16350,A,778567
-172.375,-172.3875,16375,A,778567
-173,-172.9725,16400,A,778567
-173.625,-173.535,16425,A,778567
-174.25,-174.0975,16450,A,778567
-174.875,-174.66,16475,A,778567
-175.5,-175.2225,16500,A,778567
-176.125,-175.785,16525,A,778567
-176.75,-176.3475,16550,A,778567
-177.375,-176.91,16575,A,778567
-177,-177.4725,16600,A,778567
-177.625,-178.035,16625,A,778567
-178.25,-178.5975,16650,A,778567
-178.875,-179.16,16675,A,778567
-179.5,-179.7225,16700,A,778567
-180.125,-180.285,16725,A,778567
-180.75,-180.8475,16750,A,778567
-181.375,-181.41,16775,A,778567
-182,-182.0125,16800,A,778567
-182.625,-182.6375,16825,A,778567
-183.25,-183.2625,16850,A,778567
-183.875,-183.8875,16875,A,778567
-184.5,-184.5125,16900,A,778567
-185.125,-185.1375,16925,A,778567
-185.75,-185.7625,16950,A,778567
-186.375,-186.3875,16975,A,778567
-187,-187.0125,17000,A,778567
-187.625,-187.6375,17025,A,778567
-188.25,-188.2625,17050,A,778567
-188.875,-188.8875,17075,A,778567
-189.5,-189.5125,17100,A,778567
-190.125,-190.1375,17125,A,778567
-190.75,-190.715,17150,A,778567
-191.375,-191.2775,17175,A,778567
-192,-191.84,17200,A,778567
-192.625,-192.4025,17225,A,778567
-193.25,-192.965,17250,A,778567
-193.875,-193.5275,17275,A,778567
-194.5,-194.09,17300,A,778567
-195.125,-194.6525,17325,A,778567
-194.75,-195.1925,17350,A,778567
-195.375,-195.6925,17375,A,778567
-196,-196.1925,17400,A,778567
-196.625,-196.6925,17425,A,778567
-197.25,-197.1925,17450,A,778567
-197.875,-197.6925,17475,A,778567
-198.5,-198.1925,17500,A,778567
-199.125,-198.6925,17525,A,778567
-198.75,-199.24,17550,A,778567
-199.375,-199.8025,17575,A,778567
-200,-200.365,17600,A,778567
-200.625,-200.9275,17625,A,778567
-201.25,-201.49,17650,A,778567
-201.875,-202.0525,17675,A,778567
-202.5,-202.615,17700,A,778567
-203.125,-203.1775,17725,A,778567
-203.75,-203.7625,17750,A,778567
-204.375,-204.3875,17775,A,778567
-205,-205.0125,17800,A,778567
-205.625,-205.6375,17825,A,778567
-206.25,-206.2625,17850,A,778567
-206.875,-206.8875,17875,A,778567
-207.5,-207.5125,17900,A,778567
-208.125,-208.1375,17925,A,778567
-208.75,-208.7625,17950,A,778567
-209.375,-209.3875,17975,A,778567
-210,-210.0125,18000,A,778567
-210.625,-210.6375,18025,A,778567
-211.25,-211.2625,18050,A,778567
-211.875,-211.8875,18075,A,778567
-212.5,-212.5125,18100,A,778567
-213.125,-213.1375,18125,A,778567
-213.75,-213.7625,18150,A,778567
-214.375,-214.3875,18175,A,778567
-215,-215.0125,18200,A,778567
-215.625,-215.6375,18225,A,778567
-216.25,-216.2625,18250,A,778567
-216.875,-216.8875,18275,A,778567
-217.5,-217.5125,18300,A,778567
-218.125,-218.1375,18325,A,778567
-218.75,-218.7625,18350,A,778567
-219.375,-219.3875,18375,A,778567
-220,-220.0125,18400,A,778567
-220.625,-220.6375,18425,A,778567
-221.25,-221.2625,18450,A,778567
-221.875,-221.8875,18475,A,778567
-222.5,-222.46,18500,A,778567
-223.125,-223.0225,18525,A,778567
-223.75,-223.585,18550,A,778567
-224.375,-224.1475,18575,A,778567
-225,-224.71,18600,A,778567
-225.625,-225.2725,18625,A,778567
-226.25,-225.835,18650,A,778567
-226.875,-226.3975,18675,A,778567
-226.5,-226.96,18700,A,778567
-227.125,-227.5225,18725,A,778567
-227.75,-228.085,18750,A,778567
-228.375,-228.6475,18775,A,778567
-229,-229.21,18800,A,778567
-229.625,-229.7725,18825,A,778567
-230.25,-230.335,18850,A,778567
-230.875,-230.8975,18875,A,778567
-231.5,-231.5125,18900,A,778567
-232.125,-232.1375,18925,A,778567
-232.75,-232.7625,18950,A,778567
-233.375,-233.3875,18975,A,778567
-234,-234.0125,19000,A,778567
-234.625,-234.6375,19025,A,778567
-235.25,-235.2625,19050,A,778567
-235.875,-235.8875,19075,A,778567
-236.5,-236.5125,19100,A,778567
-237.125,-237.1375,19125,A,778567
-237.75,-237.7625,19150,A,778567
-238.375,-238.3875,19175,A,778567
-239,-239.0125,19200,A,778567
-239.625,-239.6375,19225,A,778567
-240.25,-240.2625,19250,A,778567
-240.875,-240.8875,19275,A,778567
-241.5,-241.5125,19300,A,778567
-242.125,-242.1375,19325,A,778567
-242.75,-242.7625,19350,A,778567
-243.375,-243.3875,19375,A,778567
-244,-244.0125,19400,A,778567
-244.625,-244.6375,19425,A,778567
-245.25,-245.2625,19450,A,778567
-245.875,-245.8875,19475,A,778567
-246.5,-246.5125,19500,A,778567
-247.125,-247.1375,19525,A,778567
-247.75,-247.7625,19550,A,778567
-248.375,-248.3875,19575,A,778567
-249,-249.0125,19600,A,778567
-249.625,-249.6375,19625,A,778567
-250.25,-250.2625,19650,A,778567
-250.875,-250.8875,19675,A,778567
-251.5,-251.5125,19700,A,778567
-252.125,-252.1375,19725,A,778567
-252.75,-252.7625,19750,A,778567
-253.375,-253.3875,19775,A,778567
-254,-254.0125,19800,A,778567
-254.625,-254.6375,19825,A,778567
-255.25,-255.2625,19850,A,778567
-255.875,-255.8875,19875,A,778567
-256.5,-256.5125,19900,A,778567
-257.125,-257.1375,19925,A,778567
-257.75,-257.7625,19950,A,778567
-258.375,-258.3875,19975,A,778567
-259,-259.0125,20000,A,778567
2.375,,25,A,801137
5.75,,50,A,801137
6.125,,75,A,801137
8.5,,100,A,801137
9.875,,125,A,801137
12.25,,150,A,801137
15.625,,175,A,801137
21,22.5575,200,A,801137
23.375,25.445,225,A,801137
29.75,28.425,250,A,801137
31.125,31.535,275,A,801137
36.5,34.7675,300,A,801137
41.875,38.055,325,A,801137
44.25,41.32,350,A,801137
46.625,44.485,375,A,801137
47,47.5225,400,A,801137
49.375,50.3175,425,A,801137
51.75,52.775,450,A,801137
59.125,55.235,475,A,801137
60.5,57.49,500,A,801137
61.875,59.405,525,A,801137
64.25,61.0775,550,A,801137
65.625,62.67,575,A,801137
67,64.42,600,A,801137
67.375,66.125,625,A,801137
68.75,67.6525,650,A,801137
70.125,69.0175,675,A,801137
70.5,70.2125,700,A,801137
69.875,71.32,725,A,801137
69.25,72.33,750,A,801137
74.625,73.34,775,A,801137
75,74.2775,800,A,801137
76.375,75.2675,825,A,801137
75.75,76.2625,850,A,801137
78.125,77.255,875,A,801137
78.5,78.1325,900,A,801137
79.875,79.0075,925,A,801137
80.25,79.8825,950,A,801137
80.625,80.625,975,A,801137
83,81.2175,1000,A,801137
82.375,81.735,1025,A,801137
84.75,82.2525,1050,A,801137
85.125,82.8125,1075,A,801137
84.5,83.445,1100,A,801137
83.875,84.065,1125,A,801137
83.25,84.7925,1150,A,801137
83.625,85.4275,1175,A,801137
84,85.98,1200,A,801137
83.375,86.475,1225,A,801137
84.75,86.92,1250,A,801137
87.125,87.3775,1275,A,801137
89.5,87.93,1300,A,801137
89.875,88.4925,1325,A,801137
91.25,89.055,1350,A,801137
90.625,89.64,1375,A,801137
90,90.2625,1400,A,801137
90.375,90.95,1425,A,801137
90.75,91.5575,1450,A,801137
93.125,92.04,1475,A,801137
93.5,92.375,1500,A,801137
92.875,92.675,1525,A,801137
92.25,92.8725,1550,A,801137
92.625,93.12,1575,A,801137
95,93.37,1600,A,801137
94.375,93.5925,1625,A,801137
93.75,93.9225,1650,A,801137
94.125,94.1475,1675,A,801137
94.5,94.2825,1700,A,801137
93.875,94.4075,1725,A,801137
94.25,94.5325,1750,A,801137
94.625,94.6375,1775,A,801137
94,94.75,1800,A,801137
95.375,94.9175,1825,A,801137
95.75,95.14,1850,A,801137
96.125,95.425,1875,A,801137
95.5,95.7675,1900,A,801137
94.875,96.08,1925,A,801137
94.25,96.3375,1950,A,801137
94.625,96.5275,1975,A,801137
96,96.715,2000,A,801137
97.375,96.9275,2025,A,801137
98.75,97.005,2050,A,801137
99.125,97.035,2075,A,801137
99.5,97.0875,2100,A,801137
98.875,97.205,2125,A,801137
98.25,97.33,2150,A,801137
97.625,97.4325,2175,A,801137
97,97.4125,2200,A,801137
97.375,97.26,2225,A,801137
96.75,97.1,2250,A,801137
96.125,96.8425,2275,A,801137
96.5,96.5025,2300,A,801137
96.875,96.2475,2325,A,801137
96.25,95.9975,2350,A,801137
95.625,95.7475,2375,A,801137
95,95.4975,2400,A,801137
95.375,95.24,2425,A,801137
94.75,94.99,2450,A,801137
94.125,94.74,2475,A,801137
94.5,94.49,2500,A,801137
94.875,94.185,2525,A,801137
94.25,93.89,2550,A,801137
93.625,93.64,2575,A,801137
93,93.39,2600,A,801137
93.375,93.1575,2625,A,801137
92.75,92.9075,2650,A,801137
92.125,92.6575,2675,A,801137
92.5,92.3825,2700,A,801137
91.875,92.02,2725,A,801137
92.25,91.7075,2750,A,801137
91.625,91.395,2775,A,801137
91,91.11,2800,A,801137
91.375,90.8575,2825,A,801137
90.75,90.6525,2850,A,801137
90.125,90.58,2875,A,801137
89.5,90.465,2900,A,801137
89.875,90.34,2925,A,801137
89.25,90.1975,2950,A,801137
88.625,90.01,2975,A,801137
89,89.8225,3000,A,801137
89.375,89.6025,3025,A,801137
90.75,89.3525,3050,A,801137
91.125,89.1025,3075,A,801137
90.5,88.8525,3100,A,801137
89.875,88.595,3125,A,801137
89.25,88.2825,3150,A,801137
88.625,87.97,3175,A,801137
88,87.63,3200,A,801137
87.375,87.23,3225,A,801137
86.75,86.8725,3250,A,801137
86.125,86.3825,3275,A,801137
85.5,85.8825,3300,A,801137
84.875,85.3825,3325,A,801137
84.25,84.8825,3350,A,801137
83.625,84.3825,3375,A,801137
83,83.9425,3400,A,801137
84.375,83.505,3425,A,801137
83.75,83.0675,3450,A,801137
83.125,82.63,3475,A,801137
82.5,82.1925,3500,A,801137
81.875,81.755,3525,A,801137
81.25,81.355,3550,A,801137
80.625,81.0225,3575,A,801137
81,80.71,3600,A,801137
80.375,80.3775,3625,A,801137
79.75,79.94,3650,A,801137
79.125,79.5025,3675,A,801137
78.5,79.065,3700,A,801137
77.875,78.6275,3725,A,801137
78.25,78.245,3750,A,801137
78.625,77.87,3775,A,801137
78,77.435,3800,A,801137
77.375,77.05,3825,A,801137
76.75,76.735,3850,A,801137
76.125,76.4225,3875,A,801137
75.5,76.1275,3900,A,801137
74.875,75.89,3925,A,801137
75.25,75.665,3950,A,801137
74.625,75.3725,3975,A,801137
74,75.105,4000,A,801137
74.375,74.855,4025,A,801137
74.75,74.605,4050,A,801137
74.125,74.4075,4075,A,801137
74.5,74.225,4100,A,801137
74.875,74.1,4125,A,801137
74.25,73.97,4150,A,801137
73.625,73.8925,4175,A,801137
74,73.83,4200,A,801137
73.375,73.715,4225,A,801137
72.75,73.53,4250,A,801137
73.125,73.38,4275,A,801137
73.5,73.265,4300,A,801137
72.875,73.19,4325,A,801137
73.25,73.065,4350,A,801137
73.625,72.97,4375,A,801137
73,72.8625,4400,A,801137
72.375,72.8075,4425,A,801137
71.75,72.8075,4450,A,801137
72.125,72.755,4475,A,801137
73.5,72.6875,4500,A,801137
72.875,72.5625,4525,A,801137
72.25,72.3875,4550,A,801137
72.625,72.1525,4575,A,801137
72,71.94,4600,A,801137
73.375,71.8675,4625,A,801137
72.75,71.8675,4650,A,801137
72.125,71.8325,4675,A,801137
71.5,71.805,4700,A,801137
70.875,71.68,4725,A,801137
70.25,71.555,4750,A,801137
69.625,71.4,4775,A,801137
70,71.2475,4800,A,801137
72.375,71.0875,4825,A,801137
71.75,70.9,4850,A,801137
72.125,70.76,4875,A,801137
71.5,70.6975,4900,A,801137
70.875,70.635,4925,A,801137
70.25,70.5725,4950,A,801137
69.625,70.51,4975,A,801137
70,70.41,5000,A,801137
70.375,70.22,5025,A,801137
69.75,69.97,5050,A,801137
71.125,69.7175,5075,A,801137
70.5,69.405,5100,A,801137
69.875,69.0925,5125,A,801137
69.25,68.78,5150,A,801137
68.625,68.4675,5175,A,801137
68,68.12,5200,A,801137
68.375,67.755,5225,A,801137
67.75,67.38,5250,A,801137
67.125,66.9575,5275,A,801137
66.5,66.49,5300,A,801137
65.875,66.0525,5325,A,801137
65.25,65.675,5350,A,801137
64.625,65.3,5375,A,801137
64,64.975,5400,A,801137
64.375,64.6125,5425,A,801137
63.75,64.245,5450,A,801137
63.125,63.9325,5475,A,801137
63.5,63.62,5500,A,801137
62.875,63.3075,5525,A,801137
63.25,63.0125,5550,A,801137
62.625,62.7625,5575,A,801137
63,62.5125,5600,A,801137
62.375,62.2175,5625,A,801137
62.75,61.905,5650,A,801137
62.125,61.5925,5675,A,801137
61.5,61.3125,5700,A,801137
60.875,61.0625,5725,A,801137
61.25,60.7525,5750,A,801137
60.625,60.44,5775,A,801137
60,60.0775,5800,A,801137
59.375,59.7025,5825,A,801137
58.75,59.32,5850,A,801137
58.125,58.8825,5875,A,801137
59.5,58.445,5900,A,801137
58.875,58.0075,5925,A,801137
58.25,57.6075,5950,A,801137
57.625,57.19,5975,A,801137
57,56.8625,6000,A,801137
56.375,56.55,6025,A,801137
55.75,56.2675,6050,A,801137
55.125,56.0175,6075,A,801137
54.5,55.715,6100,A,801137
53.875,55.4025,6125,A,801137
54.25,55.09,6150,A,801137
54.625,54.7775,6175,A,801137
55,54.465,6200,A,801137
54.375,54.1525,6225,A,801137
54.75,53.84,6250,A,801137
54.125,53.5425,6275,A,801137
54.5,53.2925,6300,A,801137
53.875,53.065,6325,A,801137
53.25,52.8225,6350,A,801137
52.625,52.5525,6375,A,801137
52,52.205,6400,A,801137
51.375,51.8925,6425,A,801137
50.75,51.55,6450,A,801137
51.125,51.175,6475,A,801137
50.5,50.7875,6500,A,801137
50.875,50.3725,6525,A,801137
50.25,50.055,6550,A,801137
49.625,49.7425,6575,A,801137
50,49.43,6600,A,801137
49.375,49.1725,6625,A,801137
48.75,48.985,6650,A,801137
48.125,48.7825,6675,A,801137
47.5,48.5325,6700,A,801137
47.875,48.26,6725,A,801137
48.25,47.9475,6750,A,801137
47.625,47.6425,6775,A,801137
47,47.38,6800,A,801137
48.375,47.0675,6825,A,801137
47.75,46.755,6850,A,801137
47.125,46.4425,6875,A,801137
46.5,46.13,6900,A,801137
45.875,45.795,6925,A,801137
45.25,45.3625,6950,A,801137
45.625,44.925,6975,A,801137
45,44.4875,7000,A,801137
44.375,43.995,7025,A,801137
43.75,43.4325,7050,A,801137
43.125,42.87,7075,A,801137
42.5,42.3075,7100,A,801137
41.875,41.745,7125,A,801137
41.25,41.1825,7150,A,801137
40.625,40.6125,7175,A,801137
40,39.9875,7200,A,801137
39.375,39.3625,7225,A,801137
38.75,38.7375,7250,A,801137
38.125,38.1125,7275,A,801137
37.5,37.4875,7300,A,801137
36.875,36.8625,7325,A,801137
36.25,36.2375,7350,A,801137
35.625,35.6575,7375,A,801137
35,35.095,7400,A,801137
34.375,34.5325,7425,A,801137
33.75,33.97,7450,A,801137
33.125,33.4075,7475,A,801137
32.5,32.845,7500,A,801137
31.875,32.2825,7525,A,801137
31.25,31.72,7550,A,801137
31.625,31.1575,7575,A,801137
31,30.595,7600,A,801137
30.375,30.0325,7625,A,801137
29.75,29.47,7650,A,801137
29.125,28.9075,7675,A,801137
28.5,28.345,7700,A,801137
27.875,27.79,7725,A,801137
27.25,27.29,7750,A,801137
26.625,26.745,7775,A,801137
26,26.1825,7800,A,801137
25.375,25.62,7825,A,801137
24.75,25.0575,7850,A,801137
24.125,24.495,7875,A,801137
23.5,23.9325,7900,A,801137
23.875,23.37,7925,A,801137
23.25,22.8075,7950,A,801137
22.625,22.245,7975,A,801137
22,21.6825,8000,A,801137
21.375,21.12,8025,A,801137
20.75,20.5575,8050,A,801137
20.125,19.995,8075,A,801137
19.5,19.4325,8100,A,801137
18.875,18.8625,8125,A,801137
18.25,18.2375,8150,A,801137
17.625,17.6125,8175,A,801137
17,16.9875,8200,A,801137
16.375,16.3625,8225,A,801137
15.75,15.7375,8250,A,801137
15.125,15.1125,8275,A,801137
14.5,14.4875,8300,A,801137
13.875,13.8625,8325,A,801137
13.25,13.2375,8350,A,801137
12.625,12.6125,8375,A,801137
12,11.9875,8400,A,801137
11.375,11.3625,8425,A,801137
10.75,10.7375,8450,A,801137
10.125,10.1125,8475,A,801137
9.49999999999998,9.48749999999998,8500,A,801137
8.87499999999998,8.86249999999998,8525,A,801137
8.24999999999998,8.23749999999998,8550,A,801137
7.62499999999998,7.66499999999998,8575,A,801137
6.99999999999998,7.10249999999998,8600,A,801137
6.37499999999998,6.53999999999998,8625,A,801137
5.74999999999998,6.03999999999998,8650,A,801137
5.12499999999998,5.53999999999998,8675,A,801137
4.49999999999998,5.03999999999998,8700,A,801137
3.87499999999998,4.53999999999998,8725,A,801137
3.24999999999998,4.03999999999998,8750,A,801137
3.62499999999998,3.53999999999998,8775,A,801137
2.99999999999998,3.03999999999998,8800,A,801137
2.37499999999998,2.53999999999998,8825,A,801137
2.74999999999998,2.03999999999998,8850,A,801137
2.12499999999998,1.53999999999998,8875,A,801137
1.49999999999998,1.03999999999998,8900,A,801137
0.874999999999983,0.539999999999983,8925,A,801137
0.249999999999983,0.0399999999999829,8950,A,801137
-0.375000000000017,-0.512500000000017,8975,A,801137
-1.00000000000002,-1.06500000000002,9000,A,801137
-1.62500000000002,-1.56500000000002,9025,A,801137
-2.25000000000002,-2.12750000000002,9050,A,801137
-2.87500000000002,-2.69000000000002,9075,A,801137
-3.50000000000002,-3.25250000000002,9100,A,801137
-4.12500000000002,-3.81500000000002,9125,A,801137
-4.75000000000002,-4.37750000000002,9150,A,801137
-5.37500000000002,-4.94000000000002,9175,A,801137
-5.00000000000002,-5.50250000000002,9200,A,801137
-5.62500000000002,-6.06500000000002,9225,A,801137
-6.25000000000002,-6.62750000000002,9250,A,801137
-6.87500000000002,-7.19000000000002,9275,A,801137
-7.50000000000002,-7.75250000000002,9300,A,801137
-8.12500000000002,-8.31500000000002,9325,A,801137
-8.75000000000002,-8.87750000000002,9350,A,801137
-9.37500000000002,-9.44000000000002,9375,A,801137
-10,-10.0125,9400,A,801137
-10.625,-10.6125,9425,A,801137
-11.25,-11.175,9450,A,801137
-11.875,-11.7375,9475,A,801137
-12.5,-12.3,9500,A,801137
-13.125,-12.8625,9525,A,801137
-13.75,-13.425,9550,A,801137
-14.375,-13.9875,9575,A,801137
-15,-14.55,9600,A,801137
-14.625,-15.1125,9625,A,801137
-15.25,-15.675,9650,A,801137
-15.875,-16.21,9675,A,801137
-16.5,-16.71,9700,A,801137
-17.125,-17.21,9725,A,801137
-17.75,-17.71,9750,A,801137
-18.375,-18.21,9775,A,801137
-19,-18.71,9800,A,801137
-19.625,-19.235,9825,A,801137
-20.25,-19.7975,9850,A,801137
-19.875,-20.36,9875,A,801137
-20.5,-20.9225,9900,A,801137
-21.125,-21.485,9925,A,801137
-21.75,-22.0325,9950,A,801137
-22.375,-22.5325,9975,A,801137
-23,-23.0325,10000,A,801137
-23.625,-23.5325,10025,A,801137
-24.25,-24.0325,10050,A,801137
-24.875,-24.56,10075,A,801137
-25.5,-25.1225,10100,A,801137
-26.125,-25.685,10125,A,801137
-25.75,-26.2075,10150,A,801137
-26.375,-26.7075,10175,A,801137
-27,-27.2075,10200,A,801137
-27.625,-27.7075,10225,A,801137
-28.25,-28.165,10250,A,801137
-28.875,-28.6025,10275,A,801137
-29.5,-29.04,10300,A,801137
-30.125,-29.4775,10325,A,801137
-29.75,-29.93,10350,A,801137
-30.375,-30.43,10375,A,801137
-31,-30.93,10400,A,801137
-31.625,-31.43,10425,A,801137
-31.25,-31.93,10450,A,801137
-31.875,-32.43,10475,A,801137
-32.5,-32.93,10500,A,801137
-33.125,-33.43,10525,A,801137
-33.75,-33.93,10550,A,801137
-34.375,-34.43,10575,A,801137
-35,-34.8725,10600,A,801137
-35.625,-35.31,10625,A,801137
-36.25,-35.79,10650,A,801137
-36.875,-36.29,10675,A,801137
-37.5,-36.79,10700,A,801137
-38.125,-37.29,10725,A,801137
-37.75,-37.79,10750,A,801137
-38.375,-38.29,10775,A,801137
-38,-38.79,10800,A,801137
-38.625,-39.29,10825,A,801137
-39.25,-39.79,10850,A,801137
-39.875,-40.29,10875,A,801137
-40.5,-40.79,10900,A,801137
-41.125,-41.29,10925,A,801137
-41.75,-41.83,10950,A,801137
-42.375,-42.3925,10975,A,801137
-43,-43.0125,11000,A,801137
-43.625,-43.6375,11025,A,801137
-44.25,-44.2625,11050,A,801137
-44.875,-44.8875,11075,A,801137
-45.5,-45.5125,11100,A,801137
-46.125,-46.1375,11125,A,801137
-46.75,-46.7625,11150,A,801137
-47.375,-47.3875,11175,A,801137
-48,-48.0125,11200,A,801137
-48.625,-48.6375,11225,A,801137
-49.25,-49.2625,11250,A,801137
-49.875,-49.8875,11275,A,801137
-50.5,-50.5125,11300,A,801137
-51.125,-51.1375,11325,A,801137
-51.75,-51.7625,11350,A,801137
-52.375,-52.3875,11375,A,801137
-53,-53.0125,11400,A,801137
-53.625,-53.6375,11425,A,801137
-54.25,-54.2625,11450,A,801137
-54.875,-54.8875,11475,A,801137
-55.5,-55.5125,11500,A,801137
-56.125,-56.1375,11525,A,801137
-56.75,-56.7625,11550,A,801137
-57.375,-57.3875,11575,A,801137
-58,-58.0125,11600,A,801137
-58.625,-58.6375,11625,A,801137
-59.25,-59.2625,11650,A,801137
-59.875,-59.8875,11675,A,801137
-60.5,-60.5125,11700,A,801137
-61.125,-61.1375,11725,A,801137
-61.75,-61.7625,11750,A,801137
-62.375,-62.3875,11775,A,801137
-63,-63.0125,11800,A,801137
-63.625,-63.6375,11825,A,801137
-64.25,-64.2625,11850,A,801137
-64.875,-64.8875,11875,A,801137
-65.5,-65.5125,11900,A,801137
-66.125,-66.1375,11925,A,801137
-66.75,-66.7625,11950,A,801137
-67.375,-67.3875,11975,A,801137
-68,-68.0125,12000,A,801137
-68.625,-68.6375,12025,A,801137
-69.25,-69.2625,12050,A,801137
-69.875,-69.8875,12075,A,801137
-70.5,-70.5125,12100,A,801137
-71.125,-71.1375,12125,A,801137
-71.75,-71.7625,12150,A,801137
-72.375,-72.3875,12175,A,801137
-73,-73.0125,12200,A,801137
-73.625,-73.6375,12225,A,801137
-74.25,-74.2625,12250,A,801137
-74.875,-74.8875,12275,A,801137
-75.5,-75.5125,12300,A,801137
-76.125,-76.1375,12325,A,801137
-76.75,-76.7625,12350,A,801137
-77.375,-77.3875,12375,A,801137
-78,-78.0125,12400,A,801137
-78.625,-78.6375,12425,A,801137
-79.25,-79.2625,12450,A,801137
-79.875,-79.8875,12475,A,801137
-80.5,-80.5125,12500,A,801137
-81.125,-81.1375,12525,A,801137
-81.75,-81.7625,12550,A,801137
-82.375,-82.3875,12575,A,801137
-83,-82.995,12600,A,801137
-83.625,-83.5575,12625,A,801137
-84.25,-84.12,12650,A,801137
-84.875,-84.6825,12675,A,801137
-85.5,-85.245,12700,A,801137
-86.125,-85.8075,12725,A,801137
-86.75,-86.37,12750,A,801137
-87.375,-86.9325,12775,A,801137
-87,-87.495,12800,A,801137
-87.625,-88.0575,12825,A,801137
-88.25,-88.62,12850,A,801137
-88.875,-89.1825,12875,A,801137
-89.5,-89.745,12900,A,801137
-90.125,-90.3075,12925,A,801137
-90.75,-90.87,12950,A,801137
-91.375,-91.4325,12975,A,801137
-92,-92.0125,13000,A,801137
-92.625,-92.6375,13025,A,801137
-93.25,-93.2625,13050,A,801137
-93.875,-93.8875,13075,A,801137
-94.5,-94.5125,13100,A,801137
-95.125,-95.1375,13125,A,801137
-95.75,-95.7625,13150,A,801137
-96.375,-96.3875,13175,A,801137
-97,-97.0125,13200,A,801137
-97.625,-97.6375,13225,A,801137
-98.25,-98.2175,13250,A,801137
-98.875,-98.78,13275,A,801137
-99.5,-99.3425,13300,A,801137
-100.125,-99.905,13325,A,801137
-100.75,-100.4675,13350,A,801137
-101.375,-101.03,13375,A,801137
-102,-101.5925,13400,A,801137
-102.625,-102.155,13425,A,801137
-102.25,-102.7175,13450,A,801137
-102.875,-103.28,13475,A,801137
-103.5,-103.8425,13500,A,801137
-104.125,-104.405,13525,A,801137
-104.75,-104.9675,13550,A,801137
-105.375,-105.53,13575,A,801137
-106,-106.0925,13600,A,801137
-106.625,-106.655,13625,A,801137
-107.25,-107.2625,13650,A,801137
-107.875,-107.8875,13675,A,801137
-108.5,-108.5125,13700,A,801137
-109.125,-109.1375,13725,A,801137
-109.75,-109.7625,13750,A,801137
-110.375,-110.3875,13775,A,801137
-111,-111.0125,13800,A,801137
-111.625,-111.6375,13825,A,801137
-112.25,-112.2625,13850,A,801137
-112.875,-112.8875,13875,A,801137
-113.5,-113.5125,13900,A,801137
-114.125,-114.1375,13925,A,801137
-114.75,-114.7625,13950,A,801137
-115.375,-115.3725,13975,A,801137
-116,-115.935,14000,A,801137
-116.625,-116.4975,14025,A,801137
-117.25,-117.06,14050,A,801137
-117.875,-117.6225,14075,A,801137
-118.5,-118.185,14100,A,801137
-119.125,-118.7475,14125,A,801137
-119.75,-119.31,14150,A,801137
-119.375,-119.8725,14175,A,801137
-120,-120.435,14200,A,801137
-120.625,-120.9975,14225,A,801137
-121.25,-121.56,14250,A,801137
-121.875,-122.1225,14275,A,801137
-122.5,-122.685,14300,A,801137
-123.125,-123.2475,14325,A,801137
-123.75,-123.81,14350,A,801137
-124.375,-124.3875,14375,A,801137
-125,-125.0125,14400,A,801137
-125.625,-125.6375,14425,A,801137
-126.25,-126.2625,14450,A,801137
-126.875,-126.8875,14475,A,801137
-127.5,-127.5125,14500,A,801137
-128.125,-128.1375,14525,A,801137
-128.75,-128.7625,14550,A,801137
-129.375,-129.3875,14575,A,801137
-130,-130.0125,14600,A,801137
-130.625,-130.6375,14625,A,801137
-131.25,-131.2625,14650,A,801137
-131.875,-131.8875,14675,A,801137
-132.5,-132.5125,14700,A,801137
-133.125,-133.135,14725,A,801137
-133.75,-133.6975,14750,A,801137
-134.375,-134.26,14775,A,801137
-135,-134.8225,14800,A,801137
-135.625,-135.385,14825,A,801137
-136.25,-135.9475,14850,A,801137
-136.875,-136.51,14875,A,801137
-137.5,-137.0725,14900,A,801137
-137.125,-137.635,14925,A,801137
-137.75,-138.1975,14950,A,801137
-138.375,-138.76,14975,A,801137
-139,-139.3225,15000,A,801137
-139.625,-139.885,15025,A,801137
-140.25,-140.4475,15050,A,801137
-140.875,-141.01,15075,A,801137
-141.5,-141.5725,15100,A,801137
-142.125,-142.1375,15125,A,801137
-142.75,-142.7625,15150,A,801137
-143.375,-143.3375,15175,A,801137
-144,-143.9,15200,A,801137
-144.625,-144.4625,15225,A,801137
-145.25,-145.025,15250,A,801137
-145.875,-145.5875,15275,A,801137
-146.5,-146.15,15300,A,801137
-147.125,-146.7125,15325,A,801137
-147.75,-147.275,15350,A,801137
-147.375,-147.8375,15375,A,801137
-148,-148.4,15400,A,801137
-148.625,-148.9625,15425,A,801137
-149.25,-149.525,15450,A,801137
-149.875,-150.0875,15475,A,801137
-150.5,-150.65,15500,A,801137
-151.125,-151.2125,15525,A,801137
-151.75,-151.75,15550,A,801137
-152.375,-152.3,15575,A,801137
-153,-152.8625,15600,A,801137
-153.625,-153.425,15625,A,801137
-154.25,-153.9875,15650,A,801137
-154.875,-154.55,15675,A,801137
-155.5,-155.1125,15700,A,801137
-156.125,-155.675,15725,A,801137
-155.75,-156.2375,15750,A,801137
-156.375,-156.8,15775,A,801137
-157,-157.3625,15800,A,801137
-157.625,-157.925,15825,A,801137
-158.25,-158.4875,15850,A,801137
-158.875,-159.05,15875,A,801137
-159.5,-159.6125,15900,A,801137
-160.125,-160.175,15925,A,801137
-160.75,-160.7625,15950,A,801137
-161.375,-161.3875,15975,A,801137
-162,-161.9575,16000,A,801137
-162.625,-162.52,16025,A,801137
-163.25,-163.0825,16050,A,801137
-163.875,-163.645,16075,A,801137
-164.5,-164.2075,16100,A,801137
-165.125,-164.77,16125,A,801137
-165.75,-165.3325,16150,A,801137
-166.375,-165.895,16175,A,801137
-166,-166.4575,16200,A,801137
-166.625,-167.02,16225,A,801137
-167.25,-167.5825,16250,A,801137
-167.875,-168.145,16275,A,801137
-168.5,-168.7075,16300,A,801137
-169.125,-169.27,16325,A,801137
-169.75,-169.8325,16350,A,801137
-170.375,-170.395,16375,A,801137
-171,-171.0125,16400,A,801137
-171.625,-171.6375,16425,A,801137
-172.25,-172.2625,16450,A,801137
-172.875,-172.8875,16475,A,801137
-173.5,-173.5125,16500,A,801137
-174.125,-174.1375,16525,A,801137
-174.75,-174.7625,16550,A,801137
-175.375,-175.3875,16575,A,801137
-176,-176.0125,16600,A,801137
-176.625,-176.6375,16625,A,801137
-177.25,-177.2625,16650,A,801137
-177.875,-177.8875,16675,A,801137
-178.5,-178.5125,16700,A,801137
-179.125,-179.1375,16725,A,801137
-179.75,-179.7625,16750,A,801137
-180.375,-180.3875,16775,A,801137
-181,-181.0125,16800,A,801137
-181.625,-181.6375,16825,A,801137
-182.25,-182.2625,16850,A,801137
-182.875,-182.8875,16875,A,801137
-183.5,-183.5125,16900,A,801137
-184.125,-184.1375,16925,A,801137
-184.75,-184.7625,16950,A,801137
-185.375,-185.3875,16975,A,801137
-186,-186.0125,17000,A,801137
-186.625,-186.6375,17025,A,801137
-187.25,-187.2625,17050,A,801137
-187.875,-187.8875,17075,A,801137
-188.5,-188.5125,17100,A,801137
-189.125,-189.1375,17125,A,801137
-189.75,-189.7625,17150,A,801137
-190.375,-190.3875,17175,A,801137
-191,-191.0125,17200,A,801137
-191.625,-191.6375,17225,A,801137
-192.25,-192.2625,17250,A,801137
-192.875,-192.8875,17275,A,801137
-193.5,-193.5125,17300,A,801137
-194.125,-194.1375,17325,A,801137
-194.75,-194.7625,17350,A,801137
-195.375,-195.3875,17375,A,801137
-196,-196.0125,17400,A,801137
-196.625,-196.6375,17425,A,801137
-197.25,-197.2625,17450,A,801137
-197.875,-197.8875,17475,A,801137
-198.5,-198.5125,17500,A,801137
-199.125,-199.1375,17525,A,801137
-199.75,-199.7625,17550,A,801137
-200.375,-200.3875,17575,A,801137
-201,-201.0125,17600,A,801137
-201.625,-201.6375,17625,A,801137
-202.25,-202.2625,17650,A,801137
-202.875,-202.8875,17675,A,801137
-203.5,-203.5125,17700,A,801137
-204.125,-204.1375,17725,A,801137
-204.75,-204.7625,17750,A,801137
-205.375,-205.3875,17775,A,801137
-206,-206.0125,17800,A,801137
-206.625,-206.6375,17825,A,801137
-207.25,-207.2625,17850,A,801137
-207.875,-207.8875,17875,A,801137
-208.5,-208.5125,17900,A,801137
-209.125,-209.1375,17925,A,801137
-209.75,-209.7625,17950,A,801137
-210.375,-210.3875,17975,A,801137
-211,-211.0125,18000,A,801137
-211.625,-211.6375,18025,A,801137
-212.25,-212.2625,18050,A,801137
-212.875,-212.8875,18075,A,801137
-213.5,-213.5125,18100,A,801137
-214.125,-214.1375,18125,A,801137
-214.75,-214.7625,18150,A,801137
-215.375,-215.3475,18175,A,801137
-216,-215.91,18200,A,801137
-216.625,-216.4725,18225,A,801137
-217.25,-217.035,18250,A,801137
-217.875,-217.5975,18275,A,801137
-218.5,-218.16,18300,A,801137
-219.125,-218.7225,18325,A,801137
-219.75,-219.285,18350,A,801137
-219.375,-219.8475,18375,A,801137
-220,-220.41,18400,A,801137
-220.625,-220.9725,18425,A,801137
-221.25,-221.535,18450,A,801137
-221.875,-222.0975,18475,A,801137
-222.5,-222.66,18500,A,801137
-223.125,-223.2225,18525,A,801137
-223.75,-223.785,18550,A,801137
-224.375,-224.3875,18575,A,801137
-225,-225.0125,18600,A,801137
-225.625,-225.6375,18625,A,801137
-226.25,-226.2625,18650,A,801137
-226.875,-226.8875,18675,A,801137
-227.5,-227.5125,18700,A,801137
-228.125,-228.1375,18725,A,801137
-228.75,-228.7625,18750,A,801137
-229.375,-229.3875,18775,A,801137
-230,-230.0125,18800,A,801137
-230.625,-230.6375,18825,A,801137
-231.25,-231.2625,18850,A,801137
-231.875,-231.8875,18875,A,801137
-232.5,-232.5125,18900,A,801137
-233.125,-233.1375,18925,A,801137
-233.75,-233.7175,18950,A,801137
-234.375,-234.28,18975,A,801137
-235,-234.8425,19000,A,801137
-235.625,-235.405,19025,A,801137
-236.25,-235.9675,19050,A,801137
-236.875,-236.53,19075,A,801137
-237.5,-237.0925,19100,A,801137
-238.125,-237.655,19125,A,801137
-237.75,-238.2175,19150,A,801137
-238.375,-238.78,19175,A,801137
-239,-239.3425,19200,A,801137
-239.625,-239.905,19225,A,801137
-240.25,-240.4675,19250,A,801137
-240.875,-241.03,19275,A,801137
-241.5,-241.5925,19300,A,801137
-242.125,-242.155,19325,A,801137
-242.75,-242.7625,19350,A,801137
-243.375,-243.3875,19375,A,801137
-244,-244.0125,19400,A,801137
-244.625,-244.6375,19425,A,801137
-245.25,-245.2625,19450,A,801137
-245.875,-245.8875,19475,A,801137
-246.5,-246.5125,19500,A,801137
-247.125,-247.1375,19525,A,801137
-247.75,-247.7625,19550,A,801137
-248.375,-248.3875,19575,A,801137
-249,-249.0125,19600,A,801137
-249.625,-249.6375,19625,A,801137
-250.25,-250.2625,19650,A,801137
-250.875,-250.8875,19675,A,801137
-251.5,-251.5125,19700,A,801137
-252.125,-252.1375,19725,A,801137
-252.75,-252.7625,19750,A,801137
-253.375,-253.3875,19775,A,801137
-254,-254.0125,19800,A,801137
-254.625,-254.6375,19825,A,801137
-255.25,-255.2625,19850,A,801137
-255.875,-255.8875,19875,A,801137
-256.5,-256.5125,19900,A,801137
-257.125,-257.1375,19925,A,801137
-257.75,-257.7625,19950,A,801137
-258.375,-258.3875,19975,A,801137
-259,-259.0125,20000,A,801137
2.375,,25,B,100103
2.75,,50,B,100103
3.125,,75,B,100103
3.5,,100,B,100103
3.875,,125,B,100103
7.25,,150,B,100103
9.625,,175,B,100103
13,18.3075,200,B,100103
19.375,21.0425,225,B,100103
24.75,23.7475,250,B,100103
29.125,26.615,275,B,100103
32.5,29.795,300,B,100103
37.875,33.1825,325,B,100103
40.25,36.6575,350,B,100103
40.625,40.115,375,B,100103
43,43.4325,400,B,100103
46.375,46.4925,425,B,100103
45.75,49.26,450,B,100103
51.125,51.7125,475,B,100103
55.5,53.98,500,B,100103
59.875,55.9875,525,B,100103
60.25,57.815,550,B,100103
64.625,59.6175,575,B,100103
65,61.285,600,B,100103
65.375,62.845,625,B,100103
66.75,64.4325,650,B,100103
67.125,65.94,675,B,100103
68.5,67.0975,700,B,100103
67.875,68.125,725,B,100103
69.25,69.075,750,B,100103
68.625,69.9025,775,B,100103
69,70.8425,800,B,100103
69.375,71.875,825,B,100103
71.75,72.7925,850,B,100103
73.125,73.74,875,B,100103
74.5,74.7125,900,B,100103
75.875,75.665,925,B,100103
75.25,76.605,950,B,100103
77.625,77.5825,975,B,100103
81,78.5725,1000,B,100103
81.375,79.5125,1025,B,100103
81.75,80.3,1050,B,100103
83.125,81.0225,1075,B,100103
83.5,81.74,1100,B,100103
83.875,82.4075,1125,B,100103
84.25,83.0825,1150,B,100103
84.625,83.72,1175,B,100103
84,84.2,1200,B,100103
84.375,84.625,1225,B,100103
83.75,85.06,1250,B,100103
84.125,85.375,1275,B,100103
84.5,85.6275,1300,B,100103
85.875,85.9125,1325,B,100103
86.25,86.2125,1350,B,100103
87.625,86.4225,1375,B,100103
87,86.615,1400,B,100103
88.375,86.845,1425,B,100103
87.75,87.1425,1450,B,100103
87.125,87.44,1475,B,100103
87.5,87.7825,1500,B,100103
88.875,88.12,1525,B,100103
88.25,88.3825,1550,B,100103
87.625,88.555,1575,B,100103
88,88.68,1600,B,100103
88.375,88.7075,1625,B,100103
88.75,88.7275,1650,B,100103
90.125,88.79,1675,B,100103
90.5,88.8325,1700,B,100103
90.875,88.785,1725,B,100103
90.25,88.725,1750,B,100103
89.625,88.725,1775,B,100103
89,88.7375,1800,B,100103
88.375,88.7325,1825,B,100103
88.75,88.6725,1850,B,100103
88.125,88.635,1875,B,100103
87.5,88.5375,1900,B,100103
87.875,88.42,1925,B,100103
88.25,88.3025,1950,B,100103
87.625,88.28,1975,B,100103
88,88.33,2000,B,100103
87.375,88.3925,2025,B,100103
88.75,88.475,2050,B,100103
88.125,88.585,2075,B,100103
88.5,88.71,2100,B,100103
88.875,88.8325,2125,B,100103
89.25,88.9325,2150,B,100103
89.625,89.0375,2175,B,100103
90,89.145,2200,B,100103
89.375,89.2075,2225,B,100103
89.75,89.285,2250,B,100103
90.125,89.4125,2275,B,100103
89.5,89.555,2300,B,100103
88.875,89.635,2325,B,100103
89.25,89.69,2350,B,100103
89.625,89.67,2375,B,100103
89,89.62,2400,B,100103
88.375,89.5575,2425,B,100103
89.75,89.4825,2450,B,100103
91.125,89.3725,2475,B,100103
90.5,89.3075,2500,B,100103
89.875,89.315,2525,B,100103
89.25,89.3375,2550,B,100103
89.625,89.325,2575,B,100103
89,89.385,2600,B,100103
88.375,89.4475,2625,B,100103
88.75,89.445,2650,B,100103
88.125,89.3175,2675,B,100103
88.5,89.1325,2700,B,100103
89.875,89.0075,2725,B,100103
89.25,88.925,2750,B,100103
89.625,88.8425,2775,B,100103
90,88.7175,2800,B,100103
89.375,88.5925,2825,B,100103
88.75,88.44,2850,B,100103
88.125,88.2925,2875,B,100103
88.5,88.1075,2900,B,100103
87.875,87.85,2925,B,100103
88.25,87.5375,2950,B,100103
87.625,87.2,2975,B,100103
87,86.8275,3000,B,100103
86.375,86.4675,3025,B,100103
85.75,86.185,3050,B,100103
86.125,85.935,3075,B,100103
85.5,85.6825,3100,B,100103
84.875,85.425,3125,B,100103
84.25,85.195,3150,B,100103
84.625,85.0025,3175,B,100103
84,84.8625,3200,B,100103
84.375,84.7375,3225,B,100103
84.75,84.7175,3250,B,100103
84.125,84.7225,3275,B,100103
83.5,84.7675,3300,B,100103
84.875,84.86,3325,B,100103
84.25,84.985,3350,B,100103
84.625,85.105,3375,B,100103
85,85.2125,3400,B,100103
84.375,85.3225,3425,B,100103
85.75,85.36,3450,B,100103
86.125,85.4225,3475,B,100103
86.5,85.485,3500,B,100103
86.875,85.555,3525,B,100103
86.25,85.555,3550,B,100103
85.625,85.4975,3575,B,100103
86,85.44,3600,B,100103
85.375,85.3775,3625,B,100103
85.75,85.21,3650,B,100103
85.125,84.9775,3675,B,100103
84.5,84.7075,3700,B,100103
84.875,84.4275,3725,B,100103
84.25,84.115,3750,B,100103
83.625,83.8025,3775,B,100103
84,83.445,3800,B,100103
83.375,83.0875,3825,B,100103
82.75,82.77,3850,B,100103
82.125,82.395,3875,B,100103
82.5,82.02,3900,B,100103
81.875,81.5825,3925,B,100103
81.25,81.145,3950,B,100103
80.625,80.7075,3975,B,100103
80,80.2175,4000,B,100103
80.375,79.7725,4025,B,100103
79.75,79.335,4050,B,100103
79.125,78.8975,4075,B,100103
78.5,78.435,4100,B,100103
77.875,77.935,4125,B,100103
77.25,77.435,4150,B,100103
76.625,76.955,4175,B,100103
76,76.5675,4200,B,100103
76.375,76.215,4225,B,100103
75.75,75.84,4250,B,100103
75.125,75.465,4275,B,100103
74.5,75.09,4300,B,100103
73.875,74.715,4325,B,100103
73.25,74.3425,4350,B,100103
73.625,74.03,4375,B,100103
74,73.7175,4400,B,100103
74.375,73.35,4425,B,100103
73.75,72.975,4450,B,100103
73.125,72.6,4475,B,100103
72.5,72.2275,4500,B,100103
71.875,71.9375,4525,B,100103
72.25,71.7625,4550,B,100103
71.625,71.6175,4575,B,100103
71,71.38,4600,B,100103
70.375,71.1525,4625,B,100103
69.75,70.9025,4650,B,100103
69.125,70.6525,4675,B,100103
69.5,70.4025,4700,B,100103
70.875,70.2,4725,B,100103
71.25,70.01,4750,B,100103
70.625,69.7925,4775,B,100103
70,69.605,4800,B,100103
70.375,69.4175,4825,B,100103
69.75,69.25,4850,B,100103
69.125,69.2125,4875,B,100103
68.5,69.21,4900,B,100103
68.875,69.125,4925,B,100103
68.25,68.965,4950,B,100103
68.625,68.7775,4975,B,100103
68,68.59,5000,B,100103
67.375,68.34,5025,B,100103
68.75,68.135,5050,B,100103
69.125,67.9475,5075,B,100103
68.5,67.76,5100,B,100103
67.875,67.525,5125,B,100103
68.25,67.275,5150,B,100103
67.625,66.9925,5175,B,100103
67,66.74,5200,B,100103
66.375,66.5025,5225,B,100103
66.75,66.295,5250,B,100103
66.125,66,5275,B,100103
65.5,65.6875,5300,B,100103
64.875,65.375,5325,B,100103
64.25,65.0225,5350,B,100103
63.625,64.6475,5375,B,100103
64,64.2725,5400,B,100103
64.375,63.8975,5425,B,100103
63.75,63.4775,5450,B,100103
64.125,63.04,5475,B,100103
63.5,62.6025,5500,B,100103
62.875,62.165,5525,B,100103
62.25,61.7275,5550,B,100103
61.625,61.385,5575,B,100103
61,61.0725,5600,B,100103
60.375,60.7475,5625,B,100103
59.75,60.3725,5650,B,100103
59.125,59.955,5675,B,100103
58.5,59.5175,5700,B,100103
57.875,59.08,5725,B,100103
57.25,58.6425,5750,B,100103
58.625,58.2375,5775,B,100103
59,57.8625,5800,B,100103
58.375,57.4875,5825,B,100103
57.75,57.1375,5850,B,100103
57.125,56.875,5875,B,100103
56.5,56.625,5900,B,100103
55.875,56.375,5925,B,100103
55.25,56.125,5950,B,100103
55.625,55.78,5975,B,100103
55,55.345,6000,B,100103
54.375,54.9075,6025,B,100103
54.75,54.5125,6050,B,100103
55.125,54.1375,6075,B,100103
54.5,53.7625,6100,B,100103
53.875,53.3875,6125,B,100103
53.25,53.0125,6150,B,100103
52.625,52.605,6175,B,100103
52,52.1675,6200,B,100103
51.375,51.805,6225,B,100103
51.75,51.575,6250,B,100103
51.125,51.275,6275,B,100103
50.5,50.9625,6300,B,100103
49.875,50.6875,6325,B,100103
49.25,50.4375,6350,B,100103
48.625,50.1875,6375,B,100103
48,49.945,6400,B,100103
49.375,49.7575,6425,B,100103
50.75,49.5275,6450,B,100103
50.125,49.2775,6475,B,100103
49.5,49.0425,6500,B,100103
49.875,48.855,6525,B,100103
49.25,48.6675,6550,B,100103
48.625,48.48,6575,B,100103
49,48.2925,6600,B,100103
48.375,48.03,6625,B,100103
47.75,47.61,6650,B,100103
47.125,47.1725,6675,B,100103
47.5,46.735,6700,B,100103
46.875,46.3075,6725,B,100103
46.25,45.87,6750,B,100103
45.625,45.4325,6775,B,100103
45,44.9875,6800,B,100103
44.375,44.4875,6825,B,100103
43.75,43.9875,6850,B,100103
43.125,43.5275,6875,B,100103
42.5,43.1375,6900,B,100103
42.875,42.735,6925,B,100103
42.25,42.36,6950,B,100103
41.625,41.985,6975,B,100103
41,41.61,7000,B,100103
40.375,41.235,7025,B,100103
39.75,40.86,7050,B,100103
41.125,40.485,7075,B,100103
40.5,40.125,7100,B,100103
40.875,39.765,7125,B,100103
40.25,39.4025,7150,B,100103
39.625,39.09,7175,B,100103
39,38.7775,7200,B,100103
38.375,38.465,7225,B,100103
37.75,38.1525,7250,B,100103
37.125,37.8,7275,B,100103
37.5,37.3625,7300,B,100103
36.875,36.935,7325,B,100103
37.25,36.4975,7350,B,100103
36.625,36.06,7375,B,100103
36,35.6225,7400,B,100103
35.375,35.185,7425,B,100103
34.75,34.7475,7450,B,100103
34.125,34.31,7475,B,100103
33.5,33.8725,7500,B,100103
33.875,33.435,7525,B,100103
33.25,32.985,7550,B,100103
32.625,32.485,7575,B,100103
32,31.985,7600,B,100103
31.375,31.485,7625,B,100103
30.75,30.985,7650,B,100103
30.125,30.485,7675,B,100103
30.5,29.985,7700,B,100103
29.875,29.44,7725,B,100103
29.25,28.8775,7750,B,100103
28.625,28.315,7775,B,100103
28,27.7525,7800,B,100103
27.375,27.19,7825,B,100103
26.75,26.6275,7850,B,100103
26.125,26.1175,7875,B,100103
25.5,25.6025,7900,B,100103
24.875,25.04,7925,B,100103
24.25,24.4775,7950,B,100103
23.625,23.915,7975,B,100103
23,23.3575,8000,B,100103
22.375,22.8575,8025,B,100103
21.75,22.3575,8050,B,100103
22.125,21.8575,8075,B,100103
21.5,21.3575,8100,B,100103
20.875,20.8575,8125,B,100103
20.25,20.3575,8150,B,100103
19.625,19.8575,8175,B,100103
20,19.3575,8200,B,100103
19.375,18.8575,8225,B,100103
18.75,18.3575,8250,B,100103
18.125,17.805,8275,B,100103
17.5,17.2425,8300,B,100103
16.875,16.68,8325,B,100103
16.25,16.1175,8350,B,100103
15.625,15.555,8375,B,100103
15,14.9875,8400,B,100103
14.375,14.3625,8425,B,100103
13.75,13.7375,8450,B,100103
13.125,13.1125,8475,B,100103
12.5,12.4875,8500,B,100103
11.875,11.8625,8525,B,100103
11.25,11.25,8550,B,100103
10.625,10.6875,8575,B,100103
9.99999999999998,10.125,8600,B,100103
9.37499999999998,9.56249999999998,8625,B,100103
8.74999999999998,8.99999999999998,8650,B,100103
8.12499999999998,8.43749999999998,8675,B,100103
7.49999999999998,7.87499999999998,8700,B,100103
6.87499999999998,7.31249999999998,8725,B,100103
7.24999999999998,6.74999999999998,8750,B,100103
6.62499999999998,6.18749999999998,8775,B,100103
5.99999999999998,5.62499999999998,8800,B,100103
5.37499999999998,5.06249999999998,8825,B,100103
4.74999999999998,4.49999999999998,8850,B,100103
4.12499999999998,3.97499999999998,8875,B,100103
3.49999999999998,3.47499999999998,8900,B,100103
2.87499999999998,2.97499999999998,8925,B,100103
2.24999999999998,2.46249999999998,8950,B,100103
1.62499999999998,1.89999999999998,8975,B,100103
0.999999999999983,1.33749999999998,9000,B,100103
0.374999999999983,0.774999999999983,9025,B,100103
-0.250000000000017,0.212499999999983,9050,B,100103
0.124999999999983,-0.350000000000017,9075,B,100103
-0.500000000000017,-0.912500000000017,9100,B,100103
-1.12500000000002,-1.47500000000002,9125,B,100103
-1.75000000000002,-2.03750000000002,9150,B,100103
-2.37500000000002,-2.60000000000002,9175,B,100103
-3.00000000000002,-3.16250000000002,9200,B,100103
-3.62500000000002,-3.72500000000002,9225,B,100103
-4.25000000000002,-4.28750000000002,9250,B,100103
-4.87500000000002,-4.88750000000002,9275,B,100103
-5.50000000000002,-5.51250000000002,9300,B,100103
-6.12500000000002,-6.13750000000002,9325,B,100103
-6.75000000000002,-6.76250000000002,9350,B,100103
-7.37500000000002,-7.38750000000002,9375,B,100103
-8.00000000000002,-8.01250000000002,9400,B,100103
-8.62500000000002,-8.63750000000002,9425,B,100103
-9.25000000000002,-9.26250000000002,9450,B,100103
-9.87500000000002,-9.88750000000002,9475,B,100103
-10.5,-10.5125,9500,B,100103
-11.125,-11.1375,9525,B,100103
-11.75,-11.7625,9550,B,100103
-12.375,-12.3875,9575,B,100103
-13,-13.0125,9600,B,100103
-13.625,-13.6375,9625,B,100103
-14.25,-14.2625,9650,B,100103
-14.875,-14.8875,9675,B,100103
-15.5,-15.5125,9700,B,100103
-16.125,-16.1375,9725,B,100103
-16.75,-16.7625,9750,B,100103
-17.375,-17.3875,9775,B,100103
-18,-18.0125,9800,B,100103
-18.625,-18.6375,9825,B,100103
-19.25,-19.2625,9850,B,100103
-19.875,-19.8875,9875,B,100103
-20.5,-20.5125,9900,B,100103
-21.125,-21.1375,9925,B,100103
-21.75,-21.7625,9950,B,100103
-22.375,-22.3875,9975,B,100103
-23,-23.0125,10000,B,100103
-23.625,-23.6375,10025,B,100103
-24.25,-24.2625,10050,B,100103
-24.875,-24.8875,10075,B,100103
-25.5,-25.5125,10100,B,100103
-26.125,-26.1375,10125,B,100103
-26.75,-26.7625,10150,B,100103
-27.375,-27.3875,10175,B,100103
-28,-28.0125,10200,B,100103
-28.625,-28.6375,10225,B,100103
-29.25,-29.2625,10250,B,100103
-29.875,-29.8875,10275,B,100103
-30.5,-30.5125,10300,B,100103
-31.125,-31.1375,10325,B,100103
-31.75,-31.7625,10350,B,100103
-32.375,-32.3875,10375,B,100103
-33,-33.0125,10400,B,100103
-33.625,-33.6375,10425,B,100103
-34.25,-34.2625,10450,B,100103
-34.875,-34.8875,10475,B,100103
-35.5,-35.5125,10500,B,100103
-36.125,-36.1375,10525,B,100103
-36.75,-36.7625,10550,B,100103
-37.375,-37.3875,10575,B,100103
-38,-38.0125,10600,B,100103
-38.625,-38.6375,10625,B,100103
-39.25,-39.2625,10650,B,100103
-39.875,-39.8875,10675,B,100103
-40.5,-40.5125,10700,B,100103
-41.125,-41.1375,10725,B,100103
-41.75,-41.7625,10750,B,100103
-42.375,-42.3875,10775,B,100103
-43,-43.0125,10800,B,100103
-43.625,-43.6375,10825,B,100103
-44.25,-44.2625,10850,B,100103
-44.875,-44.8875,10875,B,100103
-45.5,-45.5125,10900,B,100103
-46.125,-46.1375,10925,B,100103
-46.75,-46.7625,10950,B,100103
-47.375,-47.3875,10975,B,100103
-48,-48.0125,11000,B,100103
-48.625,-48.6375,11025,B,100103
-49.25,-49.2625,11050,B,100103
-49.875,-49.8875,11075,B,100103
-50.5,-50.5125,11100,B,100103
-51.125,-51.1375,11125,B,100103
-51.75,-51.755,11150,B,100103
-52.375,-52.3175,11175,B,100103
-53,-52.88,11200,B,100103
-53.625,-53.4425,11225,B,100103
-54.25,-54.005,11250,B,100103
-54.875,-54.5675,11275,B,100103
-55.5,-55.13,11300,B,100103
-56.125,-55.6925,11325,B,100103
-55.75,-56.255,11350,B,100103
-56.375,-56.79,11375,B,100103
-57,-57.29,11400,B,100103
-57.625,-57.79,11425,B,100103
-58.25,-58.29,11450,B,100103
-58.875,-58.79,11475,B,100103
-59.5,-59.29,11500,B,100103
-60.125,-59.79,11525,B,100103
-60.75,-60.2975,11550,B,100103
-60.375,-60.86,11575,B,100103
-61,-61.4225,11600,B,100103
-61.625,-61.985,11625,B,100103
-62.25,-62.5475,11650,B,100103
-62.875,-63.11,11675,B,100103
-63.5,-63.6725,11700,B,100103
-64.125,-64.235,11725,B,100103
-64.75,-64.7975,11750,B,100103
-65.375,-65.3875,11775,B,100103
-66,-66.0125,11800,B,100103
-66.625,-66.6375,11825,B,100103
-67.25,-67.2625,11850,B,100103
-67.875,-67.85,11875,B,100103
-68.5,-68.4125,11900,B,100103
-69.125,-68.975,11925,B,100103
-69.75,-69.5375,11950,B,100103
-70.375,-70.1,11975,B,100103
-71,-70.6625,12000,B,100103
-71.625,-71.225,12025,B,100103
-72.25,-71.7875,12050,B,100103
-71.875,-72.35,12075,B,100103
-72.5,-72.9125,12100,B,100103
-73.125,-73.475,12125,B,100103
-73.75,-74.0375,12150,B,100103
-74.375,-74.6,12175,B,100103
-75,-75.1625,12200,B,100103
-75.625,-75.725,12225,B,100103
-76.25,-76.2875,12250,B,100103
-76.875,-76.8875,12275,B,100103
-77.5,-77.5125,12300,B,100103
-78.125,-78.1375,12325,B,100103
-78.75,-78.7625,12350,B,100103
-79.375,-79.365,12375,B,100103
-80,-79.9275,12400,B,100103
-80.625,-80.49,12425,B,100103
-81.25,-81.0525,12450,B,100103
-81.875,-81.615,12475,B,100103
-82.5,-82.1775,12500,B,100103
-83.125,-82.74,12525,B,100103
-83.75,-83.3025,12550,B,100103
-83.375,-83.83,12575,B,100103
-84,-84.33,12600,B,100103
-84.625,-84.83,12625,B,100103
-85.25,-85.33,12650,B,100103
-85.875,-85.83,12675,B,100103
-86.5,-86.33,12700,B,100103
-87.125,-86.83,12725,B,100103
-87.75,-87.33,12750,B,100103
-87.375,-87.8525,12775,B,100103
-88,-88.415,12800,B,100103
-88.625,-88.9775,12825,B,100103
-89.25,-89.4975,12850,B,100103
-89.875,-89.9975,12875,B,100103
-90.5,-90.4975,12900,B,100103
-91.125,-90.9975,12925,B,100103
-91.75,-91.4975,12950,B,100103
-92.375,-92.0325,12975,B,100103
-93,-92.595,13000,B,100103
-93.625,-93.1575,13025,B,100103
-93.25,-93.72,13050,B,100103
-93.875,-94.2825,13075,B,100103
-94.5,-94.845,13100,B,100103
-95.125,-95.4075,13125,B,100103
-95.75,-95.97,13150,B,100103
-96.375,-96.5325,13175,B,100103
-97,-97.095,13200,B,100103
-97.625,-97.6575,13225,B,100103
-98.25,-98.2625,13250,B,100103
-98.875,-98.8875,13275,B,100103
-99.5,-99.5125,13300,B,100103
-100.125,-100.1375,13325,B,100103
-100.75,-100.7625,13350,B,100103
-101.375,-101.3875,13375,B,100103
-102,-102.0125,13400,B,100103
-102.625,-102.6375,13425,B,100103
-103.25,-103.2625,13450,B,100103
-103.875,-103.8875,13475,B,100103
-104.5,-104.5125,13500,B,100103
-105.125,-105.1375,13525,B,100103
-105.75,-105.7625,13550,B,100103
-106.375,-106.3875,13575,B,100103
-107,-107.0125,13600,B,100103
-107.625,-107.6375,13625,B,100103
-108.25,-108.2625,13650,B,100103
-108.875,-108.8875,13675,B,100103
-109.5,-109.5125,13700,B,100103
-110.125,-110.1375,13725,B,100103
-110.75,-110.7625,13750,B,100103
-111.375,-111.3875,13775,B,100103
-112,-112.0125,13800,B,100103
-112.625,-112.6375,13825,B,100103
-113.25,-113.2625,13850,B,100103
-113.875,-113.8875,13875,B,100103
-114.5,-114.5125,13900,B,100103
-115.125,-115.1375,13925,B,100103
-115.75,-115.7625,13950,B,100103
-116.375,-116.3875,13975,B,100103
-117,-117.0125,14000,B,100103
-117.625,-117.6375,14025,B,100103
-118.25,-118.2075,14050,B,100103
-118.875,-118.77,14075,B,100103
-119.5,-119.3325,14100,B,100103
-120.125,-119.895,14125,B,100103
-120.75,-120.4575,14150,B,100103
-121.375,-121.02,14175,B,100103
-122,-121.5825,14200,B,100103
-122.625,-122.145,14225,B,100103
-122.25,-122.7075,14250,B,100103
-122.875,-123.27,14275,B,100103
-123.5,-123.8325,14300,B,100103
-124.125,-124.395,14325,B,100103
-124.75,-124.9575,14350,B,100103
-125.375,-125.4975,14375,B,100103
-126,-125.9975,14400,B,100103
-126.625,-126.4975,14425,B,100103
-127.25,-127.0525,14450,B,100103
-127.875,-127.615,14475,B,100103
-128.5,-128.1775,14500,B,100103
-129.125,-128.74,14525,B,100103
-129.75,-129.3025,14550,B,100103
-129.375,-129.865,14575,B,100103
-130,-130.4275,14600,B,100103
-130.625,-130.94,14625,B,100103
-131.25,-131.44,14650,B,100103
-131.875,-131.94,14675,B,100103
-132.5,-132.44,14700,B,100103
-133.125,-132.94,14725,B,100103
-133.75,-133.44,14750,B,100103
-134.375,-133.9625,14775,B,100103
-135,-134.525,14800,B,100103
-134.625,-135.0875,14825,B,100103
-135.25,-135.65,14850,B,100103
-135.875,-136.2125,14875,B,100103
-136.5,-136.775,14900,B,100103
-137.125,-137.3375,14925,B,100103
-137.75,-137.9,14950,B,100103
-138.375,-138.4625,14975,B,100103
-139,-139.025,15000,B,100103
-139.625,-139.6375,15025,B,100103
-140.25,-140.2275,15050,B,100103
-140.875,-140.79,15075,B,100103
-141.5,-141.3525,15100,B,100103
-142.125,-141.915,15125,B,100103
-142.75,-142.4775,15150,B,100103
-143.375,-142.9875,15175,B,100103
-144,-143.4875,15200,B,100103
-144.625,-143.9875,15225,B,100103
-144.25,-144.4875,15250,B,100103
-144.875,-144.9875,15275,B,100103
-145.5,-145.4875,15300,B,100103
-146.125,-145.9875,15325,B,100103
-146.75,-146.4875,15350,B,100103
-146.375,-146.9875,15375,B,100103
-147,-147.4875,15400,B,100103
-147.625,-147.9875,15425,B,100103
-148.25,-148.47,15450,B,100103
-148.875,-148.97,15475,B,100103
-149.5,-149.47,15500,B,100103
-150.125,-149.97,15525,B,100103
-150.75,-150.47,15550,B,100103
-151.375,-151.0225,15575,B,100103
-152,-151.585,15600,B,100103
-152.625,-152.1475,15625,B,100103
-152.25,-152.71,15650,B,100103
-152.875,-153.2725,15675,B,100103
-153.5,-153.835,15700,B,100103
-154.125,-154.3975,15725,B,100103
-154.75,-154.96,15750,B,100103
-155.375,-155.5225,15775,B,100103
-156,-156.085,15800,B,100103
-156.625,-156.6475,15825,B,100103
-157.25,-157.2625,15850,B,100103
-157.875,-157.8875,15875,B,100103
-158.5,-158.5125,15900,B,100103
-159.125,-159.1375,15925,B,100103
-159.75,-159.7625,15950,B,100103
-160.375,-160.3875,15975,B,100103
-161,-161.0125,16000,B,100103
-161.625,-161.6375,16025,B,100103
-162.25,-162.2625,16050,B,100103
-162.875,-162.8875,16075,B,100103
-163.5,-163.5125,16100,B,100103
-164.125,-164.1375,16125,B,100103
-164.75,-164.7625,16150,B,100103
-165.375,-165.3875,16175,B,100103
-166,-166.0125,16200,B,100103
-166.625,-166.6375,16225,B,100103
-167.25,-167.2625,16250,B,100103
-167.875,-167.8875,16275,B,100103
-168.5,-168.5125,16300,B,100103
-169.125,-169.1375,16325,B,100103
-169.75,-169.7625,16350,B,100103
-170.375,-170.3875,16375,B,100103
-171,-171.0125,16400,B,100103
-171.625,-171.6375,16425,B,100103
-172.25,-172.2625,16450,B,100103
-172.875,-172.8875,16475,B,100103
-173.5,-173.5125,16500,B,100103
-174.125,-174.1375,16525,B,100103
-174.75,-174.7625,16550,B,100103
-175.375,-175.3325,16575,B,100103
-176,-175.895,16600,B,100103
-176.625,-176.4575,16625,B,100103
-177.25,-177.02,16650,B,100103
-177.875,-177.5825,16675,B,100103
-178.5,-178.145,16700,B,100103
-179.125,-178.7075,16725,B,100103
-179.75,-179.27,16750,B,100103
-179.375,-179.8325,16775,B,100103
-180,-180.395,16800,B,100103
-180.625,-180.9575,16825,B,100103
-181.25,-181.52,16850,B,100103
-181.875,-182.0825,16875,B,100103
-182.5,-182.645,16900,B,100103
-183.125,-183.2075,16925,B,100103
-183.75,-183.77,16950,B,100103
-184.375,-184.3875,16975,B,100103
-185,-185.0125,17000,B,100103
-185.625,-185.6375,17025,B,100103
-186.25,-186.2625,17050,B,100103
-186.875,-186.8875,17075,B,100103
-187.5,-187.5125,17100,B,100103
-188.125,-188.1375,17125,B,100103
-188.75,-188.7625,17150,B,100103
-189.375,-189.3875,17175,B,100103
-190,-190.0125,17200,B,100103
-190.625,-190.6375,17225,B,100103
-191.25,-191.2625,17250,B,100103
-191.875,-191.8875,17275,B,100103
-192.5,-192.5125,17300,B,100103
-193.125,-193.1375,17325,B,100103
-193.75,-193.7625,17350,B,100103
-194.375,-194.3875,17375,B,100103
-195,-195.0125,17400,B,100103
-195.625,-195.6375,17425,B,100103
-196.25,-196.2625,17450,B,100103
-196.875,-196.8875,17475,B,100103
-197.5,-197.5125,17500,B,100103
-198.125,-198.1375,17525,B,100103
-198.75,-198.7625,17550,B,100103
-199.375,-199.3875,17575,B,100103
-200,-200.0125,17600,B,100103
-200.625,-200.6375,17625,B,100103
-201.25,-201.2625,17650,B,100103
-201.875,-201.8875,17675,B,100103
-202.5,-202.5125,17700,B,100103
-203.125,-203.1375,17725,B,100103
-203.75,-203.7625,17750,B,100103
-204.375,-204.3875,17775,B,100103
-205,-205.0125,17800,B,100103
-205.625,-205.6375,17825,B,100103
-206.25,-206.2625,17850,B,100103
-206.875,-206.8875,17875,B,100103
-207.5,-207.5125,17900,B,100103
-208.125,-208.1375,17925,B,100103
-208.75,-208.7625,17950,B,100103
-209.375,-209.3875,17975,B,100103
-210,-210.0125,18000,B,100103
-210.625,-210.6375,18025,B,100103
-211.25,-211.2625,18050,B,100103
-211.875,-211.8875,18075,B,100103
-212.5,-212.5125,18100,B,100103
-213.125,-213.1375,18125,B,100103
-213.75,-213.7625,18150,B,100103
-214.375,-214.3875,18175,B,100103
-215,-215.0125,18200,B,100103
-215.625,-215.6375,18225,B,100103
-216.25,-216.2625,18250,B,100103
-216.875,-216.8875,18275,B,100103
-217.5,-217.5125,18300,B,100103
-218.125,-218.1375,18325,B,100103
-218.75,-218.7625,18350,B,100103
-219.375,-219.3875,18375,B,100103
-220,-220.0125,18400,B,100103
-220.625,-220.6375,18425,B,100103
-221.25,-221.2625,18450,B,100103
-221.875,-221.8875,18475,B,100103
-222.5,-222.5125,18500,B,100103
-223.125,-223.1375,18525,B,100103
-223.75,-223.7625,18550,B,100103
-224.375,-224.3875,18575,B,100103
-225,-225.0125,18600,B,100103
-225.625,-225.6375,18625,B,100103
-226.25,-226.2625,18650,B,100103
-226.875,-226.8875,18675,B,100103
-227.5,-227.5125,18700,B,100103
-228.125,-228.1375,18725,B,100103
-228.75,-228.7625,18750,B,100103
-229.375,-229.3875,18775,B,100103
-230,-230.0125,18800,B,100103
-230.625,-230.6375,18825,B,100103
-231.25,-231.2625,18850,B,100103
-231.875,-231.8875,18875,B,100103
-232.5,-232.5125,18900,B,100103
-233.125,-233.1375,18925,B,100103
-233.75,-233.7625,18950,B,100103
-234.375,-234.3875,18975,B,100103
-235,-235.0125,19000,B,100103
-235.625,-235.6375,19025,B,100103
-236.25,-236.2625,19050,B,100103
-236.875,-236.8875,19075,B,100103
-237.5,-237.5125,19100,B,100103
-238.125,-238.1375,19125,B,100103
-238.75,-238.7625,19150,B,100103
-239.375,-239.3875,19175,B,100103
-240,-240.0125,19200,B,100103
-240.625,-240.6375,19225,B,100103
-241.25,-241.2625,19250,B,100103
-241.875,-241.8875,19275,B,100103
-242.5,-242.5125,19300,B,100103
-243.125,-243.1375,19325,B,100103
-243.75,-243.7625,19350,B,100103
-244.375,-244.3875,19375,B,100103
-245,-245.0125,19400,B,100103
-245.625,-245.6375,19425,B,100103
-246.25,-246.2625,19450,B,100103
-246.875,-246.8875,19475,B,100103
-247.5,-247.5125,19500,B,100103
-248.125,-248.1375,19525,B,100103
-248.75,-248.7625,19550,B,100103
-249.375,-249.3875,19575,B,100103
-250,-250.0125,19600,B,100103
-250.625,-250.6375,19625,B,100103
-251.25,-251.2625,19650,B,100103
-251.875,-251.8875,19675,B,100103
-252.5,-252.5125,19700,B,100103
-253.125,-253.1375,19725,B,100103
-253.75,-253.7625,19750,B,100103
-254.375,-254.3875,19775,B,100103
-255,-255.0125,19800,B,100103
-255.625,-255.6375,19825,B,100103
-256.25,-256.2625,19850,B,100103
-256.875,-256.8875,19875,B,100103
-257.5,-257.5125,19900,B,100103
-258.125,-258.1375,19925,B,100103
-258.75,-258.7625,19950,B,100103
-259.375,-259.3875,19975,B,100103
-260,-260.0125,20000,B,100103
2.375,,25,B,315967
2.75,,50,B,315967
4.125,,75,B,315967
5.5,,100,B,315967
6.875,,125,B,315967
11.25,,150,B,315967
14.625,,175,B,315967
20,20.4875,200,B,315967
23.375,23.47,225,B,315967
24.75,26.52,250,B,315967
28.125,29.6775,275,B,315967
35.5,32.91,300,B,315967
39.875,36.265,325,B,315967
43.25,39.5975,350,B,315967
43.625,42.8575,375,B,315967
48,45.86,400,B,315967
49.375,48.64,425,B,315967
51.75,51.285,450,B,315967
56.125,53.8075,475,B,315967
58.5,56.1325,500,B,315967
60.875,58.0925,525,B,315967
64.25,59.8375,550,B,315967
64.625,61.5775,575,B,315967
66,63.17,600,B,315967
65.375,64.645,625,B,315967
66.75,66.0475,650,B,315967
68.125,67.4525,675,B,315967
68.5,68.7775,700,B,315967
68.875,69.96,725,B,315967
70.25,71.05,750,B,315967
72.625,71.9725,775,B,315967
72,72.7675,800,B,315967
72.375,73.765,825,B,315967
73.75,74.685,850,B,315967
78.125,75.51,875,B,315967
77.5,76.2625,900,B,315967
78.875,77.1675,925,B,315967
79.25,78.085,950,B,315967
78.625,78.8825,975,B,315967
80,79.6325,1000,B,315967
81.375,80.3675,1025,B,315967
80.75,81.08,1050,B,315967
80.125,81.6675,1075,B,315967
82.5,82.1275,1100,B,315967
83.875,82.54,1125,B,315967
83.25,82.925,1150,B,315967
84.625,83.3325,1175,B,315967
84,83.815,1200,B,315967
84.375,84.0675,1225,B,315967
85.75,84.3175,1250,B,315967
85.125,84.6575,1275,B,315967
85.5,85.08,1300,B,315967
85.875,85.3875,1325,B,315967
85.25,85.7425,1350,B,315967
85.625,86.2025,1375,B,315967
86,86.7025,1400,B,315967
85.375,87.24,1425,B,315967
84.75,87.68,1450,B,315967
86.125,88.055,1475,B,315967
88.5,88.4075,1500,B,315967
87.875,88.7625,1525,B,315967
90.25,89.185,1550,B,315967
92.625,89.6975,1575,B,315967
92,90.1975,1600,B,315967
92.375,90.6975,1625,B,315967
91.75,91.1975,1650,B,315967
91.125,91.6075,1675,B,315967
90.5,91.9175,1700,B,315967
91.875,92.23,1725,B,315967
92.25,92.4375,1750,B,315967
94.625,92.485,1775,B,315967
94,92.5325,1800,B,315967
93.375,92.5375,1825,B,315967
92.75,92.5425,1850,B,315967
92.125,92.605,1875,B,315967
92.5,92.7575,1900,B,315967
92.875,92.8875,1925,B,315967
92.25,92.9625,1950,B,315967
92.625,92.9625,1975,B,315967
93,92.99,2000,B,315967
92.375,93.0525,2025,B,315967
92.75,93.115,2050,B,315967
92.125,93.2475,2075,B,315967
93.5,93.41,2100,B,315967
92.875,93.4725,2125,B,315967
93.25,93.535,2150,B,315967
93.625,93.5825,2175,B,315967
95,93.535,2200,B,315967
94.375,93.4725,2225,B,315967
93.75,93.425,2250,B,315967
95.125,93.405,2275,B,315967
94.5,93.315,2300,B,315967
93.875,93.225,2325,B,315967
93.25,93.1025,2350,B,315967
92.625,92.9325,2375,B,315967
92,92.655,2400,B,315967
91.375,92.3425,2425,B,315967
91.75,92.07,2450,B,315967
92.125,91.75,2475,B,315967
91.5,91.395,2500,B,315967
91.875,91.1425,2525,B,315967
91.25,90.9475,2550,B,315967
90.625,90.76,2575,B,315967
90,90.5725,2600,B,315967
89.375,90.385,2625,B,315967
89.75,90.2375,2650,B,315967
89.125,90.055,2675,B,315967
89.5,89.8675,2700,B,315967
89.875,89.68,2725,B,315967
90.25,89.4925,2750,B,315967
89.625,89.35,2775,B,315967
89,89.27,2800,B,315967
88.375,89.2075,2825,B,315967
88.75,89.105,2850,B,315967
89.125,88.98,2875,B,315967
88.5,88.855,2900,B,315967
88.875,88.67,2925,B,315967
88.25,88.4275,2950,B,315967
88.625,88.255,2975,B,315967
89,88.13,3000,B,315967
88.375,88.005,3025,B,315967
87.75,87.865,3050,B,315967
87.125,87.7825,3075,B,315967
87.5,87.72,3100,B,315967
86.875,87.6225,3125,B,315967
86.25,87.4975,3150,B,315967
87.625,87.375,3175,B,315967
87,87.205,3200,B,315967
86.375,87.0175,3225,B,315967
87.75,86.83,3250,B,315967
88.125,86.6425,3275,B,315967
87.5,86.435,3300,B,315967
86.875,86.2375,3325,B,315967
86.25,86.05,3350,B,315967
86.625,85.82,3375,B,315967
86,85.7325,3400,B,315967
85.375,85.7325,3425,B,315967
84.75,85.695,3450,B,315967
84.125,85.605,3475,B,315967
83.5,85.48,3500,B,315967
83.875,85.39,3525,B,315967
83.25,85.3275,3550,B,315967
84.625,85.2175,3575,B,315967
87,85.0925,3600,B,315967
86.375,84.9675,3625,B,315967
86.75,84.8425,3650,B,315967
86.125,84.7175,3675,B,315967
85.5,84.6375,3700,B,315967
85.875,84.55,3725,B,315967
85.25,84.4875,3750,B,315967
84.625,84.4575,3775,B,315967
84,84.295,3800,B,315967
83.375,84.045,3825,B,315967
82.75,83.7875,3850,B,315967
82.125,83.475,3875,B,315967
82.5,83.1625,3900,B,315967
82.875,82.815,3925,B,315967
82.25,82.44,3950,B,315967
83.625,82.065,3975,B,315967
83,81.69,4000,B,315967
82.375,81.315,4025,B,315967
81.75,80.94,4050,B,315967
81.125,80.565,4075,B,315967
80.5,80.145,4100,B,315967
79.875,79.68,4125,B,315967
79.25,79.18,4150,B,315967
78.625,78.625,4175,B,315967
78,78.1475,4200,B,315967
77.375,77.71,4225,B,315967
76.75,77.32,4250,B,315967
76.125,76.945,4275,B,315967
75.5,76.57,4300,B,315967
74.875,76.2025,4325,B,315967
74.25,75.9175,4350,B,315967
74.625,75.6675,4375,B,315967
76,75.445,4400,B,315967
75.375,75.2575,4425,B,315967
75.75,75.07,4450,B,315967
75.125,74.8825,4475,B,315967
74.5,74.7325,4500,B,315967
74.875,74.6275,4525,B,315967
75.25,74.565,4550,B,315967
74.625,74.49,4575,B,315967
75,74.28,4600,B,315967
74.375,74.03,4625,B,315967
73.75,73.7325,4650,B,315967
73.125,73.42,4675,B,315967
73.5,73.1075,4700,B,315967
73.875,72.7875,4725,B,315967
73.25,72.385,4750,B,315967
72.625,71.99,4775,B,315967
72,71.5875,4800,B,315967
71.375,71.15,4825,B,315967
70.75,70.7125,4850,B,315967
70.125,70.275,4875,B,315967
69.5,69.8,4900,B,315967
68.875,69.28,4925,B,315967
68.25,68.7175,4950,B,315967
68.625,68.155,4975,B,315967
68,67.5925,5000,B,315967
67.375,67.0775,5025,B,315967
66.75,66.5775,5050,B,315967
66.125,66.0775,5075,B,315967
65.5,65.5775,5100,B,315967
64.875,65.1,5125,B,315967
64.25,64.725,5150,B,315967
63.625,64.3075,5175,B,315967
63,63.87,5200,B,315967
63.375,63.4325,5225,B,315967
62.75,62.995,5250,B,315967
62.125,62.5575,5275,B,315967
61.5,62.16,5300,B,315967
62.875,61.785,5325,B,315967
62.25,61.41,5350,B,315967
61.625,61.035,5375,B,315967
61,60.6925,5400,B,315967
60.375,60.3375,5425,B,315967
59.75,60.025,5450,B,315967
59.125,59.7125,5475,B,315967
59.5,59.4,5500,B,315967
58.875,59.065,5525,B,315967
58.25,58.6275,5550,B,315967
57.625,58.19,5575,B,315967
58,57.785,5600,B,315967
58.375,57.41,5625,B,315967
57.75,57.135,5650,B,315967
57.125,56.885,5675,B,315967
56.5,56.595,5700,B,315967
55.875,56.305,5725,B,315967
55.25,56.055,5750,B,315967
54.625,55.805,5775,B,315967
55,55.5225,5800,B,315967
54.375,55.205,5825,B,315967
55.75,54.83,5850,B,315967
55.125,54.455,5875,B,315967
54.5,54.08,5900,B,315967
54.875,53.705,5925,B,315967
54.25,53.33,5950,B,315967
53.625,52.955,5975,B,315967
53,52.5475,6000,B,315967
52.375,52.165,6025,B,315967
51.75,51.72,6050,B,315967
51.125,51.295,6075,B,315967
50.5,50.92,6100,B,315967
49.875,50.5225,6125,B,315967
49.25,50.0875,6150,B,315967
48.625,49.7125,6175,B,315967
48,49.37,6200,B,315967
48.375,49.0575,6225,B,315967
48.75,48.745,6250,B,315967
49.125,48.4325,6275,B,315967
48.5,48.12,6300,B,315967
47.875,47.8075,6325,B,315967
48.25,47.51,6350,B,315967
47.625,47.26,6375,B,315967
48,47.01,6400,B,315967
47.375,46.705,6425,B,315967
46.75,46.3625,6450,B,315967
46.125,46.0225,6475,B,315967
45.5,45.6475,6500,B,315967
44.875,45.335,6525,B,315967
45.25,45.0475,6550,B,315967
44.625,44.735,6575,B,315967
44,44.39,6600,B,315967
43.375,44.015,6625,B,315967
42.75,43.6825,6650,B,315967
43.125,43.425,6675,B,315967
42.5,43.175,6700,B,315967
42.875,42.96,6725,B,315967
43.25,42.7575,6750,B,315967
42.625,42.5075,6775,B,315967
42,42.27,6800,B,315967
41.375,42.0975,6825,B,315967
41.75,42,6850,B,315967
42.125,41.89,6875,B,315967
41.5,41.765,6900,B,315967
41.875,41.5775,6925,B,315967
41.25,41.385,6950,B,315967
40.625,41.1975,6975,B,315967
41,41.01,7000,B,315967
41.375,40.8225,7025,B,315967
41.75,40.5925,7050,B,315967
41.125,40.3325,7075,B,315967
40.5,40.0825,7100,B,315967
39.875,39.7975,7125,B,315967
40.25,39.485,7150,B,315967
39.625,39.1725,7175,B,315967
39,38.8475,7200,B,315967
38.375,38.4575,7225,B,315967
37.75,37.9925,7250,B,315967
38.125,37.4925,7275,B,315967
37.5,36.9925,7300,B,315967
36.875,36.4925,7325,B,315967
36.25,35.97,7350,B,315967
35.625,35.4075,7375,B,315967
35,34.845,7400,B,315967
34.375,34.2825,7425,B,315967
33.75,33.72,7450,B,315967
33.125,33.1125,7475,B,315967
32.5,32.4875,7500,B,315967
31.875,31.8625,7525,B,315967
31.25,31.2375,7550,B,315967
30.625,30.6125,7575,B,315967
30,29.9875,7600,B,315967
29.375,29.3625,7625,B,315967
28.75,28.7375,7650,B,315967
28.125,28.1125,7675,B,315967
27.5,27.525,7700,B,315967
26.875,26.9625,7725,B,315967
26.25,26.4,7750,B,315967
25.625,25.8825,7775,B,315967
25,25.445,7800,B,315967
24.375,25.0075,7825,B,315967
23.75,24.57,7850,B,315967
23.125,24.1325,7875,B,315967
23.5,23.695,7900,B,315967
22.875,23.2575,7925,B,315967
22.25,22.82,7950,B,315967
23.625,22.3825,7975,B,315967
23,21.98,8000,B,315967
22.375,21.605,8025,B,315967
21.75,21.23,8050,B,315967
21.125,20.855,8075,B,315967
20.5,20.4425,8100,B,315967
19.875,20.005,8125,B,315967
19.25,19.5675,8150,B,315967
18.625,19.085,8175,B,315967
19,18.5225,8200,B,315967
18.375,17.96,8225,B,315967
17.75,17.3975,8250,B,315967
17.125,16.835,8275,B,315967
16.5,16.2725,8300,B,315967
15.875,15.71,8325,B,315967
15.25,15.1475,8350,B,315967
14.625,14.585,8375,B,315967
14,13.9875,8400,B,315967
13.375,13.3625,8425,B,315967
12.75,12.7575,8450,B,315967
12.125,12.195,8475,B,315967
11.5,11.6325,8500,B,315967
10.875,11.115,8525,B,315967
10.25,10.615,8550,B,315967
9.62499999999998,10.115,8575,B,315967
8.99999999999998,9.61499999999998,8600,B,315967
8.37499999999998,9.11499999999998,8625,B,315967
8.74999999999998,8.61499999999998,8650,B,315967
8.12499999999998,8.11499999999998,8675,B,315967
7.49999999999998,7.65499999999998,8700,B,315967
7.87499999999998,7.21749999999998,8725,B,315967
7.24999999999998,6.77999999999998,8750,B,315967
6.62499999999998,6.34249999999998,8775,B,315967
5.99999999999998,5.90499999999998,8800,B,315967
5.37499999999998,5.46749999999998,8825,B,315967
4.74999999999998,5.00999999999998,8850,B,315967
4.12499999999998,4.50999999999998,8875,B,315967
4.49999999999998,4.00999999999998,8900,B,315967
3.87499999999998,3.46499999999998,8925,B,315967
3.24999999999998,2.90249999999998,8950,B,315967
2.62499999999998,2.34749999999998,8975,B,315967
1.99999999999998,1.84749999999998,9000,B,315967
1.37499999999998,1.34749999999998,9025,B,315967
0.749999999999983,0.847499999999983,9050,B,315967
0.124999999999983,0.347499999999983,9075,B,315967
-0.500000000000017,-0.192500000000017,9100,B,315967
-1.12500000000002,-0.755000000000017,9125,B,315967
-1.75000000000002,-1.31750000000002,9150,B,315967
-1.37500000000002,-1.88000000000002,9175,B,315967
-2.00000000000002,-2.44250000000002,9200,B,315967
-2.62500000000002,-3.00500000000002,9225,B,315967
-3.25000000000002,-3.56750000000002,9250,B,315967
-3.87500000000002,-4.13000000000002,9275,B,315967
-4.50000000000002,-4.69250000000002,9300,B,315967
-5.12500000000002,-5.25500000000002,9325,B,315967
-5.75000000000002,-5.81750000000002,9350,B,315967
-6.37500000000002,-6.32500000000002,9375,B,315967
-7.00000000000002,-6.88750000000002,9400,B,315967
-7.62500000000002,-7.45000000000002,9425,B,315967
-8.25000000000002,-8.01250000000002,9450,B,315967
-8.87500000000002,-8.57500000000002,9475,B,315967
-9.50000000000002,-9.13750000000002,9500,B,315967
-10.125,-9.70000000000002,9525,B,315967
-10.75,-10.2625,9550,B,315967
-10.375,-10.825,9575,B,315967
-11,-11.3875,9600,B,315967
-11.625,-11.95,9625,B,315967
-12.25,-12.5125,9650,B,315967
-12.875,-13.075,9675,B,315967
-13.5,-13.6375,9700,B,315967
-14.125,-14.2,9725,B,315967
-14.75,-14.7625,9750,B,315967
-15.375,-15.3875,9775,B,315967
-16,-16.0125,9800,B,315967
-16.625,-16.615,9825,B,315967
-17.25,-17.1775,9850,B,315967
-17.875,-17.74,9875,B,315967
-18.5,-18.3025,9900,B,315967
-19.125,-18.865,9925,B,315967
-19.75,-19.4275,9950,B,315967
-20.375,-19.98,9975,B,315967
-21,-20.435,10000,B,315967
-20.625,-20.8725,10025,B,315967
-21.25,-21.31,10050,B,315967
-21.875,-21.7475,10075,B,315967
-22.5,-22.185,10100,B,315967
-23.125,-22.6225,10125,B,315967
-23.75,-23.06,10150,B,315967
-23.375,-23.4975,10175,B,315967
-23,-23.9075,10200,B,315967
-23.625,-24.305,10225,B,315967
-24.25,-24.7425,10250,B,315967
-24.875,-25.18,10275,B,315967
-25.5,-25.6175,10300,B,315967
-26.125,-26.055,10325,B,315967
-26.75,-26.4925,10350,B,315967
-27.375,-26.94,10375,B,315967
-27,-27.485,10400,B,315967
-27.625,-28.0475,10425,B,315967
-28.25,-28.61,10450,B,315967
-28.875,-29.1725,10475,B,315967
-29.5,-29.735,10500,B,315967
-30.125,-30.2975,10525,B,315967
-30.75,-30.86,10550,B,315967
-31.375,-31.4225,10575,B,315967
-32,-32.0125,10600,B,315967
-32.625,-32.6375,10625,B,315967
-33.25,-33.2625,10650,B,315967
-33.875,-33.8875,10675,B,315967
-34.5,-34.5125,10700,B,315967
-35.125,-35.1375,10725,B,315967
-35.75,-35.7625,10750,B,315967
-36.375,-36.3875,10775,B,315967
-37,-37.0125,10800,B,315967
-37.625,-37.6375,10825,B,315967
-38.25,-38.2625,10850,B,315967
-38.875,-38.8725,10875,B,315967
-39.5,-39.435,10900,B,315967
-40.125,-39.9975,10925,B,315967
-40.75,-40.56,10950,B,315967
-41.375,-41.1225,10975,B,315967
-42,-41.685,11000,B,315967
-42.625,-42.2475,11025,B,315967
-43.25,-42.81,11050,B,315967
-42.875,-43.3725,11075,B,315967
-43.5,-43.935,11100,B,315967
-44.125,-44.4975,11125,B,315967
-44.75,-45.06,11150,B,315967
-45.375,-45.6225,11175,B,315967
-46,-46.185,11200,B,315967
-46.625,-46.7475,11225,B,315967
-47.25,-47.31,11250,B,315967
-47.875,-47.8875,11275,B,315967
-48.5,-48.5125,11300,B,315967
-49.125,-49.1375,11325,B,315967
-49.75,-49.7625,11350,B,315967
-50.375,-50.3875,11375,B,315967
-51,-51.0125,11400,B,315967
-51.625,-51.6375,11425,B,315967
-52.25,-52.2625,11450,B,315967
-52.875,-52.8875,11475,B,315967
-53.5,-53.5125,11500,B,315967
-54.125,-54.1375,11525,B,315967
-54.75,-54.7625,11550,B,315967
-55.375,-55.3875,11575,B,315967
-56,-56.0125,11600,B,315967
-56.625,-56.6375,11625,B,315967
-57.25,-57.215,11650,B,315967
-57.875,-57.7775,11675,B,315967
-58.5,-58.34,11700,B,315967
-59.125,-58.9025,11725,B,315967
-59.75,-59.465,11750,B,315967
-60.375,-60.0275,11775,B,315967
-61,-60.59,11800,B,315967
-61.625,-61.1525,11825,B,315967
-61.25,-61.715,11850,B,315967
-61.875,-62.2775,11875,B,315967
-62.5,-62.84,11900,B,315967
-63.125,-63.4025,11925,B,315967
-63.75,-63.965,11950,B,315967
-64.375,-64.5275,11975,B,315967
-65,-65.09,12000,B,315967
-65.625,-65.6525,12025,B,315967
-66.25,-66.2625,12050,B,315967
-66.875,-66.8875,12075,B,315967
-67.5,-67.5125,12100,B,315967
-68.125,-68.1375,12125,B,315967
-68.75,-68.7625,12150,B,315967
-69.375,-69.3875,12175,B,315967
-70,-70.0125,12200,B,315967
-70.625,-70.6375,12225,B,315967
-71.25,-71.2625,12250,B,315967
-71.875,-71.8875,12275,B,315967
-72.5,-72.5125,12300,B,315967
-73.125,-73.1375,12325,B,315967
-73.75,-73.7625,12350,B,315967
-74.375,-74.3875,12375,B,315967
-75,-75.0125,12400,B,315967
-75.625,-75.6375,12425,B,315967
-76.25,-76.2625,12450,B,315967
-76.875,-76.8875,12475,B,315967
-77.5,-77.5125,12500,B,315967
-78.125,-78.1375,12525,B,315967
-78.75,-78.7625,12550,B,315967
-79.375,-79.3875,12575,B,315967
-80,-80.0125,12600,B,315967
-80.625,-80.6375,12625,B,315967
-81.25,-81.2625,12650,B,315967
-81.875,-81.8875,12675,B,315967
-82.5,-82.5125,12700,B,315967
-83.125,-83.1375,12725,B,315967
-83.75,-83.7625,12750,B,315967
-84.375,-84.3875,12775,B,315967
-85,-85.0125,12800,B,315967
-85.625,-85.6375,12825,B,315967
-86.25,-86.2625,12850,B,315967
-86.875,-86.8875,12875,B,315967
-87.5,-87.5125,12900,B,315967
-88.125,-88.1375,12925,B,315967
-88.75,-88.7625,12950,B,315967
-89.375,-89.3875,12975,B,315967
-90,-90.0125,13000,B,315967
-90.625,-90.6375,13025,B,315967
-91.25,-91.2625,13050,B,315967
-91.875,-91.8875,13075,B,315967
-92.5,-92.5125,13100,B,315967
-93.125,-93.1375,13125,B,315967
-93.75,-93.7625,13150,B,315967
-94.375,-94.3875,13175,B,315967
-95,-95.0125,13200,B,315967
-95.625,-95.6375,13225,B,315967
-96.25,-96.2625,13250,B,315967
-96.875,-96.8875,13275,B,315967
-97.5,-97.49,13300,B,315967
-98.125,-98.0525,13325,B,315967
-98.75,-98.615,13350,B,315967
-99.375,-99.1775,13375,B,315967
-100,-99.74,13400,B,315967
-100.625,-100.3025,13425,B,315967
-101.25,-100.865,13450,B,315967
-101.875,-101.4275,13475,B,315967
-101.5,-101.99,13500,B,315967
-102.125,-102.5525,13525,B,315967
-102.75,-103.115,13550,B,315967
-103.375,-103.6775,13575,B,315967
-104,-104.24,13600,B,315967
-104.625,-104.8025,13625,B,315967
-105.25,-105.365,13650,B,315967
-105.875,-105.905,13675,B,315967
-106.5,-106.4275,13700,B,315967
-107.125,-106.99,13725,B,315967
-107.75,-107.5525,13750,B,315967
-108.375,-108.115,13775,B,315967
-109,-108.6775,13800,B,315967
-109.625,-109.24,13825,B,315967
-110.25,-109.8025,13850,B,315967
-109.875,-110.365,13875,B,315967
-110.5,-110.9275,13900,B,315967
-111.125,-111.49,13925,B,315967
-111.75,-112.0525,13950,B,315967
-112.375,-112.615,13975,B,315967
-113,-113.1775,14000,B,315967
-113.625,-113.74,14025,B,315967
-114.25,-114.3025,14050,B,315967
-114.875,-114.8875,14075,B,315967
-115.5,-115.5125,14100,B,315967
-116.125,-116.1375,14125,B,315967
-116.75,-116.7625,14150,B,315967
-117.375,-117.3875,14175,B,315967
-118,-118.0125,14200,B,315967
-118.625,-118.6375,14225,B,315967
-119.25,-119.2625,14250,B,315967
-119.875,-119.8875,14275,B,315967
-120.5,-120.5125,14300,B,315967
-121.125,-121.1375,14325,B,315967
-121.75,-121.7625,14350,B,315967
-122.375,-122.3875,14375,B,315967
-123,-123.0125,14400,B,315967
-123.625,-123.6375,14425,B,315967
-124.25,-124.2625,14450,B,315967
-124.875,-124.8875,14475,B,315967
-125.5,-125.5125,14500,B,315967
-126.125,-126.1375,14525,B,315967
-126.75,-126.7625,14550,B,315967
-127.375,-127.3875,14575,B,315967
-128,-128.0125,14600,B,315967
-128.625,-128.6375,14625,B,315967
-129.25,-129.2625,14650,B,315967
-129.875,-129.8875,14675,B,315967
-130.5,-130.5125,14700,B,315967
-131.125,-131.1375,14725,B,315967
-131.75,-131.7625,14750,B,315967
-132.375,-132.3875,14775,B,315967
-133,-133.0125,14800,B,315967
-133.625,-133.6375,14825,B,315967
-134.25,-134.2625,14850,B,315967
-134.875,-134.8875,14875,B,315967
-135.5,-135.5125,14900,B,315967
-136.125,-136.1375,14925,B,315967
-136.75,-136.7625,14950,B,315967
-137.375,-137.3875,14975,B,315967
-138,-138.0125,15000,B,315967
-138.625,-138.6375,15025,B,315967
-139.25,-139.2625,15050,B,315967
-139.875,-139.8875,15075,B,315967
-140.5,-140.5125,15100,B,315967
-141.125,-141.1375,15125,B,315967
-141.75,-141.7625,15150,B,315967
-142.375,-142.3875,15175,B,315967
-143,-143.0125,15200,B,315967
-143.625,-143.6375,15225,B,315967
-144.25,-144.2625,15250,B,315967
-144.875,-144.8875,15275,B,315967
-145.5,-145.5125,15300,B,315967
-146.125,-146.1375,15325,B,315967
-146.75,-146.7625,15350,B,315967
-147.375,-147.3875,15375,B,315967
-148,-148.0125,15400,B,315967
-148.625,-148.6375,15425,B,315967
-149.25,-149.2625,15450,B,315967
-149.875,-149.8875,15475,B,315967
-150.5,-150.5125,15500,B,315967
-151.125,-151.1375,15525,B,315967
-151.75,-151.7625,15550,B,315967
-152.375,-152.3875,15575,B,315967
-153,-153.0125,15600,B,315967
-153.625,-153.6125,15625,B,315967
-154.25,-154.1525,15650,B,315967
-154.875,-154.6525,15675,B,315967
-155.5,-155.1525,15700,B,315967
-156.125,-155.6525,15725,B,315967
-156.75,-156.1075,15750,B,315967
-157.375,-156.545,15775,B,315967
-158,-156.9825,15800,B,315967
-157.625,-157.42,15825,B,315967
-157.25,-157.8575,15850,B,315967
-157.875,-158.295,15875,B,315967
-158.5,-158.7325,15900,B,315967
-159.125,-159.17,15925,B,315967
-158.75,-159.6075,15950,B,315967
-159.375,-160.045,15975,B,315967
-160,-160.4825,16000,B,315967
-160.625,-160.945,16025,B,315967
-161.25,-161.4675,16050,B,315967
-161.875,-162.03,16075,B,315967
-162.5,-162.5925,16100,B,315967
-163.125,-163.155,16125,B,315967
-163.75,-163.7625,16150,B,315967
-164.375,-164.3875,16175,B,315967
-165,-165.0125,16200,B,315967
-165.625,-165.6375,16225,B,315967
-166.25,-166.2625,16250,B,315967
-166.875,-166.8875,16275,B,315967
-167.5,-167.5125,16300,B,315967
-168.125,-168.1375,16325,B,315967
-168.75,-168.7625,16350,B,315967
-169.375,-169.3875,16375,B,315967
-170,-170.0125,16400,B,315967
-170.625,-170.6375,16425,B,315967
-171.25,-171.2625,16450,B,315967
-171.875,-171.8875,16475,B,315967
-172.5,-172.5125,16500,B,315967
-173.125,-173.1375,16525,B,315967
-173.75,-173.7625,16550,B,315967
-174.375,-174.3875,16575,B,315967
-175,-175.0125,16600,B,315967
-175.625,-175.6375,16625,B,315967
-176.25,-176.2625,16650,B,315967
-176.875,-176.8875,16675,B,315967
-177.5,-177.5125,16700,B,315967
-178.125,-178.1375,16725,B,315967
-178.75,-178.7625,16750,B,315967
-179.375,-179.3875,16775,B,315967
-180,-180.0125,16800,B,315967
-180.625,-180.6375,16825,B,315967
-181.25,-181.2625,16850,B,315967
-181.875,-181.8875,16875,B,315967
-182.5,-182.5125,16900,B,315967
-183.125,-183.1375,16925,B,315967
-183.75,-183.7625,16950,B,315967
-184.375,-184.3875,16975,B,315967
-185,-185.0125,17000,B,315967
-185.625,-185.6375,17025,B,315967
-186.25,-186.2625,17050,B,315967
-186.875,-186.8875,17075,B,315967
-187.5,-187.5125,17100,B,315967
-188.125,-188.1375,17125,B,315967
-188.75,-188.7625,17150,B,315967
-189.375,-189.3875,17175,B,315967
-190,-190.0125,17200,B,315967
-190.625,-190.6375,17225,B,315967
-191.25,-191.2625,17250,B,315967
-191.875,-191.8875,17275,B,315967
-192.5,-192.5125,17300,B,315967
-193.125,-193.1375,17325,B,315967
-193.75,-193.7625,17350,B,315967
-194.375,-194.3875,17375,B,315967
-195,-195.0125,17400,B,315967
-195.625,-195.6375,17425,B,315967
-196.25,-196.2625,17450,B,315967
-196.875,-196.8875,17475,B,315967
-197.5,-197.5125,17500,B,315967
-198.125,-198.1375,17525,B,315967
-198.75,-198.7625,17550,B,315967
-199.375,-199.3875,17575,B,315967
-200,-200.0125,17600,B,315967
-200.625,-200.6375,17625,B,315967
-201.25,-201.2625,17650,B,315967
-201.875,-201.8875,17675,B,315967
-202.5,-202.5125,17700,B,315967
-203.125,-203.1375,17725,B,315967
-203.75,-203.7625,17750,B,315967
-204.375,-204.3875,17775,B,315967
-205,-205.0125,17800,B,315967
-205.625,-205.6375,17825,B,315967
-206.25,-206.2625,17850,B,315967
-206.875,-206.8875,17875,B,315967
-207.5,-207.5125,17900,B,315967
-208.125,-208.1375,17925,B,315967
-208.75,-208.7625,17950,B,315967
-209.375,-209.3875,17975,B,315967
-210,-210.0125,18000,B,315967
-210.625,-210.6375,18025,B,315967
-211.25,-211.2625,18050,B,315967
-211.875,-211.8875,18075,B,315967
-212.5,-212.5125,18100,B,315967
-213.125,-213.1375,18125,B,315967
-213.75,-213.7625,18150,B,315967
-214.375,-214.3875,18175,B,315967
-215,-215.0125,18200,B,315967
-215.625,-215.6375,18225,B,315967
-216.25,-216.2625,18250,B,315967
-216.875,-216.8875,18275,B,315967
-217.5,-217.5125,18300,B,315967
-218.125,-218.1375,18325,B,315967
-218.75,-218.7625,18350,B,315967
-219.375,-219.3875,18375,B,315967
-220,-220.0125,18400,B,315967
-220.625,-220.6375,18425,B,315967
-221.25,-221.2625,18450,B,315967
-221.875,-221.8875,18475,B,315967
-222.5,-222.5125,18500,B,315967
-223.125,-223.1375,18525,B,315967
-223.75,-223.7625,18550,B,315967
-224.375,-224.3875,18575,B,315967
-225,-225.0125,18600,B,315967
-225.625,-225.6375,18625,B,315967
-226.25,-226.2625,18650,B,315967
-226.875,-226.8875,18675,B,315967
-227.5,-227.5125,18700,B,315967
-228.125,-228.1375,18725,B,315967
-228.75,-228.7625,18750,B,315967
-229.375,-229.3875,18775,B,315967
-230,-230.0125,18800,B,315967
-230.625,-230.6375,18825,B,315967
-231.25,-231.2625,18850,B,315967
-231.875,-231.8875,18875,B,315967
-232.5,-232.5125,18900,B,315967
-233.125,-233.1375,18925,B,315967
-233.75,-233.7625,18950,B,315967
-234.375,-234.3875,18975,B,315967
-235,-235.0125,19000,B,315967
-235.625,-235.6375,19025,B,315967
-236.25,-236.2625,19050,B,315967
-236.875,-236.8875,19075,B,315967
-237.5,-237.5125,19100,B,315967
-238.125,-238.1375,19125,B,315967
-238.75,-238.7625,19150,B,315967
-239.375,-239.3875,19175,B,315967
-240,-240.0125,19200,B,315967
-240.625,-240.6375,19225,B,315967
-241.25,-241.2625,19250,B,315967
-241.875,-241.8875,19275,B,315967
-242.5,-242.5125,19300,B,315967
-243.125,-243.1375,19325,B,315967
-243.75,-243.7625,19350,B,315967
-244.375,-244.3875,19375,B,315967
-245,-245.0125,19400,B,315967
-245.625,-245.6375,19425,B,315967
-246.25,-246.2625,19450,B,315967
-246.875,-246.8875,19475,B,315967
-247.5,-247.5125,19500,B,315967
-248.125,-248.1375,19525,B,315967
-248.75,-248.7625,19550,B,315967
-249.375,-249.3875,19575,B,315967
-250,-250.0125,19600,B,315967
-250.625,-250.6375,19625,B,315967
-251.25,-251.2625,19650,B,315967
-251.875,-251.8875,19675,B,315967
-252.5,-252.5125,19700,B,315967
-253.125,-253.1375,19725,B,315967
-253.75,-253.7625,19750,B,315967
-254.375,-254.3875,19775,B,315967
-255,-255.0125,19800,B,315967
-255.625,-255.6375,19825,B,315967
-256.25,-256.2625,19850,B,315967
-256.875,-256.8875,19875,B,315967
-257.5,-257.5125,19900,B,315967
-258.125,-258.1375,19925,B,315967
-258.75,-258.7625,19950,B,315967
-259.375,-259.3875,19975,B,315967
-260,-260.0125,20000,B,315967
1.375,,25,B,352357
1.75,,50,B,352357
2.125,,75,B,352357
4.5,,100,B,352357
4.875,,125,B,352357
6.25,,150,B,352357
8.625,,175,B,352357
10,14.3275,200,B,352357
18.375,16.6225,225,B,352357
19.75,19.12,250,B,352357
22.125,21.7125,275,B,352357
21.5,24.3425,300,B,352357
26.875,26.9675,325,B,352357
30.25,29.685,350,B,352357
32.625,32.475,375,B,352357
36,35.115,400,B,352357
38.375,37.5475,425,B,352357
42.75,39.7875,450,B,352357
44.125,42.0875,475,B,352357
45.5,44.5025,500,B,352357
46.875,46.8775,525,B,352357
50.25,49.105,550,B,352357
51.625,51.185,575,B,352357
52,53.17,600,B,352357
55.375,55.1125,625,B,352357
55.75,56.9075,650,B,352357
60.125,58.6025,675,B,352357
61.5,60.1675,700,B,352357
63.875,61.67,725,B,352357
64.25,63.15,750,B,352357
64.625,64.56,775,B,352357
67,65.95,800,B,352357
69.375,67.2575,825,B,352357
70.75,68.555,850,B,352357
70.125,69.7625,875,B,352357
70.5,70.8175,900,B,352357
71.875,71.765,925,B,352357
73.25,72.5475,950,B,352357
73.625,73.385,975,B,352357
74,74.2325,1000,B,352357
75.375,74.9025,1025,B,352357
77.75,75.5125,1050,B,352357
77.125,76.12,1075,B,352357
77.5,76.8225,1100,B,352357
76.875,77.6775,1125,B,352357
78.25,78.4975,1150,B,352357
78.625,79.1925,1175,B,352357
80,79.9125,1200,B,352357
79.375,80.6175,1225,B,352357
79.75,81.15,1250,B,352357
81.125,81.5975,1275,B,352357
82.5,82.145,1300,B,352357
85.875,82.71,1325,B,352357
85.25,83.41,1350,B,352357
85.625,84.1475,1375,B,352357
86,84.85,1400,B,352357
85.375,85.51,1425,B,352357
84.75,86.2,1450,B,352357
85.125,87,1475,B,352357
86.5,87.7075,1500,B,352357
86.875,88.24,1525,B,352357
88.25,88.6825,1550,B,352357
90.625,89.1775,1575,B,352357
90,89.6125,1600,B,352357
90.375,90.05,1625,B,352357
90.75,90.5,1650,B,352357
93.125,91.0175,1675,B,352357
92.5,91.49,1700,B,352357
92.875,91.94,1725,B,352357
93.25,92.305,1750,B,352357
92.625,92.5475,1775,B,352357
92,92.7875,1800,B,352357
92.375,93.0025,1825,B,352357
92.75,93.1425,1850,B,352357
93.125,93.11,1875,B,352357
93.5,93.135,1900,B,352357
93.875,93.14,1925,B,352357
94.25,93.1525,1950,B,352357
93.625,93.1525,1975,B,352357
94,93.1525,2000,B,352357
93.375,93.09,2025,B,352357
92.75,93.06,2050,B,352357
92.125,92.97,2075,B,352357
93.5,92.795,2100,B,352357
92.875,92.71,2125,B,352357
93.25,92.6,2150,B,352357
92.625,92.475,2175,B,352357
92,92.2975,2200,B,352357
91.375,92.11,2225,B,352357
91.75,91.9675,2250,B,352357
91.125,91.8425,2275,B,352357
91.5,91.675,2300,B,352357
91.875,91.6175,2325,B,352357
92.25,91.6,2350,B,352357
91.625,91.565,2375,B,352357
91,91.625,2400,B,352357
90.375,91.745,2425,B,352357
90.75,91.825,2450,B,352357
90.125,91.8875,2475,B,352357
91.5,91.9475,2500,B,352357
92.875,91.8925,2525,B,352357
92.25,91.79,2550,B,352357
92.625,91.725,2575,B,352357
93,91.6625,2600,B,352357
93.375,91.6125,2625,B,352357
92.75,91.6725,2650,B,352357
92.125,91.7975,2675,B,352357
91.5,91.8775,2700,B,352357
90.875,91.81,2725,B,352357
90.25,91.685,2750,B,352357
90.625,91.5475,2775,B,352357
90,91.425,2800,B,352357
90.375,91.28,2825,B,352357
92.75,91.155,2850,B,352357
92.125,91.03,2875,B,352357
91.5,90.905,2900,B,352357
90.875,90.8075,2925,B,352357
90.25,90.745,2950,B,352357
90.625,90.6225,2975,B,352357
91,90.4975,3000,B,352357
91.375,90.36,3025,B,352357
90.75,90.0675,3050,B,352357
90.125,89.75,3075,B,352357
89.5,89.4375,3100,B,352357
89.875,89.125,3125,B,352357
89.25,88.8125,3150,B,352357
88.625,88.485,3175,B,352357
88,88.0475,3200,B,352357
87.375,87.5725,3225,B,352357
86.75,87.075,3250,B,352357
87.125,86.6375,3275,B,352357
86.5,86.2,3300,B,352357
85.875,85.735,3325,B,352357
85.25,85.235,3350,B,352357
84.625,84.735,3375,B,352357
84,84.235,3400,B,352357
83.375,83.735,3425,B,352357
83.75,83.235,3450,B,352357
83.125,82.6775,3475,B,352357
82.5,82.115,3500,B,352357
81.875,81.59,3525,B,352357
81.25,81.1175,3550,B,352357
80.625,80.68,3575,B,352357
80,80.2425,3600,B,352357
79.375,79.855,3625,B,352357
78.75,79.4775,3650,B,352357
78.125,79.095,3675,B,352357
77.5,78.78,3700,B,352357
77.875,78.53,3725,B,352357
78.25,78.29,3750,B,352357
77.625,78.14,3775,B,352357
77,78.015,3800,B,352357
77.375,77.895,3825,B,352357
76.75,77.8325,3850,B,352357
77.125,77.77,3875,B,352357
78.5,77.7625,3900,B,352357
77.875,77.725,3925,B,352357
78.25,77.635,3950,B,352357
78.625,77.51,3975,B,352357
78,77.385,4000,B,352357
78.375,77.21,4025,B,352357
77.75,77.075,4050,B,352357
77.125,76.895,4075,B,352357
77.5,76.66,4100,B,352357
76.875,76.4225,4125,B,352357
76.25,76.225,4150,B,352357
75.625,75.9725,4175,B,352357
75,75.7225,4200,B,352357
74.375,75.4925,4225,B,352357
74.75,75.2425,4250,B,352357
74.125,74.9925,4275,B,352357
74.5,74.6875,4300,B,352357
74.875,74.375,4325,B,352357
74.25,74.1725,4350,B,352357
74.625,74.0225,4375,B,352357
74,73.8975,4400,B,352357
74.375,73.7725,4425,B,352357
73.75,73.595,4450,B,352357
73.125,73.4075,4475,B,352357
72.5,73.265,4500,B,352357
71.875,73.1275,4525,B,352357
73.25,72.9725,4550,B,352357
73.625,72.8125,4575,B,352357
73,72.625,4600,B,352357
72.375,72.4475,4625,B,352357
71.75,72.26,4650,B,352357
71.125,72.115,4675,B,352357
72.5,71.99,4700,B,352357
71.875,71.87,4725,B,352357
72.25,71.6975,4750,B,352357
71.625,71.4725,4775,B,352357
71,71.2225,4800,B,352357
71.375,71,4825,B,352357
70.75,70.8125,4850,B,352357
71.125,70.625,4875,B,352357
70.5,70.3925,4900,B,352357
70.875,70.1425,4925,B,352357
70.25,69.9175,4950,B,352357
69.625,69.6675,4975,B,352357
69,69.48,5000,B,352357
69.375,69.32,5025,B,352357
68.75,69.1325,5050,B,352357
68.125,68.9025,5075,B,352357
68.5,68.6525,5100,B,352357
67.875,68.3975,5125,B,352357
68.25,68.1025,5150,B,352357
67.625,67.8525,5175,B,352357
69,67.6025,5200,B,352357
68.375,67.325,5225,B,352357
67.75,67.0125,5250,B,352357
67.125,66.7475,5275,B,352357
66.5,66.485,5300,B,352357
65.875,66.1725,5325,B,352357
66.25,65.885,5350,B,352357
65.625,65.635,5375,B,352357
65,65.3225,5400,B,352357
64.375,64.9475,5425,B,352357
63.75,64.5725,5450,B,352357
64.125,64.1975,5475,B,352357
63.5,63.8225,5500,B,352357
62.875,63.48,5525,B,352357
64.25,63.195,5550,B,352357
63.625,62.925,5575,B,352357
63,62.72,5600,B,352357
62.375,62.5325,5625,B,352357
61.75,62.345,5650,B,352357
61.125,62.17,5675,B,352357
60.5,61.9825,5700,B,352357
60.875,61.795,5725,B,352357
61.25,61.525,5750,B,352357
61.625,61.2125,5775,B,352357
62,60.9,5800,B,352357
61.375,60.6325,5825,B,352357
60.75,60.3825,5850,B,352357
61.125,60.1875,5875,B,352357
60.5,60,5900,B,352357
59.875,59.78,5925,B,352357
59.25,59.485,5950,B,352357
58.625,59.13,5975,B,352357
58,58.71,6000,B,352357
58.375,58.2725,6025,B,352357
57.75,57.835,6050,B,352357
58.125,57.3375,6075,B,352357
57.5,56.8375,6100,B,352357
56.875,56.3575,6125,B,352357
56.25,55.92,6150,B,352357
55.625,55.485,6175,B,352357
55,55.11,6200,B,352357
54.375,54.69,6225,B,352357
53.75,54.2525,6250,B,352357
53.125,53.76,6275,B,352357
52.5,53.26,6300,B,352357
52.875,52.76,6325,B,352357
52.25,52.26,6350,B,352357
52.625,51.76,6375,B,352357
52,51.29,6400,B,352357
51.375,50.915,6425,B,352357
50.75,50.54,6450,B,352357
50.125,50.165,6475,B,352357
49.5,49.79,6500,B,352357
48.875,49.395,6525,B,352357
48.25,48.9575,6550,B,352357
47.625,48.5175,6575,B,352357
48,48.0175,6600,B,352357
48.375,47.5175,6625,B,352357
47.75,47.0175,6650,B,352357
47.125,46.5525,6675,B,352357
46.5,46.115,6700,B,352357
45.875,45.6775,6725,B,352357
45.25,45.24,6750,B,352357
44.625,44.8025,6775,B,352357
44,44.3875,6800,B,352357
43.375,43.8875,6825,B,352357
42.75,43.3875,6850,B,352357
43.125,42.8875,6875,B,352357
42.5,42.4275,6900,B,352357
41.875,41.99,6925,B,352357
41.25,41.5525,6950,B,352357
40.625,41.115,6975,B,352357
41,40.6775,7000,B,352357
40.375,40.24,7025,B,352357
39.75,39.8025,7050,B,352357
39.125,39.415,7075,B,352357
39.5,39.04,7100,B,352357
38.875,38.665,7125,B,352357
38.25,38.29,7150,B,352357
37.625,37.915,7175,B,352357
37,37.4875,7200,B,352357
36.375,37.05,7225,B,352357
35.75,36.6125,7250,B,352357
37.125,36.175,7275,B,352357
36.5,35.6975,7300,B,352357
35.875,35.1975,7325,B,352357
35.25,34.6975,7350,B,352357
34.625,34.1975,7375,B,352357
34,33.6975,7400,B,352357
33.375,33.1975,7425,B,352357
32.75,32.6975,7450,B,352357
32.125,32.1125,7475,B,352357
31.5,31.4875,7500,B,352357
30.875,30.8625,7525,B,352357
30.25,30.2375,7550,B,352357
29.625,29.635,7575,B,352357
29,29.0725,7600,B,352357
28.375,28.51,7625,B,352357
27.75,27.9475,7650,B,352357
27.125,27.385,7675,B,352357
26.5,26.8225,7700,B,352357
25.875,26.26,7725,B,352357
25.25,25.6975,7750,B,352357
25.625,25.135,7775,B,352357
25,24.5725,7800,B,352357
24.375,24.01,7825,B,352357
23.75,23.4475,7850,B,352357
23.125,22.885,7875,B,352357
22.5,22.3225,7900,B,352357
21.875,21.76,7925,B,352357
21.25,21.25,7950,B,352357
20.625,20.7275,7975,B,352357
20,20.165,8000,B,352357
19.375,19.6025,8025,B,352357
18.75,19.085,8050,B,352357
18.125,18.585,8075,B,352357
17.5,18.105,8100,B,352357
16.875,17.6675,8125,B,352357
17.25,17.23,8150,B,352357
16.625,16.7925,8175,B,352357
16,16.355,8200,B,352357
15.375,15.9225,8225,B,352357
15.75,15.5475,8250,B,352357
15.125,15.1725,8275,B,352357
15.5,14.7975,8300,B,352357
14.875,14.4225,8325,B,352357
14.25,13.995,8350,B,352357
13.625,13.5575,8375,B,352357
13,13.13,8400,B,352357
13.375,12.755,8425,B,352357
12.75,12.335,8450,B,352357
12.125,11.8975,8475,B,352357
11.5,11.44,8500,B,352357
10.875,10.94,8525,B,352357
10.25,10.44,8550,B,352357
9.62499999999998,9.93999999999998,8575,B,352357
9.99999999999998,9.43999999999998,8600,B,352357
9.37499999999998,8.93499999999998,8625,B,352357
8.74999999999998,8.37249999999998,8650,B,352357
8.12499999999998,7.80999999999998,8675,B,352357
7.49999999999998,7.24749999999998,8700,B,352357
6.87499999999998,6.68499999999998,8725,B,352357
6.24999999999998,6.12249999999998,8750,B,352357
5.62499999999998,5.55999999999998,8775,B,352357
4.99999999999998,4.98749999999998,8800,B,352357
4.37499999999998,4.38499999999998,8825,B,352357
3.74999999999998,3.82249999999998,8850,B,352357
3.12499999999998,3.32249999999998,8875,B,352357
2.49999999999998,2.82249999999998,8900,B,352357
1.87499999999998,2.32249999999998,8925,B,352357
1.24999999999998,1.82249999999998,8950,B,352357
0.624999999999983,1.32249999999998,8975,B,352357
-1.71737624121704e-14,0.822499999999983,9000,B,352357
0.374999999999983,0.322499999999983,9025,B,352357
-0.250000000000017,-0.177500000000017,9050,B,352357
0.124999999999983,-0.677500000000017,9075,B,352357
-0.500000000000017,-1.17750000000002,9100,B,352357
-1.12500000000002,-1.67750000000002,9125,B,352357
-1.75000000000002,-2.17750000000002,9150,B,352357
-2.37500000000002,-2.67750000000002,9175,B,352357
-3.00000000000002,-3.17750000000002,9200,B,352357
-3.62500000000002,-3.70000000000002,9225,B,352357
-4.25000000000002,-4.26250000000002,9250,B,352357
-4.87500000000002,-4.88750000000002,9275,B,352357
-5.50000000000002,-5.51250000000002,9300,B,352357
-6.12500000000002,-6.13750000000002,9325,B,352357
-6.75000000000002,-6.76250000000002,9350,B,352357
-7.37500000000002,-7.38750000000002,9375,B,352357
-8.00000000000002,-8.01250000000002,9400,B,352357
-8.62500000000002,-8.63750000000002,9425,B,352357
-9.25000000000002,-9.16250000000002,9450,B,352357
-9.87500000000002,-9.66250000000002,9475,B,352357
-10.5,-10.1625,9500,B,352357
-11.125,-10.6625,9525,B,352357
-11.75,-11.1625,9550,B,352357
-12.375,-11.6625,9575,B,352357
-13,-12.1625,9600,B,352357
-13.625,-12.6625,9625,B,352357
-12.25,-13.1625,9650,B,352357
-12.875,-13.6625,9675,B,352357
-13.5,-14.1625,9700,B,352357
-14.125,-14.6625,9725,B,352357
-14.75,-15.1625,9750,B,352357
-15.375,-15.6625,9775,B,352357
-16,-16.1625,9800,B,352357
-16.625,-16.6625,9825,B,352357
-17.25,-17.2625,9850,B,352357
-17.875,-17.8875,9875,B,352357
-18.5,-18.5125,9900,B,352357
-19.125,-19.1375,9925,B,352357
-19.75,-19.7625,9950,B,352357
-20.375,-20.3875,9975,B,352357
-21,-21.0125,10000,B,352357
-21.625,-21.6375,10025,B,352357
-22.25,-22.2625,10050,B,352357
-22.875,-22.8875,10075,B,352357
-23.5,-23.5125,10100,B,352357
-24.125,-24.1375,10125,B,352357
-24.75,-24.7625,10150,B,352357
-25.375,-25.3875,10175,B,352357
-26,-26.0125,10200,B,352357
-26.625,-26.6375,10225,B,352357
-27.25,-27.2625,10250,B,352357
-27.875,-27.8875,10275,B,352357
-28.5,-28.5125,10300,B,352357
-29.125,-29.1375,10325,B,352357
-29.75,-29.7625,10350,B,352357
-30.375,-30.3875,10375,B,352357
-31,-31.0125,10400,B,352357
-31.625,-31.6375,10425,B,352357
-32.25,-32.2625,10450,B,352357
-32.875,-32.8875,10475,B,352357
-33.5,-33.4725,10500,B,352357
-34.125,-34.035,10525,B,352357
-34.75,-34.5975,10550,B,352357
-35.375,-35.16,10575,B,352357
-36,-35.7225,10600,B,352357
-36.625,-36.285,10625,B,352357
-37.25,-36.8475,10650,B,352357
-37.875,-37.41,10675,B,352357
-37.5,-37.9725,10700,B,352357
-38.125,-38.535,10725,B,352357
-38.75,-39.0975,10750,B,352357
-39.375,-39.66,10775,B,352357
-40,-40.2225,10800,B,352357
-40.625,-40.785,10825,B,352357
-41.25,-41.3475,10850,B,352357
-41.875,-41.91,10875,B,352357
-42.5,-42.5125,10900,B,352357
-43.125,-43.1375,10925,B,352357
-43.75,-43.7625,10950,B,352357
-44.375,-44.3875,10975,B,352357
-45,-45.0125,11000,B,352357
-45.625,-45.6375,11025,B,352357
-46.25,-46.2625,11050,B,352357
-46.875,-46.8875,11075,B,352357
-47.5,-47.5125,11100,B,352357
-48.125,-48.1375,11125,B,352357
-48.75,-48.7625,11150,B,352357
-49.375,-49.3875,11175,B,352357
-50,-50.0125,11200,B,352357
-50.625,-50.6375,11225,B,352357
-51.25,-51.2625,11250,B,352357
-51.875,-51.8875,11275,B,352357
-52.5,-52.5125,11300,B,352357
-53.125,-53.1375,11325,B,352357
-53.75,-53.7625,11350,B,352357
-54.375,-54.3875,11375,B,352357
-55,-55.0125,11400,B,352357
-55.625,-55.6375,11425,B,352357
-56.25,-56.2625,11450,B,352357
-56.875,-56.8875,11475,B,352357
-57.5,-57.5125,11500,B,352357
-58.125,-58.1375,11525,B,352357
-58.75,-58.7625,11550,B,352357
-59.375,-59.3875,11575,B,352357
-60,-60.0125,11600,B,352357
-60.625,-60.6375,11625,B,352357
-61.25,-61.2625,11650,B,352357
-61.875,-61.8875,11675,B,352357
-62.5,-62.5125,11700,B,352357
-63.125,-63.1375,11725,B,352357
-63.75,-63.7625,11750,B,352357
-64.375,-64.3875,11775,B,352357
-65,-65.0125,11800,B,352357
-65.625,-65.6375,11825,B,352357
-66.25,-66.2625,11850,B,352357
-66.875,-66.8875,11875,B,352357
-67.5,-67.5125,11900,B,352357
-68.125,-68.1375,11925,B,352357
-68.75,-68.7625,11950,B,352357
-69.375,-69.3875,11975,B,352357
-70,-70.0125,12000,B,352357
-70.625,-70.6375,12025,B,352357
-71.25,-71.2625,12050,B,352357
-71.875,-71.8875,12075,B,352357
-72.5,-72.5125,12100,B,352357
-73.125,-73.1375,12125,B,352357
-73.75,-73.7625,12150,B,352357
-74.375,-74.355,12175,B,352357
-75,-74.9175,12200,B,352357
-75.625,-75.48,12225,B,352357
-76.25,-76.0425,12250,B,352357
-76.875,-76.605,12275,B,352357
-77.5,-77.1675,12300,B,352357
-78.125,-77.73,12325,B,352357
-78.75,-78.2925,12350,B,352357
-78.375,-78.855,12375,B,352357
-79,-79.4175,12400,B,352357
-79.625,-79.98,12425,B,352357
-80.25,-80.5425,12450,B,352357
-80.875,-81.105,12475,B,352357
-81.5,-81.6675,12500,B,352357
-82.125,-82.23,12525,B,352357
-82.75,-82.7925,12550,B,352357
-83.375,-83.3875,12575,B,352357
-84,-84.0125,12600,B,352357
-84.625,-84.6375,12625,B,352357
-85.25,-85.2625,12650,B,352357
-85.875,-85.8875,12675,B,352357
-86.5,-86.5125,12700,B,352357
-87.125,-87.1375,12725,B,352357
-87.75,-87.7625,12750,B,352357
-88.375,-88.3875,12775,B,352357
-89,-89.0125,12800,B,352357
-89.625,-89.6375,12825,B,352357
-90.25,-90.2625,12850,B,352357
-90.875,-90.8875,12875,B,352357
-91.5,-91.5125,12900,B,352357
-92.125,-92.1375,12925,B,352357
-92.75,-92.7625,12950,B,352357
-93.375,-93.3875,12975,B,352357
-94,-94.0125,13000,B,352357
-94.625,-94.6375,13025,B,352357
-95.25,-95.2625,13050,B,352357
-95.875,-95.8875,13075,B,352357
-96.5,-96.5125,13100,B,352357
-97.125,-97.1375,13125,B,352357
-97.75,-97.7625,13150,B,352357
-98.375,-98.3875,13175,B,352357
-99,-99.0125,13200,B,352357
-99.625,-99.6375,13225,B,352357
-100.25,-100.2625,13250,B,352357
-100.875,-100.8875,13275,B,352357
-101.5,-101.5125,13300,B,352357
-102.125,-102.1375,13325,B,352357
-102.75,-102.7625,13350,B,352357
-103.375,-103.3875,13375,B,352357
-104,-104.0125,13400,B,352357
-104.625,-104.6375,13425,B,352357
-105.25,-105.2625,13450,B,352357
-105.875,-105.8875,13475,B,352357
-106.5,-106.51,13500,B,352357
-107.125,-107.0725,13525,B,352357
-107.75,-107.635,13550,B,352357
-108.375,-108.1975,13575,B,352357
-109,-108.76,13600,B,352357
-109.625,-109.3225,13625,B,352357
-110.25,-109.885,13650,B,352357
-110.875,-110.4475,13675,B,352357
-110.5,-111.01,13700,B,352357
-111.125,-111.5725,13725,B,352357
-111.75,-112.135,13750,B,352357
-112.375,-112.6975,13775,B,352357
-113,-113.26,13800,B,352357
-113.625,-113.8225,13825,B,352357
-114.25,-114.385,13850,B,352357
-114.875,-114.9475,13875,B,352357
-115.5,-115.5125,13900,B,352357
-116.125,-116.1375,13925,B,352357
-116.75,-116.7625,13950,B,352357
-117.375,-117.3875,13975,B,352357
-118,-118.0125,14000,B,352357
-118.625,-118.6375,14025,B,352357
-119.25,-119.2625,14050,B,352357
-119.875,-119.8875,14075,B,352357
-120.5,-120.5125,14100,B,352357
-121.125,-121.1375,14125,B,352357
-121.75,-121.7625,14150,B,352357
-122.375,-122.3875,14175,B,352357
-123,-123.0125,14200,B,352357
-123.625,-123.6375,14225,B,352357
-124.25,-124.2625,14250,B,352357
-124.875,-124.8875,14275,B,352357
-125.5,-125.5125,14300,B,352357
-126.125,-126.1375,14325,B,352357
-126.75,-126.7625,14350,B,352357
-127.375,-127.3875,14375,B,352357
-128,-128.0125,14400,B,352357
-128.625,-128.6375,14425,B,352357
-129.25,-129.2625,14450,B,352357
-129.875,-129.8875,14475,B,352357
-130.5,-130.5125,14500,B,352357
-131.125,-131.1375,14525,B,352357
-131.75,-131.7625,14550,B,352357
-132.375,-132.3575,14575,B,352357
-133,-132.92,14600,B,352357
-133.625,-133.445,14625,B,352357
-134.25,-133.945,14650,B,352357
-134.875,-134.445,14675,B,352357
-135.5,-134.945,14700,B,352357
-136.125,-135.445,14725,B,352357
-136.75,-135.945,14750,B,352357
-136.375,-136.445,14775,B,352357
-137,-136.945,14800,B,352357
-136.625,-137.445,14825,B,352357
-137.25,-137.945,14850,B,352357
-137.875,-138.445,14875,B,352357
-138.5,-138.945,14900,B,352357
-139.125,-139.445,14925,B,352357
-139.75,-139.945,14950,B,352357
-140.375,-140.475,14975,B,352357
-141,-141.0375,15000,B,352357
-141.625,-141.6375,15025,B,352357
-142.25,-142.2625,15050,B,352357
-142.875,-142.8875,15075,B,352357
-143.5,-143.5125,15100,B,352357
-144.125,-144.1375,15125,B,352357
-144.75,-144.7625,15150,B,352357
-145.375,-145.3875,15175,B,352357
-146,-146.0125,15200,B,352357
-146.625,-146.6375,15225,B,352357
-147.25,-147.2625,15250,B,352357
-147.875,-147.8875,15275,B,352357
-148.5,-148.5125,15300,B,352357
-149.125,-149.1375,15325,B,352357
-149.75,-149.7625,15350,B,352357
-150.375,-150.3875,15375,B,352357
-151,-151.0125,15400,B,352357
-151.625,-151.6375,15425,B,352357
-152.25,-152.2625,15450,B,352357
-152.875,-152.8875,15475,B,352357
-153.5,-153.5125,15500,B,352357
-154.125,-154.095,15525,B,352357
-154.75,-154.6575,15550,B,352357
-155.375,-155.22,15575,B,352357
-156,-155.7825,15600,B,352357
-156.625,-156.345,15625,B,352357
-157.25,-156.9075,15650,B,352357
-157.875,-157.47,15675,B,352357
-158.5,-158.0325,15700,B,352357
-158.125,-158.595,15725,B,352357
-158.75,-159.1575,15750,B,352357
-159.375,-159.72,15775,B,352357
-160,-160.2825,15800,B,352357
-160.625,-160.845,15825,B,352357
-161.25,-161.4075,15850,B,352357
-161.875,-161.97,15875,B,352357
-162.5,-162.5325,15900,B,352357
-163.125,-163.1375,15925,B,352357
-163.75,-163.7625,15950,B,352357
-164.375,-164.3875,15975,B,352357
-165,-165.0125,16000,B,352357
-165.625,-165.6375,16025,B,352357
-166.25,-166.2625,16050,B,352357
-166.875,-166.8875,16075,B,352357
-167.5,-167.5125,16100,B,352357
-168.125,-168.1375,16125,B,352357
-168.75,-168.7625,16150,B,352357
-169.375,-169.3875,16175,B,352357
-170,-170.0125,16200,B,352357
-170.625,-170.6375,16225,B,352357
-171.25,-171.2625,16250,B,352357
-171.875,-171.86,16275,B,352357
-172.5,-172.4225,16300,B,352357
-173.125,-172.985,16325,B,352357
-173.75,-173.5475,16350,B,352357
-174.375,-174.11,16375,B,352357
-175,-174.6725,16400,B,352357
-175.625,-175.235,16425,B,352357
-176.25,-175.7975,16450,B,352357
-175.875,-176.36,16475,B,352357
-176.5,-176.9225,16500,B,352357
-177.125,-177.485,16525,B,352357
-177.75,-178.0475,16550,B,352357
-178.375,-178.61,16575,B,352357
-179,-179.1725,16600,B,352357
-179.625,-179.735,16625,B,352357
-180.25,-180.2975,16650,B,352357
-180.875,-180.8875,16675,B,352357
-181.5,-181.5125,16700,B,352357
-182.125,-182.0825,16725,B,352357
-182.75,-182.645,16750,B,352357
-183.375,-183.2075,16775,B,352357
-184,-183.77,16800,B,352357
-184.625,-184.3325,16825,B,352357
-185.25,-184.895,16850,B,352357
-185.875,-185.4575,16875,B,352357
-186.5,-186.02,16900,B,352357
-186.125,-186.5825,16925,B,352357
-186.75,-187.115,16950,B,352357
-187.375,-187.615,16975,B,352357
-188,-188.115,17000,B,352357
-188.625,-188.5725,17025,B,352357
-189.25,-189.01,17050,B,352357
-189.875,-189.4475,17075,B,352357
-190.5,-189.885,17100,B,352357
-191.125,-190.3775,17125,B,352357
-190.75,-190.8775,17150,B,352357
-191.375,-191.3775,17175,B,352357
-192,-191.8775,17200,B,352357
-191.625,-192.3775,17225,B,352357
-192.25,-192.8775,17250,B,352357
-192.875,-193.3775,17275,B,352357
-193.5,-193.8775,17300,B,352357
-194.125,-194.3775,17325,B,352357
-194.75,-194.9075,17350,B,352357
-195.375,-195.47,17375,B,352357
-196,-196.0325,17400,B,352357
-196.625,-196.6375,17425,B,352357
-197.25,-197.2625,17450,B,352357
-197.875,-197.8875,17475,B,352357
-198.5,-198.5125,17500,B,352357
-199.125,-199.1375,17525,B,352357
-199.75,-199.7625,17550,B,352357
-200.375,-200.3875,17575,B,352357
-201,-201.0125,17600,B,352357
-201.625,-201.6375,17625,B,352357
-202.25,-202.2625,17650,B,352357
-202.875,-202.8875,17675,B,352357
-203.5,-203.5125,17700,B,352357
-204.125,-204.1375,17725,B,352357
-204.75,-204.7625,17750,B,352357
-205.375,-205.3875,17775,B,352357
-206,-206.0125,17800,B,352357
-206.625,-206.6375,17825,B,352357
-207.25,-207.2625,17850,B,352357
-207.875,-207.8875,17875,B,352357
-208.5,-208.5125,17900,B,352357
-209.125,-209.1375,17925,B,352357
-209.75,-209.7625,17950,B,352357
-210.375,-210.3875,17975,B,352357
-211,-211.0125,18000,B,352357
-211.625,-211.6375,18025,B,352357
-212.25,-212.2625,18050,B,352357
-212.875,-212.8875,18075,B,352357
-213.5,-213.5125,18100,B,352357
-214.125,-214.1375,18125,B,352357
-214.75,-214.7625,18150,B,352357
-215.375,-215.3875,18175,B,352357
-216,-216.0125,18200,B,352357
-216.625,-216.6375,18225,B,352357
-217.25,-217.2625,18250,B,352357
-217.875,-217.8875,18275,B,352357
-218.5,-218.5125,18300,B,352357
-219.125,-219.1375,18325,B,352357
-219.75,-219.7625,18350,B,352357
-220.375,-220.3875,18375,B,352357
-221,-221.0125,18400,B,352357
-221.625,-221.6375,18425,B,352357
-222.25,-222.2625,18450,B,352357
-222.875,-222.8875,18475,B,352357
-223.5,-223.5125,18500,B,352357
-224.125,-224.1375,18525,B,352357
-224.75,-224.7625,18550,B,352357
-225.375,-225.35,18575,B,352357
-226,-225.9125,18600,B,352357
-226.625,-226.475,18625,B,352357
-227.25,-227.0375,18650,B,352357
-227.875,-227.6,18675,B,352357
-228.5,-228.1625,18700,B,352357
-229.125,-228.725,18725,B,352357
-229.75,-229.2875,18750,B,352357
-229.375,-229.825,18775,B,352357
-230,-230.325,18800,B,352357
-230.625,-230.825,18825,B,352357
-231.25,-231.325,18850,B,352357
-231.875,-231.825,18875,B,352357
-232.5,-232.325,18900,B,352357
-233.125,-232.825,18925,B,352357
-233.75,-233.325,18950,B,352357
-233.375,-233.8625,18975,B,352357
-234,-234.425,19000,B,352357
-234.625,-234.9875,19025,B,352357
-235.25,-235.55,19050,B,352357
-235.875,-236.1125,19075,B,352357
-236.5,-236.675,19100,B,352357
-237.125,-237.2375,19125,B,352357
-237.75,-237.8,19150,B,352357
-238.375,-238.3875,19175,B,352357
-239,-239.0125,19200,B,352357
-239.625,-239.6375,19225,B,352357
-240.25,-240.2625,19250,B,352357
-240.875,-240.8875,19275,B,352357
-241.5,-241.5125,19300,B,352357
-242.125,-242.1375,19325,B,352357
-242.75,-242.7625,19350,B,352357
-243.375,-243.3875,19375,B,352357
-244,-244.0125,19400,B,352357
-244.625,-244.6375,19425,B,352357
-245.25,-245.2625,19450,B,352357
-245.875,-245.8875,19475,B,352357
-246.5,-246.5125,19500,B,352357
-247.125,-247.1375,19525,B,352357
-247.75,-247.7625,19550,B,352357
-248.375,-248.3875,19575,B,352357
-249,-249.0125,19600,B,352357
-249.625,-249.6375,19625,B,352357
-250.25,-250.2625,19650,B,352357
-250.875,-250.8875,19675,B,352357
-251.5,-251.5125,19700,B,352357
-252.125,-252.1375,19725,B,352357
-252.75,-252.7625,19750,B,352357
-253.375,-253.3875,19775,B,352357
-254,-254.0125,19800,B,352357
-254.625,-254.6375,19825,B,352357
-255.25,-255.2625,19850,B,352357
-255.875,-255.8875,19875,B,352357
-256.5,-256.5125,19900,B,352357
-257.125,-257.1375,19925,B,352357
-257.75,-257.7625,19950,B,352357
-258.375,-258.3875,19975,B,352357
-259,-259.0125,20000,B,352357
3.375,,25,B,403681
3.75,,50,B,403681
6.125,,75,B,403681
8.5,,100,B,403681
11.875,,125,B,403681
14.25,,150,B,403681
15.625,,175,B,403681
20,21.1925,200,B,403681
23.375,24.25,225,B,403681
25.75,27.5025,250,B,403681
29.125,30.695,275,B,403681
32.5,33.9425,300,B,403681
35.875,37.09,325,B,403681
38.25,40.135,350,B,403681
44.625,43.2375,375,B,403681
48,46.2525,400,B,403681
55.375,49.13,425,B,403681
56.75,51.8375,450,B,403681
57.125,54.3825,475,B,403681
60.5,56.6925,500,B,403681
60.875,58.8425,525,B,403681
63.25,60.95,550,B,403681
65.625,62.815,575,B,403681
67,64.5275,600,B,403681
67.375,65.985,625,B,403681
67.75,67.1225,650,B,403681
68.125,68.35,675,B,403681
69.5,69.4775,700,B,403681
68.875,70.5,725,B,403681
70.25,71.435,750,B,403681
72.625,72.255,775,B,403681
74,72.98,800,B,403681
73.375,73.69,825,B,403681
75.75,74.4975,850,B,403681
77.125,75.31,875,B,403681
76.5,76.1225,900,B,403681
77.875,76.9175,925,B,403681
78.25,77.67,950,B,403681
77.625,78.45,975,B,403681
78,79.12,1000,B,403681
79.375,79.8825,1025,B,403681
80.75,80.655,1050,B,403681
81.125,81.3125,1075,B,403681
81.5,82,1100,B,403681
81.875,82.705,1125,B,403681
82.25,83.405,1150,B,403681
83.625,84.0975,1175,B,403681
86,84.8075,1200,B,403681
86.375,85.4725,1225,B,403681
86.75,86.0575,1250,B,403681
88.125,86.585,1275,B,403681
87.5,87.1525,1300,B,403681
88.875,87.715,1325,B,403681
89.25,88.4175,1350,B,403681
89.625,89.1625,1375,B,403681
89,89.8225,1400,B,403681
90.375,90.3725,1425,B,403681
89.75,90.8375,1450,B,403681
90.125,91.285,1475,B,403681
90.5,91.7,1500,B,403681
91.875,92.11,1525,B,403681
94.25,92.4575,1550,B,403681
95.625,92.765,1575,B,403681
95,93.015,1600,B,403681
94.375,93.22,1625,B,403681
93.75,93.4075,1650,B,403681
94.125,93.575,1675,B,403681
94.5,93.675,1700,B,403681
94.875,93.8175,1725,B,403681
94.25,93.7875,1750,B,403681
93.625,93.755,1775,B,403681
93,93.755,1800,B,403681
93.375,93.755,1825,B,403681
92.75,93.76,1850,B,403681
92.125,93.7775,1875,B,403681
93.5,93.8125,1900,B,403681
92.875,93.845,1925,B,403681
93.25,93.845,1950,B,403681
95.625,93.845,1975,B,403681
95,93.8925,2000,B,403681
94.375,93.9425,2025,B,403681
94.75,93.9425,2050,B,403681
94.125,93.9825,2075,B,403681
95.5,94.02,2100,B,403681
94.875,93.9575,2125,B,403681
94.25,93.89,2150,B,403681
93.625,93.655,2175,B,403681
94,93.3425,2200,B,403681
93.375,93.03,2225,B,403681
92.75,92.7125,2250,B,403681
93.125,92.3375,2275,B,403681
92.5,91.8875,2300,B,403681
91.875,91.3925,2325,B,403681
91.25,90.955,2350,B,403681
90.625,90.5175,2375,B,403681
90,90.045,2400,B,403681
89.375,89.6375,2425,B,403681
88.75,89.31,2450,B,403681
88.125,89.015,2475,B,403681
87.5,88.7625,2500,B,403681
87.875,88.5175,2525,B,403681
87.25,88.38,2550,B,403681
86.625,88.255,2575,B,403681
87,88.13,2600,B,403681
87.375,88.005,2625,B,403681
87.75,87.88,2650,B,403681
88.125,87.755,2675,B,403681
88.5,87.6625,2700,B,403681
88.875,87.63,2725,B,403681
89.25,87.5775,2750,B,403681
88.625,87.5775,2775,B,403681
88,87.565,2800,B,403681
87.375,87.495,2825,B,403681
86.75,87.435,2850,B,403681
86.125,87.36,2875,B,403681
86.5,87.2375,2900,B,403681
86.875,87.1075,2925,B,403681
87.25,86.87,2950,B,403681
86.625,86.62,2975,B,403681
86,86.37,3000,B,403681
86.375,86.12,3025,B,403681
86.75,85.9275,3050,B,403681
87.125,85.74,3075,B,403681
86.5,85.54,3100,B,403681
85.875,85.37,3125,B,403681
85.25,85.1725,3150,B,403681
84.625,84.9225,3175,B,403681
84,84.6725,3200,B,403681
83.375,84.4325,3225,B,403681
83.75,84.1325,3250,B,403681
83.125,83.775,3275,B,403681
83.5,83.4,3300,B,403681
83.875,83.025,3325,B,403681
83.25,82.65,3350,B,403681
82.625,82.275,3375,B,403681
82,81.945,3400,B,403681
82.375,81.6575,3425,B,403681
81.75,81.405,3450,B,403681
81.125,81.2175,3475,B,403681
80.5,81.0725,3500,B,403681
79.875,80.895,3525,B,403681
79.25,80.7075,3550,B,403681
78.625,80.52,3575,B,403681
79,80.3325,3600,B,403681
79.375,80.1125,3625,B,403681
80.75,79.8625,3650,B,403681
80.125,79.6125,3675,B,403681
81.5,79.3625,3700,B,403681
80.875,79.1125,3725,B,403681
80.25,78.9,3750,B,403681
79.625,78.7175,3775,B,403681
79,78.5525,3800,B,403681
78.375,78.4025,3825,B,403681
77.75,78.21,3850,B,403681
77.125,77.9825,3875,B,403681
76.5,77.7325,3900,B,403681
75.875,77.42,3925,B,403681
76.25,77.1075,3950,B,403681
76.625,76.8575,3975,B,403681
77,76.6375,4000,B,403681
76.375,76.45,4025,B,403681
76.75,76.2925,4050,B,403681
77.125,76.1675,4075,B,403681
76.5,76.0425,4100,B,403681
75.875,75.9175,4125,B,403681
75.25,75.755,4150,B,403681
75.625,75.5625,4175,B,403681
76,75.3725,4200,B,403681
75.375,75.2475,4225,B,403681
75.75,75.0725,4250,B,403681
75.125,74.8625,4275,B,403681
74.5,74.6525,4300,B,403681
73.875,74.465,4325,B,403681
73.25,74.2775,4350,B,403681
72.625,74.0275,4375,B,403681
74,73.7975,4400,B,403681
74.375,73.5475,4425,B,403681
73.75,73.2675,4450,B,403681
73.125,73,4475,B,403681
73.5,72.75,4500,B,403681
72.875,72.5,4525,B,403681
72.25,72.25,4550,B,403681
71.625,72,4575,B,403681
72,71.685,4600,B,403681
71.375,71.295,4625,B,403681
70.75,70.92,4650,B,403681
71.125,70.6075,4675,B,403681
70.5,70.255,4700,B,403681
69.875,69.88,4725,B,403681
69.25,69.505,4750,B,403681
68.625,69.13,4775,B,403681
68,68.705,4800,B,403681
68.375,68.2675,4825,B,403681
67.75,67.8425,4850,B,403681
68.125,67.4625,4875,B,403681
67.5,67.0875,4900,B,403681
66.875,66.7125,4925,B,403681
66.25,66.3425,4950,B,403681
65.625,66.03,4975,B,403681
65,65.7175,5000,B,403681
64.375,65.3575,5025,B,403681
64.75,65.0325,5050,B,403681
65.125,64.6575,5075,B,403681
64.5,64.2825,5100,B,403681
63.875,63.9075,5125,B,403681
64.25,63.5325,5150,B,403681
63.625,63.2075,5175,B,403681
63,62.895,5200,B,403681
62.375,62.5825,5225,B,403681
62.75,62.2575,5250,B,403681
62.125,61.8625,5275,B,403681
61.5,61.49,5300,B,403681
60.875,61.1775,5325,B,403681
60.25,60.86,5350,B,403681
60.625,60.485,5375,B,403681
60,60.1225,5400,B,403681
59.375,59.81,5425,B,403681
58.75,59.4475,5450,B,403681
59.125,59.115,5475,B,403681
59.5,58.815,5500,B,403681
58.875,58.565,5525,B,403681
58.25,58.315,5550,B,403681
57.625,58.015,5575,B,403681
58,57.7025,5600,B,403681
57.375,57.43,5625,B,403681
56.75,57.2425,5650,B,403681
57.125,57.085,5675,B,403681
57.5,56.925,5700,B,403681
56.875,56.78,5725,B,403681
56.25,56.655,5750,B,403681
55.625,56.53,5775,B,403681
55,56.3925,5800,B,403681
56.375,56.205,5825,B,403681
55.75,56.0725,5850,B,403681
56.125,55.905,5875,B,403681
56.5,55.705,5900,B,403681
56.875,55.48,5925,B,403681
56.25,55.315,5950,B,403681
55.625,55.19,5975,B,403681
55,55.065,6000,B,403681
54.375,54.9,6025,B,403681
54.75,54.65,6050,B,403681
54.125,54.4075,6075,B,403681
53.5,54.1275,6100,B,403681
53.875,53.7725,6125,B,403681
54.25,53.4,6150,B,403681
53.625,53.1175,6175,B,403681
53,52.8875,6200,B,403681
52.375,52.7,6225,B,403681
51.75,52.4575,6250,B,403681
52.125,52.2075,6275,B,403681
51.5,51.9575,6300,B,403681
50.875,51.6825,6325,B,403681
51.25,51.3475,6350,B,403681
51.625,50.9725,6375,B,403681
52,50.5975,6400,B,403681
51.375,50.2225,6425,B,403681
50.75,49.8675,6450,B,403681
50.125,49.4975,6475,B,403681
49.5,49.1225,6500,B,403681
48.875,48.7525,6525,B,403681
48.25,48.4375,6550,B,403681
47.625,48.0875,6575,B,403681
47,47.6925,6600,B,403681
46.375,47.255,6625,B,403681
46.75,46.8175,6650,B,403681
46.125,46.41,6675,B,403681
45.5,46.035,6700,B,403681
45.875,45.66,6725,B,403681
45.25,45.285,6750,B,403681
45.625,44.91,6775,B,403681
45,44.59,6800,B,403681
44.375,44.2775,6825,B,403681
43.75,43.945,6850,B,403681
44.125,43.57,6875,B,403681
43.5,43.255,6900,B,403681
42.875,42.9375,6925,B,403681
42.25,42.5625,6950,B,403681
41.625,42.1325,6975,B,403681
42,41.695,7000,B,403681
41.375,41.2775,7025,B,403681
40.75,40.9025,7050,B,403681
40.125,40.4975,7075,B,403681
40.5,40.1175,7100,B,403681
39.875,39.7425,7125,B,403681
39.25,39.3675,7150,B,403681
38.625,38.9925,7175,B,403681
38,38.605,7200,B,403681
38.375,38.23,7225,B,403681
37.75,37.855,7250,B,403681
37.125,37.48,7275,B,403681
37.5,37.045,7300,B,403681
36.875,36.6075,7325,B,403681
36.25,36.17,7350,B,403681
35.625,35.755,7375,B,403681
36,35.38,7400,B,403681
35.375,34.985,7425,B,403681
34.75,34.5475,7450,B,403681
34.125,34.11,7475,B,403681
33.5,33.615,7500,B,403681
32.875,33.115,7525,B,403681
32.25,32.6625,7550,B,403681
32.625,32.225,7575,B,403681
32,31.765,7600,B,403681
31.375,31.3275,7625,B,403681
30.75,30.89,7650,B,403681
30.125,30.4525,7675,B,403681
29.5,30.015,7700,B,403681
28.875,29.5775,7725,B,403681
29.25,29.14,7750,B,403681
28.625,28.68,7775,B,403681
29,28.18,7800,B,403681
28.375,27.68,7825,B,403681
27.75,27.18,7850,B,403681
27.125,26.68,7875,B,403681
26.5,26.18,7900,B,403681
25.875,25.68,7925,B,403681
25.25,25.1325,7950,B,403681
24.625,24.575,7975,B,403681
24,24.055,8000,B,403681
23.375,23.4925,8025,B,403681
22.75,22.93,8050,B,403681
22.125,22.3675,8075,B,403681
21.5,21.8675,8100,B,403681
20.875,21.3675,8125,B,403681
20.25,20.8675,8150,B,403681
20.625,20.3675,8175,B,403681
20,19.8675,8200,B,403681
19.375,19.3675,8225,B,403681
18.75,18.8675,8250,B,403681
18.125,18.3675,8275,B,403681
18.5,17.8675,8300,B,403681
17.875,17.3675,8325,B,403681
17.25,16.8675,8350,B,403681
16.625,16.3625,8375,B,403681
16,15.835,8400,B,403681
15.375,15.335,8425,B,403681
14.75,14.835,8450,B,403681
14.125,14.335,8475,B,403681
13.5,13.7725,8500,B,403681
12.875,13.21,8525,B,403681
12.25,12.6475,8550,B,403681
11.625,12.085,8575,B,403681
12,11.5225,8600,B,403681
11.375,10.96,8625,B,403681
10.75,10.3975,8650,B,403681
10.125,9.83499999999998,8675,B,403681
9.49999999999998,9.27249999999998,8700,B,403681
8.87499999999998,8.70999999999998,8725,B,403681
8.24999999999998,8.14749999999998,8750,B,403681
7.62499999999998,7.58499999999998,8775,B,403681
6.99999999999998,6.98749999999998,8800,B,403681
6.37499999999998,6.36249999999998,8825,B,403681
5.74999999999998,5.76249999999998,8850,B,403681
5.12499999999998,5.19999999999998,8875,B,403681
4.49999999999998,4.63749999999998,8900,B,403681
3.87499999999998,4.07499999999998,8925,B,403681
3.24999999999998,3.51249999999998,8950,B,403681
2.62499999999998,2.94999999999998,8975,B,403681
1.99999999999998,2.38749999999998,9000,B,403681
1.37499999999998,1.82499999999998,9025,B,403681
1.74999999999998,1.26249999999998,9050,B,403681
1.12499999999998,0.699999999999983,9075,B,403681
0.499999999999983,0.137499999999983,9100,B,403681
-0.125000000000017,-0.425000000000017,9125,B,403681
-0.750000000000017,-0.987500000000017,9150,B,403681
-1.37500000000002,-1.55000000000002,9175,B,403681
-2.00000000000002,-2.11250000000002,9200,B,403681
-2.62500000000002,-2.67500000000002,9225,B,403681
-3.25000000000002,-3.26250000000002,9250,B,403681
-3.87500000000002,-3.88750000000002,9275,B,403681
-4.50000000000002,-4.51250000000002,9300,B,403681
-5.12500000000002,-5.13750000000002,9325,B,403681
-5.75000000000002,-5.76250000000002,9350,B,403681
-6.37500000000002,-6.38750000000002,9375,B,403681
-7.00000000000002,-7.01250000000002,9400,B,403681
-7.62500000000002,-7.63750000000002,9425,B,403681
-8.25000000000002,-8.26250000000002,9450,B,403681
-8.87500000000002,-8.88750000000002,9475,B,403681
-9.50000000000002,-9.51250000000002,9500,B,403681
-10.125,-10.1375,9525,B,403681
-10.75,-10.7625,9550,B,403681
-11.375,-11.3875,9575,B,403681
-12,-12.0125,9600,B,403681
-12.625,-12.63,9625,B,403681
-13.25,-13.1925,9650,B,403681
-13.875,-13.755,9675,B,403681
-14.5,-14.3175,9700,B,403681
-15.125,-14.88,9725,B,403681
-15.75,-15.4425,9750,B,403681
-16.375,-16.005,9775,B,403681
-17,-16.5675,9800,B,403681
-16.625,-17.13,9825,B,403681
-17.25,-17.6925,9850,B,403681
-17.875,-18.255,9875,B,403681
-18.5,-18.8175,9900,B,403681
-19.125,-19.38,9925,B,403681
-19.75,-19.9425,9950,B,403681
-20.375,-20.505,9975,B,403681
-21,-21.0675,10000,B,403681
-21.625,-21.6375,10025,B,403681
-22.25,-22.2625,10050,B,403681
-22.875,-22.8425,10075,B,403681
-23.5,-23.405,10100,B,403681
-24.125,-23.9675,10125,B,403681
-24.75,-24.53,10150,B,403681
-25.375,-25.0925,10175,B,403681
-26,-25.655,10200,B,403681
-26.625,-26.2175,10225,B,403681
-27.25,-26.78,10250,B,403681
-26.875,-27.3425,10275,B,403681
-27.5,-27.905,10300,B,403681
-28.125,-28.4675,10325,B,403681
-28.75,-29.03,10350,B,403681
-29.375,-29.5925,10375,B,403681
-30,-30.155,10400,B,403681
-30.625,-30.7175,10425,B,403681
-31.25,-31.28,10450,B,403681
-31.875,-31.8875,10475,B,403681
-32.5,-32.5125,10500,B,403681
-33.125,-33.1375,10525,B,403681
-33.75,-33.7625,10550,B,403681
-34.375,-34.3875,10575,B,403681
-35,-35.0125,10600,B,403681
-35.625,-35.6375,10625,B,403681
-36.25,-36.2625,10650,B,403681
-36.875,-36.8875,10675,B,403681
-37.5,-37.4675,10700,B,403681
-38.125,-38.03,10725,B,403681
-38.75,-38.5925,10750,B,403681
-39.375,-39.155,10775,B,403681
-40,-39.7175,10800,B,403681
-40.625,-40.28,10825,B,403681
-41.25,-40.8425,10850,B,403681
-41.875,-41.405,10875,B,403681
-41.5,-41.9675,10900,B,403681
-42.125,-42.53,10925,B,403681
-42.75,-43.0925,10950,B,403681
-43.375,-43.655,10975,B,403681
-44,-44.2175,11000,B,403681
-44.625,-44.78,11025,B,403681
-45.25,-45.3425,11050,B,403681
-45.875,-45.905,11075,B,403681
-46.5,-46.5125,11100,B,403681
-47.125,-47.1375,11125,B,403681
-47.75,-47.7625,11150,B,403681
-48.375,-48.3875,11175,B,403681
-49,-49.0125,11200,B,403681
-49.625,-49.6375,11225,B,403681
-50.25,-50.2625,11250,B,403681
-50.875,-50.8875,11275,B,403681
-51.5,-51.5125,11300,B,403681
-52.125,-52.1375,11325,B,403681
-52.75,-52.7625,11350,B,403681
-53.375,-53.3875,11375,B,403681
-54,-53.98,11400,B,403681
-54.625,-54.5425,11425,B,403681
-55.25,-55.105,11450,B,403681
-55.875,-55.6675,11475,B,403681
-56.5,-56.23,11500,B,403681
-57.125,-56.7925,11525,B,403681
-57.75,-57.355,11550,B,403681
-58.375,-57.88,11575,B,403681
-58,-58.38,11600,B,403681
-58.625,-58.88,11625,B,403681
-59.25,-59.38,11650,B,403681
-59.875,-59.88,11675,B,403681
-60.5,-60.38,11700,B,403681
-61.125,-60.88,11725,B,403681
-61.75,-61.38,11750,B,403681
-61.375,-61.88,11775,B,403681
-62,-62.4125,11800,B,403681
-62.625,-62.975,11825,B,403681
-63.25,-63.5375,11850,B,403681
-63.875,-64.1,11875,B,403681
-64.5,-64.6625,11900,B,403681
-65.125,-65.225,11925,B,403681
-65.75,-65.7875,11950,B,403681
-66.375,-66.3875,11975,B,403681
-67,-67.0125,12000,B,403681
-67.625,-67.6375,12025,B,403681
-68.25,-68.2625,12050,B,403681
-68.875,-68.8875,12075,B,403681
-69.5,-69.5125,12100,B,403681
-70.125,-70.1375,12125,B,403681
-70.75,-70.7625,12150,B,403681
-71.375,-71.3875,12175,B,403681
-72,-72.0125,12200,B,403681
-72.625,-72.6375,12225,B,403681
-73.25,-73.2625,12250,B,403681
-73.875,-73.8875,12275,B,403681
-74.5,-74.5125,12300,B,403681
-75.125,-75.1375,12325,B,403681
-75.75,-75.7625,12350,B,403681
-76.375,-76.3875,12375,B,403681
-77,-77.0125,12400,B,403681
-77.625,-77.6375,12425,B,403681
-78.25,-78.2625,12450,B,403681
-78.875,-78.8875,12475,B,403681
-79.5,-79.5125,12500,B,403681
-80.125,-80.1375,12525,B,403681
-80.75,-80.7625,12550,B,403681
-81.375,-81.3875,12575,B,403681
-82,-82.0125,12600,B,403681
-82.625,-82.6375,12625,B,403681
-83.25,-83.24,12650,B,403681
-83.875,-83.8025,12675,B,403681
-84.5,-84.365,12700,B,403681
-85.125,-84.9275,12725,B,403681
-85.75,-85.49,12750,B,403681
-86.375,-86.0525,12775,B,403681
-87,-86.615,12800,B,403681
-87.625,-87.1775,12825,B,403681
-87.25,-87.74,12850,B,403681
-87.875,-88.3025,12875,B,403681
-88.5,-88.865,12900,B,403681
-89.125,-89.4275,12925,B,403681
-89.75,-89.99,12950,B,403681
-90.375,-90.5525,12975,B,403681
-91,-91.115,13000,B,403681
-91.625,-91.6775,13025,B,403681
-92.25,-92.2625,13050,B,403681
-92.875,-92.8875,13075,B,403681
-93.5,-93.5125,13100,B,403681
-94.125,-94.1375,13125,B,403681
-94.75,-94.7625,13150,B,403681
-95.375,-95.3875,13175,B,403681
-96,-96.0125,13200,B,403681
-96.625,-96.6375,13225,B,403681
-97.25,-97.2625,13250,B,403681
-97.875,-97.8875,13275,B,403681
-98.5,-98.5125,13300,B,403681
-99.125,-99.1375,13325,B,403681
-99.75,-99.7625,13350,B,403681
-100.375,-100.3875,13375,B,403681
-101,-101.0125,13400,B,403681
-101.625,-101.5975,13425,B,403681
-102.25,-102.16,13450,B,403681
-102.875,-102.7225,13475,B,403681
-103.5,-103.285,13500,B,403681
-104.125,-103.8475,13525,B,403681
-104.75,-104.41,13550,B,403681
-105.375,-104.9725,13575,B,403681
-106,-105.535,13600,B,403681
-105.625,-106.0975,13625,B,403681
-106.25,-106.66,13650,B,403681
-106.875,-107.2225,13675,B,403681
-107.5,-107.785,13700,B,403681
-108.125,-108.3475,13725,B,403681
-108.75,-108.91,13750,B,403681
-109.375,-109.4725,13775,B,403681
-110,-110.035,13800,B,403681
-110.625,-110.6375,13825,B,403681
-111.25,-111.2625,13850,B,403681
-111.875,-111.8875,13875,B,403681
-112.5,-112.5125,13900,B,403681
-113.125,-113.1325,13925,B,403681
-113.75,-113.6675,13950,B,403681
-114.375,-114.1675,13975,B,403681
-115,-114.6675,14000,B,403681
-115.625,-115.1675,14025,B,403681
-116.25,-115.6675,14050,B,403681
-116.875,-116.1675,14075,B,403681
-117.5,-116.6675,14100,B,403681
-117.125,-117.1675,14125,B,403681
-116.75,-117.6675,14150,B,403681
-117.375,-118.1675,14175,B,403681
-118,-118.6675,14200,B,403681
-118.625,-119.1675,14225,B,403681
-119.25,-119.6675,14250,B,403681
-119.875,-120.1675,14275,B,403681
-120.5,-120.6675,14300,B,403681
-121.125,-121.1725,14325,B,403681
-121.75,-121.7325,14350,B,403681
-122.375,-122.295,14375,B,403681
-123,-122.8575,14400,B,403681
-123.625,-123.42,14425,B,403681
-124.25,-123.9825,14450,B,403681
-124.875,-124.545,14475,B,403681
-125.5,-125.1075,14500,B,403681
-126.125,-125.67,14525,B,403681
-125.75,-126.2325,14550,B,403681
-126.375,-126.795,14575,B,403681
-127,-127.3575,14600,B,403681
-127.625,-127.92,14625,B,403681
-128.25,-128.4825,14650,B,403681
-128.875,-129.045,14675,B,403681
-129.5,-129.6075,14700,B,403681
-130.125,-130.17,14725,B,403681
-130.75,-130.7625,14750,B,403681
-131.375,-131.3875,14775,B,403681
-132,-132.0125,14800,B,403681
-132.625,-132.6375,14825,B,403681
-133.25,-133.2625,14850,B,403681
-133.875,-133.8875,14875,B,403681
-134.5,-134.5125,14900,B,403681
-135.125,-135.1375,14925,B,403681
-135.75,-135.7625,14950,B,403681
-136.375,-136.3875,14975,B,403681
-137,-137.0125,15000,B,403681
-137.625,-137.6375,15025,B,403681
-138.25,-138.2625,15050,B,403681
-138.875,-138.8875,15075,B,403681
-139.5,-139.5125,15100,B,403681
-140.125,-140.1375,15125,B,403681
-140.75,-140.7625,15150,B,403681
-141.375,-141.3875,15175,B,403681
-142,-142.0125,15200,B,403681
-142.625,-142.6375,15225,B,403681
-143.25,-143.2625,15250,B,403681
-143.875,-143.8875,15275,B,403681
-144.5,-144.5125,15300,B,403681
-145.125,-145.1375,15325,B,403681
-145.75,-145.7625,15350,B,403681
-146.375,-146.3875,15375,B,403681
-147,-147.0125,15400,B,403681
-147.625,-147.6375,15425,B,403681
-148.25,-148.2625,15450,B,403681
-148.875,-148.8875,15475,B,403681
-149.5,-149.5125,15500,B,403681
-150.125,-150.1375,15525,B,403681
-150.75,-150.7625,15550,B,403681
-151.375,-151.3875,15575,B,403681
-152,-152.0125,15600,B,403681
-152.625,-152.6375,15625,B,403681
-153.25,-153.2625,15650,B,403681
-153.875,-153.8875,15675,B,403681
-154.5,-154.5125,15700,B,403681
-155.125,-155.1375,15725,B,403681
-155.75,-155.7625,15750,B,403681
-156.375,-156.3875,15775,B,403681
-157,-157.0125,15800,B,403681
-157.625,-157.6375,15825,B,403681
-158.25,-158.2625,15850,B,403681
-158.875,-158.8875,15875,B,403681
-159.5,-159.5125,15900,B,403681
-160.125,-160.1375,15925,B,403681
-160.75,-160.7625,15950,B,403681
-161.375,-161.3875,15975,B,403681
-162,-162.0125,16000,B,403681
-162.625,-162.6375,16025,B,403681
-163.25,-163.2625,16050,B,403681
-163.875,-163.8875,16075,B,403681
-164.5,-164.5125,16100,B,403681
-165.125,-165.1375,16125,B,403681
-165.75,-165.7625,16150,B,403681
-166.375,-166.3875,16175,B,403681
-167,-167.0125,16200,B,403681
-167.625,-167.6375,16225,B,403681
-168.25,-168.2625,16250,B,403681
-168.875,-168.8875,16275,B,403681
-169.5,-169.5125,16300,B,403681
-170.125,-170.1375,16325,B,403681
-170.75,-170.7625,16350,B,403681
-171.375,-171.3875,16375,B,403681
-172,-172.0125,16400,B,403681
-172.625,-172.6375,16425,B,403681
-173.25,-173.2625,16450,B,403681
-173.875,-173.8875,16475,B,403681
-174.5,-174.5125,16500,B,403681
-175.125,-175.1375,16525,B,403681
-175.75,-175.7625,16550,B,403681
-176.375,-176.3875,16575,B,403681
-177,-177.0125,16600,B,403681
-177.625,-177.6375,16625,B,403681
-178.25,-178.2625,16650,B,403681
-178.875,-178.8875,16675,B,403681
-179.5,-179.5125,16700,B,403681
-180.125,-180.1375,16725,B,403681
-180.75,-180.7625,16750,B,403681
-181.375,-181.3875,16775,B,403681
-182,-182.0125,16800,B,403681
-182.625,-182.6375,16825,B,403681
-183.25,-183.2625,16850,B,403681
-183.875,-183.8875,16875,B,403681
-184.5,-184.5125,16900,B,403681
-185.125,-185.1375,16925,B,403681
-185.75,-185.7625,16950,B,403681
-186.375,-186.3875,16975,B,403681
-187,-187.0125,17000,B,403681
-187.625,-187.6375,17025,B,403681
-188.25,-188.2625,17050,B,403681
-188.875,-188.8875,17075,B,403681
-189.5,-189.5125,17100,B,403681
-190.125,-190.1375,17125,B,403681
-190.75,-190.7625,17150,B,403681
-191.375,-191.3875,17175,B,403681
-192,-192.0125,17200,B,403681
-192.625,-192.6375,17225,B,403681
-193.25,-193.2625,17250,B,403681
-193.875,-193.8875,17275,B,403681
-194.5,-194.5125,17300,B,403681
-195.125,-195.1125,17325,B,403681
-195.75,-195.675,17350,B,403681
-196.375,-196.23,17375,B,403681
-197,-196.73,17400,B,403681
-197.625,-197.23,17425,B,403681
-198.25,-197.73,17450,B,403681
-198.875,-198.23,17475,B,403681
-199.5,-198.73,17500,B,403681
-199.125,-199.23,17525,B,403681
-199.75,-199.73,17550,B,403681
-199.375,-200.23,17575,B,403681
-200,-200.73,17600,B,403681
-200.625,-201.23,17625,B,403681
-201.25,-201.73,17650,B,403681
-201.875,-202.23,17675,B,403681
-202.5,-202.73,17700,B,403681
-203.125,-203.215,17725,B,403681
-203.75,-203.715,17750,B,403681
-204.375,-204.2225,17775,B,403681
-205,-204.785,17800,B,403681
-205.625,-205.3475,17825,B,403681
-206.25,-205.91,17850,B,403681
-206.875,-206.4725,17875,B,403681
-207.5,-207.035,17900,B,403681
-207.125,-207.5975,17925,B,403681
-207.75,-208.16,17950,B,403681
-208.375,-208.7225,17975,B,403681
-209,-209.285,18000,B,403681
-209.625,-209.8475,18025,B,403681
-210.25,-210.41,18050,B,403681
-210.875,-210.9725,18075,B,403681
-211.5,-211.535,18100,B,403681
-212.125,-212.1375,18125,B,403681
-212.75,-212.7625,18150,B,403681
-213.375,-213.3875,18175,B,403681
-214,-214.0125,18200,B,403681
-214.625,-214.6375,18225,B,403681
-215.25,-215.2625,18250,B,403681
-215.875,-215.8875,18275,B,403681
-216.5,-216.5125,18300,B,403681
-217.125,-217.1375,18325,B,403681
-217.75,-217.7625,18350,B,403681
-218.375,-218.3875,18375,B,403681
-219,-219.0125,18400,B,403681
-219.625,-219.6375,18425,B,403681
-220.25,-220.2625,18450,B,403681
-220.875,-220.8875,18475,B,403681
-221.5,-221.5125,18500,B,403681
-222.125,-222.1375,18525,B,403681
-222.75,-222.7625,18550,B,403681
-223.375,-223.335,18575,B,403681
-224,-223.8975,18600,B,403681
-224.625,-224.46,18625,B,403681
-225.25,-225.0225,18650,B,403681
-225.875,-225.585,18675,B,403681
-226.5,-226.1475,18700,B,403681
-227.125,-226.71,18725,B,403681
-227.75,-227.2725,18750,B,403681
-227.375,-227.835,18775,B,403681
-228,-228.3975,18800,B,403681
-228.625,-228.96,18825,B,403681
-229.25,-229.5225,18850,B,403681
-229.875,-230.085,18875,B,403681
-230.5,-230.6475,18900,B,403681
-231.125,-231.21,18925,B,403681
-231.75,-231.7725,18950,B,403681
-232.375,-232.3875,18975,B,403681
-233,-233.0125,19000,B,403681
-233.625,-233.6375,19025,B,403681
-234.25,-234.2625,19050,B,403681
-234.875,-234.8875,19075,B,403681
-235.5,-235.5125,19100,B,403681
-236.125,-236.1375,19125,B,403681
-236.75,-236.7625,19150,B,403681
-237.375,-237.3875,19175,B,403681
-238,-238.0125,19200,B,403681
-238.625,-238.6375,19225,B,403681
-239.25,-239.2625,19250,B,403681
-239.875,-239.8875,19275,B,403681
-240.5,-240.5125,19300,B,403681
-241.125,-241.1375,19325,B,403681
-241.75,-241.7625,19350,B,403681
-242.375,-242.3875,19375,B,403681
-243,-243.0125,19400,B,403681
-243.625,-243.6375,19425,B,403681
-244.25,-244.2625,19450,B,403681
-244.875,-244.8875,19475,B,403681
-245.5,-245.5125,19500,B,403681
-246.125,-246.1375,19525,B,403681
-246.75,-246.7625,19550,B,403681
-247.375,-247.3875,19575,B,403681
-248,-248.0125,19600,B,403681
-248.625,-248.6375,19625,B,403681
-249.25,-249.2625,19650,B,403681
-249.875,-249.8875,19675,B,403681
-250.5,-250.5125,19700,B,403681
-251.125,-251.1375,19725,B,403681
-251.75,-251.7625,19750,B,403681
-252.375,-252.3875,19775,B,403681
-253,-253.0125,19800,B,403681
-253.625,-253.6375,19825,B,403681
-254.25,-254.2625,19850,B,403681
-254.875,-254.8875,19875,B,403681
-255.5,-255.5125,19900,B,403681
-256.125,-256.1375,19925,B,403681
-256.75,-256.7625,19950,B,403681
-257.375,-257.3875,19975,B,403681
-258,-258.0125,20000,B,403681
2.375,,25,B,439567
3.75,,50,B,439567
9.125,,75,B,439567
9.5,,100,B,439567
9.875,,125,B,439567
14.25,,150,B,439567
15.625,,175,B,439567
21,21.33,200,B,439567
25.375,24.045,225,B,439567
26.75,26.7975,250,B,439567
29.125,29.7,275,B,439567
32.5,32.67,300,B,439567
35.875,35.7025,325,B,439567
38.25,38.6325,350,B,439567
41.625,41.4775,375,B,439567
44,44.2025,400,B,439567
46.375,46.765,425,B,439567
51.75,49.08,450,B,439567
56.125,51.465,475,B,439567
58.5,53.6975,500,B,439567
58.875,55.7575,525,B,439567
59.25,57.7225,550,B,439567
61.625,59.485,575,B,439567
63,61.0775,600,B,439567
63.375,62.6925,625,B,439567
63.75,64.285,650,B,439567
67.125,65.575,675,B,439567
67.5,66.63,700,B,439567
67.875,67.6025,725,B,439567
69.25,68.5525,750,B,439567
68.625,69.5,775,B,439567
69,70.3875,800,B,439567
71.375,71.22,825,B,439567
74.75,71.985,850,B,439567
74.125,72.625,875,B,439567
73.5,73.21,900,B,439567
74.875,73.8325,925,B,439567
74.25,74.425,950,B,439567
75.625,75.0325,975,B,439567
76,75.655,1000,B,439567
76.375,76.295,1025,B,439567
75.75,76.8575,1050,B,439567
76.125,77.38,1075,B,439567
76.5,78.0375,1100,B,439567
77.875,78.8475,1125,B,439567
78.25,79.655,1150,B,439567
78.625,80.435,1175,B,439567
80,81.1475,1200,B,439567
81.375,81.8425,1225,B,439567
82.75,82.64,1250,B,439567
83.125,83.5225,1275,B,439567
85.5,84.36,1300,B,439567
86.875,85.1225,1325,B,439567
88.25,85.84,1350,B,439567
87.625,86.52,1375,B,439567
88,87.1925,1400,B,439567
87.375,87.7375,1425,B,439567
89.75,88.225,1450,B,439567
90.125,88.64,1475,B,439567
89.5,88.92,1500,B,439567
89.875,89.01,1525,B,439567
89.25,89.015,1550,B,439567
89.625,88.9625,1575,B,439567
90,89.07,1600,B,439567
90.375,89.1975,1625,B,439567
89.75,89.285,1650,B,439567
89.125,89.325,1675,B,439567
88.5,89.3875,1700,B,439567
87.875,89.455,1725,B,439567
87.25,89.6475,1750,B,439567
87.625,89.86,1775,B,439567
90,90.0875,1800,B,439567
90.375,90.345,1825,B,439567
90.75,90.635,1850,B,439567
91.125,90.9475,1875,B,439567
90.5,91.3225,1900,B,439567
91.875,91.6975,1925,B,439567
93.25,92.0725,1950,B,439567
92.625,92.4375,1975,B,439567
94,92.6325,2000,B,439567
94.375,92.79,2025,B,439567
94.75,92.9975,2050,B,439567
94.125,93.2275,2075,B,439567
94.5,93.5275,2100,B,439567
93.875,93.8575,2125,B,439567
93.25,94.0875,2150,B,439567
92.625,94.295,2175,B,439567
92,94.4975,2200,B,439567
92.375,94.695,2225,B,439567
93.75,94.8425,2250,B,439567
95.125,94.9925,2275,B,439567
96.5,95.18,2300,B,439567
95.875,95.3675,2325,B,439567
96.25,95.555,2350,B,439567
96.625,95.785,2375,B,439567
96,96.035,2400,B,439567
97.375,96.25,2425,B,439567
96.75,96.345,2450,B,439567
97.125,96.3325,2475,B,439567
97.5,96.22,2500,B,439567
96.875,96.115,2525,B,439567
96.25,96.005,2550,B,439567
96.625,95.87,2575,B,439567
96,95.745,2600,B,439567
95.375,95.5225,2625,B,439567
94.75,95.33,2650,B,439567
94.125,95.18,2675,B,439567
93.5,94.98,2700,B,439567
94.875,94.7925,2725,B,439567
94.25,94.605,2750,B,439567
94.625,94.3875,2775,B,439567
94,94.24,2800,B,439567
93.375,94.115,2825,B,439567
94.75,93.99,2850,B,439567
94.125,93.865,2875,B,439567
94.5,93.74,2900,B,439567
93.875,93.5325,2925,B,439567
93.25,93.2825,2950,B,439567
93.625,93.0225,2975,B,439567
94,92.7475,3000,B,439567
93.375,92.4975,3025,B,439567
92.75,92.19,3050,B,439567
92.125,91.8425,3075,B,439567
91.5,91.545,3100,B,439567
90.875,91.295,3125,B,439567
90.25,91.045,3150,B,439567
89.625,90.7825,3175,B,439567
90,90.4925,3200,B,439567
89.375,90.18,3225,B,439567
88.75,89.8675,3250,B,439567
89.125,89.555,3275,B,439567
90.5,89.39,3300,B,439567
89.875,89.265,3325,B,439567
89.25,89.14,3350,B,439567
88.625,89.015,3375,B,439567
89,88.8525,3400,B,439567
88.375,88.665,3425,B,439567
87.75,88.4775,3450,B,439567
87.125,88.325,3475,B,439567
89.5,88.0725,3500,B,439567
88.875,87.81,3525,B,439567
88.25,87.605,3550,B,439567
87.625,87.4175,3575,B,439567
87,87.18,3600,B,439567
86.375,86.9925,3625,B,439567
85.75,86.805,3650,B,439567
86.125,86.6175,3675,B,439567
85.5,86.3425,3700,B,439567
85.875,86.03,3725,B,439567
86.25,85.7175,3750,B,439567
85.625,85.405,3775,B,439567
86,85.0925,3800,B,439567
85.375,84.875,3825,B,439567
84.75,84.8125,3850,B,439567
84.125,84.785,3875,B,439567
84.5,84.785,3900,B,439567
83.875,84.735,3925,B,439567
83.25,84.6275,3950,B,439567
82.625,84.5025,3975,B,439567
82,84.4225,4000,B,439567
85.375,84.2975,4025,B,439567
84.75,84.1725,4050,B,439567
86.125,84.0475,4075,B,439567
85.5,83.8625,4100,B,439567
84.875,83.675,4125,B,439567
84.25,83.4875,4150,B,439567
83.625,83.3525,4175,B,439567
84,83.2275,4200,B,439567
83.375,83.0475,4225,B,439567
82.75,82.735,4250,B,439567
82.125,82.3325,4275,B,439567
81.5,81.9575,4300,B,439567
80.875,81.5825,4325,B,439567
80.25,81.2075,4350,B,439567
80.625,80.8325,4375,B,439567
80,80.4,4400,B,439567
80.375,80,4425,B,439567
79.75,79.625,4450,B,439567
80.125,79.25,4475,B,439567
79.5,78.875,4500,B,439567
78.875,78.5,4525,B,439567
78.25,78.125,4550,B,439567
77.625,77.6975,4575,B,439567
77,77.3125,4600,B,439567
77.375,76.8975,4625,B,439567
76.75,76.475,4650,B,439567
76.125,76.0925,4675,B,439567
75.5,75.7025,4700,B,439567
74.875,75.3275,4725,B,439567
74.25,74.9525,4750,B,439567
73.625,74.6325,4775,B,439567
74,74.32,4800,B,439567
73.375,73.97,4825,B,439567
73.75,73.595,4850,B,439567
73.125,73.22,4875,B,439567
73.5,72.845,4900,B,439567
72.875,72.47,4925,B,439567
72.25,72.095,4950,B,439567
72.625,71.805,4975,B,439567
72,71.5025,5000,B,439567
71.375,71.19,5025,B,439567
70.75,70.8625,5050,B,439567
70.125,70.4875,5075,B,439567
69.5,70.0725,5100,B,439567
68.875,69.7425,5125,B,439567
68.25,69.43,5150,B,439567
69.625,69.0625,5175,B,439567
69,68.6875,5200,B,439567
68.375,68.3125,5225,B,439567
67.75,67.9375,5250,B,439567
67.125,67.5625,5275,B,439567
67.5,67.1875,5300,B,439567
67.875,66.8125,5325,B,439567
67.25,66.44,5350,B,439567
66.625,66.0425,5375,B,439567
66,65.605,5400,B,439567
65.375,65.1675,5425,B,439567
64.75,64.73,5450,B,439567
64.125,64.345,5475,B,439567
63.5,63.9625,5500,B,439567
62.875,63.495,5525,B,439567
63.25,63.0825,5550,B,439567
62.625,62.7075,5575,B,439567
62,62.3325,5600,B,439567
61.375,61.975,5625,B,439567
60.75,61.6625,5650,B,439567
61.125,61.355,5675,B,439567
60.5,61.105,5700,B,439567
60.875,60.855,5725,B,439567
61.25,60.6175,5750,B,439567
60.625,60.3675,5775,B,439567
60,60.1175,5800,B,439567
60.375,59.91,5825,B,439567
59.75,59.765,5850,B,439567
60.125,59.5875,5875,B,439567
59.5,59.4,5900,B,439567
58.875,59.1975,5925,B,439567
59.25,58.9225,5950,B,439567
58.625,58.635,5975,B,439567
58,58.385,6000,B,439567
58.375,58.1175,6025,B,439567
58.75,57.8275,6050,B,439567
58.125,57.5725,6075,B,439567
57.5,57.31,6100,B,439567
56.875,57.06,6125,B,439567
56.25,56.83,6150,B,439567
56.625,56.58,6175,B,439567
56,56.33,6200,B,439567
55.375,56.0375,6225,B,439567
55.75,55.6825,6250,B,439567
55.125,55.3075,6275,B,439567
55.5,54.9325,6300,B,439567
54.875,54.5575,6325,B,439567
55.25,54.2425,6350,B,439567
54.625,53.905,6375,B,439567
54,53.53,6400,B,439567
53.375,53.155,6425,B,439567
52.75,52.7575,6450,B,439567
52.125,52.32,6475,B,439567
51.5,51.8325,6500,B,439567
50.875,51.3325,6525,B,439567
51.25,50.7975,6550,B,439567
50.625,50.235,6575,B,439567
50,49.6725,6600,B,439567
49.375,49.11,6625,B,439567
48.75,48.5675,6650,B,439567
48.125,48.0675,6675,B,439567
47.5,47.5675,6700,B,439567
46.875,47.0675,6725,B,439567
46.25,46.5075,6750,B,439567
45.625,46.0075,6775,B,439567
45,45.5075,6800,B,439567
44.375,45.0075,6825,B,439567
44.75,44.5075,6850,B,439567
44.125,44.0075,6875,B,439567
43.5,43.5075,6900,B,439567
42.875,43.0075,6925,B,439567
42.25,42.5075,6950,B,439567
42.625,42.0075,6975,B,439567
42,41.52,7000,B,439567
41.375,41.0825,7025,B,439567
40.75,40.625,7050,B,439567
40.125,40.17,7075,B,439567
39.5,39.7325,7100,B,439567
38.875,39.295,7125,B,439567
38.25,38.8575,7150,B,439567
37.625,38.3575,7175,B,439567
38,37.8575,7200,B,439567
37.375,37.385,7225,B,439567
36.75,36.9475,7250,B,439567
37.125,36.51,7275,B,439567
36.5,36.0725,7300,B,439567
35.875,35.635,7325,B,439567
35.25,35.1975,7350,B,439567
34.625,34.785,7375,B,439567
34,34.45,7400,B,439567
34.375,34.075,7425,B,439567
33.75,33.7,7450,B,439567
33.125,33.28,7475,B,439567
32.5,32.8425,7500,B,439567
31.875,32.405,7525,B,439567
31.25,31.9675,7550,B,439567
31.625,31.53,7575,B,439567
32,31.0925,7600,B,439567
31.375,30.6275,7625,B,439567
30.75,30.1275,7650,B,439567
30.125,29.6275,7675,B,439567
29.5,29.1725,7700,B,439567
28.875,28.735,7725,B,439567
28.25,28.2975,7750,B,439567
27.625,27.835,7775,B,439567
27,27.2825,7800,B,439567
26.375,26.72,7825,B,439567
25.75,26.1575,7850,B,439567
25.125,25.595,7875,B,439567
25.5,25.0325,7900,B,439567
24.875,24.47,7925,B,439567
24.25,23.9075,7950,B,439567
23.625,23.345,7975,B,439567
23,22.7825,8000,B,439567
22.375,22.22,8025,B,439567
21.75,21.6575,8050,B,439567
21.125,21.095,8075,B,439567
20.5,20.4875,8100,B,439567
19.875,19.8625,8125,B,439567
19.25,19.2375,8150,B,439567
18.625,18.62,8175,B,439567
18,18.0575,8200,B,439567
17.375,17.495,8225,B,439567
16.75,16.9325,8250,B,439567
16.125,16.37,8275,B,439567
15.5,15.8075,8300,B,439567
14.875,15.2725,8325,B,439567
14.25,14.7725,8350,B,439567
14.625,14.2725,8375,B,439567
14,13.7725,8400,B,439567
13.375,13.2725,8425,B,439567
12.75,12.7725,8450,B,439567
12.125,12.2725,8475,B,439567
11.5,11.7725,8500,B,439567
11.875,11.2725,8525,B,439567
11.25,10.7725,8550,B,439567
10.625,10.3225,8575,B,439567
9.99999999999998,9.82249999999998,8600,B,439567
9.37499999999998,9.32249999999998,8625,B,439567
8.74999999999998,8.82249999999998,8650,B,439567
8.12499999999998,8.32249999999998,8675,B,439567
7.49999999999998,7.82249999999998,8700,B,439567
6.87499999999998,7.29499999999998,8725,B,439567
6.24999999999998,6.73249999999998,8750,B,439567
6.62499999999998,6.16999999999998,8775,B,439567
5.99999999999998,5.60749999999998,8800,B,439567
5.37499999999998,5.04499999999998,8825,B,439567
4.74999999999998,4.48249999999998,8850,B,439567
4.12499999999998,3.91999999999998,8875,B,439567
3.49999999999998,3.35749999999998,8900,B,439567
2.87499999999998,2.79499999999998,8925,B,439567
2.24999999999998,2.23249999999998,8950,B,439567
1.62499999999998,1.61249999999998,8975,B,439567
0.999999999999983,0.987499999999983,9000,B,439567
0.374999999999983,0.362499999999983,9025,B,439567
-0.250000000000017,-0.262500000000017,9050,B,439567
-0.875000000000017,-0.887500000000017,9075,B,439567
-1.50000000000002,-1.51250000000002,9100,B,439567
-2.12500000000002,-2.13750000000002,9125,B,439567
-2.75000000000002,-2.76250000000002,9150,B,439567
-3.37500000000002,-3.38750000000002,9175,B,439567
-4.00000000000002,-4.01250000000002,9200,B,439567
-4.62500000000002,-4.63750000000002,9225,B,439567
-5.25000000000002,-5.26250000000002,9250,B,439567
-5.87500000000002,-5.88750000000002,9275,B,439567
-6.50000000000002,-6.51250000000002,9300,B,439567
-7.12500000000002,-7.13750000000002,9325,B,439567
-7.75000000000002,-7.76250000000002,9350,B,439567
-8.37500000000002,-8.38750000000002,9375,B,439567
-9.00000000000002,-8.99000000000002,9400,B,439567
-9.62500000000002,-9.55250000000002,9425,B,439567
-10.25,-10.115,9450,B,439567
-10.875,-10.6775,9475,B,439567
-11.5,-11.24,9500,B,439567
-12.125,-11.8025,9525,B,439567
-12.75,-12.365,9550,B,439567
-13.375,-12.9275,9575,B,439567
-13,-13.49,9600,B,439567
-13.625,-14.0525,9625,B,439567
-14.25,-14.615,9650,B,439567
-14.875,-15.1775,9675,B,439567
-15.5,-15.74,9700,B,439567
-16.125,-16.3025,9725,B,439567
-16.75,-16.865,9750,B,439567
-17.375,-17.415,9775,B,439567
-18,-17.9375,9800,B,439567
-18.625,-18.4425,9825,B,439567
-19.25,-18.9425,9850,B,439567
-19.875,-19.4425,9875,B,439567
-20.5,-19.9425,9900,B,439567
-21.125,-20.4425,9925,B,439567
-21.75,-20.9425,9950,B,439567
-21.375,-21.4425,9975,B,439567
-22,-21.9425,10000,B,439567
-21.625,-22.4425,10025,B,439567
-22.25,-22.9425,10050,B,439567
-22.875,-23.4425,10075,B,439567
-23.5,-23.9425,10100,B,439567
-24.125,-24.4425,10125,B,439567
-24.75,-24.9425,10150,B,439567
-25.375,-25.455,10175,B,439567
-26,-26.0175,10200,B,439567
-26.625,-26.6375,10225,B,439567
-27.25,-27.2625,10250,B,439567
-27.875,-27.8875,10275,B,439567
-28.5,-28.5125,10300,B,439567
-29.125,-29.1375,10325,B,439567
-29.75,-29.7625,10350,B,439567
-30.375,-30.3875,10375,B,439567
-31,-31.0125,10400,B,439567
-31.625,-31.6375,10425,B,439567
-32.25,-32.225,10450,B,439567
-32.875,-32.7875,10475,B,439567
-33.5,-33.35,10500,B,439567
-34.125,-33.9125,10525,B,439567
-34.75,-34.475,10550,B,439567
-35.375,-35.035,10575,B,439567
-36,-35.535,10600,B,439567
-36.625,-36.035,10625,B,439567
-36.25,-36.535,10650,B,439567
-36.875,-37.035,10675,B,439567
-37.5,-37.535,10700,B,439567
-38.125,-38.035,10725,B,439567
-38.75,-38.535,10750,B,439567
-38.375,-39.035,10775,B,439567
-39,-39.535,10800,B,439567
-39.625,-40.035,10825,B,439567
-40.25,-40.5725,10850,B,439567
-40.875,-41.135,10875,B,439567
-41.5,-41.6975,10900,B,439567
-42.125,-42.26,10925,B,439567
-42.75,-42.8225,10950,B,439567
-43.375,-43.3875,10975,B,439567
-44,-44.0125,11000,B,439567
-44.625,-44.6375,11025,B,439567
-45.25,-45.2625,11050,B,439567
-45.875,-45.8875,11075,B,439567
-46.5,-46.5125,11100,B,439567
-47.125,-47.1375,11125,B,439567
-47.75,-47.7625,11150,B,439567
-48.375,-48.365,11175,B,439567
-49,-48.9275,11200,B,439567
-49.625,-49.49,11225,B,439567
-50.25,-50.0525,11250,B,439567
-50.875,-50.615,11275,B,439567
-51.5,-51.1775,11300,B,439567
-52.125,-51.74,11325,B,439567
-52.75,-52.3025,11350,B,439567
-52.375,-52.865,11375,B,439567
-53,-53.4275,11400,B,439567
-53.625,-53.99,11425,B,439567
-54.25,-54.5525,11450,B,439567
-54.875,-55.115,11475,B,439567
-55.5,-55.6775,11500,B,439567
-56.125,-56.24,11525,B,439567
-56.75,-56.8025,11550,B,439567
-57.375,-57.3875,11575,B,439567
-58,-58.0125,11600,B,439567
-58.625,-58.6375,11625,B,439567
-59.25,-59.2625,11650,B,439567
-59.875,-59.8875,11675,B,439567
-60.5,-60.5125,11700,B,439567
-61.125,-61.1375,11725,B,439567
-61.75,-61.7625,11750,B,439567
-62.375,-62.3875,11775,B,439567
-63,-63.0125,11800,B,439567
-63.625,-63.6375,11825,B,439567
-64.25,-64.2625,11850,B,439567
-64.875,-64.8875,11875,B,439567
-65.5,-65.5125,11900,B,439567
-66.125,-66.1375,11925,B,439567
-66.75,-66.7625,11950,B,439567
-67.375,-67.3875,11975,B,439567
-68,-68.0125,12000,B,439567
-68.625,-68.6375,12025,B,439567
-69.25,-69.2625,12050,B,439567
-69.875,-69.8875,12075,B,439567
-70.5,-70.49,12100,B,439567
-71.125,-71.0525,12125,B,439567
-71.75,-71.615,12150,B,439567
-72.375,-72.1775,12175,B,439567
-73,-72.74,12200,B,439567
-73.625,-73.3025,12225,B,439567
-74.25,-73.865,12250,B,439567
-74.875,-74.4275,12275,B,439567
-74.5,-74.99,12300,B,439567
-75.125,-75.5525,12325,B,439567
-75.75,-76.115,12350,B,439567
-76.375,-76.6775,12375,B,439567
-77,-77.24,12400,B,439567
-77.625,-77.8025,12425,B,439567
-78.25,-78.365,12450,B,439567
-78.875,-78.9275,12475,B,439567
-79.5,-79.5125,12500,B,439567
-80.125,-80.1375,12525,B,439567
-80.75,-80.7625,12550,B,439567
-81.375,-81.3875,12575,B,439567
-82,-82.0125,12600,B,439567
-82.625,-82.6375,12625,B,439567
-83.25,-83.2625,12650,B,439567
-83.875,-83.8875,12675,B,439567
-84.5,-84.49,12700,B,439567
-85.125,-85.0525,12725,B,439567
-85.75,-85.615,12750,B,439567
-86.375,-86.1775,12775,B,439567
-87,-86.74,12800,B,439567
-87.625,-87.3025,12825,B,439567
-88.25,-87.865,12850,B,439567
-88.875,-88.4275,12875,B,439567
-88.5,-88.99,12900,B,439567
-89.125,-89.5525,12925,B,439567
-89.75,-90.115,12950,B,439567
-90.375,-90.6775,12975,B,439567
-91,-91.24,13000,B,439567
-91.625,-91.8025,13025,B,439567
-92.25,-92.365,13050,B,439567
-92.875,-92.9275,13075,B,439567
-93.5,-93.5125,13100,B,439567
-94.125,-94.1375,13125,B,439567
-94.75,-94.7625,13150,B,439567
-95.375,-95.3875,13175,B,439567
-96,-96.0125,13200,B,439567
-96.625,-96.6375,13225,B,439567
-97.25,-97.2625,13250,B,439567
-97.875,-97.8875,13275,B,439567
-98.5,-98.5125,13300,B,439567
-99.125,-99.1375,13325,B,439567
-99.75,-99.7625,13350,B,439567
-100.375,-100.3875,13375,B,439567
-101,-101.0125,13400,B,439567
-101.625,-101.6375,13425,B,439567
-102.25,-102.2625,13450,B,439567
-102.875,-102.8875,13475,B,439567
-103.5,-103.5125,13500,B,439567
-104.125,-104.1375,13525,B,439567
-104.75,-104.7625,13550,B,439567
-105.375,-105.3875,13575,B,439567
-106,-106.0125,13600,B,439567
-106.625,-106.6175,13625,B,439567
-107.25,-107.18,13650,B,439567
-107.875,-107.7425,13675,B,439567
-108.5,-108.305,13700,B,439567
-109.125,-108.8675,13725,B,439567
-109.75,-109.43,13750,B,439567
-110.375,-109.9925,13775,B,439567
-111,-110.555,13800,B,439567
-110.625,-111.1175,13825,B,439567
-111.25,-111.68,13850,B,439567
-111.875,-112.2425,13875,B,439567
-112.5,-112.805,13900,B,439567
-113.125,-113.3675,13925,B,439567
-113.75,-113.93,13950,B,439567
-114.375,-114.4925,13975,B,439567
-115,-115.055,14000,B,439567
-115.625,-115.6375,14025,B,439567
-116.25,-116.2625,14050,B,439567
-116.875,-116.8875,14075,B,439567
-117.5,-117.5125,14100,B,439567
-118.125,-118.1375,14125,B,439567
-118.75,-118.7625,14150,B,439567
-119.375,-119.3875,14175,B,439567
-120,-120.0125,14200,B,439567
-120.625,-120.6375,14225,B,439567
-121.25,-121.2625,14250,B,439567
-121.875,-121.8875,14275,B,439567
-122.5,-122.5125,14300,B,439567
-123.125,-123.1375,14325,B,439567
-123.75,-123.7625,14350,B,439567
-124.375,-124.3875,14375,B,439567
-125,-125.0125,14400,B,439567
-125.625,-125.6375,14425,B,439567
-126.25,-126.2625,14450,B,439567
-126.875,-126.8875,14475,B,439567
-127.5,-127.5125,14500,B,439567
-128.125,-128.1375,14525,B,439567
-128.75,-128.7625,14550,B,439567
-129.375,-129.3875,14575,B,439567
-130,-130.0125,14600,B,439567
-130.625,-130.6375,14625,B,439567
-131.25,-131.2625,14650,B,439567
-131.875,-131.8875,14675,B,439567
-132.5,-132.5125,14700,B,439567
-133.125,-133.1375,14725,B,439567
-133.75,-133.7625,14750,B,439567
-134.375,-134.3875,14775,B,439567
-135,-135.0125,14800,B,439567
-135.625,-135.6375,14825,B,439567
-136.25,-136.2625,14850,B,439567
-136.875,-136.8725,14875,B,439567
-137.5,-137.435,14900,B,439567
-138.125,-137.9975,14925,B,439567
-138.75,-138.56,14950,B,439567
-139.375,-139.1225,14975,B,439567
-140,-139.6375,15000,B,439567
-140.625,-140.1375,15025,B,439567
-141.25,-140.6375,15050,B,439567
-140.875,-141.1375,15075,B,439567
-141.5,-141.6375,15100,B,439567
-142.125,-142.1375,15125,B,439567
-142.75,-142.6375,15150,B,439567
-143.375,-143.1375,15175,B,439567
-143,-143.6375,15200,B,439567
-143.625,-144.1375,15225,B,439567
-144.25,-144.6375,15250,B,439567
-144.875,-145.1525,15275,B,439567
-145.5,-145.715,15300,B,439567
-146.125,-146.2775,15325,B,439567
-146.75,-146.84,15350,B,439567
-147.375,-147.4025,15375,B,439567
-148,-148.0125,15400,B,439567
-148.625,-148.6375,15425,B,439567
-149.25,-149.2625,15450,B,439567
-149.875,-149.8875,15475,B,439567
-150.5,-150.5125,15500,B,439567
-151.125,-151.1375,15525,B,439567
-151.75,-151.7525,15550,B,439567
-152.375,-152.315,15575,B,439567
-153,-152.8775,15600,B,439567
-153.625,-153.44,15625,B,439567
-154.25,-154.0025,15650,B,439567
-154.875,-154.565,15675,B,439567
-155.5,-155.1275,15700,B,439567
-156.125,-155.69,15725,B,439567
-155.75,-156.2525,15750,B,439567
-156.375,-156.815,15775,B,439567
-157,-157.3775,15800,B,439567
-157.625,-157.94,15825,B,439567
-158.25,-158.5025,15850,B,439567
-158.875,-159.065,15875,B,439567
-159.5,-159.6275,15900,B,439567
-160.125,-160.19,15925,B,439567
-160.75,-160.7625,15950,B,439567
-161.375,-161.3875,15975,B,439567
-162,-162.0125,16000,B,439567
-162.625,-162.6375,16025,B,439567
-163.25,-163.2625,16050,B,439567
-163.875,-163.8875,16075,B,439567
-164.5,-164.5125,16100,B,439567
-165.125,-165.1375,16125,B,439567
-165.75,-165.7625,16150,B,439567
-166.375,-166.3875,16175,B,439567
-167,-167.0125,16200,B,439567
-167.625,-167.6375,16225,B,439567
-168.25,-168.2625,16250,B,439567
-168.875,-168.8875,16275,B,439567
-169.5,-169.4875,16300,B,439567
-170.125,-170.05,16325,B,439567
-170.75,-170.6125,16350,B,439567
-171.375,-171.175,16375,B,439567
-172,-171.7375,16400,B,439567
-172.625,-172.3,16425,B,439567
-173.25,-172.8625,16450,B,439567
-173.875,-173.425,16475,B,439567
-173.5,-173.9875,16500,B,439567
-174.125,-174.55,16525,B,439567
-174.75,-175.1125,16550,B,439567
-175.375,-175.675,16575,B,439567
-176,-176.2375,16600,B,439567
-176.625,-176.8,16625,B,439567
-177.25,-177.3625,16650,B,439567
-177.875,-177.925,16675,B,439567
-178.5,-178.5125,16700,B,439567
-179.125,-179.1375,16725,B,439567
-179.75,-179.7625,16750,B,439567
-180.375,-180.3875,16775,B,439567
-181,-181.0125,16800,B,439567
-181.625,-181.6375,16825,B,439567
-182.25,-182.2625,16850,B,439567
-182.875,-182.8875,16875,B,439567
-183.5,-183.5125,16900,B,439567
-184.125,-184.1375,16925,B,439567
-184.75,-184.7625,16950,B,439567
-185.375,-185.3875,16975,B,439567
-186,-186.0125,17000,B,439567
-186.625,-186.6375,17025,B,439567
-187.25,-187.2625,17050,B,439567
-187.875,-187.8875,17075,B,439567
-188.5,-188.5125,17100,B,439567
-189.125,-189.1375,17125,B,439567
-189.75,-189.7625,17150,B,439567
-190.375,-190.3875,17175,B,439567
-191,-191.0125,17200,B,439567
-191.625,-191.6375,17225,B,439567
-192.25,-192.2625,17250,B,439567
-192.875,-192.85,17275,B,439567
-193.5,-193.4125,17300,B,439567
-194.125,-193.975,17325,B,439567
-194.75,-194.5375,17350,B,439567
-195.375,-195.1,17375,B,439567
-196,-195.6625,17400,B,439567
-196.625,-196.225,17425,B,439567
-197.25,-196.7875,17450,B,439567
-196.875,-197.35,17475,B,439567
-197.5,-197.9125,17500,B,439567
-198.125,-198.475,17525,B,439567
-198.75,-199.0375,17550,B,439567
-199.375,-199.6,17575,B,439567
-200,-200.1625,17600,B,439567
-200.625,-200.725,17625,B,439567
-201.25,-201.2875,17650,B,439567
-201.875,-201.8875,17675,B,439567
-202.5,-202.5125,17700,B,439567
-203.125,-203.1375,17725,B,439567
-203.75,-203.7625,17750,B,439567
-204.375,-204.3875,17775,B,439567
-205,-205.0125,17800,B,439567
-205.625,-205.6375,17825,B,439567
-206.25,-206.2625,17850,B,439567
-206.875,-206.8275,17875,B,439567
-207.5,-207.39,17900,B,439567
-208.125,-207.9525,17925,B,439567
-208.75,-208.515,17950,B,439567
-209.375,-209.0775,17975,B,439567
-210,-209.64,18000,B,439567
-210.625,-210.2025,18025,B,439567
-211.25,-210.765,18050,B,439567
-210.875,-211.3275,18075,B,439567
-211.5,-211.89,18100,B,439567
-212.125,-212.4525,18125,B,439567
-212.75,-213.015,18150,B,439567
-213.375,-213.5775,18175,B,439567
-214,-214.14,18200,B,439567
-214.625,-214.7025,18225,B,439567
-215.25,-215.265,18250,B,439567
-215.875,-215.8875,18275,B,439567
-216.5,-216.5125,18300,B,439567
-217.125,-217.1375,18325,B,439567
-217.75,-217.7625,18350,B,439567
-218.375,-218.3875,18375,B,439567
-219,-219.0125,18400,B,439567
-219.625,-219.6375,18425,B,439567
-220.25,-220.2625,18450,B,439567
-220.875,-220.8875,18475,B,439567
-221.5,-221.5125,18500,B,439567
-222.125,-222.1375,18525,B,439567
-222.75,-222.7625,18550,B,439567
-223.375,-223.3875,18575,B,439567
-224,-224.0125,18600,B,439567
-224.625,-224.6375,18625,B,439567
-225.25,-225.2625,18650,B,439567
-225.875,-225.8875,18675,B,439567
-226.5,-226.5125,18700,B,439567
-227.125,-227.1375,18725,B,439567
-227.75,-227.7625,18750,B,439567
-228.375,-228.3875,18775,B,439567
-229,-229.0125,18800,B,439567
-229.625,-229.6375,18825,B,439567
-230.25,-230.2625,18850,B,439567
-230.875,-230.8875,18875,B,439567
-231.5,-231.5125,18900,B,439567
-232.125,-232.1375,18925,B,439567
-232.75,-232.7625,18950,B,439567
-233.375,-233.3875,18975,B,439567
-234,-234.0125,19000,B,439567
-234.625,-234.6375,19025,B,439567
-235.25,-235.2625,19050,B,439567
-235.875,-235.8875,19075,B,439567
-236.5,-236.5125,19100,B,439567
-237.125,-237.1375,19125,B,439567
-237.75,-237.7625,19150,B,439567
-238.375,-238.3875,19175,B,439567
-239,-239.0125,19200,B,439567
-239.625,-239.6375,19225,B,439567
-240.25,-240.2625,19250,B,439567
-240.875,-240.8875,19275,B,439567
-241.5,-241.5125,19300,B,439567
-242.125,-242.1375,19325,B,439567
-242.75,-242.7625,19350,B,439567
-243.375,-243.3875,19375,B,439567
-244,-244.0125,19400,B,439567
-244.625,-244.6375,19425,B,439567
-245.25,-245.2625,19450,B,439567
-245.875,-245.8875,19475,B,439567
-246.5,-246.5125,19500,B,439567
-247.125,-247.1375,19525,B,439567
-247.75,-247.7625,19550,B,439567
-248.375,-248.3875,19575,B,439567
-249,-249.0125,19600,B,439567
-249.625,-249.6375,19625,B,439567
-250.25,-250.2625,19650,B,439567
-250.875,-250.8875,19675,B,439567
-251.5,-251.5125,19700,B,439567
-252.125,-252.1375,19725,B,439567
-252.75,-252.7625,19750,B,439567
-253.375,-253.3875,19775,B,439567
-254,-254.0125,19800,B,439567
-254.625,-254.6375,19825,B,439567
-255.25,-255.2625,19850,B,439567
-255.875,-255.8875,19875,B,439567
-256.5,-256.5125,19900,B,439567
-257.125,-257.1375,19925,B,439567
-257.75,-257.7625,19950,B,439567
-258.375,-258.3875,19975,B,439567
-259,-259.0125,20000,B,439567
0.375,,25,B,539503
2.75,,50,B,539503
5.125,,75,B,539503
6.5,,100,B,539503
10.875,,125,B,539503
15.25,,150,B,539503
20.625,,175,B,539503
23,21.455,200,B,539503
26.375,24.1,225,B,539503
30.75,26.7425,250,B,539503
32.125,29.3125,275,B,539503
32.5,31.84,300,B,539503
36.875,34.495,325,B,539503
37.25,37.11,350,B,539503
40.625,39.71,375,B,539503
41,42.1625,400,B,539503
43.375,44.4675,425,B,539503
44.75,46.6725,450,B,539503
45.125,48.7525,475,B,539503
48.5,50.9625,500,B,539503
51.875,53.3375,525,B,539503
56.25,55.5775,550,B,539503
60.625,57.73,575,B,539503
62,59.8125,600,B,539503
63.375,61.86,625,B,539503
64.75,63.8525,650,B,539503
66.125,65.7675,675,B,539503
69.5,67.585,700,B,539503
72.875,69.105,725,B,539503
73.25,70.3925,750,B,539503
73.625,71.5625,775,B,539503
75,72.6425,800,B,539503
75.375,73.705,825,B,539503
75.75,74.76,850,B,539503
75.125,75.73,875,B,539503
75.5,76.5275,900,B,539503
74.875,77.095,925,B,539503
78.25,77.61,950,B,539503
78.625,78.11,975,B,539503
79,78.6325,1000,B,539503
81.375,79.075,1025,B,539503
80.75,79.5075,1050,B,539503
81.125,79.9675,1075,B,539503
80.5,80.4675,1100,B,539503
80.875,81.025,1125,B,539503
81.25,81.56,1150,B,539503
82.625,82.055,1175,B,539503
83,82.55,1200,B,539503
82.375,83.04,1225,B,539503
82.75,83.5125,1250,B,539503
83.125,84.1475,1275,B,539503
83.5,84.7725,1300,B,539503
83.875,85.3675,1325,B,539503
85.25,85.87,1350,B,539503
85.625,86.3625,1375,B,539503
87,86.8825,1400,B,539503
87.375,87.4975,1425,B,539503
89.75,88.125,1450,B,539503
91.125,88.7275,1475,B,539503
90.5,89.275,1500,B,539503
89.875,89.89,1525,B,539503
89.25,90.4725,1550,B,539503
90.625,90.91,1575,B,539503
92,91.2975,1600,B,539503
92.375,91.75,1625,B,539503
92.75,92.1525,1650,B,539503
92.125,92.3775,1675,B,539503
93.5,92.565,1700,B,539503
93.875,92.7525,1725,B,539503
93.25,92.94,1750,B,539503
92.625,93.0775,1775,B,539503
94,93.105,1800,B,539503
95.375,92.9975,1825,B,539503
94.75,92.925,1850,B,539503
94.125,92.9075,1875,B,539503
93.5,92.8825,1900,B,539503
92.875,92.81,1925,B,539503
92.25,92.7475,1950,B,539503
91.625,92.685,1975,B,539503
91,92.6025,2000,B,539503
91.375,92.445,2025,B,539503
91.75,92.365,2050,B,539503
92.125,92.36,2075,B,539503
91.5,92.4425,2100,B,539503
92.875,92.5675,2125,B,539503
92.25,92.6925,2150,B,539503
91.625,92.8175,2175,B,539503
91,93.0125,2200,B,539503
93.375,93.255,2225,B,539503
93.75,93.4175,2250,B,539503
94.125,93.4975,2275,B,539503
95.5,93.56,2300,B,539503
94.875,93.5225,2325,B,539503
94.25,93.46,2350,B,539503
93.625,93.42,2375,B,539503
95,93.42,2400,B,539503
94.375,93.3725,2425,B,539503
93.75,93.28,2450,B,539503
93.125,93.1975,2475,B,539503
92.5,93.0525,2500,B,539503
91.875,92.865,2525,B,539503
91.25,92.7325,2550,B,539503
91.625,92.7275,2575,B,539503
91,92.6775,2600,B,539503
92.375,92.615,2625,B,539503
92.75,92.5525,2650,B,539503
93.125,92.4975,2675,B,539503
92.5,92.4975,2700,B,539503
91.875,92.545,2725,B,539503
93.25,92.6075,2750,B,539503
93.625,92.6475,2775,B,539503
94,92.6475,2800,B,539503
93.375,92.6025,2825,B,539503
92.75,92.4625,2850,B,539503
93.125,92.2375,2875,B,539503
92.5,92.03,2900,B,539503
92.875,91.9475,2925,B,539503
92.25,91.83,2950,B,539503
91.625,91.585,2975,B,539503
91,91.335,3000,B,539503
90.375,91.1325,3025,B,539503
89.75,90.9675,3050,B,539503
89.125,90.835,3075,B,539503
90.5,90.7075,3100,B,539503
90.875,90.595,3125,B,539503
90.25,90.52,3150,B,539503
89.625,90.5075,3175,B,539503
90,90.5325,3200,B,539503
90.375,90.595,3225,B,539503
90.75,90.6575,3250,B,539503
90.125,90.765,3275,B,539503
90.5,90.8475,3300,B,539503
90.875,90.805,3325,B,539503
91.25,90.7425,3350,B,539503
91.625,90.705,3375,B,539503
92,90.7175,3400,B,539503
91.375,90.67,3425,B,539503
90.75,90.585,3450,B,539503
91.125,90.46,3475,B,539503
90.5,90.275,3500,B,539503
89.875,90.0275,3525,B,539503
89.25,89.7275,3550,B,539503
89.625,89.38,3575,B,539503
90,89.0425,3600,B,539503
89.375,88.6675,3625,B,539503
88.75,88.2925,3650,B,539503
88.125,87.995,3675,B,539503
87.5,87.745,3700,B,539503
86.875,87.495,3725,B,539503
86.25,87.245,3750,B,539503
86.625,86.97,3775,B,539503
86,86.625,3800,B,539503
85.375,86.25,3825,B,539503
84.75,85.875,3850,B,539503
87.125,85.5,3875,B,539503
86.5,85.125,3900,B,539503
85.875,84.75,3925,B,539503
85.25,84.375,3950,B,539503
84.625,83.985,3975,B,539503
84,83.5475,4000,B,539503
83.375,83.11,4025,B,539503
82.75,82.75,4050,B,539503
82.125,82.315,4075,B,539503
81.5,81.815,4100,B,539503
80.875,81.315,4125,B,539503
80.25,80.8425,4150,B,539503
79.625,80.405,4175,B,539503
79,79.9675,4200,B,539503
78.375,79.53,4225,B,539503
79.75,79.0925,4250,B,539503
79.125,78.655,4275,B,539503
78.5,78.2175,4300,B,539503
77.875,77.78,4325,B,539503
78.25,77.3625,4350,B,539503
77.625,77.015,4375,B,539503
77,76.7025,4400,B,539503
76.375,76.4225,4425,B,539503
75.75,76.095,4450,B,539503
75.125,75.7525,4475,B,539503
74.5,75.4975,4500,B,539503
73.875,75.3875,4525,B,539503
74.25,75.2975,4550,B,539503
74.625,75.1725,4575,B,539503
74,75.095,4600,B,539503
74.375,75.0325,4625,B,539503
73.75,74.9825,4650,B,539503
74.125,74.9825,4675,B,539503
76.5,75.0675,4700,B,539503
76.875,75.1925,4725,B,539503
76.25,75.2975,4750,B,539503
75.625,75.3325,4775,B,539503
76,75.3325,4800,B,539503
75.375,75.3,4825,B,539503
75.75,75.275,4850,B,539503
75.125,75.2425,4875,B,539503
76.5,75.1225,4900,B,539503
75.875,74.8575,4925,B,539503
75.25,74.545,4950,B,539503
74.625,74.2325,4975,B,539503
74,73.8725,5000,B,539503
73.375,73.525,5025,B,539503
73.75,73.2,5050,B,539503
73.125,72.825,5075,B,539503
72.5,72.365,5100,B,539503
71.875,71.865,5125,B,539503
71.25,71.365,5150,B,539503
70.625,70.865,5175,B,539503
70,70.4325,5200,B,539503
70.375,70.0575,5225,B,539503
69.75,69.645,5250,B,539503
69.125,69.2075,5275,B,539503
68.5,68.77,5300,B,539503
67.875,68.3325,5325,B,539503
67.25,67.895,5350,B,539503
66.625,67.4725,5375,B,539503
68,67.1475,5400,B,539503
67.375,66.8075,5425,B,539503
66.75,66.4325,5450,B,539503
66.125,66.0575,5475,B,539503
65.5,65.73,5500,B,539503
64.875,65.4175,5525,B,539503
64.25,65.1325,5550,B,539503
64.625,64.8825,5575,B,539503
65,64.565,5600,B,539503
64.375,64.19,5625,B,539503
63.75,63.815,5650,B,539503
63.125,63.44,5675,B,539503
63.5,63.065,5700,B,539503
62.875,62.69,5725,B,539503
63.25,62.315,5750,B,539503
62.625,61.925,5775,B,539503
62,61.4825,5800,B,539503
61.375,61.045,5825,B,539503
60.75,60.6475,5850,B,539503
60.125,60.2725,5875,B,539503
59.5,59.85,5900,B,539503
58.875,59.4125,5925,B,539503
58.25,58.9475,5950,B,539503
57.625,58.4475,5975,B,539503
58,58.0425,6000,B,539503
57.375,57.6925,6025,B,539503
57.75,57.38,6050,B,539503
57.125,57.0675,6075,B,539503
56.5,56.755,6100,B,539503
55.875,56.445,6125,B,539503
55.25,56.195,6150,B,539503
54.625,55.945,6175,B,539503
56,55.65,6200,B,539503
56.375,55.3375,6225,B,539503
55.75,54.985,6250,B,539503
55.125,54.62,6275,B,539503
54.5,54.3075,6300,B,539503
54.875,54.03,6325,B,539503
54.25,53.78,6350,B,539503
53.625,53.53,6375,B,539503
53,53.185,6400,B,539503
52.375,52.785,6425,B,539503
51.75,52.3475,6450,B,539503
52.125,51.91,6475,B,539503
51.5,51.4725,6500,B,539503
51.875,51.0325,6525,B,539503
51.25,50.5325,6550,B,539503
50.625,50.0325,6575,B,539503
50,49.5325,6600,B,539503
49.375,49.0325,6625,B,539503
48.75,48.5325,6650,B,539503
48.125,48.0225,6675,B,539503
47.5,47.46,6700,B,539503
46.875,46.89,6725,B,539503
46.25,46.3275,6750,B,539503
45.625,45.765,6775,B,539503
45,45.235,6800,B,539503
44.375,44.735,6825,B,539503
43.75,44.2875,6850,B,539503
43.125,43.85,6875,B,539503
42.5,43.4125,6900,B,539503
42.875,42.975,6925,B,539503
42.25,42.5375,6950,B,539503
41.625,42.2075,6975,B,539503
42,41.895,7000,B,539503
41.375,41.5825,7025,B,539503
41.75,41.27,7050,B,539503
41.125,40.9575,7075,B,539503
40.5,40.645,7100,B,539503
39.875,40.3475,7125,B,539503
39.25,40.035,7150,B,539503
40.625,39.7225,7175,B,539503
40,39.3775,7200,B,539503
39.375,39.0025,7225,B,539503
38.75,38.575,7250,B,539503
38.125,38.1375,7275,B,539503
37.5,37.7,7300,B,539503
37.875,37.2625,7325,B,539503
37.25,36.825,7350,B,539503
36.625,36.28,7375,B,539503
36,35.7325,7400,B,539503
35.375,35.2325,7425,B,539503
34.75,34.7325,7450,B,539503
34.125,34.2325,7475,B,539503
33.5,33.7325,7500,B,539503
32.875,33.19,7525,B,539503
32.25,32.6275,7550,B,539503
31.625,32.065,7575,B,539503
32,31.5025,7600,B,539503
31.375,30.94,7625,B,539503
30.75,30.3775,7650,B,539503
30.125,29.815,7675,B,539503
29.5,29.2525,7700,B,539503
28.875,28.69,7725,B,539503
28.25,28.1275,7750,B,539503
27.625,27.565,7775,B,539503
27,26.9875,7800,B,539503
26.375,26.3625,7825,B,539503
25.75,25.765,7850,B,539503
25.125,25.2025,7875,B,539503
24.5,24.64,7900,B,539503
23.875,24.0775,7925,B,539503
23.25,23.515,7950,B,539503
22.625,22.9525,7975,B,539503
22,22.39,8000,B,539503
21.375,21.8275,8025,B,539503
21.75,21.265,8050,B,539503
21.125,20.7025,8075,B,539503
20.5,20.14,8100,B,539503
19.875,19.5775,8125,B,539503
19.25,19.0475,8150,B,539503
18.625,18.5475,8175,B,539503
18,18.0475,8200,B,539503
17.375,17.5475,8225,B,539503
16.75,17.02,8250,B,539503
16.125,16.485,8275,B,539503
15.5,15.985,8300,B,539503
14.875,15.485,8325,B,539503
15.25,14.985,8350,B,539503
14.625,14.485,8375,B,539503
14,13.985,8400,B,539503
13.375,13.485,8425,B,539503
12.75,12.985,8450,B,539503
13.125,12.485,8475,B,539503
12.5,11.985,8500,B,539503
11.875,11.485,8525,B,539503
11.25,10.9525,8550,B,539503
10.625,10.39,8575,B,539503
9.99999999999998,9.82749999999998,8600,B,539503
9.37499999999998,9.26499999999998,8625,B,539503
8.74999999999998,8.70249999999998,8650,B,539503
8.12499999999998,8.11249999999998,8675,B,539503
7.49999999999998,7.48749999999998,8700,B,539503
6.87499999999998,6.86249999999998,8725,B,539503
6.24999999999998,6.23749999999998,8750,B,539503
5.62499999999998,5.61249999999998,8775,B,539503
4.99999999999998,4.98749999999998,8800,B,539503
4.37499999999998,4.36249999999998,8825,B,539503
3.74999999999998,3.73749999999998,8850,B,539503
3.12499999999998,3.15999999999998,8875,B,539503
2.49999999999998,2.59749999999998,8900,B,539503
1.87499999999998,2.03499999999998,8925,B,539503
1.24999999999998,1.47249999999998,8950,B,539503
0.624999999999983,0.909999999999983,8975,B,539503
-1.71737624121704e-14,0.347499999999983,9000,B,539503
-0.625000000000017,-0.215000000000017,9025,B,539503
-1.25000000000002,-0.730000000000017,9050,B,539503
-0.875000000000017,-1.23000000000002,9075,B,539503
-1.50000000000002,-1.73000000000002,9100,B,539503
-2.12500000000002,-2.23000000000002,9125,B,539503
-2.75000000000002,-2.73000000000002,9150,B,539503
-3.37500000000002,-3.23000000000002,9175,B,539503
-4.00000000000002,-3.72250000000002,9200,B,539503
-4.62500000000002,-4.16000000000002,9225,B,539503
-4.25000000000002,-4.57000000000002,9250,B,539503
-4.87500000000002,-4.99250000000002,9275,B,539503
-5.50000000000002,-5.43000000000002,9300,B,539503
-6.12500000000002,-5.86750000000002,9325,B,539503
-6.75000000000002,-6.28250000000002,9350,B,539503
-7.37500000000002,-6.65750000000002,9375,B,539503
-7.00000000000002,-7.03250000000002,9400,B,539503
-7.62500000000002,-7.40750000000002,9425,B,539503
-7.25000000000002,-7.83000000000002,9450,B,539503
-7.87500000000002,-8.26750000000002,9475,B,539503
-8.50000000000002,-8.70500000000002,9500,B,539503
-9.12500000000002,-9.14250000000002,9525,B,539503
-8.75000000000002,-9.58000000000002,9550,B,539503
-9.37500000000002,-10.0175,9575,B,539503
-10,-10.4525,9600,B,539503
-10.625,-10.89,9625,B,539503
-11.25,-11.355,9650,B,539503
-11.875,-11.855,9675,B,539503
-12.5,-12.355,9700,B,539503
-13.125,-12.855,9725,B,539503
-13.75,-13.3775,9750,B,539503
-14.375,-13.94,9775,B,539503
-14,-14.5025,9800,B,539503
-14.625,-15.065,9825,B,539503
-15.25,-15.6275,9850,B,539503
-15.875,-16.19,9875,B,539503
-16.5,-16.7525,9900,B,539503
-17.125,-17.315,9925,B,539503
-17.75,-17.8775,9950,B,539503
-18.375,-18.44,9975,B,539503
-19,-19.0125,10000,B,539503
-19.625,-19.6375,10025,B,539503
-20.25,-20.2625,10050,B,539503
-20.875,-20.8875,10075,B,539503
-21.5,-21.5125,10100,B,539503
-22.125,-22.11,10125,B,539503
-22.75,-22.6725,10150,B,539503
-23.375,-23.235,10175,B,539503
-24,-23.7975,10200,B,539503
-24.625,-24.36,10225,B,539503
-25.25,-24.9225,10250,B,539503
-25.875,-25.485,10275,B,539503
-26.5,-26.0475,10300,B,539503
-26.125,-26.61,10325,B,539503
-26.75,-27.1725,10350,B,539503
-27.375,-27.735,10375,B,539503
-28,-28.2975,10400,B,539503
-28.625,-28.86,10425,B,539503
-29.25,-29.4225,10450,B,539503
-29.875,-29.985,10475,B,539503
-30.5,-30.5475,10500,B,539503
-31.125,-31.1375,10525,B,539503
-31.75,-31.7625,10550,B,539503
-32.375,-32.3875,10575,B,539503
-33,-33.0125,10600,B,539503
-33.625,-33.6375,10625,B,539503
-34.25,-34.2625,10650,B,539503
-34.875,-34.8875,10675,B,539503
-35.5,-35.5125,10700,B,539503
-36.125,-36.1375,10725,B,539503
-36.75,-36.7625,10750,B,539503
-37.375,-37.3875,10775,B,539503
-38,-38.0125,10800,B,539503
-38.625,-38.6375,10825,B,539503
-39.25,-39.2625,10850,B,539503
-39.875,-39.8875,10875,B,539503
-40.5,-40.5125,10900,B,539503
-41.125,-41.1375,10925,B,539503
-41.75,-41.7375,10950,B,539503
-42.375,-42.3,10975,B,539503
-43,-42.8625,11000,B,539503
-43.625,-43.425,11025,B,539503
-44.25,-43.9875,11050,B,539503
-44.875,-44.55,11075,B,539503
-45.5,-45.1125,11100,B,539503
-46.125,-45.675,11125,B,539503
-45.75,-46.22,11150,B,539503
-46.375,-46.72,11175,B,539503
-47,-47.22,11200,B,539503
-47.625,-47.72,11225,B,539503
-48.25,-48.22,11250,B,539503
-48.875,-48.72,11275,B,539503
-49.5,-49.22,11300,B,539503
-50.125,-49.72,11325,B,539503
-49.75,-50.245,11350,B,539503
-50.375,-50.8075,11375,B,539503
-51,-51.37,11400,B,539503
-51.625,-51.9325,11425,B,539503
-52.25,-52.495,11450,B,539503
-52.875,-53.0575,11475,B,539503
-53.5,-53.62,11500,B,539503
-54.125,-54.1825,11525,B,539503
-54.75,-54.7625,11550,B,539503
-55.375,-55.3875,11575,B,539503
-56,-56.0125,11600,B,539503
-56.625,-56.6375,11625,B,539503
-57.25,-57.2625,11650,B,539503
-57.875,-57.8875,11675,B,539503
-58.5,-58.5125,11700,B,539503
-59.125,-59.1375,11725,B,539503
-59.75,-59.7625,11750,B,539503
-60.375,-60.3875,11775,B,539503
-61,-61.0125,11800,B,539503
-61.625,-61.6375,11825,B,539503
-62.25,-62.2625,11850,B,539503
-62.875,-62.8875,11875,B,539503
-63.5,-63.5125,11900,B,539503
-64.125,-64.1375,11925,B,539503
-64.75,-64.7125,11950,B,539503
-65.375,-65.275,11975,B,539503
-66,-65.8375,12000,B,539503
-66.625,-66.4,12025,B,539503
-67.25,-66.9625,12050,B,539503
-67.875,-67.525,12075,B,539503
-68.5,-68.0875,12100,B,539503
-69.125,-68.65,12125,B,539503
-68.75,-69.2125,12150,B,539503
-69.375,-69.775,12175,B,539503
-70,-70.3375,12200,B,539503
-70.625,-70.9,12225,B,539503
-71.25,-71.4625,12250,B,539503
-71.875,-72.025,12275,B,539503
-72.5,-72.5875,12300,B,539503
-73.125,-73.15,12325,B,539503
-73.75,-73.7625,12350,B,539503
-74.375,-74.36,12375,B,539503
-75,-74.9225,12400,B,539503
-75.625,-75.485,12425,B,539503
-76.25,-76.0475,12450,B,539503
-76.875,-76.61,12475,B,539503
-77.5,-77.1725,12500,B,539503
-78.125,-77.735,12525,B,539503
-78.75,-78.2975,12550,B,539503
-78.375,-78.86,12575,B,539503
-79,-79.4225,12600,B,539503
-79.625,-79.985,12625,B,539503
-80.25,-80.5475,12650,B,539503
-80.875,-81.11,12675,B,539503
-81.5,-81.6725,12700,B,539503
-82.125,-82.235,12725,B,539503
-82.75,-82.7975,12750,B,539503
-83.375,-83.3875,12775,B,539503
-84,-84.0125,12800,B,539503
-84.625,-84.6375,12825,B,539503
-85.25,-85.2625,12850,B,539503
-85.875,-85.8875,12875,B,539503
-86.5,-86.5125,12900,B,539503
-87.125,-87.1375,12925,B,539503
-87.75,-87.7625,12950,B,539503
-88.375,-88.3875,12975,B,539503
-89,-89.0125,13000,B,539503
-89.625,-89.6375,13025,B,539503
-90.25,-90.2625,13050,B,539503
-90.875,-90.8875,13075,B,539503
-91.5,-91.5125,13100,B,539503
-92.125,-92.1375,13125,B,539503
-92.75,-92.7625,13150,B,539503
-93.375,-93.3875,13175,B,539503
-94,-94.0125,13200,B,539503
-94.625,-94.6375,13225,B,539503
-95.25,-95.2625,13250,B,539503
-95.875,-95.8875,13275,B,539503
-96.5,-96.5125,13300,B,539503
-97.125,-97.1375,13325,B,539503
-97.75,-97.7625,13350,B,539503
-98.375,-98.3875,13375,B,539503
-99,-99.0125,13400,B,539503
-99.625,-99.6375,13425,B,539503
-100.25,-100.2625,13450,B,539503
-100.875,-100.8875,13475,B,539503
-101.5,-101.5125,13500,B,539503
-102.125,-102.1375,13525,B,539503
-102.75,-102.7625,13550,B,539503
-103.375,-103.3875,13575,B,539503
-104,-104.0125,13600,B,539503
-104.625,-104.6375,13625,B,539503
-105.25,-105.2625,13650,B,539503
-105.875,-105.8875,13675,B,539503
-106.5,-106.4675,13700,B,539503
-107.125,-107.03,13725,B,539503
-107.75,-107.5925,13750,B,539503
-108.375,-108.155,13775,B,539503
-109,-108.7175,13800,B,539503
-109.625,-109.28,13825,B,539503
-110.25,-109.8425,13850,B,539503
-110.875,-110.405,13875,B,539503
-110.5,-110.9675,13900,B,539503
-111.125,-111.53,13925,B,539503
-111.75,-112.0925,13950,B,539503
-112.375,-112.655,13975,B,539503
-113,-113.2175,14000,B,539503
-113.625,-113.78,14025,B,539503
-114.25,-114.3425,14050,B,539503
-114.875,-114.905,14075,B,539503
-115.5,-115.5125,14100,B,539503
-116.125,-116.1375,14125,B,539503
-116.75,-116.7625,14150,B,539503
-117.375,-117.3875,14175,B,539503
-118,-118.0125,14200,B,539503
-118.625,-118.6375,14225,B,539503
-119.25,-119.2625,14250,B,539503
-119.875,-119.8875,14275,B,539503
-120.5,-120.5125,14300,B,539503
-121.125,-121.1375,14325,B,539503
-121.75,-121.7625,14350,B,539503
-122.375,-122.3875,14375,B,539503
-123,-123.0125,14400,B,539503
-123.625,-123.6375,14425,B,539503
-124.25,-124.2075,14450,B,539503
-124.875,-124.77,14475,B,539503
-125.5,-125.3325,14500,B,539503
-126.125,-125.895,14525,B,539503
-126.75,-126.4575,14550,B,539503
-127.375,-127.02,14575,B,539503
-128,-127.5825,14600,B,539503
-128.625,-128.145,14625,B,539503
-128.25,-128.7075,14650,B,539503
-128.875,-129.27,14675,B,539503
-129.5,-129.8325,14700,B,539503
-130.125,-130.385,14725,B,539503
-130.75,-130.885,14750,B,539503
-131.375,-131.385,14775,B,539503
-132,-131.885,14800,B,539503
-132.625,-132.385,14825,B,539503
-133.25,-132.94,14850,B,539503
-133.875,-133.5025,14875,B,539503
-134.5,-134.065,14900,B,539503
-134.125,-134.6275,14925,B,539503
-134.75,-135.19,14950,B,539503
-135.375,-135.7525,14975,B,539503
-136,-136.315,15000,B,539503
-136.625,-136.8775,15025,B,539503
-137.25,-137.44,15050,B,539503
-137.875,-138.0025,15075,B,539503
-138.5,-138.565,15100,B,539503
-139.125,-139.1375,15125,B,539503
-139.75,-139.7625,15150,B,539503
-140.375,-140.3875,15175,B,539503
-141,-141.0125,15200,B,539503
-141.625,-141.6375,15225,B,539503
-142.25,-142.2625,15250,B,539503
-142.875,-142.8875,15275,B,539503
-143.5,-143.5125,15300,B,539503
-144.125,-144.1375,15325,B,539503
-144.75,-144.7625,15350,B,539503
-145.375,-145.3875,15375,B,539503
-146,-146.0125,15400,B,539503
-146.625,-146.6375,15425,B,539503
-147.25,-147.2625,15450,B,539503
-147.875,-147.8875,15475,B,539503
-148.5,-148.5125,15500,B,539503
-149.125,-149.1375,15525,B,539503
-149.75,-149.7625,15550,B,539503
-150.375,-150.3875,15575,B,539503
-151,-151.01,15600,B,539503
-151.625,-151.5725,15625,B,539503
-152.25,-152.135,15650,B,539503
-152.875,-152.6975,15675,B,539503
-153.5,-153.26,15700,B,539503
-154.125,-153.8225,15725,B,539503
-154.75,-154.385,15750,B,539503
-155.375,-154.9475,15775,B,539503
-155,-155.51,15800,B,539503
-155.625,-156.0725,15825,B,539503
-156.25,-156.635,15850,B,539503
-156.875,-157.1975,15875,B,539503
-157.5,-157.76,15900,B,539503
-158.125,-158.3225,15925,B,539503
-158.75,-158.885,15950,B,539503
-159.375,-159.4475,15975,B,539503
-160,-160.0125,16000,B,539503
-160.625,-160.6375,16025,B,539503
-161.25,-161.2625,16050,B,539503
-161.875,-161.8875,16075,B,539503
-162.5,-162.5125,16100,B,539503
-163.125,-163.1375,16125,B,539503
-163.75,-163.7625,16150,B,539503
-164.375,-164.3875,16175,B,539503
-165,-165.0125,16200,B,539503
-165.625,-165.6375,16225,B,539503
-166.25,-166.2625,16250,B,539503
-166.875,-166.8875,16275,B,539503
-167.5,-167.5125,16300,B,539503
-168.125,-168.1375,16325,B,539503
-168.75,-168.7625,16350,B,539503
-169.375,-169.3875,16375,B,539503
-170,-170.0125,16400,B,539503
-170.625,-170.6375,16425,B,539503
-171.25,-171.2625,16450,B,539503
-171.875,-171.8875,16475,B,539503
-172.5,-172.5125,16500,B,539503
-173.125,-173.1375,16525,B,539503
-173.75,-173.7625,16550,B,539503
-174.375,-174.3875,16575,B,539503
-175,-175.0125,16600,B,539503
-175.625,-175.6375,16625,B,539503
-176.25,-176.2625,16650,B,539503
-176.875,-176.8875,16675,B,539503
-177.5,-177.5125,16700,B,539503
-178.125,-178.1375,16725,B,539503
-178.75,-178.7625,16750,B,539503
-179.375,-179.37,16775,B,539503
-180,-179.9325,16800,B,539503
-180.625,-180.495,16825,B,539503
-181.25,-181.0575,16850,B,539503
-181.875,-181.62,16875,B,539503
-182.5,-182.1825,16900,B,539503
-183.125,-182.745,16925,B,539503
-183.75,-183.3075,16950,B,539503
-183.375,-183.87,16975,B,539503
-184,-184.4325,17000,B,539503
-184.625,-184.995,17025,B,539503
-185.25,-185.5575,17050,B,539503
-185.875,-186.12,17075,B,539503
-186.5,-186.6825,17100,B,539503
-187.125,-187.245,17125,B,539503
-187.75,-187.8075,17150,B,539503
-188.375,-188.3875,17175,B,539503
-189,-189.0125,17200,B,539503
-189.625,-189.6375,17225,B,539503
-190.25,-190.2625,17250,B,539503
-190.875,-190.8875,17275,B,539503
-191.5,-191.5125,17300,B,539503
-192.125,-192.1375,17325,B,539503
-192.75,-192.7625,17350,B,539503
-193.375,-193.3875,17375,B,539503
-194,-194.0125,17400,B,539503
-194.625,-194.6375,17425,B,539503
-195.25,-195.2625,17450,B,539503
-195.875,-195.8875,17475,B,539503
-196.5,-196.5125,17500,B,539503
-197.125,-197.1375,17525,B,539503
-197.75,-197.7625,17550,B,539503
-198.375,-198.3875,17575,B,539503
-199,-199.0125,17600,B,539503
-199.625,-199.6375,17625,B,539503
-200.25,-200.2625,17650,B,539503
-200.875,-200.8875,17675,B,539503
-201.5,-201.5125,17700,B,539503
-202.125,-202.1375,17725,B,539503
-202.75,-202.7625,17750,B,539503
-203.375,-203.3875,17775,B,539503
-204,-204.0125,17800,B,539503
-204.625,-204.6375,17825,B,539503
-205.25,-205.2625,17850,B,539503
-205.875,-205.8875,17875,B,539503
-206.5,-206.5125,17900,B,539503
-207.125,-207.1375,17925,B,539503
-207.75,-207.7625,17950,B,539503
-208.375,-208.3875,17975,B,539503
-209,-209.0125,18000,B,539503
-209.625,-209.6375,18025,B,539503
-210.25,-210.2625,18050,B,539503
-210.875,-210.8875,18075,B,539503
-211.5,-211.5125,18100,B,539503
-212.125,-212.1375,18125,B,539503
-212.75,-212.7625,18150,B,539503
-213.375,-213.3875,18175,B,539503
-214,-214.0125,18200,B,539503
-214.625,-214.6375,18225,B,539503
-215.25,-215.2625,18250,B,539503
-215.875,-215.8875,18275,B,539503
-216.5,-216.5125,18300,B,539503
-217.125,-217.1375,18325,B,539503
-217.75,-217.7625,18350,B,539503
-218.375,-218.3875,18375,B,539503
-219,-219.0125,18400,B,539503
-219.625,-219.6375,18425,B,539503
-220.25,-220.2625,18450,B,539503
-220.875,-220.8875,18475,B,539503
-221.5,-221.5125,18500,B,539503
-222.125,-222.1375,18525,B,539503
-222.75,-222.7625,18550,B,539503
-223.375,-223.3875,18575,B,539503
-224,-224.0125,18600,B,539503
-224.625,-224.6375,18625,B,539503
-225.25,-225.2625,18650,B,539503
-225.875,-225.8875,18675,B,539503
-226.5,-226.5125,18700,B,539503
-227.125,-227.1375,18725,B,539503
-227.75,-227.7625,18750,B,539503
-228.375,-228.3875,18775,B,539503
-229,-229.0125,18800,B,539503
-229.625,-229.6375,18825,B,539503
-230.25,-230.2625,18850,B,539503
-230.875,-230.8875,18875,B,539503
-231.5,-231.5125,18900,B,539503
-232.125,-232.1375,18925,B,539503
-232.75,-232.7625,18950,B,539503
-233.375,-233.3875,18975,B,539503
-234,-234.0125,19000,B,539503
-234.625,-234.6375,19025,B,539503
-235.25,-235.2625,19050,B,539503
-235.875,-235.8875,19075,B,539503
-236.5,-236.5125,19100,B,539503
-237.125,-237.1375,19125,B,539503
-237.75,-237.7625,19150,B,539503
-238.375,-238.3875,19175,B,539503
-239,-239.0125,19200,B,539503
-239.625,-239.6375,19225,B,539503
-240.25,-240.2625,19250,B,539503
-240.875,-240.8875,19275,B,539503
-241.5,-241.5125,19300,B,539503
-242.125,-242.1375,19325,B,539503
-242.75,-242.7625,19350,B,539503
-243.375,-243.3875,19375,B,539503
-244,-244.0125,19400,B,539503
-244.625,-244.6375,19425,B,539503
-245.25,-245.2625,19450,B,539503
-245.875,-245.8875,19475,B,539503
-246.5,-246.5125,19500,B,539503
-247.125,-247.1375,19525,B,539503
-247.75,-247.7625,19550,B,539503
-248.375,-248.3875,19575,B,539503
-249,-249.0125,19600,B,539503
-249.625,-249.6375,19625,B,539503
-250.25,-250.2625,19650,B,539503
-250.875,-250.8875,19675,B,539503
-251.5,-251.5125,19700,B,539503
-252.125,-252.1375,19725,B,539503
-252.75,-252.7625,19750,B,539503
-253.375,-253.3875,19775,B,539503
-254,-254.0125,19800,B,539503
-254.625,-254.6375,19825,B,539503
-255.25,-255.2625,19850,B,539503
-255.875,-255.8875,19875,B,539503
-256.5,-256.5125,19900,B,539503
-257.125,-257.1375,19925,B,539503
-257.75,-257.7625,19950,B,539503
-258.375,-258.3875,19975,B,539503
-259,-259.0125,20000,B,539503
4.375,,25,B,691787
4.75,,50,B,691787
6.125,,75,B,691787
8.5,,100,B,691787
9.875,,125,B,691787
16.25,,150,B,691787
19.625,,175,B,691787
24,23.21,200,B,691787
28.375,26.09,225,B,691787
29.75,28.93,250,B,691787
36.125,31.895,275,B,691787
37.5,34.7925,300,B,691787
37.875,37.6175,325,B,691787
40.25,40.2875,350,B,691787
41.625,42.765,375,B,691787
48,45.2075,400,B,691787
49.375,47.54,425,B,691787
51.75,49.6275,450,B,691787
53.125,51.5725,475,B,691787
54.5,53.405,500,B,691787
53.875,55.335,525,B,691787
58.25,57.27,550,B,691787
57.625,59.2375,575,B,691787
63,60.9375,600,B,691787
62.375,62.4675,625,B,691787
63.75,63.855,650,B,691787
65.125,65.14,675,B,691787
66.5,66.3925,700,B,691787
70.875,67.6825,725,B,691787
72.25,68.96,750,B,691787
71.625,70.1675,775,B,691787
73,71.295,800,B,691787
72.375,72.42,825,B,691787
72.75,73.5,850,B,691787
73.125,74.53,875,B,691787
74.5,75.46,900,B,691787
75.875,76.2525,925,B,691787
77.25,76.9125,950,B,691787
77.625,77.575,975,B,691787
80,78.145,1000,B,691787
80.375,78.755,1025,B,691787
79.75,79.48,1050,B,691787
81.125,80.1825,1075,B,691787
81.5,80.8025,1100,B,691787
81.875,81.54,1125,B,691787
82.25,82.1875,1150,B,691787
82.625,82.7975,1175,B,691787
82,83.36,1200,B,691787
82.375,83.835,1225,B,691787
84.75,84.52,1250,B,691787
84.125,85.19,1275,B,691787
85.5,85.82,1300,B,691787
86.875,86.51,1325,B,691787
87.25,87.185,1350,B,691787
87.625,87.855,1375,B,691787
88,88.5925,1400,B,691787
89.375,89.335,1425,B,691787
91.75,89.9925,1450,B,691787
91.125,90.625,1475,B,691787
92.5,91.275,1500,B,691787
92.875,91.7475,1525,B,691787
92.25,92.215,1550,B,691787
93.625,92.7075,1575,B,691787
94,93.1975,1600,B,691787
94.375,93.66,1625,B,691787
94.75,93.9125,1650,B,691787
95.125,94.1,1675,B,691787
94.5,94.275,1700,B,691787
93.875,94.3275,1725,B,691787
94.25,94.3275,1750,B,691787
95.625,94.3,1775,B,691787
96,94.21,1800,B,691787
95.375,94.1075,1825,B,691787
94.75,93.99,1850,B,691787
94.125,93.8575,1875,B,691787
93.5,93.67,1900,B,691787
92.875,93.5375,1925,B,691787
92.25,93.425,1950,B,691787
92.625,93.24,1975,B,691787
93,92.96,2000,B,691787
92.375,92.6525,2025,B,691787
92.75,92.4025,2050,B,691787
92.125,92.1525,2075,B,691787
91.5,91.9325,2100,B,691787
92.875,91.745,2125,B,691787
92.25,91.6075,2150,B,691787
91.625,91.49,2175,B,691787
91,91.3425,2200,B,691787
91.375,91.165,2225,B,691787
90.75,91.02,2250,B,691787
90.125,90.895,2275,B,691787
90.5,90.77,2300,B,691787
89.875,90.59,2325,B,691787
91.25,90.35,2350,B,691787
90.625,90.2075,2375,B,691787
90,90.0825,2400,B,691787
90.375,90.035,2425,B,691787
90.75,90.0325,2450,B,691787
90.125,90.0325,2475,B,691787
89.5,90.0025,2500,B,691787
88.875,89.94,2525,B,691787
89.25,89.8275,2550,B,691787
89.625,89.64,2575,B,691787
89,89.515,2600,B,691787
90.375,89.42,2625,B,691787
90.75,89.2875,2650,B,691787
90.125,89.2025,2675,B,691787
89.5,89.14,2700,B,691787
88.875,89.0975,2725,B,691787
88.25,89.0925,2750,B,691787
87.625,89.0475,2775,B,691787
88,89.035,2800,B,691787
88.375,88.9525,2825,B,691787
87.75,88.7675,2850,B,691787
89.125,88.58,2875,B,691787
88.5,88.3925,2900,B,691787
88.875,88.205,2925,B,691787
89.25,88.045,2950,B,691787
88.625,87.92,2975,B,691787
89,87.7325,3000,B,691787
88.375,87.505,3025,B,691787
87.75,87.255,3050,B,691787
87.125,86.9025,3075,B,691787
86.5,86.58,3100,B,691787
85.875,86.2475,3125,B,691787
86.25,85.8675,3150,B,691787
85.625,85.43,3175,B,691787
85,84.9425,3200,B,691787
84.375,84.4925,3225,B,691787
83.75,84.2125,3250,B,691787
83.125,83.9625,3275,B,691787
83.5,83.7125,3300,B,691787
82.875,83.535,3325,B,691787
82.25,83.495,3350,B,691787
81.625,83.555,3375,B,691787
81,83.6175,3400,B,691787
83.375,83.68,3425,B,691787
83.75,83.7425,3450,B,691787
83.125,83.805,3475,B,691787
82.5,83.815,3500,B,691787
84.875,83.815,3525,B,691787
86.25,83.815,3550,B,691787
86.625,83.815,3575,B,691787
86,83.815,3600,B,691787
85.375,83.78,3625,B,691787
84.75,83.6225,3650,B,691787
84.125,83.435,3675,B,691787
83.5,83.2475,3700,B,691787
82.875,82.9875,3725,B,691787
82.25,82.5625,3750,B,691787
81.625,82.065,3775,B,691787
81,81.675,3800,B,691787
81.375,81.345,3825,B,691787
80.75,81.06,3850,B,691787
80.125,80.81,3875,B,691787
79.5,80.585,3900,B,691787
78.875,80.3975,3925,B,691787
78.25,80.21,3950,B,691787
79.625,80.0225,3975,B,691787
80,79.835,4000,B,691787
80.375,79.6325,4025,B,691787
80.75,79.4225,4050,B,691787
80.125,79.265,4075,B,691787
80.5,79.14,4100,B,691787
79.875,79.0575,4125,B,691787
79.25,78.995,4150,B,691787
78.625,78.87,4175,B,691787
78,78.65,4200,B,691787
77.375,78.4575,4225,B,691787
77.75,78.2425,4250,B,691787
78.125,77.9925,4275,B,691787
77.5,77.7175,4300,B,691787
77.875,77.405,4325,B,691787
77.25,77.0925,4350,B,691787
76.625,76.78,4375,B,691787
77,76.5,4400,B,691787
77.375,76.2575,4425,B,691787
76.75,76.03,4450,B,691787
76.125,75.75,4475,B,691787
75.5,75.4825,4500,B,691787
74.875,75.19,4525,B,691787
74.25,74.8775,4550,B,691787
73.625,74.62,4575,B,691787
74,74.355,4600,B,691787
74.375,74.0025,4625,B,691787
73.75,73.6275,4650,B,691787
73.125,73.2525,4675,B,691787
73.5,72.8775,4700,B,691787
72.875,72.5025,4725,B,691787
72.25,72.1425,4750,B,691787
72.625,71.83,4775,B,691787
72,71.485,4800,B,691787
71.375,71.1025,4825,B,691787
70.75,70.705,4850,B,691787
70.125,70.33,4875,B,691787
69.5,69.91,4900,B,691787
68.875,69.5325,4925,B,691787
69.25,69.1575,4950,B,691787
68.625,68.7275,4975,B,691787
68,68.29,5000,B,691787
67.375,67.8525,5025,B,691787
67.75,67.415,5050,B,691787
67.125,67.0125,5075,B,691787
66.5,66.6375,5100,B,691787
66.875,66.2625,5125,B,691787
66.25,65.9425,5150,B,691787
65.625,65.63,5175,B,691787
65,65.3175,5200,B,691787
64.375,65.005,5225,B,691787
63.75,64.6525,5250,B,691787
64.125,64.2775,5275,B,691787
63.5,63.9025,5300,B,691787
62.875,63.4675,5325,B,691787
64.25,63.0475,5350,B,691787
63.625,62.715,5375,B,691787
63,62.41,5400,B,691787
62.375,62.2025,5425,B,691787
61.75,62.015,5450,B,691787
61.125,61.7925,5475,B,691787
60.5,61.5425,5500,B,691787
59.875,61.2925,5525,B,691787
60.25,60.9725,5550,B,691787
60.625,60.6125,5575,B,691787
61,60.3,5600,B,691787
61.375,59.9875,5625,B,691787
60.75,59.675,5650,B,691787
60.125,59.3675,5675,B,691787
59.5,59.1325,5700,B,691787
58.875,58.945,5725,B,691787
58.25,58.74,5750,B,691787
58.625,58.5075,5775,B,691787
58,58.2575,5800,B,691787
57.375,57.965,5825,B,691787
56.75,57.6525,5850,B,691787
57.125,57.3575,5875,B,691787
57.5,57.1075,5900,B,691787
56.875,56.8575,5925,B,691787
56.25,56.6075,5950,B,691787
56.625,56.3425,5975,B,691787
57,56.0825,6000,B,691787
56.375,55.8325,6025,B,691787
55.75,55.5825,6050,B,691787
56.125,55.3275,6075,B,691787
55.5,55,6100,B,691787
54.875,54.625,6125,B,691787
54.25,54.29,6150,B,691787
53.625,53.95,6175,B,691787
54,53.6925,6200,B,691787
53.375,53.38,6225,B,691787
52.75,53.0675,6250,B,691787
52.125,52.7575,6275,B,691787
51.5,52.445,6300,B,691787
50.875,52.1325,6325,B,691787
51.25,51.82,6350,B,691787
52.625,51.53,6375,B,691787
52,51.2625,6400,B,691787
51.375,51.0125,6425,B,691787
50.75,50.7625,6450,B,691787
51.125,50.5125,6475,B,691787
50.5,50.2625,6500,B,691787
49.875,50.065,6525,B,691787
49.25,49.8375,6550,B,691787
49.625,49.575,6575,B,691787
50,49.2625,6600,B,691787
49.375,48.95,6625,B,691787
48.75,48.6375,6650,B,691787
48.125,48.305,6675,B,691787
47.5,47.965,6700,B,691787
47.875,47.6525,6725,B,691787
47.25,47.34,6750,B,691787
47.625,47.005,6775,B,691787
47,46.595,6800,B,691787
46.375,46.1575,6825,B,691787
45.75,45.72,6850,B,691787
45.125,45.2825,6875,B,691787
45.5,44.845,6900,B,691787
44.875,44.355,6925,B,691787
44.25,43.855,6950,B,691787
43.625,43.335,6975,B,691787
43,42.7725,7000,B,691787
42.375,42.21,7025,B,691787
41.75,41.6475,7050,B,691787
41.125,41.085,7075,B,691787
40.5,40.4875,7100,B,691787
39.875,39.8625,7125,B,691787
39.25,39.2375,7150,B,691787
38.625,38.615,7175,B,691787
38,38.0525,7200,B,691787
37.375,37.49,7225,B,691787
36.75,36.9275,7250,B,691787
36.125,36.4,7275,B,691787
35.5,35.905,7300,B,691787
34.875,35.4675,7325,B,691787
34.25,35.03,7350,B,691787
34.625,34.5925,7375,B,691787
34,34.155,7400,B,691787
33.375,33.7175,7425,B,691787
32.75,33.28,7450,B,691787
33.125,32.89,7475,B,691787
33.5,32.515,7500,B,691787
32.875,32.14,7525,B,691787
32.25,31.765,7550,B,691787
31.625,31.3875,7575,B,691787
31,30.95,7600,B,691787
30.375,30.5125,7625,B,691787
29.75,30.075,7650,B,691787
30.125,29.6025,7675,B,691787
29.5,29.0975,7700,B,691787
28.875,28.58,7725,B,691787
28.25,28.08,7750,B,691787
27.625,27.58,7775,B,691787
27,27.08,7800,B,691787
26.375,26.58,7825,B,691787
25.75,26.08,7850,B,691787
25.125,25.5325,7875,B,691787
24.5,24.97,7900,B,691787
24.875,24.4075,7925,B,691787
24.25,23.9075,7950,B,691787
23.625,23.4075,7975,B,691787
23,22.9075,8000,B,691787
22.375,22.4075,8025,B,691787
21.75,21.9075,8050,B,691787
21.125,21.4075,8075,B,691787
20.5,20.9075,8100,B,691787
19.875,20.3625,8125,B,691787
20.25,19.8,8150,B,691787
19.625,19.2375,8175,B,691787
19,18.675,8200,B,691787
18.375,18.1125,8225,B,691787
17.75,17.55,8250,B,691787
17.125,16.9875,8275,B,691787
16.5,16.425,8300,B,691787
15.875,15.8625,8325,B,691787
15.25,15.2375,8350,B,691787
14.625,14.6125,8375,B,691787
14,13.9875,8400,B,691787
13.375,13.3625,8425,B,691787
12.75,12.7375,8450,B,691787
12.125,12.1125,8475,B,691787
11.5,11.4875,8500,B,691787
10.875,10.8825,8525,B,691787
10.25,10.32,8550,B,691787
9.62499999999998,9.75749999999998,8575,B,691787
8.99999999999998,9.19499999999998,8600,B,691787
8.37499999999998,8.67499999999998,8625,B,691787
7.74999999999998,8.17499999999998,8650,B,691787
7.12499999999998,7.67499999999998,8675,B,691787
6.49999999999998,7.17499999999998,8700,B,691787
6.87499999999998,6.67499999999998,8725,B,691787
6.24999999999998,6.17499999999998,8750,B,691787
5.62499999999998,5.67499999999998,8775,B,691787
4.99999999999998,5.17499999999998,8800,B,691787
5.37499999999998,4.67499999999998,8825,B,691787
4.74999999999998,4.17499999999998,8850,B,691787
4.12499999999998,3.67499999999998,8875,B,691787
3.49999999999998,3.17499999999998,8900,B,691787
2.87499999999998,2.65499999999998,8925,B,691787
2.24999999999998,2.09249999999998,8950,B,691787
1.62499999999998,1.52999999999998,8975,B,691787
0.999999999999983,0.967499999999983,9000,B,691787
0.374999999999983,0.362499999999983,9025,B,691787
-0.250000000000017,-0.262500000000017,9050,B,691787
-0.875000000000017,-0.887500000000017,9075,B,691787
-1.50000000000002,-1.51250000000002,9100,B,691787
-2.12500000000002,-2.13750000000002,9125,B,691787
-2.75000000000002,-2.76250000000002,9150,B,691787
-3.37500000000002,-3.38750000000002,9175,B,691787
-4.00000000000002,-4.01250000000002,9200,B,691787
-4.62500000000002,-4.63750000000002,9225,B,691787
-5.25000000000002,-5.26250000000002,9250,B,691787
-5.87500000000002,-5.88750000000002,9275,B,691787
-6.50000000000002,-6.51250000000002,9300,B,691787
-7.12500000000002,-7.13750000000002,9325,B,691787
-7.75000000000002,-7.76250000000002,9350,B,691787
-8.37500000000002,-8.38750000000002,9375,B,691787
-9.00000000000002,-9.01250000000002,9400,B,691787
-9.62500000000002,-9.62250000000002,9425,B,691787
-10.25,-10.185,9450,B,691787
-10.875,-10.7475,9475,B,691787
-11.5,-11.31,9500,B,691787
-12.125,-11.8725,9525,B,691787
-12.75,-12.435,9550,B,691787
-13.375,-12.9975,9575,B,691787
-14,-13.56,9600,B,691787
-13.625,-14.1225,9625,B,691787
-14.25,-14.685,9650,B,691787
-14.875,-15.2475,9675,B,691787
-15.5,-15.81,9700,B,691787
-16.125,-16.3725,9725,B,691787
-16.75,-16.935,9750,B,691787
-17.375,-17.4975,9775,B,691787
-18,-18.06,9800,B,691787
-18.625,-18.6375,9825,B,691787
-19.25,-19.2625,9850,B,691787
-19.875,-19.8875,9875,B,691787
-20.5,-20.5125,9900,B,691787
-21.125,-21.1375,9925,B,691787
-21.75,-21.7625,9950,B,691787
-22.375,-22.3875,9975,B,691787
-23,-23.0125,10000,B,691787
-23.625,-23.6375,10025,B,691787
-24.25,-24.2625,10050,B,691787
-24.875,-24.8875,10075,B,691787
-25.5,-25.5125,10100,B,691787
-26.125,-26.1375,10125,B,691787
-26.75,-26.7625,10150,B,691787
-27.375,-27.3325,10175,B,691787
-28,-27.895,10200,B,691787
-28.625,-28.4575,10225,B,691787
-29.25,-29.02,10250,B,691787
-29.875,-29.5825,10275,B,691787
-30.5,-30.145,10300,B,691787
-31.125,-30.7075,10325,B,691787
-31.75,-31.27,10350,B,691787
-31.375,-31.8325,10375,B,691787
-32,-32.395,10400,B,691787
-32.625,-32.9575,10425,B,691787
-33.25,-33.4825,10450,B,691787
-33.875,-33.9825,10475,B,691787
-34.5,-34.4825,10500,B,691787
-35.125,-34.9825,10525,B,691787
-35.75,-35.4825,10550,B,691787
-36.375,-36.0375,10575,B,691787
-37,-36.6,10600,B,691787
-37.625,-37.145,10625,B,691787
-37.25,-37.645,10650,B,691787
-37.875,-38.145,10675,B,691787
-38.5,-38.645,10700,B,691787
-39.125,-39.145,10725,B,691787
-39.75,-39.645,10750,B,691787
-40.375,-40.145,10775,B,691787
-41,-40.645,10800,B,691787
-40.625,-41.145,10825,B,691787
-41.25,-41.6825,10850,B,691787
-41.875,-42.245,10875,B,691787
-42.5,-42.8075,10900,B,691787
-43.125,-43.37,10925,B,691787
-43.75,-43.9325,10950,B,691787
-44.375,-44.495,10975,B,691787
-45,-45.0575,11000,B,691787
-45.625,-45.6375,11025,B,691787
-46.25,-46.2625,11050,B,691787
-46.875,-46.8875,11075,B,691787
-47.5,-47.5125,11100,B,691787
-48.125,-48.1375,11125,B,691787
-48.75,-48.7625,11150,B,691787
-49.375,-49.3875,11175,B,691787
-50,-50.0125,11200,B,691787
-50.625,-50.6375,11225,B,691787
-51.25,-51.2625,11250,B,691787
-51.875,-51.8875,11275,B,691787
-52.5,-52.5125,11300,B,691787
-53.125,-53.1375,11325,B,691787
-53.75,-53.7625,11350,B,691787
-54.375,-54.3875,11375,B,691787
-55,-55.0125,11400,B,691787
-55.625,-55.6375,11425,B,691787
-56.25,-56.2625,11450,B,691787
-56.875,-56.8875,11475,B,691787
-57.5,-57.5125,11500,B,691787
-58.125,-58.075,11525,B,691787
-58.75,-58.6375,11550,B,691787
-59.375,-59.175,11575,B,691787
-60,-59.675,11600,B,691787
-60.625,-60.175,11625,B,691787
-61.25,-60.675,11650,B,691787
-61.875,-61.175,11675,B,691787
-62.5,-61.675,11700,B,691787
-62.125,-62.175,11725,B,691787
-62.75,-62.675,11750,B,691787
-62.375,-63.175,11775,B,691787
-63,-63.675,11800,B,691787
-63.625,-64.175,11825,B,691787
-64.25,-64.675,11850,B,691787
-64.875,-65.175,11875,B,691787
-65.5,-65.675,11900,B,691787
-66.125,-66.2375,11925,B,691787
-66.75,-66.8,11950,B,691787
-67.375,-67.3875,11975,B,691787
-68,-68.0125,12000,B,691787
-68.625,-68.6375,12025,B,691787
-69.25,-69.2625,12050,B,691787
-69.875,-69.8875,12075,B,691787
-70.5,-70.48,12100,B,691787
-71.125,-71.0425,12125,B,691787
-71.75,-71.605,12150,B,691787
-72.375,-72.1675,12175,B,691787
-73,-72.73,12200,B,691787
-73.625,-73.2925,12225,B,691787
-74.25,-73.855,12250,B,691787
-74.875,-74.4175,12275,B,691787
-74.5,-74.98,12300,B,691787
-75.125,-75.5425,12325,B,691787
-75.75,-76.105,12350,B,691787
-76.375,-76.6675,12375,B,691787
-77,-77.23,12400,B,691787
-77.625,-77.7925,12425,B,691787
-78.25,-78.3375,12450,B,691787
-78.875,-78.8375,12475,B,691787
-79.5,-79.37,12500,B,691787
-80.125,-79.9325,12525,B,691787
-80.75,-80.495,12550,B,691787
-81.375,-81.0575,12575,B,691787
-82,-81.62,12600,B,691787
-82.625,-82.1825,12625,B,691787
-82.25,-82.745,12650,B,691787
-82.875,-83.3075,12675,B,691787
-83.5,-83.87,12700,B,691787
-84.125,-84.4325,12725,B,691787
-84.75,-84.995,12750,B,691787
-85.375,-85.5575,12775,B,691787
-86,-86.12,12800,B,691787
-86.625,-86.6825,12825,B,691787
-87.25,-87.2625,12850,B,691787
-87.875,-87.8875,12875,B,691787
-88.5,-88.5125,12900,B,691787
-89.125,-89.1375,12925,B,691787
-89.75,-89.7625,12950,B,691787
-90.375,-90.3875,12975,B,691787
-91,-90.9975,13000,B,691787
-91.625,-91.56,13025,B,691787
-92.25,-92.1225,13050,B,691787
-92.875,-92.685,13075,B,691787
-93.5,-93.2475,13100,B,691787
-94.125,-93.81,13125,B,691787
-94.75,-94.3725,13150,B,691787
-95.375,-94.935,13175,B,691787
-95,-95.4975,13200,B,691787
-95.625,-96.06,13225,B,691787
-96.25,-96.6225,13250,B,691787
-96.875,-97.185,13275,B,691787
-97.5,-97.7475,13300,B,691787
-98.125,-98.31,13325,B,691787
-98.75,-98.8725,13350,B,691787
-99.375,-99.435,13375,B,691787
-100,-100.0125,13400,B,691787
-100.625,-100.6375,13425,B,691787
-101.25,-101.2625,13450,B,691787
-101.875,-101.8875,13475,B,691787
-102.5,-102.5125,13500,B,691787
-103.125,-103.1375,13525,B,691787
-103.75,-103.7625,13550,B,691787
-104.375,-104.3375,13575,B,691787
-105,-104.9,13600,B,691787
-105.625,-105.4625,13625,B,691787
-106.25,-106.025,13650,B,691787
-106.875,-106.5875,13675,B,691787
-107.5,-107.115,13700,B,691787
-108.125,-107.615,13725,B,691787
-108.75,-108.115,13750,B,691787
-108.375,-108.615,13775,B,691787
-109,-109.115,13800,B,691787
-109.625,-109.615,13825,B,691787
-110.25,-110.115,13850,B,691787
-110.875,-110.615,13875,B,691787
-110.5,-111.115,13900,B,691787
-111.125,-111.615,13925,B,691787
-111.75,-112.115,13950,B,691787
-112.375,-112.665,13975,B,691787
-113,-113.2275,14000,B,691787
-113.625,-113.79,14025,B,691787
-114.25,-114.3525,14050,B,691787
-114.875,-114.915,14075,B,691787
-115.5,-115.5125,14100,B,691787
-116.125,-116.1375,14125,B,691787
-116.75,-116.7625,14150,B,691787
-117.375,-117.3875,14175,B,691787
-118,-118.0125,14200,B,691787
-118.625,-118.6375,14225,B,691787
-119.25,-119.2625,14250,B,691787
-119.875,-119.8875,14275,B,691787
-120.5,-120.5125,14300,B,691787
-121.125,-121.1375,14325,B,691787
-121.75,-121.7625,14350,B,691787
-122.375,-122.3875,14375,B,691787
-123,-123.0125,14400,B,691787
-123.625,-123.6375,14425,B,691787
-124.25,-124.2625,14450,B,691787
-124.875,-124.8875,14475,B,691787
-125.5,-125.5125,14500,B,691787
-126.125,-126.1375,14525,B,691787
-126.75,-126.7625,14550,B,691787
-127.375,-127.3875,14575,B,691787
-128,-128.0125,14600,B,691787
-128.625,-128.6375,14625,B,691787
-129.25,-129.2625,14650,B,691787
-129.875,-129.8875,14675,B,691787
-130.5,-130.5125,14700,B,691787
-131.125,-131.1375,14725,B,691787
-131.75,-131.7625,14750,B,691787
-132.375,-132.3875,14775,B,691787
-133,-133.0125,14800,B,691787
-133.625,-133.6375,14825,B,691787
-134.25,-134.2625,14850,B,691787
-134.875,-134.8875,14875,B,691787
-135.5,-135.5125,14900,B,691787
-136.125,-136.1375,14925,B,691787
-136.75,-136.7625,14950,B,691787
-137.375,-137.3875,14975,B,691787
-138,-138.0125,15000,B,691787
-138.625,-138.6375,15025,B,691787
-139.25,-139.2625,15050,B,691787
-139.875,-139.8875,15075,B,691787
-140.5,-140.5125,15100,B,691787
-141.125,-141.1375,15125,B,691787
-141.75,-141.7625,15150,B,691787
-142.375,-142.3875,15175,B,691787
-143,-143.0125,15200,B,691787
-143.625,-143.6375,15225,B,691787
-144.25,-144.2625,15250,B,691787
-144.875,-144.8875,15275,B,691787
-145.5,-145.5125,15300,B,691787
-146.125,-146.1375,15325,B,691787
-146.75,-146.7625,15350,B,691787
-147.375,-147.3875,15375,B,691787
-148,-148.0125,15400,B,691787
-148.625,-148.6375,15425,B,691787
-149.25,-149.2625,15450,B,691787
-149.875,-149.8875,15475,B,691787
-150.5,-150.5125,15500,B,691787
-151.125,-151.1375,15525,B,691787
-151.75,-151.7625,15550,B,691787
-152.375,-152.3875,15575,B,691787
-153,-153.0125,15600,B,691787
-153.625,-153.6375,15625,B,691787
-154.25,-154.2625,15650,B,691787
-154.875,-154.8875,15675,B,691787
-155.5,-155.5125,15700,B,691787
-156.125,-156.1375,15725,B,691787
-156.75,-156.7625,15750,B,691787
-157.375,-157.3875,15775,B,691787
-158,-158.0125,15800,B,691787
-158.625,-158.6375,15825,B,691787
-159.25,-159.2625,15850,B,691787
-159.875,-159.8875,15875,B,691787
-160.5,-160.5125,15900,B,691787
-161.125,-161.1375,15925,B,691787
-161.75,-161.7625,15950,B,691787
-162.375,-162.3875,15975,B,691787
-163,-163.0125,16000,B,691787
-163.625,-163.6375,16025,B,691787
-164.25,-164.2625,16050,B,691787
-164.875,-164.8875,16075,B,691787
-165.5,-165.5125,16100,B,691787
-166.125,-166.1375,16125,B,691787
-166.75,-166.7625,16150,B,691787
-167.375,-167.3875,16175,B,691787
-168,-168.0125,16200,B,691787
-168.625,-168.6375,16225,B,691787
-169.25,-169.2625,16250,B,691787
-169.875,-169.8875,16275,B,691787
-170.5,-170.5125,16300,B,691787
-171.125,-171.1375,16325,B,691787
-171.75,-171.7625,16350,B,691787
-172.375,-172.3875,16375,B,691787
-173,-173.0125,16400,B,691787
-173.625,-173.6375,16425,B,691787
-174.25,-174.2625,16450,B,691787
-174.875,-174.85,16475,B,691787
-175.5,-175.4125,16500,B,691787
-176.125,-175.975,16525,B,691787
-176.75,-176.5375,16550,B,691787
-177.375,-177.1,16575,B,691787
-178,-177.6625,16600,B,691787
-178.625,-178.225,16625,B,691787
-179.25,-178.7875,16650,B,691787
-178.875,-179.35,16675,B,691787
-179.5,-179.9125,16700,B,691787
-180.125,-180.475,16725,B,691787
-180.75,-181.0375,16750,B,691787
-181.375,-181.6,16775,B,691787
-182,-182.1625,16800,B,691787
-182.625,-182.725,16825,B,691787
-183.25,-183.2875,16850,B,691787
-183.875,-183.8875,16875,B,691787
-184.5,-184.5125,16900,B,691787
-185.125,-185.1375,16925,B,691787
-185.75,-185.7625,16950,B,691787
-186.375,-186.3875,16975,B,691787
-187,-187.0125,17000,B,691787
-187.625,-187.6375,17025,B,691787
-188.25,-188.2625,17050,B,691787
-188.875,-188.83,17075,B,691787
-189.5,-189.3925,17100,B,691787
-190.125,-189.955,17125,B,691787
-190.75,-190.5175,17150,B,691787
-191.375,-191.08,17175,B,691787
-192,-191.6425,17200,B,691787
-192.625,-192.205,17225,B,691787
-193.25,-192.7675,17250,B,691787
-192.875,-193.33,17275,B,691787
-193.5,-193.8925,17300,B,691787
-194.125,-194.455,17325,B,691787
-194.75,-195.0175,17350,B,691787
-195.375,-195.58,17375,B,691787
-196,-196.1425,17400,B,691787
-196.625,-196.705,17425,B,691787
-197.25,-197.2675,17450,B,691787
-197.875,-197.8875,17475,B,691787
-198.5,-198.5125,17500,B,691787
-199.125,-199.1375,17525,B,691787
-199.75,-199.7625,17550,B,691787
-200.375,-200.3875,17575,B,691787
-201,-201.0125,17600,B,691787
-201.625,-201.6375,17625,B,691787
-202.25,-202.2625,17650,B,691787
-202.875,-202.8875,17675,B,691787
-203.5,-203.5125,17700,B,691787
-204.125,-204.1375,17725,B,691787
-204.75,-204.7625,17750,B,691787
-205.375,-205.3875,17775,B,691787
-206,-206.0125,17800,B,691787
-206.625,-206.6375,17825,B,691787
-207.25,-207.2625,17850,B,691787
-207.875,-207.8875,17875,B,691787
-208.5,-208.5125,17900,B,691787
-209.125,-209.1375,17925,B,691787
-209.75,-209.7625,17950,B,691787
-210.375,-210.3875,17975,B,691787
-211,-211.0125,18000,B,691787
-211.625,-211.6375,18025,B,691787
-212.25,-212.2625,18050,B,691787
-212.875,-212.8875,18075,B,691787
-213.5,-213.5125,18100,B,691787
-214.125,-214.1375,18125,B,691787
-214.75,-214.7625,18150,B,691787
-215.375,-215.3875,18175,B,691787
-216,-216.0125,18200,B,691787
-216.625,-216.6375,18225,B,691787
-217.25,-217.2625,18250,B,691787
-217.875,-217.8875,18275,B,691787
-218.5,-218.5125,18300,B,691787
-219.125,-219.1375,18325,B,691787
-219.75,-219.7625,18350,B,691787
-220.375,-220.3875,18375,B,691787
-221,-221.0125,18400,B,691787
-221.625,-221.59,18425,B,691787
-222.25,-222.1525,18450,B,691787
-222.875,-222.715,18475,B,691787
-223.5,-223.2625,18500,B,691787
-224.125,-223.7625,18525,B,691787
-224.75,-224.2625,18550,B,691787
-225.375,-224.7625,18575,B,691787
-226,-225.2625,18600,B,691787
-225.625,-225.7625,18625,B,691787
-226.25,-226.2625,18650,B,691787
-226.875,-226.7625,18675,B,691787
-226.5,-227.2625,18700,B,691787
-227.125,-227.7625,18725,B,691787
-227.75,-228.2625,18750,B,691787
-228.375,-228.7625,18775,B,691787
-229,-229.2625,18800,B,691787
-229.625,-229.79,18825,B,691787
-230.25,-230.29,18850,B,691787
-230.875,-230.79,18875,B,691787
-231.5,-231.305,18900,B,691787
-232.125,-231.8675,18925,B,691787
-232.75,-232.43,18950,B,691787
-233.375,-232.9925,18975,B,691787
-234,-233.555,19000,B,691787
-233.625,-234.1175,19025,B,691787
-234.25,-234.68,19050,B,691787
-234.875,-235.2425,19075,B,691787
-235.5,-235.805,19100,B,691787
-236.125,-236.3675,19125,B,691787
-236.75,-236.93,19150,B,691787
-237.375,-237.4925,19175,B,691787
-238,-238.055,19200,B,691787
-238.625,-238.6375,19225,B,691787
-239.25,-239.2625,19250,B,691787
-239.875,-239.8875,19275,B,691787
-240.5,-240.5125,19300,B,691787
-241.125,-241.1375,19325,B,691787
-241.75,-241.7625,19350,B,691787
-242.375,-242.3875,19375,B,691787
-243,-243.0125,19400,B,691787
-243.625,-243.6375,19425,B,691787
-244.25,-244.2625,19450,B,691787
-244.875,-244.8875,19475,B,691787
-245.5,-245.5125,19500,B,691787
-246.125,-246.1375,19525,B,691787
-246.75,-246.7625,19550,B,691787
-247.375,-247.3875,19575,B,691787
-248,-248.0125,19600,B,691787
-248.625,-248.6375,19625,B,691787
-249.25,-249.2625,19650,B,691787
-249.875,-249.8875,19675,B,691787
-250.5,-250.5125,19700,B,691787
-251.125,-251.1375,19725,B,691787
-251.75,-251.7625,19750,B,691787
-252.375,-252.3875,19775,B,691787
-253,-253.0125,19800,B,691787
-253.625,-253.6375,19825,B,691787
-254.25,-254.2625,19850,B,691787
-254.875,-254.8875,19875,B,691787
-255.5,-255.5125,19900,B,691787
-256.125,-256.1375,19925,B,691787
-256.75,-256.7625,19950,B,691787
-257.375,-257.3875,19975,B,691787
-258,-258.0125,20000,B,691787
1.375,,25,B,761263
4.75,,50,B,761263
7.125,,75,B,761263
11.5,,100,B,761263
12.875,,125,B,761263
15.25,,150,B,761263
16.625,,175,B,761263
20,22.6625,200,B,761263
25.375,25.6375,225,B,761263
29.75,28.4625,250,B,761263
34.125,31.2125,275,B,761263
35.5,33.9125,300,B,761263
35.875,36.7225,325,B,761263
39.25,39.67,350,B,761263
44.625,42.8275,375,B,761263
47,45.8025,400,B,761263
48.375,48.5675,425,B,761263
49.75,51.0025,450,B,761263
53.125,53.1875,475,B,761263
53.5,55.285,500,B,761263
60.875,57.38,525,B,761263
63.25,59.565,550,B,761263
66.625,61.5925,575,B,761263
67,63.49,600,B,761263
67.375,65.2925,625,B,761263
66.75,66.9725,650,B,761263
68.125,68.5325,675,B,761263
68.5,69.99,700,B,761263
70.875,71.2675,725,B,761263
73.25,72.3925,750,B,761263
76.625,73.1775,775,B,761263
77,73.9375,800,B,761263
76.375,74.825,825,B,761263
75.75,75.7625,850,B,761263
75.125,76.615,875,B,761263
76.5,77.3875,900,B,761263
77.875,78.06,925,B,761263
79.25,78.5425,950,B,761263
78.625,78.9275,975,B,761263
79,79.2575,1000,B,761263
82.375,79.74,1025,B,761263
81.75,80.3025,1050,B,761263
81.125,80.9925,1075,B,761263
80.5,81.65,1100,B,761263
79.875,82.37,1125,B,761263
81.25,82.99,1150,B,761263
81.625,83.6775,1175,B,761263
83,84.3525,1200,B,761263
85.375,84.865,1225,B,761263
84.75,85.3025,1250,B,761263
87.125,85.74,1275,B,761263
88.5,86.2225,1300,B,761263
88.875,86.75,1325,B,761263
89.25,87.2925,1350,B,761263
89.625,87.745,1375,B,761263
90,88.2,1400,B,761263
89.375,88.5225,1425,B,761263
88.75,88.8625,1450,B,761263
88.125,89.1575,1475,B,761263
88.5,89.395,1500,B,761263
88.875,89.5375,1525,B,761263
88.25,89.7275,1550,B,761263
88.625,89.8925,1575,B,761263
89,90.045,1600,B,761263
90.375,90.1925,1625,B,761263
90.75,90.38,1650,B,761263
91.125,90.5675,1675,B,761263
90.5,90.75,1700,B,761263
91.875,90.93,1725,B,761263
92.25,91.2,1750,B,761263
92.625,91.4775,1775,B,761263
92,91.7925,1800,B,761263
92.375,92.075,1825,B,761263
91.75,92.335,1850,B,761263
91.125,92.545,1875,B,761263
91.5,92.82,1900,B,761263
91.875,93.0775,1925,B,761263
93.25,93.2225,1950,B,761263
93.625,93.3075,1975,B,761263
94,93.37,2000,B,761263
94.375,93.41,2025,B,761263
94.75,93.4225,2050,B,761263
95.125,93.6125,2075,B,761263
95.5,93.8225,2100,B,761263
94.875,93.99,2125,B,761263
94.25,94.0325,2150,B,761263
93.625,94.04,2175,B,761263
93,94.065,2200,B,761263
92.375,94.1025,2225,B,761263
92.75,94.09,2250,B,761263
95.125,94.0825,2275,B,761263
94.5,93.995,2300,B,761263
93.875,93.87,2325,B,761263
93.25,93.7975,2350,B,761263
93.625,93.735,2375,B,761263
95,93.7075,2400,B,761263
94.375,93.7075,2425,B,761263
94.75,93.695,2450,B,761263
94.125,93.5625,2475,B,761263
93.5,93.385,2500,B,761263
92.875,93.26,2525,B,761263
93.25,93.135,2550,B,761263
92.625,93.075,2575,B,761263
93,92.9325,2600,B,761263
92.375,92.745,2625,B,761263
91.75,92.5325,2650,B,761263
92.125,92.345,2675,B,761263
92.5,92.1575,2700,B,761263
91.875,91.97,2725,B,761263
91.25,91.73,2750,B,761263
92.625,91.48,2775,B,761263
92,91.195,2800,B,761263
91.375,90.8825,2825,B,761263
90.75,90.57,2850,B,761263
91.125,90.2,2875,B,761263
90.5,89.815,2900,B,761263
89.875,89.425,2925,B,761263
89.25,89.06,2950,B,761263
88.625,88.67,2975,B,761263
88,88.27,3000,B,761263
87.375,87.9025,3025,B,761263
86.75,87.635,3050,B,761263
86.125,87.3225,3075,B,761263
85.5,87.01,3100,B,761263
85.875,86.6975,3125,B,761263
86.25,86.385,3150,B,761263
85.625,86.0725,3175,B,761263
86,85.76,3200,B,761263
86.375,85.4475,3225,B,761263
86.75,85.135,3250,B,761263
86.125,84.8475,3275,B,761263
85.5,84.5975,3300,B,761263
84.875,84.3175,3325,B,761263
84.25,84.0575,3350,B,761263
83.625,83.7775,3375,B,761263
83,83.5375,3400,B,761263
82.375,83.385,3425,B,761263
81.75,83.1525,3450,B,761263
82.125,82.9225,3475,B,761263
81.5,82.775,3500,B,761263
81.875,82.7125,3525,B,761263
81.25,82.6775,3550,B,761263
81.625,82.6775,3575,B,761263
83,82.6775,3600,B,761263
83.375,82.73,3625,B,761263
82.75,82.88,3650,B,761263
83.125,83.0425,3675,B,761263
84.5,83.1675,3700,B,761263
83.875,83.275,3725,B,761263
84.25,83.3525,3750,B,761263
83.625,83.445,3775,B,761263
83,83.46,3800,B,761263
83.375,83.3925,3825,B,761263
84.75,83.33,3850,B,761263
84.125,83.2475,3875,B,761263
83.5,83.0825,3900,B,761263
82.875,82.8675,3925,B,761263
83.25,82.6525,3950,B,761263
82.625,82.4025,3975,B,761263
82,82.1525,4000,B,761263
82.375,81.85,4025,B,761263
81.75,81.45,4050,B,761263
81.125,81.0125,4075,B,761263
80.5,80.59,4100,B,761263
80.875,80.215,4125,B,761263
80.25,79.84,4150,B,761263
79.625,79.465,4175,B,761263
79,79.09,4200,B,761263
78.375,78.72,4225,B,761263
77.75,78.4075,4250,B,761263
77.125,78.095,4275,B,761263
77.5,77.83,4300,B,761263
76.875,77.545,4325,B,761263
77.25,77.2325,4350,B,761263
76.625,76.975,4375,B,761263
76,76.725,4400,B,761263
77.375,76.475,4425,B,761263
76.75,76.225,4450,B,761263
76.125,75.975,4475,B,761263
76.5,75.745,4500,B,761263
75.875,75.52,4525,B,761263
75.25,75.4475,4550,B,761263
75.625,75.385,4575,B,761263
75,75.3225,4600,B,761263
74.375,75.25,4625,B,761263
73.75,75.125,4650,B,761263
73.125,75,4675,B,761263
73.5,74.8275,4700,B,761263
74.875,74.64,4725,B,761263
76.25,74.4525,4750,B,761263
75.625,74.21,4775,B,761263
75,73.96,4800,B,761263
75.375,73.71,4825,B,761263
74.75,73.46,4850,B,761263
74.125,73.21,4875,B,761263
73.5,72.925,4900,B,761263
72.875,72.655,4925,B,761263
72.25,72.275,4950,B,761263
71.625,71.8375,4975,B,761263
71,71.4,5000,B,761263
70.375,70.93,5025,B,761263
69.75,70.43,5050,B,761263
69.125,69.93,5075,B,761263
68.5,69.43,5100,B,761263
69.875,68.93,5125,B,761263
69.25,68.43,5150,B,761263
68.625,68.0275,5175,B,761263
68,67.6525,5200,B,761263
67.375,67.2775,5225,B,761263
66.75,66.9025,5250,B,761263
66.125,66.535,5275,B,761263
65.5,66.265,5300,B,761263
64.875,65.9475,5325,B,761263
64.25,65.5725,5350,B,761263
65.625,65.1975,5375,B,761263
65,64.8425,5400,B,761263
64.375,64.53,5425,B,761263
63.75,64.2175,5450,B,761263
64.125,63.905,5475,B,761263
64.5,63.5925,5500,B,761263
63.875,63.28,5525,B,761263
63.25,62.9675,5550,B,761263
62.625,62.5575,5575,B,761263
63,62.12,5600,B,761263
62.375,61.6825,5625,B,761263
61.75,61.305,5650,B,761263
61.125,60.9225,5675,B,761263
60.5,60.4425,5700,B,761263
59.875,59.9925,5725,B,761263
59.25,59.555,5750,B,761263
58.625,59.1175,5775,B,761263
58,58.6875,5800,B,761263
57.375,58.25,5825,B,761263
57.75,57.8125,5850,B,761263
57.125,57.375,5875,B,761263
56.5,56.9375,5900,B,761263
56.875,56.5,5925,B,761263
56.25,56.0625,5950,B,761263
55.625,55.625,5975,B,761263
56,55.1875,6000,B,761263
55.375,54.75,6025,B,761263
54.75,54.2525,6050,B,761263
54.125,53.775,6075,B,761263
53.5,53.3375,6100,B,761263
52.875,52.86,6125,B,761263
52.25,52.4225,6150,B,761263
51.625,51.985,6175,B,761263
51,51.52,6200,B,761263
50.375,51.02,6225,B,761263
49.75,50.5325,6250,B,761263
50.125,50.1075,6275,B,761263
49.5,49.745,6300,B,761263
49.875,49.4325,6325,B,761263
49.25,49.135,6350,B,761263
48.625,48.885,6375,B,761263
48,48.6675,6400,B,761263
47.375,48.48,6425,B,761263
47.75,48.2925,6450,B,761263
48.125,48.0825,6475,B,761263
48.5,47.8325,6500,B,761263
47.875,47.5725,6525,B,761263
48.25,47.26,6550,B,761263
47.625,46.965,6575,B,761263
48,46.715,6600,B,761263
47.375,46.465,6625,B,761263
46.75,46.2025,6650,B,761263
46.125,45.8775,6675,B,761263
45.5,45.49,6700,B,761263
44.875,45.0525,6725,B,761263
44.25,44.6,6750,B,761263
44.625,44.1,6775,B,761263
44,43.5675,6800,B,761263
43.375,43.005,6825,B,761263
42.75,42.4425,6850,B,761263
42.125,41.88,6875,B,761263
41.5,41.3175,6900,B,761263
40.875,40.755,6925,B,761263
40.25,40.2025,6950,B,761263
39.625,39.81,6975,B,761263
39,39.3725,7000,B,761263
38.375,38.935,7025,B,761263
37.75,38.4975,7050,B,761263
37.125,38.085,7075,B,761263
36.5,37.71,7100,B,761263
35.875,37.335,7125,B,761263
37.25,36.99,7150,B,761263
37.625,36.6775,7175,B,761263
37,36.365,7200,B,761263
36.375,36.0525,7225,B,761263
35.75,35.74,7250,B,761263
36.125,35.4275,7275,B,761263
35.5,35.12,7300,B,761263
34.875,34.87,7325,B,761263
35.25,34.61,7350,B,761263
34.625,34.1725,7375,B,761263
34,33.735,7400,B,761263
33.375,33.2975,7425,B,761263
32.75,32.9025,7450,B,761263
32.125,32.565,7475,B,761263
32.5,32.19,7500,B,761263
31.875,31.815,7525,B,761263
31.25,31.41,7550,B,761263
30.625,30.9725,7575,B,761263
30,30.535,7600,B,761263
29.375,30.0975,7625,B,761263
30.75,29.66,7650,B,761263
30.125,29.2225,7675,B,761263
29.5,28.78,7700,B,761263
28.875,28.28,7725,B,761263
28.25,27.78,7750,B,761263
27.625,27.28,7775,B,761263
27,26.78,7800,B,761263
26.375,26.28,7825,B,761263
25.75,25.7375,7850,B,761263
25.125,25.1125,7875,B,761263
24.5,24.4875,7900,B,761263
23.875,23.8625,7925,B,761263
23.25,23.2375,7950,B,761263
22.625,22.6125,7975,B,761263
22,21.9875,8000,B,761263
21.375,21.3625,8025,B,761263
20.75,20.7375,8050,B,761263
20.125,20.1125,8075,B,761263
19.5,19.4875,8100,B,761263
18.875,18.8625,8125,B,761263
18.25,18.2375,8150,B,761263
17.625,17.65,8175,B,761263
17,17.0875,8200,B,761263
16.375,16.525,8225,B,761263
15.75,15.9625,8250,B,761263
15.125,15.4,8275,B,761263
14.5,14.8375,8300,B,761263
13.875,14.275,8325,B,761263
13.25,13.7125,8350,B,761263
13.625,13.15,8375,B,761263
13,12.5875,8400,B,761263
12.375,12.025,8425,B,761263
11.75,11.48,8450,B,761263
11.125,10.98,8475,B,761263
10.5,10.48,8500,B,761263
9.87499999999998,9.97999999999998,8525,B,761263
9.24999999999998,9.47999999999998,8550,B,761263
8.62499999999998,8.94249999999998,8575,B,761263
7.99999999999998,8.37999999999998,8600,B,761263
7.37499999999998,7.81749999999998,8625,B,761263
7.74999999999998,7.25499999999998,8650,B,761263
7.12499999999998,6.69249999999998,8675,B,761263
6.49999999999998,6.12999999999998,8700,B,761263
5.87499999999998,5.56749999999998,8725,B,761263
5.24999999999998,5.00499999999998,8750,B,761263
4.62499999999998,4.44249999999998,8775,B,761263
3.99999999999998,3.87999999999998,8800,B,761263
3.37499999999998,3.34499999999998,8825,B,761263
2.74999999999998,2.82749999999998,8850,B,761263
2.12499999999998,2.26499999999998,8875,B,761263
1.49999999999998,1.70249999999998,8900,B,761263
0.874999999999983,1.13999999999998,8925,B,761263
0.249999999999983,0.577499999999983,8950,B,761263
-0.375000000000017,0.0149999999999829,8975,B,761263
-1.00000000000002,-0.547500000000017,9000,B,761263
-0.625000000000017,-1.11000000000002,9025,B,761263
-1.25000000000002,-1.67250000000002,9050,B,761263
-1.87500000000002,-2.23500000000002,9075,B,761263
-2.50000000000002,-2.79750000000002,9100,B,761263
-3.12500000000002,-3.36000000000002,9125,B,761263
-3.75000000000002,-3.92250000000002,9150,B,761263
-4.37500000000002,-4.48500000000002,9175,B,761263
-5.00000000000002,-5.04750000000002,9200,B,761263
-5.62500000000002,-5.63750000000002,9225,B,761263
-6.25000000000002,-6.26250000000002,9250,B,761263
-6.87500000000002,-6.88750000000002,9275,B,761263
-7.50000000000002,-7.51250000000002,9300,B,761263
-8.12500000000002,-8.13750000000002,9325,B,761263
-8.75000000000002,-8.76250000000002,9350,B,761263
-9.37500000000002,-9.38750000000002,9375,B,761263
-10,-10.0125,9400,B,761263
-10.625,-10.6375,9425,B,761263
-11.25,-11.2625,9450,B,761263
-11.875,-11.8875,9475,B,761263
-12.5,-12.5125,9500,B,761263
-13.125,-13.1375,9525,B,761263
-13.75,-13.7625,9550,B,761263
-14.375,-14.3875,9575,B,761263
-15,-15.0125,9600,B,761263
-15.625,-15.5775,9625,B,761263
-16.25,-16.14,9650,B,761263
-16.875,-16.7025,9675,B,761263
-17.5,-17.265,9700,B,761263
-18.125,-17.8275,9725,B,761263
-18.75,-18.39,9750,B,761263
-19.375,-18.9525,9775,B,761263
-20,-19.515,9800,B,761263
-19.625,-20.0775,9825,B,761263
-20.25,-20.64,9850,B,761263
-20.875,-21.2025,9875,B,761263
-21.5,-21.765,9900,B,761263
-22.125,-22.3275,9925,B,761263
-22.75,-22.89,9950,B,761263
-23.375,-23.4525,9975,B,761263
-24,-23.975,10000,B,761263
-24.625,-24.535,10025,B,761263
-25.25,-25.0975,10050,B,761263
-25.875,-25.66,10075,B,761263
-26.5,-26.2225,10100,B,761263
-27.125,-26.785,10125,B,761263
-27.75,-27.3475,10150,B,761263
-28.375,-27.91,10175,B,761263
-28,-28.4725,10200,B,761263
-28.625,-29.035,10225,B,761263
-29.25,-29.5975,10250,B,761263
-29.875,-30.16,10275,B,761263
-30.5,-30.7225,10300,B,761263
-31.125,-31.285,10325,B,761263
-31.75,-31.8475,10350,B,761263
-32.375,-32.41,10375,B,761263
-33,-33.0125,10400,B,761263
-33.625,-33.6375,10425,B,761263
-34.25,-34.2625,10450,B,761263
-34.875,-34.8875,10475,B,761263
-35.5,-35.5125,10500,B,761263
-36.125,-36.1175,10525,B,761263
-36.75,-36.68,10550,B,761263
-37.375,-37.22,10575,B,761263
-38,-37.72,10600,B,761263
-38.625,-38.22,10625,B,761263
-39.25,-38.72,10650,B,761263
-39.875,-39.22,10675,B,761263
-40.5,-39.72,10700,B,761263
-40.125,-40.22,10725,B,761263
-40.75,-40.72,10750,B,761263
-40.375,-41.22,10775,B,761263
-41,-41.6925,10800,B,761263
-41.625,-42.13,10825,B,761263
-42.25,-42.5675,10850,B,761263
-42.875,-43.005,10875,B,761263
-43.5,-43.4425,10900,B,761263
-44.125,-43.9,10925,B,761263
-44.75,-44.4,10950,B,761263
-45.375,-44.9225,10975,B,761263
-45,-45.485,11000,B,761263
-45.625,-46.0475,11025,B,761263
-46.25,-46.61,11050,B,761263
-46.875,-47.1325,11075,B,761263
-47.5,-47.6325,11100,B,761263
-48.125,-48.1325,11125,B,761263
-48.75,-48.6325,11150,B,761263
-49.375,-49.1325,11175,B,761263
-50,-49.66,11200,B,761263
-50.625,-50.2225,11225,B,761263
-51.25,-50.785,11250,B,761263
-50.875,-51.3475,11275,B,761263
-51.5,-51.91,11300,B,761263
-52.125,-52.4725,11325,B,761263
-52.75,-53.035,11350,B,761263
-53.375,-53.5975,11375,B,761263
-54,-54.16,11400,B,761263
-54.625,-54.7225,11425,B,761263
-55.25,-55.285,11450,B,761263
-55.875,-55.8875,11475,B,761263
-56.5,-56.5125,11500,B,761263
-57.125,-57.1375,11525,B,761263
-57.75,-57.7625,11550,B,761263
-58.375,-58.3875,11575,B,761263
-59,-59.0125,11600,B,761263
-59.625,-59.6375,11625,B,761263
-60.25,-60.2625,11650,B,761263
-60.875,-60.8875,11675,B,761263
-61.5,-61.5125,11700,B,761263
-62.125,-62.1225,11725,B,761263
-62.75,-62.685,11750,B,761263
-63.375,-63.2475,11775,B,761263
-64,-63.81,11800,B,761263
-64.625,-64.3725,11825,B,761263
-65.25,-64.935,11850,B,761263
-65.875,-65.4975,11875,B,761263
-66.5,-66.06,11900,B,761263
-66.125,-66.6225,11925,B,761263
-66.75,-67.185,11950,B,761263
-67.375,-67.7475,11975,B,761263
-68,-68.31,12000,B,761263
-68.625,-68.8725,12025,B,761263
-69.25,-69.435,12050,B,761263
-69.875,-69.9975,12075,B,761263
-70.5,-70.56,12100,B,761263
-71.125,-71.1375,12125,B,761263
-71.75,-71.7625,12150,B,761263
-72.375,-72.3875,12175,B,761263
-73,-73.0125,12200,B,761263
-73.625,-73.6375,12225,B,761263
-74.25,-74.2625,12250,B,761263
-74.875,-74.8875,12275,B,761263
-75.5,-75.5125,12300,B,761263
-76.125,-76.1375,12325,B,761263
-76.75,-76.7625,12350,B,761263
-77.375,-77.3875,12375,B,761263
-78,-78.0125,12400,B,761263
-78.625,-78.6375,12425,B,761263
-79.25,-79.2625,12450,B,761263
-79.875,-79.8875,12475,B,761263
-80.5,-80.5125,12500,B,761263
-81.125,-81.1375,12525,B,761263
-81.75,-81.7625,12550,B,761263
-82.375,-82.3875,12575,B,761263
-83,-83.0125,12600,B,761263
-83.625,-83.6375,12625,B,761263
-84.25,-84.2625,12650,B,761263
-84.875,-84.8875,12675,B,761263
-85.5,-85.5125,12700,B,761263
-86.125,-86.1375,12725,B,761263
-86.75,-86.7625,12750,B,761263
-87.375,-87.3875,12775,B,761263
-88,-88.0125,12800,B,761263
-88.625,-88.6375,12825,B,761263
-89.25,-89.2625,12850,B,761263
-89.875,-89.8875,12875,B,761263
-90.5,-90.5125,12900,B,761263
-91.125,-91.1375,12925,B,761263
-91.75,-91.7625,12950,B,761263
-92.375,-92.3875,12975,B,761263
-93,-93.0125,13000,B,761263
-93.625,-93.6375,13025,B,761263
-94.25,-94.2625,13050,B,761263
-94.875,-94.8875,13075,B,761263
-95.5,-95.5125,13100,B,761263
-96.125,-96.1375,13125,B,761263
-96.75,-96.7625,13150,B,761263
-97.375,-97.3875,13175,B,761263
-98,-98.0125,13200,B,761263
-98.625,-98.6375,13225,B,761263
-99.25,-99.2375,13250,B,761263
-99.875,-99.8,13275,B,761263
-100.5,-100.3625,13300,B,761263
-101.125,-100.925,13325,B,761263
-101.75,-101.4875,13350,B,761263
-102.375,-102.05,13375,B,761263
-103,-102.6125,13400,B,761263
-103.625,-103.175,13425,B,761263
-103.25,-103.7375,13450,B,761263
-103.875,-104.3,13475,B,761263
-104.5,-104.8625,13500,B,761263
-105.125,-105.4175,13525,B,761263
-105.75,-105.9175,13550,B,761263
-106.375,-106.4175,13575,B,761263
-107,-106.9175,13600,B,761263
-107.625,-107.4175,13625,B,761263
-108.25,-107.9425,13650,B,761263
-108.875,-108.505,13675,B,761263
-109.5,-109.0675,13700,B,761263
-109.125,-109.63,13725,B,761263
-109.75,-110.1925,13750,B,761263
-110.375,-110.755,13775,B,761263
-111,-111.3175,13800,B,761263
-111.625,-111.88,13825,B,761263
-112.25,-112.4425,13850,B,761263
-112.875,-113.005,13875,B,761263
-113.5,-113.5675,13900,B,761263
-114.125,-114.1375,13925,B,761263
-114.75,-114.7625,13950,B,761263
-115.375,-115.3875,13975,B,761263
-116,-116.0125,14000,B,761263
-116.625,-116.6375,14025,B,761263
-117.25,-117.2625,14050,B,761263
-117.875,-117.8725,14075,B,761263
-118.5,-118.435,14100,B,761263
-119.125,-118.9975,14125,B,761263
-119.75,-119.56,14150,B,761263
-120.375,-120.1225,14175,B,761263
-121,-120.685,14200,B,761263
-121.625,-121.2475,14225,B,761263
-122.25,-121.81,14250,B,761263
-121.875,-122.3725,14275,B,761263
-122.5,-122.935,14300,B,761263
-123.125,-123.4975,14325,B,761263
-123.75,-124.06,14350,B,761263
-124.375,-124.575,14375,B,761263
-125,-125.075,14400,B,761263
-125.625,-125.575,14425,B,761263
-126.25,-126.075,14450,B,761263
-126.875,-126.59,14475,B,761263
-127.5,-127.1525,14500,B,761263
-128.125,-127.715,14525,B,761263
-128.75,-128.2775,14550,B,761263
-128.375,-128.84,14575,B,761263
-129,-129.4025,14600,B,761263
-129.625,-129.965,14625,B,761263
-130.25,-130.5275,14650,B,761263
-130.875,-131.09,14675,B,761263
-131.5,-131.6525,14700,B,761263
-132.125,-132.215,14725,B,761263
-132.75,-132.7775,14750,B,761263
-133.375,-133.3875,14775,B,761263
-134,-134.0125,14800,B,761263
-134.625,-134.6375,14825,B,761263
-135.25,-135.2625,14850,B,761263
-135.875,-135.8875,14875,B,761263
-136.5,-136.5125,14900,B,761263
-137.125,-137.1375,14925,B,761263
-137.75,-137.7625,14950,B,761263
-138.375,-138.3875,14975,B,761263
-139,-139.0125,15000,B,761263
-139.625,-139.6375,15025,B,761263
-140.25,-140.2625,15050,B,761263
-140.875,-140.8875,15075,B,761263
-141.5,-141.5125,15100,B,761263
-142.125,-142.1375,15125,B,761263
-142.75,-142.7625,15150,B,761263
-143.375,-143.3875,15175,B,761263
-144,-144.0125,15200,B,761263
-144.625,-144.6375,15225,B,761263
-145.25,-145.2625,15250,B,761263
-145.875,-145.8875,15275,B,761263
-146.5,-146.5125,15300,B,761263
-147.125,-147.1375,15325,B,761263
-147.75,-147.7625,15350,B,761263
-148.375,-148.3875,15375,B,761263
-149,-149.0125,15400,B,761263
-149.625,-149.6375,15425,B,761263
-150.25,-150.2625,15450,B,761263
-150.875,-150.8875,15475,B,761263
-151.5,-151.5125,15500,B,761263
-152.125,-152.1175,15525,B,761263
-152.75,-152.68,15550,B,761263
-153.375,-153.2425,15575,B,761263
-154,-153.805,15600,B,761263
-154.625,-154.3675,15625,B,761263
-155.25,-154.93,15650,B,761263
-155.875,-155.4925,15675,B,761263
-156.5,-156.055,15700,B,761263
-156.125,-156.6175,15725,B,761263
-156.75,-157.18,15750,B,761263
-157.375,-157.7425,15775,B,761263
-158,-158.305,15800,B,761263
-158.625,-158.8675,15825,B,761263
-159.25,-159.43,15850,B,761263
-159.875,-159.9925,15875,B,761263
-160.5,-160.555,15900,B,761263
-161.125,-161.1375,15925,B,761263
-161.75,-161.7625,15950,B,761263
-162.375,-162.3875,15975,B,761263
-163,-163.0125,16000,B,761263
-163.625,-163.6375,16025,B,761263
-164.25,-164.2625,16050,B,761263
-164.875,-164.8875,16075,B,761263
-165.5,-165.5125,16100,B,761263
-166.125,-166.1375,16125,B,761263
-166.75,-166.7625,16150,B,761263
-167.375,-167.3875,16175,B,761263
-168,-168.0125,16200,B,761263
-168.625,-168.6375,16225,B,761263
-169.25,-169.2625,16250,B,761263
-169.875,-169.8875,16275,B,761263
-170.5,-170.5125,16300,B,761263
-171.125,-171.1375,16325,B,761263
-171.75,-171.7625,16350,B,761263
-172.375,-172.3875,16375,B,761263
-173,-173.0125,16400,B,761263
-173.625,-173.6375,16425,B,761263
-174.25,-174.2625,16450,B,761263
-174.875,-174.8875,16475,B,761263
-175.5,-175.5125,16500,B,761263
-176.125,-176.1375,16525,B,761263
-176.75,-176.7625,16550,B,761263
-177.375,-177.3875,16575,B,761263
-178,-178.0125,16600,B,761263
-178.625,-178.6375,16625,B,761263
-179.25,-179.2625,16650,B,761263
-179.875,-179.8875,16675,B,761263
-180.5,-180.5125,16700,B,761263
-181.125,-181.1375,16725,B,761263
-181.75,-181.7625,16750,B,761263
-182.375,-182.3875,16775,B,761263
-183,-183.0125,16800,B,761263
-183.625,-183.6375,16825,B,761263
-184.25,-184.2625,16850,B,761263
-184.875,-184.8875,16875,B,761263
-185.5,-185.5125,16900,B,761263
-186.125,-186.1375,16925,B,761263
-186.75,-186.7625,16950,B,761263
-187.375,-187.3875,16975,B,761263
-188,-188.0125,17000,B,761263
-188.625,-188.6375,17025,B,761263
-189.25,-189.2625,17050,B,761263
-189.875,-189.8875,17075,B,761263
-190.5,-190.485,17100,B,761263
-191.125,-191.0475,17125,B,761263
-191.75,-191.61,17150,B,761263
-192.375,-192.1725,17175,B,761263
-193,-192.735,17200,B,761263
-193.625,-193.2975,17225,B,761263
-194.25,-193.86,17250,B,761263
-194.875,-194.4225,17275,B,761263
-194.5,-194.985,17300,B,761263
-195.125,-195.5475,17325,B,761263
-195.75,-196.11,17350,B,761263
-196.375,-196.6725,17375,B,761263
-197,-197.235,17400,B,761263
-197.625,-197.7975,17425,B,761263
-198.25,-198.36,17450,B,761263
-198.875,-198.9225,17475,B,761263
-199.5,-199.5125,17500,B,761263
-200.125,-200.1375,17525,B,761263
-200.75,-200.7625,17550,B,761263
-201.375,-201.3875,17575,B,761263
-202,-202.0125,17600,B,761263
-202.625,-202.6375,17625,B,761263
-203.25,-203.2625,17650,B,761263
-203.875,-203.8875,17675,B,761263
-204.5,-204.5125,17700,B,761263
-205.125,-205.1375,17725,B,761263
-205.75,-205.7625,17750,B,761263
-206.375,-206.3875,17775,B,761263
-207,-207.0125,17800,B,761263
-207.625,-207.6375,17825,B,761263
-208.25,-208.2625,17850,B,761263
-208.875,-208.8875,17875,B,761263
-209.5,-209.4575,17900,B,761263
-210.125,-210.02,17925,B,761263
-210.75,-210.5825,17950,B,761263
-211.375,-211.145,17975,B,761263
-212,-211.7075,18000,B,761263
-212.625,-212.27,18025,B,761263
-213.25,-212.8325,18050,B,761263
-213.875,-213.395,18075,B,761263
-213.5,-213.9575,18100,B,761263
-214.125,-214.52,18125,B,761263
-214.75,-215.0825,18150,B,761263
-215.375,-215.645,18175,B,761263
-216,-216.2075,18200,B,761263
-216.625,-216.77,18225,B,761263
-217.25,-217.3325,18250,B,761263
-217.875,-217.895,18275,B,761263
-218.5,-218.5125,18300,B,761263
-219.125,-219.075,18325,B,761263
-219.75,-219.6375,18350,B,761263
-220.375,-220.2,18375,B,761263
-221,-220.7625,18400,B,761263
-221.625,-221.325,18425,B,761263
-222.25,-221.8875,18450,B,761263
-222.875,-222.45,18475,B,761263
-223.5,-223.0125,18500,B,761263
-223.125,-223.575,18525,B,761263
-223.75,-224.1375,18550,B,761263
-224.375,-224.7,18575,B,761263
-225,-225.25,18600,B,761263
-225.625,-225.75,18625,B,761263
-226.25,-226.25,18650,B,761263
-226.875,-226.75,18675,B,761263
-227.5,-227.25,18700,B,761263
-228.125,-227.8125,18725,B,761263
-228.75,-228.375,18750,B,761263
-229.375,-228.9375,18775,B,761263
-229,-229.5,18800,B,761263
-229.625,-230.0625,18825,B,761263
-230.25,-230.625,18850,B,761263
-230.875,-231.1875,18875,B,761263
-231.5,-231.75,18900,B,761263
-232.125,-232.3125,18925,B,761263
-232.75,-232.875,18950,B,761263
-233.375,-233.4375,18975,B,761263
-234,-234.0125,19000,B,761263
-234.625,-234.6375,19025,B,761263
-235.25,-235.2625,19050,B,761263
-235.875,-235.8875,19075,B,761263
-236.5,-236.5125,19100,B,761263
-237.125,-237.1375,19125,B,761263
-237.75,-237.7625,19150,B,761263
-238.375,-238.3875,19175,B,761263
-239,-239.0125,19200,B,761263
-239.625,-239.6375,19225,B,761263
-240.25,-240.2625,19250,B,761263
-240.875,-240.8875,19275,B,761263
-241.5,-241.5125,19300,B,761263
-242.125,-242.1375,19325,B,761263
-242.75,-242.7625,19350,B,761263
-243.375,-243.3875,19375,B,761263
-244,-244.0125,19400,B,761263
-244.625,-244.6375,19425,B,761263
-245.25,-245.2625,19450,B,761263
-245.875,-245.8875,19475,B,761263
-246.5,-246.5125,19500,B,761263
-247.125,-247.1375,19525,B,761263
-247.75,-247.7625,19550,B,761263
-248.375,-248.3875,19575,B,761263
-249,-249.0125,19600,B,761263
-249.625,-249.6375,19625,B,761263
-250.25,-250.2625,19650,B,761263
-250.875,-250.8875,19675,B,761263
-251.5,-251.5125,19700,B,761263
-252.125,-252.1375,19725,B,761263
-252.75,-252.7625,19750,B,761263
-253.375,-253.3875,19775,B,761263
-254,-254.0125,19800,B,761263
-254.625,-254.6375,19825,B,761263
-255.25,-255.2625,19850,B,761263
-255.875,-255.8875,19875,B,761263
-256.5,-256.5125,19900,B,761263
-257.125,-257.1375,19925,B,761263
-257.75,-257.7625,19950,B,761263
-258.375,-258.3875,19975,B,761263
-259,-259.0125,20000,B,761263
2.375,,25,B,778567
1.75,,50,B,778567
4.125,,75,B,778567
7.5,,100,B,778567
10.875,,125,B,778567
14.25,,150,B,778567
17.625,,175,B,778567
23,23.1575,200,B,778567
24.375,26.255,225,B,778567
29.75,29.4975,250,B,778567
37.125,32.85,275,B,778567
38.5,36.18,300,B,778567
40.875,39.3425,325,B,778567
44.25,42.355,350,B,778567
46.625,45.285,375,B,778567
50,47.93,400,B,778567
52.375,50.465,425,B,778567
55.75,52.915,450,B,778567
57.125,55.0375,475,B,778567
59.5,56.95,500,B,778567
60.875,58.75,525,B,778567
61.25,60.555,550,B,778567
62.625,62.11,575,B,778567
65,63.6,600,B,778567
64.375,64.9125,625,B,778567
66.75,66.1075,650,B,778567
69.125,67.17,675,B,778567
68.5,68.14,700,B,778567
69.875,69.0775,725,B,778567
71.25,70.025,750,B,778567
71.625,70.9775,775,B,778567
72,71.9325,800,B,778567
73.375,72.8075,825,B,778567
72.75,73.645,850,B,778567
74.125,74.555,875,B,778567
74.5,75.3675,900,B,778567
74.875,76.1575,925,B,778567
76.25,76.98,950,B,778567
78.625,77.935,975,B,778567
79,78.9175,1000,B,778567
78.375,79.94,1025,B,778567
80.75,80.94,1050,B,778567
82.125,81.975,1075,B,778567
81.5,83.02,1100,B,778567
82.875,84.09,1125,B,778567
85.25,85.1375,1150,B,778567
86.625,86.06,1175,B,778567
88,86.94,1200,B,778567
88.375,87.8775,1225,B,778567
89.75,88.7625,1250,B,778567
91.125,89.5725,1275,B,778567
91.5,90.385,1300,B,778567
92.875,91.245,1325,B,778567
92.25,91.9075,1350,B,778567
92.625,92.38,1375,B,778567
94,92.7575,1400,B,778567
93.375,93.05,1425,B,778567
94.75,93.345,1450,B,778567
95.125,93.5675,1475,B,778567
94.5,93.8025,1500,B,778567
94.875,94.005,1525,B,778567
94.25,94.13,1550,B,778567
93.625,94.22,1575,B,778567
93,94.2875,1600,B,778567
93.375,94.2875,1625,B,778567
93.75,94.285,1650,B,778567
95.125,94.2125,1675,B,778567
95.5,94.2,1700,B,778567
94.875,94.23,1725,B,778567
94.25,94.355,1750,B,778567
94.625,94.48,1775,B,778567
94,94.655,1800,B,778567
93.375,94.875,1825,B,778567
93.75,95.0725,1850,B,778567
94.125,95.2325,1875,B,778567
94.5,95.285,1900,B,778567
96.875,95.29,1925,B,778567
96.25,95.405,1950,B,778567
95.625,95.5175,1975,B,778567
97,95.58,2000,B,778567
96.375,95.6425,2025,B,778567
96.75,95.75,2050,B,778567
96.125,95.8325,2075,B,778567
95.5,95.9075,2100,B,778567
95.875,95.88,2125,B,778567
96.25,95.755,2150,B,778567
95.625,95.63,2175,B,778567
95,95.455,2200,B,778567
94.375,95.205,2225,B,778567
95.75,94.9,2250,B,778567
96.125,94.595,2275,B,778567
95.5,94.355,2300,B,778567
94.875,94.1625,2325,B,778567
94.25,93.86,2350,B,778567
93.625,93.5475,2375,B,778567
93,93.235,2400,B,778567
92.375,92.9225,2425,B,778567
91.75,92.51,2450,B,778567
92.125,92.1,2475,B,778567
92.5,91.6625,2500,B,778567
91.875,91.225,2525,B,778567
91.25,90.8375,2550,B,778567
90.625,90.4625,2575,B,778567
90,90.0875,2600,B,778567
89.375,89.75,2625,B,778567
88.75,89.5,2650,B,778567
89.125,89.3,2675,B,778567
88.5,89.075,2700,B,778567
87.875,88.825,2725,B,778567
88.25,88.5825,2750,B,778567
87.625,88.395,2775,B,778567
87,88.2075,2800,B,778567
88.375,88.02,2825,B,778567
87.75,87.8325,2850,B,778567
88.125,87.6375,2875,B,778567
88.5,87.4975,2900,B,778567
87.875,87.3725,2925,B,778567
88.25,87.1975,2950,B,778567
87.625,87.01,2975,B,778567
87,86.8225,3000,B,778567
86.375,86.63,3025,B,778567
85.75,86.38,3050,B,778567
86.125,86.0925,3075,B,778567
86.5,85.8175,3100,B,778567
85.875,85.6125,3125,B,778567
85.25,85.4175,3150,B,778567
84.625,85.185,3175,B,778567
84,84.9975,3200,B,778567
84.375,84.81,3225,B,778567
83.75,84.63,3250,B,778567
84.125,84.48,3275,B,778567
84.5,84.29,3300,B,778567
84.875,84.1675,3325,B,778567
84.25,84.1375,3350,B,778567
84.625,84.1375,3375,B,778567
84,84.1375,3400,B,778567
83.375,84.1475,3425,B,778567
83.75,84.1475,3450,B,778567
83.125,84.135,3475,B,778567
84.5,84.135,3500,B,778567
84.875,84.13,3525,B,778567
85.25,84.13,3550,B,778567
84.625,84.1125,3575,B,778567
84,84.1,3600,B,778567
84.375,84.1,3625,B,778567
83.75,84.0925,3650,B,778567
84.125,84.045,3675,B,778567
84.5,84,3700,B,778567
84.875,83.8725,3725,B,778567
84.25,83.6775,3750,B,778567
83.625,83.49,3775,B,778567
84,83.335,3800,B,778567
83.375,83.1675,3825,B,778567
82.75,83.04,3850,B,778567
83.125,82.9075,3875,B,778567
82.5,82.71,3900,B,778567
81.875,82.42,3925,B,778567
82.25,82.1075,3950,B,778567
81.625,81.795,3975,B,778567
82,81.4325,4000,B,778567
81.375,81.0575,4025,B,778567
81.75,80.74,4050,B,778567
81.125,80.4125,4075,B,778567
80.5,80.0375,4100,B,778567
79.875,79.71,4125,B,778567
79.25,79.3975,4150,B,778567
78.625,79.085,4175,B,778567
78,78.74,4200,B,778567
77.375,78.425,4225,B,778567
77.75,78.0525,4250,B,778567
77.125,77.6775,4275,B,778567
76.5,77.3025,4300,B,778567
76.875,76.9725,4325,B,778567
77.25,76.66,4350,B,778567
76.625,76.365,4375,B,778567
76,76.115,4400,B,778567
76.375,75.865,4425,B,778567
75.75,75.5575,4450,B,778567
75.125,75.245,4475,B,778567
74.5,74.9325,4500,B,778567
74.875,74.6175,4525,B,778567
74.25,74.28,4550,B,778567
74.625,73.905,4575,B,778567
74,73.5325,4600,B,778567
73.375,73.16,4625,B,778567
72.75,72.785,4650,B,778567
72.125,72.41,4675,B,778567
71.5,72.035,4700,B,778567
71.875,71.615,4725,B,778567
71.25,71.1775,4750,B,778567
70.625,70.7225,4775,B,778567
71,70.2225,4800,B,778567
70.375,69.7225,4825,B,778567
69.75,69.2225,4850,B,778567
69.125,68.785,4875,B,778567
68.5,68.3475,4900,B,778567
67.875,67.865,4925,B,778567
67.25,67.4225,4950,B,778567
66.625,66.985,4975,B,778567
66,66.545,5000,B,778567
65.375,66.045,5025,B,778567
64.75,65.545,5050,B,778567
65.125,65.045,5075,B,778567
64.5,64.545,5100,B,778567
63.875,64.045,5125,B,778567
64.25,63.5825,5150,B,778567
63.625,63.145,5175,B,778567
63,62.7075,5200,B,778567
62.375,62.27,5225,B,778567
61.75,61.8325,5250,B,778567
61.125,61.3875,5275,B,778567
60.5,60.98,5300,B,778567
59.875,60.605,5325,B,778567
60.25,60.1725,5350,B,778567
59.625,59.7625,5375,B,778567
59,59.3875,5400,B,778567
58.375,59.0125,5425,B,778567
57.75,58.6375,5450,B,778567
58.125,58.2625,5475,B,778567
58.5,57.8875,5500,B,778567
57.875,57.5125,5525,B,778567
57.25,57.14,5550,B,778567
57.625,56.765,5575,B,778567
57,56.39,5600,B,778567
56.375,56.015,5625,B,778567
55.75,55.64,5650,B,778567
55.125,55.21,5675,B,778567
54.5,54.7425,5700,B,778567
53.875,54.2425,5725,B,778567
54.25,53.7425,5750,B,778567
53.625,53.2975,5775,B,778567
53,52.86,5800,B,778567
52.375,52.45,5825,B,778567
51.75,52.1325,5850,B,778567
51.125,51.85,5875,B,778567
50.5,51.6,5900,B,778567
49.875,51.385,5925,B,778567
49.25,51.1775,5950,B,778567
50.625,50.99,5975,B,778567
50,50.8025,6000,B,778567
50.375,50.615,6025,B,778567
50.75,50.4275,6050,B,778567
51.125,50.24,6075,B,778567
50.5,50.0525,6100,B,778567
50.875,49.865,6125,B,778567
51.25,49.6875,6150,B,778567
50.625,49.48,6175,B,778567
50,49.23,6200,B,778567
49.375,48.9525,6225,B,778567
48.75,48.5825,6250,B,778567
48.125,48.1775,6275,B,778567
47.5,47.7775,6300,B,778567
46.875,47.3675,6325,B,778567
47.25,46.91,6350,B,778567
46.625,46.41,6375,B,778567
46,45.9625,6400,B,778567
45.375,45.5825,6425,B,778567
44.75,45.2075,6450,B,778567
44.125,44.8325,6475,B,778567
44.5,44.4575,6500,B,778567
43.875,44.0825,6525,B,778567
43.25,43.6975,6550,B,778567
42.625,43.26,6575,B,778567
43,42.8225,6600,B,778567
43.375,42.44,6625,B,778567
42.75,42.1225,6650,B,778567
42.125,41.81,6675,B,778567
41.5,41.46,6700,B,778567
40.875,41.085,6725,B,778567
40.25,40.75,6750,B,778567
39.625,40.5,6775,B,778567
39,40.1975,6800,B,778567
39.375,39.8275,6825,B,778567
39.75,39.4525,6850,B,778567
39.125,39.0775,6875,B,778567
38.5,38.725,6900,B,778567
37.875,38.4125,6925,B,778567
39.25,38.1,6950,B,778567
38.625,37.7875,6975,B,778567
38,37.475,7000,B,778567
37.375,37.1075,7025,B,778567
36.75,36.675,7050,B,778567
36.125,36.2375,7075,B,778567
36.5,35.8,7100,B,778567
35.875,35.3625,7125,B,778567
35.25,34.885,7150,B,778567
34.625,34.3225,7175,B,778567
34,33.76,7200,B,778567
33.375,33.1975,7225,B,778567
32.75,32.635,7250,B,778567
32.125,32.0725,7275,B,778567
31.5,31.5075,7300,B,778567
30.875,30.945,7325,B,778567
30.25,30.435,7350,B,778567
29.625,29.97,7375,B,778567
29,29.5325,7400,B,778567
28.375,29.095,7425,B,778567
27.75,28.6575,7450,B,778567
27.125,28.22,7475,B,778567
27.5,27.7825,7500,B,778567
26.875,27.345,7525,B,778567
27.25,26.9075,7550,B,778567
27.625,26.47,7575,B,778567
27,26.0325,7600,B,778567
26.375,25.655,7625,B,778567
25.75,25.2875,7650,B,778567
25.125,24.975,7675,B,778567
24.5,24.68,7700,B,778567
23.875,24.435,7725,B,778567
23.25,24.195,7750,B,778567
22.625,23.91,7775,B,778567
22,23.5975,7800,B,778567
22.375,23.285,7825,B,778567
22.75,22.9725,7850,B,778567
22.125,22.66,7875,B,778567
22.5,22.3475,7900,B,778567
23.875,22.035,7925,B,778567
23.25,21.7225,7950,B,778567
22.625,21.41,7975,B,778567
22,21.0975,8000,B,778567
21.375,20.725,8025,B,778567
20.75,20.3425,8050,B,778567
20.125,19.905,8075,B,778567
19.5,19.43,8100,B,778567
18.875,18.8625,8125,B,778567
18.25,18.2375,8150,B,778567
17.625,17.6125,8175,B,778567
17,16.9875,8200,B,778567
16.375,16.3625,8225,B,778567
15.75,15.7375,8250,B,778567
15.125,15.17,8275,B,778567
14.5,14.6075,8300,B,778567
13.875,14.045,8325,B,778567
13.25,13.4825,8350,B,778567
12.625,12.92,8375,B,778567
12,12.3575,8400,B,778567
11.375,11.795,8425,B,778567
10.75,11.2325,8450,B,778567
11.125,10.67,8475,B,778567
10.5,10.1575,8500,B,778567
9.87499999999998,9.65749999999998,8525,B,778567
9.24999999999998,9.20249999999998,8550,B,778567
8.62499999999998,8.76499999999998,8575,B,778567
7.99999999999998,8.32749999999998,8600,B,778567
7.37499999999998,7.88999999999998,8625,B,778567
6.74999999999998,7.45249999999998,8650,B,778567
6.12499999999998,6.95749999999998,8675,B,778567
6.49999999999998,6.45749999999998,8700,B,778567
5.87499999999998,5.95749999999998,8725,B,778567
6.24999999999998,5.45749999999998,8750,B,778567
5.62499999999998,4.95749999999998,8775,B,778567
4.99999999999998,4.45749999999998,8800,B,778567
4.37499999999998,3.96749999999998,8825,B,778567
3.74999999999998,3.52999999999998,8850,B,778567
3.12499999999998,3.09249999999998,8875,B,778567
2.49999999999998,2.60499999999998,8900,B,778567
1.87499999999998,2.10499999999998,8925,B,778567
1.24999999999998,1.55999999999998,8950,B,778567
0.624999999999983,0.997499999999983,8975,B,778567
-1.71737624121704e-14,0.434999999999983,9000,B,778567
0.374999999999983,-0.127500000000017,9025,B,778567
-0.250000000000017,-0.690000000000017,9050,B,778567
-0.875000000000017,-1.25250000000002,9075,B,778567
-1.50000000000002,-1.81500000000002,9100,B,778567
-2.12500000000002,-2.37750000000002,9125,B,778567
-2.75000000000002,-2.94000000000002,9150,B,778567
-3.37500000000002,-3.50250000000002,9175,B,778567
-4.00000000000002,-4.06500000000002,9200,B,778567
-4.62500000000002,-4.63750000000002,9225,B,778567
-5.25000000000002,-5.26250000000002,9250,B,778567
-5.87500000000002,-5.88750000000002,9275,B,778567
-6.50000000000002,-6.51250000000002,9300,B,778567
-7.12500000000002,-7.13750000000002,9325,B,778567
-7.75000000000002,-7.76250000000002,9350,B,778567
-8.37500000000002,-8.38750000000002,9375,B,778567
-9.00000000000002,-9.01250000000002,9400,B,778567
-9.62500000000002,-9.63750000000002,9425,B,778567
-10.25,-10.2625,9450,B,778567
-10.875,-10.8875,9475,B,778567
-11.5,-11.5125,9500,B,778567
-12.125,-12.1375,9525,B,778567
-12.75,-12.7625,9550,B,778567
-13.375,-13.3875,9575,B,778567
-14,-14.0125,9600,B,778567
-14.625,-14.6375,9625,B,778567
-15.25,-15.2625,9650,B,778567
-15.875,-15.8875,9675,B,778567
-16.5,-16.5125,9700,B,778567
-17.125,-17.1375,9725,B,778567
-17.75,-17.7625,9750,B,778567
-18.375,-18.3875,9775,B,778567
-19,-19.0125,9800,B,778567
-19.625,-19.6375,9825,B,778567
-20.25,-20.2625,9850,B,778567
-20.875,-20.8725,9875,B,778567
-21.5,-21.4125,9900,B,778567
-22.125,-21.9125,9925,B,778567
-22.75,-22.4125,9950,B,778567
-23.375,-22.9125,9975,B,778567
-24,-23.4125,10000,B,778567
-24.625,-23.9125,10025,B,778567
-25.25,-24.4125,10050,B,778567
-24.875,-24.9125,10075,B,778567
-24.5,-25.4125,10100,B,778567
-25.125,-25.85,10125,B,778567
-25.75,-26.2875,10150,B,778567
-26.375,-26.725,10175,B,778567
-27,-27.1625,10200,B,778567
-27.625,-27.6,10225,B,778567
-28.25,-28.0375,10250,B,778567
-28.875,-28.49,10275,B,778567
-29.5,-29.0125,10300,B,778567
-29.125,-29.575,10325,B,778567
-29.75,-30.1375,10350,B,778567
-30.375,-30.7,10375,B,778567
-31,-31.2625,10400,B,778567
-31.625,-31.825,10425,B,778567
-32.25,-32.3875,10450,B,778567
-32.875,-32.95,10475,B,778567
-33.5,-33.5125,10500,B,778567
-34.125,-34.1375,10525,B,778567
-34.75,-34.7625,10550,B,778567
-35.375,-35.3875,10575,B,778567
-36,-35.99,10600,B,778567
-36.625,-36.5525,10625,B,778567
-37.25,-37.115,10650,B,778567
-37.875,-37.6775,10675,B,778567
-38.5,-38.24,10700,B,778567
-39.125,-38.8025,10725,B,778567
-39.75,-39.365,10750,B,778567
-40.375,-39.9275,10775,B,778567
-40,-40.49,10800,B,778567
-40.625,-41.0525,10825,B,778567
-41.25,-41.615,10850,B,778567
-41.875,-42.1775,10875,B,778567
-42.5,-42.74,10900,B,778567
-43.125,-43.3025,10925,B,778567
-43.75,-43.865,10950,B,778567
-44.375,-44.4275,10975,B,778567
-45,-45.0125,11000,B,778567
-45.625,-45.6375,11025,B,778567
-46.25,-46.2625,11050,B,778567
-46.875,-46.8875,11075,B,778567
-47.5,-47.5125,11100,B,778567
-48.125,-48.1375,11125,B,778567
-48.75,-48.7625,11150,B,778567
-49.375,-49.3875,11175,B,778567
-50,-50.0125,11200,B,778567
-50.625,-50.6375,11225,B,778567
-51.25,-51.2625,11250,B,778567
-51.875,-51.8875,11275,B,778567
-52.5,-52.5125,11300,B,778567
-53.125,-53.1375,11325,B,778567
-53.75,-53.7625,11350,B,778567
-54.375,-54.3875,11375,B,778567
-55,-55.0125,11400,B,778567
-55.625,-55.6375,11425,B,778567
-56.25,-56.2625,11450,B,778567
-56.875,-56.8875,11475,B,778567
-57.5,-57.5125,11500,B,778567
-58.125,-58.1375,11525,B,778567
-58.75,-58.7625,11550,B,778567
-59.375,-59.3875,11575,B,778567
-60,-60.0125,11600,B,778567
-60.625,-60.6375,11625,B,778567
-61.25,-61.2625,11650,B,778567
-61.875,-61.8875,11675,B,778567
-62.5,-62.5125,11700,B,778567
-63.125,-63.1375,11725,B,778567
-63.75,-63.7625,11750,B,778567
-64.375,-64.3875,11775,B,778567
-65,-65.0125,11800,B,778567
-65.625,-65.6375,11825,B,778567
-66.25,-66.2625,11850,B,778567
-66.875,-66.8875,11875,B,778567
-67.5,-67.5125,11900,B,778567
-68.125,-68.1375,11925,B,778567
-68.75,-68.7625,11950,B,778567
-69.375,-69.3875,11975,B,778567
-70,-70.0125,12000,B,778567
-70.625,-70.6375,12025,B,778567
-71.25,-71.2625,12050,B,778567
-71.875,-71.8875,12075,B,778567
-72.5,-72.4725,12100,B,778567
-73.125,-73.035,12125,B,778567
-73.75,-73.5975,12150,B,778567
-74.375,-74.16,12175,B,778567
-75,-74.7225,12200,B,778567
-75.625,-75.285,12225,B,778567
-76.25,-75.8475,12250,B,778567
-76.875,-76.41,12275,B,778567
-76.5,-76.9725,12300,B,778567
-77.125,-77.535,12325,B,778567
-77.75,-78.0975,12350,B,778567
-78.375,-78.66,12375,B,778567
-79,-79.2225,12400,B,778567
-79.625,-79.785,12425,B,778567
-80.25,-80.3475,12450,B,778567
-80.875,-80.91,12475,B,778567
-81.5,-81.5125,12500,B,778567
-82.125,-82.1375,12525,B,778567
-82.75,-82.7625,12550,B,778567
-83.375,-83.3625,12575,B,778567
-84,-83.905,12600,B,778567
-84.625,-84.405,12625,B,778567
-85.25,-84.905,12650,B,778567
-85.875,-85.405,12675,B,778567
-86.5,-85.905,12700,B,778567
-87.125,-86.405,12725,B,778567
-87.75,-86.905,12750,B,778567
-87.375,-87.405,12775,B,778567
-87,-87.905,12800,B,778567
-87.625,-88.405,12825,B,778567
-88.25,-88.905,12850,B,778567
-88.875,-89.405,12875,B,778567
-89.5,-89.905,12900,B,778567
-90.125,-90.405,12925,B,778567
-90.75,-90.905,12950,B,778567
-91.375,-91.43,12975,B,778567
-92,-92.0125,13000,B,778567
-92.625,-92.6375,13025,B,778567
-93.25,-93.2625,13050,B,778567
-93.875,-93.8875,13075,B,778567
-94.5,-94.5125,13100,B,778567
-95.125,-95.1375,13125,B,778567
-95.75,-95.7625,13150,B,778567
-96.375,-96.3875,13175,B,778567
-97,-97.0125,13200,B,778567
-97.625,-97.6375,13225,B,778567
-98.25,-98.2125,13250,B,778567
-98.875,-98.775,13275,B,778567
-99.5,-99.3375,13300,B,778567
-100.125,-99.9,13325,B,778567
-100.75,-100.4625,13350,B,778567
-101.375,-101.025,13375,B,778567
-102,-101.5875,13400,B,778567
-102.625,-102.15,13425,B,778567
-102.25,-102.7125,13450,B,778567
-102.875,-103.275,13475,B,778567
-103.5,-103.8375,13500,B,778567
-104.125,-104.4,13525,B,778567
-104.75,-104.9625,13550,B,778567
-105.375,-105.525,13575,B,778567
-106,-106.0875,13600,B,778567
-106.625,-106.615,13625,B,778567
-107.25,-107.165,13650,B,778567
-107.875,-107.7275,13675,B,778567
-108.5,-108.29,13700,B,778567
-109.125,-108.8525,13725,B,778567
-109.75,-109.415,13750,B,778567
-110.375,-109.9775,13775,B,778567
-111,-110.54,13800,B,778567
-110.625,-111.1025,13825,B,778567
-111.25,-111.665,13850,B,778567
-111.875,-112.2275,13875,B,778567
-112.5,-112.79,13900,B,778567
-113.125,-113.3525,13925,B,778567
-113.75,-113.8625,13950,B,778567
-114.375,-114.3625,13975,B,778567
-115,-114.8625,14000,B,778567
-115.625,-115.3975,14025,B,778567
-116.25,-115.96,14050,B,778567
-116.875,-116.5225,14075,B,778567
-117.5,-117.085,14100,B,778567
-118.125,-117.6475,14125,B,778567
-117.75,-118.21,14150,B,778567
-118.375,-118.7725,14175,B,778567
-119,-119.335,14200,B,778567
-119.625,-119.8975,14225,B,778567
-120.25,-120.46,14250,B,778567
-120.875,-121.0225,14275,B,778567
-121.5,-121.585,14300,B,778567
-122.125,-122.1475,14325,B,778567
-122.75,-122.7625,14350,B,778567
-123.375,-123.3875,14375,B,778567
-124,-124.0125,14400,B,778567
-124.625,-124.6375,14425,B,778567
-125.25,-125.2625,14450,B,778567
-125.875,-125.8875,14475,B,778567
-126.5,-126.5125,14500,B,778567
-127.125,-127.1375,14525,B,778567
-127.75,-127.7625,14550,B,778567
-128.375,-128.3875,14575,B,778567
-129,-128.95,14600,B,778567
-129.625,-129.5125,14625,B,778567
-130.25,-130.075,14650,B,778567
-130.875,-130.6375,14675,B,778567
-131.5,-131.2,14700,B,778567
-132.125,-131.7625,14725,B,778567
-132.75,-132.325,14750,B,778567
-133.375,-132.8875,14775,B,778567
-133,-133.45,14800,B,778567
-133.625,-134.0125,14825,B,778567
-134.25,-134.575,14850,B,778567
-134.875,-135.1375,14875,B,778567
-135.5,-135.7,14900,B,778567
-136.125,-136.2625,14925,B,778567
-136.75,-136.825,14950,B,778567
-137.375,-137.3875,14975,B,778567
-138,-138.0125,15000,B,778567
-138.625,-138.6375,15025,B,778567
-139.25,-139.2625,15050,B,778567
-139.875,-139.8875,15075,B,778567
-140.5,-140.5125,15100,B,778567
-141.125,-141.1375,15125,B,778567
-141.75,-141.7625,15150,B,778567
-142.375,-142.3875,15175,B,778567
-143,-143.0125,15200,B,778567
-143.625,-143.6375,15225,B,778567
-144.25,-144.2625,15250,B,778567
-144.875,-144.8875,15275,B,778567
-145.5,-145.5125,15300,B,778567
-146.125,-146.1375,15325,B,778567
-146.75,-146.7625,15350,B,778567
-147.375,-147.3875,15375,B,778567
-148,-148.0125,15400,B,778567
-148.625,-148.6375,15425,B,778567
-149.25,-149.2625,15450,B,778567
-149.875,-149.8875,15475,B,778567
-150.5,-150.5125,15500,B,778567
-151.125,-151.1375,15525,B,778567
-151.75,-151.7625,15550,B,778567
-152.375,-152.3875,15575,B,778567
-153,-153.0125,15600,B,778567
-153.625,-153.6375,15625,B,778567
-154.25,-154.2625,15650,B,778567
-154.875,-154.8875,15675,B,778567
-155.5,-155.5125,15700,B,778567
-156.125,-156.1375,15725,B,778567
-156.75,-156.7625,15750,B,778567
-157.375,-157.3875,15775,B,778567
-158,-158.0125,15800,B,778567
-158.625,-158.6375,15825,B,778567
-159.25,-159.2625,15850,B,778567
-159.875,-159.8875,15875,B,778567
-160.5,-160.5125,15900,B,778567
-161.125,-161.1375,15925,B,778567
-161.75,-161.7625,15950,B,778567
-162.375,-162.3875,15975,B,778567
-163,-163.0125,16000,B,778567
-163.625,-163.6375,16025,B,778567
-164.25,-164.2625,16050,B,778567
-164.875,-164.8875,16075,B,778567
-165.5,-165.5125,16100,B,778567
-166.125,-166.1375,16125,B,778567
-166.75,-166.7625,16150,B,778567
-167.375,-167.3875,16175,B,778567
-168,-168.0125,16200,B,778567
-168.625,-168.6375,16225,B,778567
-169.25,-169.2625,16250,B,778567
-169.875,-169.8875,16275,B,778567
-170.5,-170.5125,16300,B,778567
-171.125,-171.1375,16325,B,778567
-171.75,-171.7625,16350,B,778567
-172.375,-172.3875,16375,B,778567
-173,-173.0125,16400,B,778567
-173.625,-173.6125,16425,B,778567
-174.25,-174.175,16450,B,778567
-174.875,-174.7375,16475,B,778567
-175.5,-175.2675,16500,B,778567
-176.125,-175.7675,16525,B,778567
-176.75,-176.2675,16550,B,778567
-177.375,-176.7675,16575,B,778567
-178,-177.2675,16600,B,778567
-177.625,-177.7675,16625,B,778567
-178.25,-178.2675,16650,B,778567
-178.875,-178.7675,16675,B,778567
-178.5,-179.2675,16700,B,778567
-179.125,-179.7675,16725,B,778567
-179.75,-180.2675,16750,B,778567
-180.375,-180.7675,16775,B,778567
-181,-181.2675,16800,B,778567
-181.625,-181.7925,16825,B,778567
-182.25,-182.355,16850,B,778567
-182.875,-182.9175,16875,B,778567
-183.5,-183.5125,16900,B,778567
-184.125,-184.1375,16925,B,778567
-184.75,-184.72,16950,B,778567
-185.375,-185.2825,16975,B,778567
-186,-185.845,17000,B,778567
-186.625,-186.4075,17025,B,778567
-187.25,-186.97,17050,B,778567
-187.875,-187.5325,17075,B,778567
-188.5,-188.095,17100,B,778567
-189.125,-188.6575,17125,B,778567
-188.75,-189.22,17150,B,778567
-189.375,-189.7825,17175,B,778567
-190,-190.345,17200,B,778567
-190.625,-190.9075,17225,B,778567
-191.25,-191.47,17250,B,778567
-191.875,-192.0325,17275,B,778567
-192.5,-192.595,17300,B,778567
-193.125,-193.1575,17325,B,778567
-193.75,-193.7625,17350,B,778567
-194.375,-194.3875,17375,B,778567
-195,-195.0125,17400,B,778567
-195.625,-195.6375,17425,B,778567
-196.25,-196.2625,17450,B,778567
-196.875,-196.8875,17475,B,778567
-197.5,-197.5125,17500,B,778567
-198.125,-198.1375,17525,B,778567
-198.75,-198.7625,17550,B,778567
-199.375,-199.3875,17575,B,778567
-200,-200.0125,17600,B,778567
-200.625,-200.6375,17625,B,778567
-201.25,-201.2625,17650,B,778567
-201.875,-201.8875,17675,B,778567
-202.5,-202.5125,17700,B,778567
-203.125,-203.1375,17725,B,778567
-203.75,-203.7625,17750,B,778567
-204.375,-204.3875,17775,B,778567
-205,-205.0125,17800,B,778567
-205.625,-205.6375,17825,B,778567
-206.25,-206.2625,17850,B,778567
-206.875,-206.8875,17875,B,778567
-207.5,-207.5125,17900,B,778567
-208.125,-208.1375,17925,B,778567
-208.75,-208.7625,17950,B,778567
-209.375,-209.3875,17975,B,778567
-210,-210.0125,18000,B,778567
-210.625,-210.6375,18025,B,778567
-211.25,-211.2625,18050,B,778567
-211.875,-211.8875,18075,B,778567
-212.5,-212.5125,18100,B,778567
-213.125,-213.1375,18125,B,778567
-213.75,-213.7625,18150,B,778567
-214.375,-214.3875,18175,B,778567
-215,-215.0125,18200,B,778567
-215.625,-215.6375,18225,B,778567
-216.25,-216.2625,18250,B,778567
-216.875,-216.8875,18275,B,778567
-217.5,-217.5125,18300,B,778567
-218.125,-218.1375,18325,B,778567
-218.75,-218.7625,18350,B,778567
-219.375,-219.3875,18375,B,778567
-220,-220.0125,18400,B,778567
-220.625,-220.6375,18425,B,778567
-221.25,-221.2625,18450,B,778567
-221.875,-221.8875,18475,B,778567
-222.5,-222.5125,18500,B,778567
-223.125,-223.1375,18525,B,778567
-223.75,-223.7625,18550,B,778567
-224.375,-224.3875,18575,B,778567
-225,-225.0125,18600,B,778567
-225.625,-225.6375,18625,B,778567
-226.25,-226.2625,18650,B,778567
-226.875,-226.8875,18675,B,778567
-227.5,-227.5125,18700,B,778567
-228.125,-228.1375,18725,B,778567
-228.75,-228.7625,18750,B,778567
-229.375,-229.3875,18775,B,778567
-230,-230.0125,18800,B,778567
-230.625,-230.6375,18825,B,778567
-231.25,-231.2625,18850,B,778567
-231.875,-231.8875,18875,B,778567
-232.5,-232.5125,18900,B,778567
-233.125,-233.1375,18925,B,778567
-233.75,-233.7625,18950,B,778567
-234.375,-234.3875,18975,B,778567
-235,-235.0125,19000,B,778567
-235.625,-235.6375,19025,B,778567
-236.25,-236.2625,19050,B,778567
-236.875,-236.8875,19075,B,778567
-237.5,-237.5125,19100,B,778567
-238.125,-238.1375,19125,B,778567
-238.75,-238.7625,19150,B,778567
-239.375,-239.3875,19175,B,778567
-240,-240.0125,19200,B,778567
-240.625,-240.6375,19225,B,778567
-241.25,-241.2625,19250,B,778567
-241.875,-241.8875,19275,B,778567
-242.5,-242.5125,19300,B,778567
-243.125,-243.1375,19325,B,778567
-243.75,-243.7625,19350,B,778567
-244.375,-244.3875,19375,B,778567
-245,-245.0125,19400,B,778567
-245.625,-245.6375,19425,B,778567
-246.25,-246.2625,19450,B,778567
-246.875,-246.8875,19475,B,778567
-247.5,-247.5125,19500,B,778567
-248.125,-248.1375,19525,B,778567
-248.75,-248.7625,19550,B,778567
-249.375,-249.3875,19575,B,778567
-250,-250.0125,19600,B,778567
-250.625,-250.6375,19625,B,778567
-251.25,-251.2625,19650,B,778567
-251.875,-251.8875,19675,B,778567
-252.5,-252.5125,19700,B,778567
-253.125,-253.1375,19725,B,778567
-253.75,-253.7625,19750,B,778567
-254.375,-254.3875,19775,B,778567
-255,-255.0125,19800,B,778567
-255.625,-255.6375,19825,B,778567
-256.25,-256.2625,19850,B,778567
-256.875,-256.8875,19875,B,778567
-257.5,-257.5125,19900,B,778567
-258.125,-258.1375,19925,B,778567
-258.75,-258.7625,19950,B,778567
-259.375,-259.3875,19975,B,778567
-260,-260.0125,20000,B,778567
1.375,,25,B,801137
2.75,,50,B,801137
9.125,,75,B,801137
13.5,,100,B,801137
14.875,,125,B,801137
17.25,,150,B,801137
19.625,,175,B,801137
21,24.2575,200,B,801137
24.375,27.3725,225,B,801137
30.75,30.6325,250,B,801137
36.125,33.68,275,B,801137
38.5,36.8,300,B,801137
41.875,39.915,325,B,801137
45.25,42.865,350,B,801137
46.625,45.7575,375,B,801137
49,48.565,400,B,801137
53.375,51.3075,425,B,801137
54.75,53.8725,450,B,801137
58.125,56.06,475,B,801137
62.5,57.99,500,B,801137
63.875,59.8225,525,B,801137
65.25,61.6975,550,B,801137
64.625,63.435,575,B,801137
67,65.195,600,B,801137
67.375,66.82,625,B,801137
68.75,68.3825,650,B,801137
68.125,69.895,675,B,801137
67.5,71.185,700,B,801137
71.875,72.32,725,B,801137
74.25,73.5225,750,B,801137
73.625,74.6475,775,B,801137
76,75.7175,800,B,801137
77.375,76.775,825,B,801137
80.75,77.7225,850,B,801137
80.125,78.6675,875,B,801137
81.5,79.6725,900,B,801137
81.875,80.595,925,B,801137
83.25,81.245,950,B,801137
82.625,81.8825,975,B,801137
84,82.4,1000,B,801137
83.375,82.915,1025,B,801137
83.75,83.4525,1050,B,801137
84.125,83.9525,1075,B,801137
84.5,84.495,1100,B,801137
83.875,84.9575,1125,B,801137
83.25,85.3325,1150,B,801137
84.625,85.765,1175,B,801137
84,86.3,1200,B,801137
86.375,86.7975,1225,B,801137
88.75,87.2675,1250,B,801137
88.125,87.7225,1275,B,801137
89.5,88.155,1300,B,801137
88.875,88.53,1325,B,801137
89.25,88.99,1350,B,801137
90.625,89.425,1375,B,801137
91,89.9075,1400,B,801137
91.375,90.3125,1425,B,801137
90.75,90.55,1450,B,801137
91.125,90.675,1475,B,801137
90.5,90.7375,1500,B,801137
89.875,91,1525,B,801137
91.25,91.275,1550,B,801137
91.625,91.4675,1575,B,801137
92,91.5325,1600,B,801137
91.375,91.535,1625,B,801137
90.75,91.5525,1650,B,801137
90.125,91.59,1675,B,801137
92.5,91.59,1700,B,801137
93.875,91.6225,1725,B,801137
93.25,91.6375,1750,B,801137
92.625,91.6275,1775,B,801137
92,91.52,1800,B,801137
91.375,91.395,1825,B,801137
91.75,91.32,1850,B,801137
91.125,91.2925,1875,B,801137
90.5,91.2975,1900,B,801137
90.875,91.175,1925,B,801137
91.25,91.05,1950,B,801137
90.625,90.9375,1975,B,801137
90,90.8825,2000,B,801137
89.375,90.935,2025,B,801137
89.75,91.0775,2050,B,801137
91.125,91.24,2075,B,801137
90.5,91.4275,2100,B,801137
91.875,91.5825,2125,B,801137
91.25,91.67,2150,B,801137
91.625,91.7325,2175,B,801137
92,91.8375,2200,B,801137
93.375,91.9625,2225,B,801137
93.75,92.0375,2250,B,801137
94.125,92.065,2275,B,801137
93.5,92.0025,2300,B,801137
92.875,91.8625,2325,B,801137
92.25,91.715,2350,B,801137
91.625,91.5775,2375,B,801137
92,91.3975,2400,B,801137
91.375,91.1575,2425,B,801137
90.75,90.835,2450,B,801137
90.125,90.485,2475,B,801137
89.5,90.1825,2500,B,801137
88.875,90.02,2525,B,801137
89.25,89.9325,2550,B,801137
88.625,89.87,2575,B,801137
89,89.7725,2600,B,801137
88.375,89.71,2625,B,801137
88.75,89.6475,2650,B,801137
88.125,89.585,2675,B,801137
89.5,89.585,2700,B,801137
90.875,89.6475,2725,B,801137
91.25,89.67,2750,B,801137
90.625,89.7325,2775,B,801137
91,89.78,2800,B,801137
90.375,89.78,2825,B,801137
89.75,89.755,2850,B,801137
89.125,89.74,2875,B,801137
90.5,89.6675,2900,B,801137
89.875,89.4825,2925,B,801137
89.25,89.2575,2950,B,801137
89.625,89.0075,2975,B,801137
89,88.75,3000,B,801137
88.375,88.545,3025,B,801137
87.75,88.415,3050,B,801137
88.125,88.325,3075,B,801137
87.5,88.2,3100,B,801137
87.875,88.0125,3125,B,801137
87.25,87.825,3150,B,801137
86.625,87.575,3175,B,801137
86,87.325,3200,B,801137
87.375,87.1275,3225,B,801137
87.75,86.94,3250,B,801137
88.125,86.705,3275,B,801137
87.5,86.495,3300,B,801137
86.875,86.34,3325,B,801137
86.25,86.2775,3350,B,801137
85.625,86.215,3375,B,801137
85,86.1525,3400,B,801137
85.375,85.9825,3425,B,801137
84.75,85.7375,3450,B,801137
84.125,85.4525,3475,B,801137
84.5,85.14,3500,B,801137
86.875,84.8275,3525,B,801137
86.25,84.515,3550,B,801137
85.625,84.2075,3575,B,801137
85,83.9575,3600,B,801137
84.375,83.655,3625,B,801137
83.75,83.3425,3650,B,801137
83.125,83.045,3675,B,801137
82.5,82.755,3700,B,801137
81.875,82.3825,3725,B,801137
81.25,81.8825,3750,B,801137
81.625,81.3825,3775,B,801137
81,80.8825,3800,B,801137
80.375,80.3825,3825,B,801137
79.75,79.905,3850,B,801137
80.125,79.4675,3875,B,801137
79.5,79.03,3900,B,801137
78.875,78.65,3925,B,801137
78.25,78.3125,3950,B,801137
77.625,77.995,3975,B,801137
77,77.62,4000,B,801137
76.375,77.245,4025,B,801137
76.75,76.9425,4050,B,801137
76.125,76.6775,4075,B,801137
75.5,76.365,4100,B,801137
75.875,76.0525,4125,B,801137
76.25,75.74,4150,B,801137
75.625,75.4275,4175,B,801137
75,75.115,4200,B,801137
74.375,74.8025,4225,B,801137
75.75,74.51,4250,B,801137
75.125,74.275,4275,B,801137
74.5,74.15,4300,B,801137
73.875,74,4325,B,801137
73.25,73.8375,4350,B,801137
72.625,73.65,4375,B,801137
72,73.4625,4400,B,801137
71.375,73.275,4425,B,801137
71.75,73.015,4450,B,801137
74.125,72.71,4475,B,801137
73.5,72.52,4500,B,801137
73.875,72.3325,4525,B,801137
73.25,72.2025,4550,B,801137
72.625,72.1325,4575,B,801137
72,72.12,4600,B,801137
71.375,72.12,4625,B,801137
70.75,72.0775,4650,B,801137
71.125,71.9375,4675,B,801137
71.5,71.6875,4700,B,801137
70.875,71.405,4725,B,801137
71.25,71.0925,4750,B,801137
71.625,70.78,4775,B,801137
72,70.4675,4800,B,801137
71.375,70.155,4825,B,801137
70.75,69.8425,4850,B,801137
70.125,69.5225,4875,B,801137
69.5,69.0875,4900,B,801137
68.875,68.65,4925,B,801137
68.25,68.155,4950,B,801137
67.625,67.6375,4975,B,801137
67,67.1,5000,B,801137
66.375,66.6,5025,B,801137
65.75,66.1,5050,B,801137
65.125,65.6,5075,B,801137
64.5,65.1,5100,B,801137
63.875,64.6,5125,B,801137
63.25,64.1,5150,B,801137
63.625,63.6,5175,B,801137
64,63.1,5200,B,801137
63.375,62.66,5225,B,801137
62.75,62.2225,5250,B,801137
62.125,61.785,5275,B,801137
61.5,61.3975,5300,B,801137
60.875,61.0225,5325,B,801137
60.25,60.6475,5350,B,801137
59.625,60.235,5375,B,801137
59,59.825,5400,B,801137
59.375,59.3875,5425,B,801137
58.75,59.04,5450,B,801137
58.125,58.79,5475,B,801137
58.5,58.6475,5500,B,801137
57.875,58.585,5525,B,801137
57.25,58.5975,5550,B,801137
56.625,58.66,5575,B,801137
57,58.7575,5600,B,801137
56.375,58.8625,5625,B,801137
57.75,59.05,5650,B,801137
59.125,59.2375,5675,B,801137
60.5,59.375,5700,B,801137
59.875,59.545,5725,B,801137
61.25,59.7325,5750,B,801137
60.625,59.925,5775,B,801137
61,60.135,5800,B,801137
62.375,60.3225,5825,B,801137
61.75,60.42,5850,B,801137
61.125,60.42,5875,B,801137
60.5,60.3125,5900,B,801137
60.875,60.125,5925,B,801137
60.25,59.8625,5950,B,801137
60.625,59.55,5975,B,801137
60,59.2025,6000,B,801137
59.375,58.7925,6025,B,801137
58.75,58.355,6050,B,801137
58.125,57.9175,6075,B,801137
57.5,57.515,6100,B,801137
56.875,57.095,6125,B,801137
56.25,56.705,6150,B,801137
55.625,56.325,6175,B,801137
55,55.8875,6200,B,801137
55.375,55.45,6225,B,801137
54.75,55.0125,6250,B,801137
54.125,54.575,6275,B,801137
54.5,54.1375,6300,B,801137
53.875,53.7,6325,B,801137
54.25,53.2625,6350,B,801137
53.625,52.825,6375,B,801137
53,52.3875,6400,B,801137
52.375,51.945,6425,B,801137
51.75,51.445,6450,B,801137
51.125,51.005,6475,B,801137
50.5,50.5675,6500,B,801137
49.875,50.13,6525,B,801137
49.25,49.645,6550,B,801137
48.625,49.145,6575,B,801137
48,48.6725,6600,B,801137
47.375,48.235,6625,B,801137
46.75,47.7975,6650,B,801137
47.125,47.36,6675,B,801137
47.5,46.9225,6700,B,801137
46.875,46.485,6725,B,801137
46.25,46.0475,6750,B,801137
45.625,45.61,6775,B,801137
46,45.1975,6800,B,801137
45.375,44.8225,6825,B,801137
44.75,44.4625,6850,B,801137
44.125,44.09,6875,B,801137
43.5,43.68,6900,B,801137
42.875,43.2425,6925,B,801137
42.25,42.805,6950,B,801137
41.625,42.3675,6975,B,801137
42,41.9025,7000,B,801137
41.375,41.4025,7025,B,801137
41.75,40.9025,7050,B,801137
41.125,40.4025,7075,B,801137
40.5,39.9025,7100,B,801137
39.875,39.4025,7125,B,801137
39.25,38.9025,7150,B,801137
38.625,38.4025,7175,B,801137
38,37.8775,7200,B,801137
37.375,37.315,7225,B,801137
36.75,36.7375,7250,B,801137
36.125,36.1125,7275,B,801137
35.5,35.5225,7300,B,801137
34.875,34.99,7325,B,801137
34.25,34.49,7350,B,801137
33.625,33.99,7375,B,801137
33,33.49,7400,B,801137
32.375,32.99,7425,B,801137
31.75,32.49,7450,B,801137
31.125,31.99,7475,B,801137
31.5,31.49,7500,B,801137
31.875,31.035,7525,B,801137
31.25,30.5975,7550,B,801137
30.625,30.16,7575,B,801137
30,29.7225,7600,B,801137
29.375,29.285,7625,B,801137
28.75,28.8475,7650,B,801137
28.125,28.41,7675,B,801137
27.5,27.9375,7700,B,801137
27.875,27.4075,7725,B,801137
27.25,26.845,7750,B,801137
26.625,26.2825,7775,B,801137
26,25.745,7800,B,801137
25.375,25.245,7825,B,801137
24.75,24.745,7850,B,801137
24.125,24.245,7875,B,801137
23.5,23.745,7900,B,801137
22.875,23.2225,7925,B,801137
22.25,22.785,7950,B,801137
21.625,22.3475,7975,B,801137
22,21.91,8000,B,801137
21.375,21.4725,8025,B,801137
20.75,21.035,8050,B,801137
20.125,20.5975,8075,B,801137
19.5,20.16,8100,B,801137
20.875,19.7225,8125,B,801137
20.25,19.285,8150,B,801137
19.625,18.8475,8175,B,801137
19,18.385,8200,B,801137
18.375,17.885,8225,B,801137
17.75,17.385,8250,B,801137
17.125,16.885,8275,B,801137
16.5,16.385,8300,B,801137
15.875,15.8625,8325,B,801137
15.25,15.29,8350,B,801137
14.625,14.7275,8375,B,801137
14,14.165,8400,B,801137
13.375,13.6025,8425,B,801137
12.75,13.07,8450,B,801137
12.125,12.57,8475,B,801137
11.5,12.07,8500,B,801137
10.875,11.57,8525,B,801137
11.25,11.07,8550,B,801137
10.625,10.57,8575,B,801137
9.99999999999998,10.07,8600,B,801137
9.37499999999998,9.59999999999998,8625,B,801137
9.74999999999998,9.16249999999998,8650,B,801137
9.12499999999998,8.72499999999998,8675,B,801137
8.49999999999998,8.28749999999998,8700,B,801137
7.87499999999998,7.84999999999998,8725,B,801137
7.24999999999998,7.35999999999998,8750,B,801137
6.62499999999998,6.85999999999998,8775,B,801137
5.99999999999998,6.40499999999998,8800,B,801137
6.37499999999998,5.96749999999998,8825,B,801137
5.74999999999998,5.49999999999998,8850,B,801137
5.12499999999998,4.99999999999998,8875,B,801137
4.49999999999998,4.49999999999998,8900,B,801137
3.87499999999998,3.99999999999998,8925,B,801137
3.24999999999998,3.49999999999998,8950,B,801137
2.62499999999998,2.99999999999998,8975,B,801137
2.99999999999998,2.49999999999998,9000,B,801137
2.37499999999998,1.96999999999998,9025,B,801137
1.74999999999998,1.46999999999998,9050,B,801137
1.12499999999998,0.969999999999983,9075,B,801137
0.499999999999983,0.469999999999983,9100,B,801137
-0.125000000000017,-0.0300000000000174,9125,B,801137
-0.750000000000017,-0.530000000000018,9150,B,801137
-1.37500000000002,-1.03000000000002,9175,B,801137
-2.00000000000002,-1.57500000000002,9200,B,801137
-2.62500000000002,-2.13750000000002,9225,B,801137
-2.25000000000002,-2.70000000000002,9250,B,801137
-2.87500000000002,-3.26250000000002,9275,B,801137
-3.50000000000002,-3.82500000000002,9300,B,801137
-4.12500000000002,-4.38750000000002,9325,B,801137
-4.75000000000002,-4.95000000000002,9350,B,801137
-5.37500000000002,-5.51250000000002,9375,B,801137
-6.00000000000002,-6.07500000000002,9400,B,801137
-6.62500000000002,-6.63750000000002,9425,B,801137
-7.25000000000002,-7.26250000000002,9450,B,801137
-7.87500000000002,-7.88750000000002,9475,B,801137
-8.50000000000002,-8.51250000000002,9500,B,801137
-9.12500000000002,-9.13750000000002,9525,B,801137
-9.75000000000002,-9.76250000000002,9550,B,801137
-10.375,-10.3875,9575,B,801137
-11,-11.0125,9600,B,801137
-11.625,-11.6375,9625,B,801137
-12.25,-12.2625,9650,B,801137
-12.875,-12.8875,9675,B,801137
-13.5,-13.5125,9700,B,801137
-14.125,-14.1375,9725,B,801137
-14.75,-14.7625,9750,B,801137
-15.375,-15.3875,9775,B,801137
-16,-16.0125,9800,B,801137
-16.625,-16.6375,9825,B,801137
-17.25,-17.2625,9850,B,801137
-17.875,-17.8875,9875,B,801137
-18.5,-18.5125,9900,B,801137
-19.125,-19.0775,9925,B,801137
-19.75,-19.64,9950,B,801137
-20.375,-20.2025,9975,B,801137
-21,-20.765,10000,B,801137
-21.625,-21.3275,10025,B,801137
-22.25,-21.89,10050,B,801137
-22.875,-22.4525,10075,B,801137
-23.5,-23.015,10100,B,801137
-23.125,-23.5775,10125,B,801137
-23.75,-24.14,10150,B,801137
-24.375,-24.7025,10175,B,801137
-25,-25.265,10200,B,801137
-25.625,-25.8275,10225,B,801137
-26.25,-26.39,10250,B,801137
-26.875,-26.9525,10275,B,801137
-27.5,-27.515,10300,B,801137
-28.125,-28.1375,10325,B,801137
-28.75,-28.7625,10350,B,801137
-29.375,-29.3875,10375,B,801137
-30,-30.0125,10400,B,801137
-30.625,-30.6375,10425,B,801137
-31.25,-31.2625,10450,B,801137
-31.875,-31.8875,10475,B,801137
-32.5,-32.5025,10500,B,801137
-33.125,-33.065,10525,B,801137
-33.75,-33.6275,10550,B,801137
-34.375,-34.19,10575,B,801137
-35,-34.7525,10600,B,801137
-35.625,-35.315,10625,B,801137
-36.25,-35.8775,10650,B,801137
-36.875,-36.44,10675,B,801137
-36.5,-37.0025,10700,B,801137
-37.125,-37.565,10725,B,801137
-37.75,-38.0925,10750,B,801137
-38.375,-38.5925,10775,B,801137
-39,-39.0925,10800,B,801137
-39.625,-39.5925,10825,B,801137
-40.25,-40.0925,10850,B,801137
-40.875,-40.5925,10875,B,801137
-41.5,-41.1025,10900,B,801137
-42.125,-41.665,10925,B,801137
-41.75,-42.2275,10950,B,801137
-42.375,-42.79,10975,B,801137
-43,-43.3525,11000,B,801137
-43.625,-43.915,11025,B,801137
-44.25,-44.4775,11050,B,801137
-44.875,-45.04,11075,B,801137
-45.5,-45.6025,11100,B,801137
-46.125,-46.165,11125,B,801137
-46.75,-46.7625,11150,B,801137
-47.375,-47.3875,11175,B,801137
-48,-48.0125,11200,B,801137
-48.625,-48.6375,11225,B,801137
-49.25,-49.2625,11250,B,801137
-49.875,-49.8875,11275,B,801137
-50.5,-50.5125,11300,B,801137
-51.125,-51.1375,11325,B,801137
-51.75,-51.7625,11350,B,801137
-52.375,-52.3875,11375,B,801137
-53,-53.0125,11400,B,801137
-53.625,-53.6375,11425,B,801137
-54.25,-54.2625,11450,B,801137
-54.875,-54.8875,11475,B,801137
-55.5,-55.5125,11500,B,801137
-56.125,-56.1375,11525,B,801137
-56.75,-56.7625,11550,B,801137
-57.375,-57.3875,11575,B,801137
-58,-58.0125,11600,B,801137
-58.625,-58.6375,11625,B,801137
-59.25,-59.2625,11650,B,801137
-59.875,-59.8875,11675,B,801137
-60.5,-60.5125,11700,B,801137
-61.125,-61.1375,11725,B,801137
-61.75,-61.7625,11750,B,801137
-62.375,-62.3875,11775,B,801137
-63,-63.0125,11800,B,801137
-63.625,-63.6375,11825,B,801137
-64.25,-64.2625,11850,B,801137
-64.875,-64.8875,11875,B,801137
-65.5,-65.5125,11900,B,801137
-66.125,-66.0775,11925,B,801137
-66.75,-66.64,11950,B,801137
-67.375,-67.2025,11975,B,801137
-68,-67.765,12000,B,801137
-68.625,-68.3275,12025,B,801137
-69.25,-68.89,12050,B,801137
-69.875,-69.4525,12075,B,801137
-70.5,-70.015,12100,B,801137
-70.125,-70.5775,12125,B,801137
-70.75,-71.14,12150,B,801137
-71.375,-71.7025,12175,B,801137
-72,-72.265,12200,B,801137
-72.625,-72.8275,12225,B,801137
-73.25,-73.39,12250,B,801137
-73.875,-73.9525,12275,B,801137
-74.5,-74.515,12300,B,801137
-75.125,-75.1375,12325,B,801137
-75.75,-75.7625,12350,B,801137
-76.375,-76.3875,12375,B,801137
-77,-77.0125,12400,B,801137
-77.625,-77.6375,12425,B,801137
-78.25,-78.2625,12450,B,801137
-78.875,-78.8875,12475,B,801137
-79.5,-79.5125,12500,B,801137
-80.125,-80.1375,12525,B,801137
-80.75,-80.7625,12550,B,801137
-81.375,-81.3875,12575,B,801137
-82,-82.0125,12600,B,801137
-82.625,-82.6375,12625,B,801137
-83.25,-83.2625,12650,B,801137
-83.875,-83.8875,12675,B,801137
-84.5,-84.5125,12700,B,801137
-85.125,-85.1375,12725,B,801137
-85.75,-85.7625,12750,B,801137
-86.375,-86.3875,12775,B,801137
-87,-87.0125,12800,B,801137
-87.625,-87.6375,12825,B,801137
-88.25,-88.2625,12850,B,801137
-88.875,-88.8875,12875,B,801137
-89.5,-89.5125,12900,B,801137
-90.125,-90.1375,12925,B,801137
-90.75,-90.7625,12950,B,801137
-91.375,-91.3875,12975,B,801137
-92,-92.0125,13000,B,801137
-92.625,-92.6375,13025,B,801137
-93.25,-93.2625,13050,B,801137
-93.875,-93.8875,13075,B,801137
-94.5,-94.4875,13100,B,801137
-95.125,-95.05,13125,B,801137
-95.75,-95.6125,13150,B,801137
-96.375,-96.175,13175,B,801137
-97,-96.7375,13200,B,801137
-97.625,-97.3,13225,B,801137
-98.25,-97.8625,13250,B,801137
-98.875,-98.425,13275,B,801137
-98.5,-98.9875,13300,B,801137
-99.125,-99.55,13325,B,801137
-99.75,-100.1125,13350,B,801137
-100.375,-100.675,13375,B,801137
-101,-101.2375,13400,B,801137
-101.625,-101.8,13425,B,801137
-102.25,-102.3625,13450,B,801137
-102.875,-102.925,13475,B,801137
-103.5,-103.5125,13500,B,801137
-104.125,-104.1375,13525,B,801137
-104.75,-104.7625,13550,B,801137
-105.375,-105.3875,13575,B,801137
-106,-106.0125,13600,B,801137
-106.625,-106.6375,13625,B,801137
-107.25,-107.2625,13650,B,801137
-107.875,-107.8875,13675,B,801137
-108.5,-108.5125,13700,B,801137
-109.125,-109.1375,13725,B,801137
-109.75,-109.7625,13750,B,801137
-110.375,-110.3875,13775,B,801137
-111,-111.0125,13800,B,801137
-111.625,-111.6375,13825,B,801137
-112.25,-112.2625,13850,B,801137
-112.875,-112.8875,13875,B,801137
-113.5,-113.5125,13900,B,801137
-114.125,-114.1375,13925,B,801137
-114.75,-114.7625,13950,B,801137
-115.375,-115.3875,13975,B,801137
-116,-116.0125,14000,B,801137
-116.625,-116.6375,14025,B,801137
-117.25,-117.2625,14050,B,801137
-117.875,-117.8875,14075,B,801137
-118.5,-118.5125,14100,B,801137
-119.125,-119.1375,14125,B,801137
-119.75,-119.7625,14150,B,801137
-120.375,-120.3875,14175,B,801137
-121,-121.0125,14200,B,801137
-121.625,-121.6375,14225,B,801137
-122.25,-122.2625,14250,B,801137
-122.875,-122.8275,14275,B,801137
-123.5,-123.39,14300,B,801137
-124.125,-123.9525,14325,B,801137
-124.75,-124.515,14350,B,801137
-125.375,-125.0775,14375,B,801137
-126,-125.64,14400,B,801137
-126.625,-126.2025,14425,B,801137
-127.25,-126.765,14450,B,801137
-126.875,-127.3275,14475,B,801137
-127.5,-127.89,14500,B,801137
-128.125,-128.4525,14525,B,801137
-128.75,-128.9975,14550,B,801137
-129.375,-129.4975,14575,B,801137
-130,-129.9975,14600,B,801137
-130.625,-130.4975,14625,B,801137
-131.25,-130.9975,14650,B,801137
-131.875,-131.5575,14675,B,801137
-132.5,-132.12,14700,B,801137
-133.125,-132.6825,14725,B,801137
-132.75,-133.245,14750,B,801137
-133.375,-133.8075,14775,B,801137
-134,-134.37,14800,B,801137
-134.625,-134.9325,14825,B,801137
-135.25,-135.495,14850,B,801137
-135.875,-136.0575,14875,B,801137
-136.5,-136.62,14900,B,801137
-137.125,-137.1825,14925,B,801137
-137.75,-137.7625,14950,B,801137
-138.375,-138.3875,14975,B,801137
-139,-139.0125,15000,B,801137
-139.625,-139.6375,15025,B,801137
-140.25,-140.2625,15050,B,801137
-140.875,-140.8875,15075,B,801137
-141.5,-141.5125,15100,B,801137
-142.125,-142.1375,15125,B,801137
-142.75,-142.7625,15150,B,801137
-143.375,-143.3875,15175,B,801137
-144,-144.0125,15200,B,801137
-144.625,-144.6375,15225,B,801137
-145.25,-145.2625,15250,B,801137
-145.875,-145.8875,15275,B,801137
-146.5,-146.5125,15300,B,801137
-147.125,-147.1375,15325,B,801137
-147.75,-147.7625,15350,B,801137
-148.375,-148.3875,15375,B,801137
-149,-149.0125,15400,B,801137
-149.625,-149.6375,15425,B,801137
-150.25,-150.2625,15450,B,801137
-150.875,-150.8875,15475,B,801137
-151.5,-151.5125,15500,B,801137
-152.125,-152.1375,15525,B,801137
-152.75,-152.7625,15550,B,801137
-153.375,-153.3875,15575,B,801137
-154,-154.0125,15600,B,801137
-154.625,-154.6375,15625,B,801137
-155.25,-155.2625,15650,B,801137
-155.875,-155.8875,15675,B,801137
-156.5,-156.5125,15700,B,801137
-157.125,-157.1375,15725,B,801137
-157.75,-157.7625,15750,B,801137
-158.375,-158.3875,15775,B,801137
-159,-159.0125,15800,B,801137
-159.625,-159.6375,15825,B,801137
-160.25,-160.2625,15850,B,801137
-160.875,-160.8875,15875,B,801137
-161.5,-161.5125,15900,B,801137
-162.125,-162.1375,15925,B,801137
-162.75,-162.7625,15950,B,801137
-163.375,-163.3875,15975,B,801137
-164,-164.0125,16000,B,801137
-164.625,-164.6375,16025,B,801137
-165.25,-165.2625,16050,B,801137
-165.875,-165.8875,16075,B,801137
-166.5,-166.5125,16100,B,801137
-167.125,-167.1375,16125,B,801137
-167.75,-167.7625,16150,B,801137
-168.375,-168.3875,16175,B,801137
-169,-169.0125,16200,B,801137
-169.625,-169.6375,16225,B,801137
-170.25,-170.2625,16250,B,801137
-170.875,-170.8875,16275,B,801137
-171.5,-171.5125,16300,B,801137
-172.125,-172.1375,16325,B,801137
-172.75,-172.7625,16350,B,801137
-173.375,-173.3875,16375,B,801137
-174,-174.0125,16400,B,801137
-174.625,-174.6175,16425,B,801137
-175.25,-175.18,16450,B,801137
-175.875,-175.7425,16475,B,801137
-176.5,-176.305,16500,B,801137
-177.125,-176.8675,16525,B,801137
-177.75,-177.43,16550,B,801137
-178.375,-177.9925,16575,B,801137
-179,-178.555,16600,B,801137
-178.625,-179.1175,16625,B,801137
-179.25,-179.68,16650,B,801137
-179.875,-180.2425,16675,B,801137
-180.5,-180.805,16700,B,801137
-181.125,-181.3675,16725,B,801137
-181.75,-181.93,16750,B,801137
-182.375,-182.4925,16775,B,801137
-183,-183.055,16800,B,801137
-183.625,-183.6375,16825,B,801137
-184.25,-184.2625,16850,B,801137
-184.875,-184.8875,16875,B,801137
-185.5,-185.5125,16900,B,801137
-186.125,-186.1375,16925,B,801137
-186.75,-186.7625,16950,B,801137
-187.375,-187.3875,16975,B,801137
-188,-188.0125,17000,B,801137
-188.625,-188.6375,17025,B,801137
-189.25,-189.2625,17050,B,801137
-189.875,-189.8875,17075,B,801137
-190.5,-190.48,17100,B,801137
-191.125,-191.0425,17125,B,801137
-191.75,-191.605,17150,B,801137
-192.375,-192.1675,17175,B,801137
-193,-192.73,17200,B,801137
-193.625,-193.2925,17225,B,801137
-194.25,-193.855,17250,B,801137
-194.875,-194.4175,17275,B,801137
-194.5,-194.98,17300,B,801137
-195.125,-195.5425,17325,B,801137
-195.75,-196.105,17350,B,801137
-196.375,-196.6675,17375,B,801137
-197,-197.23,17400,B,801137
-197.625,-197.7925,17425,B,801137
-198.25,-198.355,17450,B,801137
-198.875,-198.9175,17475,B,801137
-199.5,-199.5125,17500,B,801137
-200.125,-200.1375,17525,B,801137
-200.75,-200.7625,17550,B,801137
-201.375,-201.3875,17575,B,801137
-202,-202.0125,17600,B,801137
-202.625,-202.6375,17625,B,801137
-203.25,-203.2625,17650,B,801137
-203.875,-203.8875,17675,B,801137
-204.5,-204.5125,17700,B,801137
-205.125,-205.1375,17725,B,801137
-205.75,-205.7625,17750,B,801137
-206.375,-206.3875,17775,B,801137
-207,-207.0125,17800,B,801137
-207.625,-207.6375,17825,B,801137
-208.25,-208.2625,17850,B,801137
-208.875,-208.8875,17875,B,801137
-209.5,-209.5125,17900,B,801137
-210.125,-210.1375,17925,B,801137
-210.75,-210.735,17950,B,801137
-211.375,-211.2975,17975,B,801137
-212,-211.86,18000,B,801137
-212.625,-212.4225,18025,B,801137
-213.25,-212.985,18050,B,801137
-213.875,-213.5475,18075,B,801137
-214.5,-214.11,18100,B,801137
-215.125,-214.6725,18125,B,801137
-214.75,-215.235,18150,B,801137
-215.375,-215.7975,18175,B,801137
-216,-216.36,18200,B,801137
-216.625,-216.9225,18225,B,801137
-217.25,-217.485,18250,B,801137
-217.875,-218.0475,18275,B,801137
-218.5,-218.61,18300,B,801137
-219.125,-219.1725,18325,B,801137
-219.75,-219.7625,18350,B,801137
-220.375,-220.3875,18375,B,801137
-221,-221.0125,18400,B,801137
-221.625,-221.6375,18425,B,801137
-222.25,-222.2625,18450,B,801137
-222.875,-222.8875,18475,B,801137
-223.5,-223.5125,18500,B,801137
-224.125,-224.1375,18525,B,801137
-224.75,-224.7625,18550,B,801137
-225.375,-225.3875,18575,B,801137
-226,-226.0125,18600,B,801137
-226.625,-226.6375,18625,B,801137
-227.25,-227.2625,18650,B,801137
-227.875,-227.8875,18675,B,801137
-228.5,-228.5125,18700,B,801137
-229.125,-229.105,18725,B,801137
-229.75,-229.6675,18750,B,801137
-230.375,-230.23,18775,B,801137
-231,-230.7925,18800,B,801137
-231.625,-231.355,18825,B,801137
-232.25,-231.9175,18850,B,801137
-232.875,-232.48,18875,B,801137
-233.5,-233.0425,18900,B,801137
-233.125,-233.605,18925,B,801137
-233.75,-234.1675,18950,B,801137
-234.375,-234.73,18975,B,801137
-235,-235.2925,19000,B,801137
-235.625,-235.855,19025,B,801137
-236.25,-236.4175,19050,B,801137
-236.875,-236.98,19075,B,801137
-237.5,-237.5425,19100,B,801137
-238.125,-238.1375,19125,B,801137
-238.75,-238.7625,19150,B,801137
-239.375,-239.3875,19175,B,801137
-240,-240.0125,19200,B,801137
-240.625,-240.6375,19225,B,801137
-241.25,-241.2625,19250,B,801137
-241.875,-241.8875,19275,B,801137
-242.5,-242.5125,19300,B,801137
-243.125,-243.1375,19325,B,801137
-243.75,-243.7625,19350,B,801137
-244.375,-244.3575,19375,B,801137
-245,-244.92,19400,B,801137
-245.625,-245.4825,19425,B,801137
-246.25,-246.045,19450,B,801137
-246.875,-246.6075,19475,B,801137
-247.5,-247.17,19500,B,801137
-248.125,-247.7325,19525,B,801137
-248.75,-248.295,19550,B,801137
-248.375,-248.8575,19575,B,801137
-249,-249.42,19600,B,801137
-249.625,-249.9825,19625,B,801137
-250.25,-250.545,19650,B,801137
-250.875,-251.1075,19675,B,801137
-251.5,-251.67,19700,B,801137
-252.125,-252.2325,19725,B,801137
-252.75,-252.795,19750,B,801137
-253.375,-253.3875,19775,B,801137
-254,-254.0125,19800,B,801137
-254.625,-254.6375,19825,B,801137
-255.25,-255.2625,19850,B,801137
-255.875,-255.8875,19875,B,801137
-256.5,-256.5125,19900,B,801137
-257.125,-257.1375,19925,B,801137
-257.75,-257.7625,19950,B,801137
-258.375,-258.3875,19975,B,801137
-259,-259.0125,20000,B,801137
0.375,,25,C,100103
1.75,,50,C,100103
2.125,,75,C,100103
3.5,,100,C,100103
3.875,,125,C,100103
7.25,,150,C,100103
7.625,,175,C,100103
11,14.4825,200,C,100103
15.375,17.0225,225,C,100103
20.75,19.7125,250,C,100103
20.125,22.3375,275,C,100103
23.5,24.9825,300,C,100103
26.875,27.7675,325,C,100103
32.25,30.645,350,C,100103
36.625,33.4325,375,C,100103
39,36.07,400,C,100103
42.375,38.67,425,C,100103
43.75,41.0075,450,C,100103
44.125,43.22,475,C,100103
46.5,45.3875,500,C,100103
50.875,47.4875,525,C,100103
50.25,49.325,550,C,100103
51.625,50.9825,575,C,100103
53,52.5375,600,C,100103
55.375,53.975,625,C,100103
55.75,55.2825,650,C,100103
56.125,56.62,675,C,100103
57.5,57.9,700,C,100103
59.875,59.0075,725,C,100103
59.25,60.135,750,C,100103
61.625,61.3775,775,C,100103
63,62.7125,800,C,100103
63.375,64.0775,825,C,100103
65.75,65.425,850,C,100103
66.125,66.7125,875,C,100103
66.5,67.915,900,C,100103
66.875,69.0375,925,C,100103
70.25,70.2625,950,C,100103
73.625,71.415,975,C,100103
73,72.485,1000,C,100103
76.375,73.4925,1025,C,100103
76.75,74.4525,1050,C,100103
76.125,75.4025,1075,C,100103
76.5,76.4875,1100,C,100103
76.875,77.6575,1125,C,100103
80.25,78.775,1150,C,100103
79.625,79.7475,1175,C,100103
79,80.6675,1200,C,100103
80.375,81.42,1225,C,100103
79.75,82.1675,1250,C,100103
81.125,82.9175,1275,C,100103
84.5,83.675,1300,C,100103
85.875,84.38,1325,C,100103
87.25,84.945,1350,C,100103
87.625,85.4975,1375,C,100103
88,86.1575,1400,C,100103
87.375,86.785,1425,C,100103
88.75,87.4225,1450,C,100103
88.125,88.0275,1475,C,100103
88.5,88.435,1500,C,100103
87.875,88.685,1525,C,100103
88.25,88.815,1550,C,100103
89.625,88.915,1575,C,100103
90,88.995,1600,C,100103
89.375,89.0575,1625,C,100103
90.75,89.0275,1650,C,100103
90.125,89.0975,1675,C,100103
89.5,89.23,1700,C,100103
88.875,89.36,1725,C,100103
88.25,89.5075,1750,C,100103
89.625,89.6225,1775,C,100103
89,89.655,1800,C,100103
88.375,89.72,1825,C,100103
88.75,89.79,1850,C,100103
90.125,89.8525,1875,C,100103
90.5,89.915,1900,C,100103
90.875,89.9775,1925,C,100103
90.25,90.11,1950,C,100103
90.625,90.31,1975,C,100103
91,90.435,2000,C,100103
91.375,90.56,2025,C,100103
91.75,90.74,2050,C,100103
91.125,90.8575,2075,C,100103
90.5,90.8825,2100,C,100103
89.875,90.8775,2125,C,100103
92.25,90.815,2150,C,100103
91.625,90.7525,2175,C,100103
91,90.685,2200,C,100103
90.375,90.5575,2225,C,100103
91.75,90.35,2250,C,100103
91.125,90.16,2275,C,100103
90.5,90.035,2300,C,100103
89.875,89.91,2325,C,100103
89.25,89.715,2350,C,100103
89.625,89.4025,2375,C,100103
89,89.09,2400,C,100103
88.375,88.805,2425,C,100103
87.75,88.58,2450,C,100103
89.125,88.33,2475,C,100103
88.5,88.08,2500,C,100103
87.875,87.835,2525,C,100103
87.25,87.6475,2550,C,100103
86.625,87.425,2575,C,100103
86,87.2375,2600,C,100103
87.375,87.1025,2625,C,100103
87.75,86.9775,2650,C,100103
87.125,86.7925,2675,C,100103
86.5,86.59,2700,C,100103
86.875,86.56,2725,C,100103
86.25,86.56,2750,C,100103
86.625,86.56,2775,C,100103
86,86.56,2800,C,100103
86.375,86.61,2825,C,100103
85.75,86.6925,2850,C,100103
85.125,86.755,2875,C,100103
87.5,86.8175,2900,C,100103
87.875,86.875,2925,C,100103
87.25,86.875,2950,C,100103
86.625,86.8675,2975,C,100103
86,86.805,3000,C,100103
88.375,86.69,3025,C,100103
88.75,86.565,3050,C,100103
88.125,86.44,3075,C,100103
87.5,86.2675,3100,C,100103
86.875,85.9225,3125,C,100103
86.25,85.5575,3150,C,100103
85.625,85.245,3175,C,100103
85,84.95,3200,C,100103
84.375,84.7075,3225,C,100103
83.75,84.4025,3250,C,100103
83.125,84.09,3275,C,100103
82.5,83.7775,3300,C,100103
81.875,83.51,3325,C,100103
82.25,83.2775,3350,C,100103
81.625,83.09,3375,C,100103
82,82.9025,3400,C,100103
83.375,82.755,3425,C,100103
83.75,82.66,3450,C,100103
83.125,82.5975,3475,C,100103
82.5,82.55,3500,C,100103
82.875,82.55,3525,C,100103
83.25,82.5875,3550,C,100103
82.625,82.6425,3575,C,100103
82,82.6875,3600,C,100103
82.375,82.6025,3625,C,100103
82.75,82.425,3650,C,100103
82.125,82.2375,3675,C,100103
82.5,82.11,3700,C,100103
81.875,81.94,3725,C,100103
82.25,81.735,3750,C,100103
82.625,81.485,3775,C,100103
82,81.235,3800,C,100103
81.375,80.945,3825,C,100103
80.75,80.6025,3850,C,100103
80.125,80.2275,3875,C,100103
80.5,79.8375,3900,C,100103
79.875,79.4,3925,C,100103
79.25,78.915,3950,C,100103
78.625,78.36,3975,C,100103
78,77.7975,4000,C,100103
77.375,77.275,4025,C,100103
76.75,76.8175,4050,C,100103
76.125,76.38,4075,C,100103
75.5,75.94,4100,C,100103
74.875,75.5375,4125,C,100103
74.25,75.1625,4150,C,100103
73.625,74.7875,4175,C,100103
73,74.4125,4200,C,100103
73.375,74.0375,4225,C,100103
73.75,73.6625,4250,C,100103
73.125,73.2875,4275,C,100103
73.5,72.965,4300,C,100103
73.875,72.6525,4325,C,100103
73.25,72.34,4350,C,100103
72.625,72.0575,4375,C,100103
72,71.8075,4400,C,100103
71.375,71.56,4425,C,100103
70.75,71.33,4450,C,100103
70.125,71.08,4475,C,100103
70.5,70.7725,4500,C,100103
69.875,70.425,4525,C,100103
69.25,70.1125,4550,C,100103
69.625,70.1,4575,C,100103
69,70.1625,4600,C,100103
69.375,70.225,4625,C,100103
69.75,70.29,4650,C,100103
69.125,70.415,4675,C,100103
68.5,70.5075,4700,C,100103
67.875,70.6325,4725,C,100103
70.25,70.8025,4750,C,100103
73.625,71.02,4775,C,100103
73,71.33,4800,C,100103
72.375,71.6,4825,C,100103
72.75,71.7875,4850,C,100103
72.125,71.975,4875,C,100103
72.5,72.1625,4900,C,100103
71.875,72.35,4925,C,100103
72.25,72.5225,4950,C,100103
73.625,72.5475,4975,C,100103
74,72.5475,5000,C,100103
73.375,72.5475,5025,C,100103
72.75,72.605,5050,C,100103
72.125,72.605,5075,C,100103
71.5,72.585,5100,C,100103
70.875,72.5225,5125,C,100103
71.25,72.415,5150,C,100103
73.625,72.2925,5175,C,100103
73,72.045,5200,C,100103
72.375,71.795,5225,C,100103
72.75,71.545,5250,C,100103
72.125,71.295,5275,C,100103
71.5,71.045,5300,C,100103
70.875,70.795,5325,C,100103
70.25,70.4975,5350,C,100103
70.625,70.0475,5375,C,100103
70,69.5475,5400,C,100103
69.375,69.06,5425,C,100103
68.75,68.5625,5450,C,100103
68.125,68.09,5475,C,100103
67.5,67.6525,5500,C,100103
66.875,67.215,5525,C,100103
66.25,66.7775,5550,C,100103
65.625,66.2775,5575,C,100103
65,65.7775,5600,C,100103
65.375,65.2775,5625,C,100103
64.75,64.81,5650,C,100103
65.125,64.3725,5675,C,100103
64.5,63.935,5700,C,100103
63.875,63.4975,5725,C,100103
63.25,63.06,5750,C,100103
62.625,62.6225,5775,C,100103
62,62.185,5800,C,100103
61.375,61.735,5825,C,100103
61.75,61.235,5850,C,100103
61.125,60.7075,5875,C,100103
60.5,60.145,5900,C,100103
59.875,59.5825,5925,C,100103
59.25,59.02,5950,C,100103
58.625,58.4575,5975,C,100103
58,57.895,6000,C,100103
57.375,57.3325,6025,C,100103
56.75,56.7375,6050,C,100103
56.125,56.1275,6075,C,100103
55.5,55.565,6100,C,100103
54.875,55.0025,6125,C,100103
54.25,54.44,6150,C,100103
53.625,53.8775,6175,C,100103
53,53.3375,6200,C,100103
52.375,52.8375,6225,C,100103
51.75,52.3375,6250,C,100103
52.125,51.8375,6275,C,100103
51.5,51.3375,6300,C,100103
50.875,50.8375,6325,C,100103
50.25,50.3375,6350,C,100103
49.625,49.91,6375,C,100103
50,49.5925,6400,C,100103
49.375,49.28,6425,C,100103
48.75,48.9675,6450,C,100103
48.125,48.64,6475,C,100103
47.5,48.265,6500,C,100103
46.875,47.89,6525,C,100103
46.25,47.5775,6550,C,100103
47.625,47.265,6575,C,100103
48,46.9475,6600,C,100103
47.375,46.635,6625,C,100103
46.75,46.3225,6650,C,100103
46.125,46.01,6675,C,100103
45.5,45.6975,6700,C,100103
44.875,45.385,6725,C,100103
45.25,45.0725,6750,C,100103
44.625,44.7,6775,C,100103
45,44.2675,6800,C,100103
44.375,43.83,6825,C,100103
43.75,43.3925,6850,C,100103
43.125,42.955,6875,C,100103
42.5,42.5175,6900,C,100103
41.875,42.1,6925,C,100103
41.25,41.7175,6950,C,100103
41.625,41.3425,6975,C,100103
41,40.95,7000,C,100103
40.375,40.52,7025,C,100103
39.75,40.145,7050,C,100103
39.125,39.77,7075,C,100103
38.5,39.395,7100,C,100103
38.875,39.02,7125,C,100103
39.25,38.645,7150,C,100103
38.625,38.2575,7175,C,100103
38,37.82,7200,C,100103
38.375,37.3825,7225,C,100103
37.75,36.945,7250,C,100103
37.125,36.5075,7275,C,100103
36.5,36.07,7300,C,100103
35.875,35.6125,7325,C,100103
35.25,35.0575,7350,C,100103
34.625,34.5025,7375,C,100103
34,34.06,7400,C,100103
33.375,33.615,7425,C,100103
32.75,33.115,7450,C,100103
32.125,32.615,7475,C,100103
31.5,32.115,7500,C,100103
30.875,31.615,7525,C,100103
30.25,31.115,7550,C,100103
30.625,30.615,7575,C,100103
31,30.14,7600,C,100103
30.375,29.7025,7625,C,100103
29.75,29.265,7650,C,100103
29.125,28.8275,7675,C,100103
28.5,28.445,7700,C,100103
27.875,28.07,7725,C,100103
27.25,27.695,7750,C,100103
26.625,27.3125,7775,C,100103
27,26.8175,7800,C,100103
26.375,26.3175,7825,C,100103
25.75,25.8175,7850,C,100103
25.125,25.3175,7875,C,100103
25.5,24.8175,7900,C,100103
24.875,24.3175,7925,C,100103
24.25,23.8175,7950,C,100103
23.625,23.355,7975,C,100103
23,22.8925,8000,C,100103
22.375,22.3925,8025,C,100103
21.75,21.8925,8050,C,100103
21.125,21.3925,8075,C,100103
20.5,20.8375,8100,C,100103
19.875,20.275,8125,C,100103
19.25,19.7125,8150,C,100103
19.625,19.15,8175,C,100103
19,18.5875,8200,C,100103
18.375,18.025,8225,C,100103
17.75,17.4625,8250,C,100103
17.125,16.9,8275,C,100103
16.5,16.3375,8300,C,100103
15.875,15.775,8325,C,100103
15.25,15.2125,8350,C,100103
14.625,14.6125,8375,C,100103
14,13.9875,8400,C,100103
13.375,13.3625,8425,C,100103
12.75,12.7375,8450,C,100103
12.125,12.1125,8475,C,100103
11.5,11.515,8500,C,100103
10.875,10.9525,8525,C,100103
10.25,10.39,8550,C,100103
9.62499999999998,9.82749999999998,8575,C,100103
8.99999999999998,9.26499999999998,8600,C,100103
8.37499999999998,8.70249999999998,8625,C,100103
7.74999999999998,8.13999999999998,8650,C,100103
7.12499999999998,7.60249999999998,8675,C,100103
7.49999999999998,7.10249999999998,8700,C,100103
6.87499999999998,6.60249999999998,8725,C,100103
6.24999999999998,6.10249999999998,8750,C,100103
5.62499999999998,5.60249999999998,8775,C,100103
4.99999999999998,5.10249999999998,8800,C,100103
4.37499999999998,4.65499999999998,8825,C,100103
3.74999999999998,4.21749999999998,8850,C,100103
4.12499999999998,3.77999999999998,8875,C,100103
3.49999999999998,3.31499999999998,8900,C,100103
2.87499999999998,2.81499999999998,8925,C,100103
2.24999999999998,2.31499999999998,8950,C,100103
1.62499999999998,1.81499999999998,8975,C,100103
0.999999999999983,1.31499999999998,9000,C,100103
1.37499999999998,0.814999999999983,9025,C,100103
0.749999999999983,0.314999999999983,9050,C,100103
0.124999999999983,-0.210000000000017,9075,C,100103
-0.500000000000017,-0.772500000000017,9100,C,100103
-1.12500000000002,-1.33500000000002,9125,C,100103
-1.75000000000002,-1.89750000000002,9150,C,100103
-2.37500000000002,-2.46000000000002,9175,C,100103
-3.00000000000002,-3.02250000000002,9200,C,100103
-3.62500000000002,-3.63750000000002,9225,C,100103
-4.25000000000002,-4.26250000000002,9250,C,100103
-4.87500000000002,-4.85750000000002,9275,C,100103
-5.50000000000002,-5.42000000000002,9300,C,100103
-6.12500000000002,-5.92500000000002,9325,C,100103
-6.75000000000002,-6.42500000000002,9350,C,100103
-7.37500000000002,-6.92500000000002,9375,C,100103
-8.00000000000002,-7.42500000000002,9400,C,100103
-8.62500000000002,-7.92500000000002,9425,C,100103
-9.25000000000002,-8.42500000000002,9450,C,100103
-8.87500000000002,-8.92500000000002,9475,C,100103
-9.50000000000002,-9.42500000000002,9500,C,100103
-9.12500000000002,-9.92500000000002,9525,C,100103
-9.75000000000002,-10.375,9550,C,100103
-10.375,-10.8125,9575,C,100103
-11,-11.25,9600,C,100103
-11.625,-11.6875,9625,C,100103
-12.25,-12.125,9650,C,100103
-12.875,-12.5925,9675,C,100103
-13.5,-13.0925,9700,C,100103
-14.125,-13.65,9725,C,100103
-13.75,-14.2125,9750,C,100103
-14.375,-14.775,9775,C,100103
-15,-15.3375,9800,C,100103
-15.625,-15.9,9825,C,100103
-16.25,-16.4625,9850,C,100103
-16.875,-17.025,9875,C,100103
-17.5,-17.5875,9900,C,100103
-18.125,-18.15,9925,C,100103
-18.75,-18.7625,9950,C,100103
-19.375,-19.3875,9975,C,100103
-20,-20.0125,10000,C,100103
-20.625,-20.6375,10025,C,100103
-21.25,-21.2625,10050,C,100103
-21.875,-21.8875,10075,C,100103
-22.5,-22.5125,10100,C,100103
-23.125,-23.1375,10125,C,100103
-23.75,-23.7625,10150,C,100103
-24.375,-24.3875,10175,C,100103
-25,-25.0125,10200,C,100103
-25.625,-25.6375,10225,C,100103
-26.25,-26.2625,10250,C,100103
-26.875,-26.8875,10275,C,100103
-27.5,-27.5125,10300,C,100103
-28.125,-28.1375,10325,C,100103
-28.75,-28.7625,10350,C,100103
-29.375,-29.3875,10375,C,100103
-30,-30.0125,10400,C,100103
-30.625,-30.6375,10425,C,100103
-31.25,-31.2625,10450,C,100103
-31.875,-31.8875,10475,C,100103
-32.5,-32.5125,10500,C,100103
-33.125,-33.1375,10525,C,100103
-33.75,-33.7625,10550,C,100103
-34.375,-34.3875,10575,C,100103
-35,-35.0125,10600,C,100103
-35.625,-35.6375,10625,C,100103
-36.25,-36.2625,10650,C,100103
-36.875,-36.8875,10675,C,100103
-37.5,-37.5125,10700,C,100103
-38.125,-38.1375,10725,C,100103
-38.75,-38.7625,10750,C,100103
-39.375,-39.3875,10775,C,100103
-40,-40.0125,10800,C,100103
-40.625,-40.6375,10825,C,100103
-41.25,-41.2625,10850,C,100103
-41.875,-41.8875,10875,C,100103
-42.5,-42.5125,10900,C,100103
-43.125,-43.1375,10925,C,100103
-43.75,-43.7625,10950,C,100103
-44.375,-44.3875,10975,C,100103
-45,-45.0125,11000,C,100103
-45.625,-45.6375,11025,C,100103
-46.25,-46.2625,11050,C,100103
-46.875,-46.8875,11075,C,100103
-47.5,-47.5125,11100,C,100103
-48.125,-48.1375,11125,C,100103
-48.75,-48.7625,11150,C,100103
-49.375,-49.3675,11175,C,100103
-50,-49.93,11200,C,100103
-50.625,-50.4925,11225,C,100103
-51.25,-51.055,11250,C,100103
-51.875,-51.5875,11275,C,100103
-52.5,-52.0875,11300,C,100103
-53.125,-52.5875,11325,C,100103
-53.75,-53.0875,11350,C,100103
-53.375,-53.5875,11375,C,100103
-54,-54.0875,11400,C,100103
-54.625,-54.5875,11425,C,100103
-55.25,-55.055,11450,C,100103
-54.875,-55.4925,11475,C,100103
-55.5,-55.93,11500,C,100103
-56.125,-56.3675,11525,C,100103
-56.75,-56.805,11550,C,100103
-57.375,-57.2625,11575,C,100103
-58,-57.7625,11600,C,100103
-58.625,-58.2625,11625,C,100103
-58.25,-58.7625,11650,C,100103
-58.875,-59.2925,11675,C,100103
-59.5,-59.855,11700,C,100103
-60.125,-60.4175,11725,C,100103
-60.75,-60.98,11750,C,100103
-61.375,-61.5425,11775,C,100103
-62,-62.105,11800,C,100103
-62.625,-62.6675,11825,C,100103
-63.25,-63.2625,11850,C,100103
-63.875,-63.8875,11875,C,100103
-64.5,-64.5125,11900,C,100103
-65.125,-65.1375,11925,C,100103
-65.75,-65.7625,11950,C,100103
-66.375,-66.3875,11975,C,100103
-67,-67.0125,12000,C,100103
-67.625,-67.6375,12025,C,100103
-68.25,-68.2625,12050,C,100103
-68.875,-68.8875,12075,C,100103
-69.5,-69.5125,12100,C,100103
-70.125,-70.1375,12125,C,100103
-70.75,-70.7625,12150,C,100103
-71.375,-71.3525,12175,C,100103
-72,-71.915,12200,C,100103
-72.625,-72.4775,12225,C,100103
-73.25,-73.04,12250,C,100103
-73.875,-73.6025,12275,C,100103
-74.5,-74.165,12300,C,100103
-75.125,-74.7275,12325,C,100103
-75.75,-75.29,12350,C,100103
-75.375,-75.8525,12375,C,100103
-76,-76.355,12400,C,100103
-76.625,-76.855,12425,C,100103
-77.25,-77.355,12450,C,100103
-77.875,-77.855,12475,C,100103
-78.5,-78.355,12500,C,100103
-79.125,-78.855,12525,C,100103
-79.75,-79.355,12550,C,100103
-80.375,-79.89,12575,C,100103
-80,-80.4525,12600,C,100103
-80.625,-81.015,12625,C,100103
-81.25,-81.5775,12650,C,100103
-81.875,-82.14,12675,C,100103
-82.5,-82.7025,12700,C,100103
-83.125,-83.265,12725,C,100103
-83.75,-83.8275,12750,C,100103
-84.375,-84.39,12775,C,100103
-85,-85.0125,12800,C,100103
-85.625,-85.6375,12825,C,100103
-86.25,-86.2625,12850,C,100103
-86.875,-86.8875,12875,C,100103
-87.5,-87.5125,12900,C,100103
-88.125,-88.1375,12925,C,100103
-88.75,-88.7625,12950,C,100103
-89.375,-89.3875,12975,C,100103
-90,-90.0125,13000,C,100103
-90.625,-90.6375,13025,C,100103
-91.25,-91.2625,13050,C,100103
-91.875,-91.8875,13075,C,100103
-92.5,-92.5125,13100,C,100103
-93.125,-93.1375,13125,C,100103
-93.75,-93.7625,13150,C,100103
-94.375,-94.3875,13175,C,100103
-95,-95.0125,13200,C,100103
-95.625,-95.6375,13225,C,100103
-96.25,-96.2625,13250,C,100103
-96.875,-96.8875,13275,C,100103
-97.5,-97.5125,13300,C,100103
-98.125,-98.1375,13325,C,100103
-98.75,-98.7625,13350,C,100103
-99.375,-99.3875,13375,C,100103
-100,-100.0125,13400,C,100103
-100.625,-100.6375,13425,C,100103
-101.25,-101.2625,13450,C,100103
-101.875,-101.8875,13475,C,100103
-102.5,-102.5125,13500,C,100103
-103.125,-103.1375,13525,C,100103
-103.75,-103.7625,13550,C,100103
-104.375,-104.3875,13575,C,100103
-105,-105.0125,13600,C,100103
-105.625,-105.6375,13625,C,100103
-106.25,-106.2625,13650,C,100103
-106.875,-106.8875,13675,C,100103
-107.5,-107.5125,13700,C,100103
-108.125,-108.1375,13725,C,100103
-108.75,-108.7625,13750,C,100103
-109.375,-109.3875,13775,C,100103
-110,-110.0125,13800,C,100103
-110.625,-110.6375,13825,C,100103
-111.25,-111.2625,13850,C,100103
-111.875,-111.8875,13875,C,100103
-112.5,-112.5125,13900,C,100103
-113.125,-113.1375,13925,C,100103
-113.75,-113.7625,13950,C,100103
-114.375,-114.3875,13975,C,100103
-115,-115.0125,14000,C,100103
-115.625,-115.6375,14025,C,100103
-116.25,-116.2625,14050,C,100103
-116.875,-116.8875,14075,C,100103
-117.5,-117.5125,14100,C,100103
-118.125,-118.1375,14125,C,100103
-118.75,-118.7625,14150,C,100103
-119.375,-119.3875,14175,C,100103
-120,-120.0125,14200,C,100103
-120.625,-120.6375,14225,C,100103
-121.25,-121.2625,14250,C,100103
-121.875,-121.8875,14275,C,100103
-122.5,-122.5125,14300,C,100103
-123.125,-123.09,14325,C,100103
-123.75,-123.6525,14350,C,100103
-124.375,-124.215,14375,C,100103
-125,-124.7775,14400,C,100103
-125.625,-125.34,14425,C,100103
-126.25,-125.9025,14450,C,100103
-126.875,-126.465,14475,C,100103
-127.5,-127.0275,14500,C,100103
-127.125,-127.59,14525,C,100103
-127.75,-128.1525,14550,C,100103
-128.375,-128.715,14575,C,100103
-129,-129.2775,14600,C,100103
-129.625,-129.84,14625,C,100103
-130.25,-130.4025,14650,C,100103
-130.875,-130.965,14675,C,100103
-131.5,-131.5275,14700,C,100103
-132.125,-132.1375,14725,C,100103
-132.75,-132.7625,14750,C,100103
-133.375,-133.3875,14775,C,100103
-134,-134.0125,14800,C,100103
-134.625,-134.6375,14825,C,100103
-135.25,-135.2625,14850,C,100103
-135.875,-135.8875,14875,C,100103
-136.5,-136.5125,14900,C,100103
-137.125,-137.1375,14925,C,100103
-137.75,-137.7625,14950,C,100103
-138.375,-138.3875,14975,C,100103
-139,-139.0125,15000,C,100103
-139.625,-139.6375,15025,C,100103
-140.25,-140.2625,15050,C,100103
-140.875,-140.8875,15075,C,100103
-141.5,-141.5125,15100,C,100103
-142.125,-142.1375,15125,C,100103
-142.75,-142.7625,15150,C,100103
-143.375,-143.3875,15175,C,100103
-144,-144.0125,15200,C,100103
-144.625,-144.6375,15225,C,100103
-145.25,-145.2625,15250,C,100103
-145.875,-145.8875,15275,C,100103
-146.5,-146.5125,15300,C,100103
-147.125,-147.1375,15325,C,100103
-147.75,-147.7625,15350,C,100103
-148.375,-148.3875,15375,C,100103
-149,-149.0125,15400,C,100103
-149.625,-149.635,15425,C,100103
-150.25,-150.1975,15450,C,100103
-150.875,-150.7,15475,C,100103
-151.5,-151.2,15500,C,100103
-152.125,-151.7,15525,C,100103
-152.75,-152.2,15550,C,100103
-153.375,-152.7,15575,C,100103
-154,-153.2,15600,C,100103
-153.625,-153.7,15625,C,100103
-154.25,-154.1525,15650,C,100103
-153.875,-154.59,15675,C,100103
-154.5,-155.0275,15700,C,100103
-155.125,-155.465,15725,C,100103
-155.75,-155.9025,15750,C,100103
-156.375,-156.34,15775,C,100103
-157,-156.7775,15800,C,100103
-157.625,-157.2175,15825,C,100103
-157.25,-157.7175,15850,C,100103
-157.875,-158.2775,15875,C,100103
-158.5,-158.84,15900,C,100103
-159.125,-159.4025,15925,C,100103
-159.75,-159.965,15950,C,100103
-160.375,-160.5275,15975,C,100103
-161,-161.09,16000,C,100103
-161.625,-161.6525,16025,C,100103
-162.25,-162.2625,16050,C,100103
-162.875,-162.8875,16075,C,100103
-163.5,-163.5125,16100,C,100103
-164.125,-164.1375,16125,C,100103
-164.75,-164.7625,16150,C,100103
-165.375,-165.3875,16175,C,100103
-166,-166.0125,16200,C,100103
-166.625,-166.61,16225,C,100103
-167.25,-167.1725,16250,C,100103
-167.875,-167.735,16275,C,100103
-168.5,-168.2975,16300,C,100103
-169.125,-168.86,16325,C,100103
-169.75,-169.4225,16350,C,100103
-170.375,-169.985,16375,C,100103
-171,-170.5475,16400,C,100103
-170.625,-171.11,16425,C,100103
-171.25,-171.6725,16450,C,100103
-171.875,-172.235,16475,C,100103
-172.5,-172.7975,16500,C,100103
-173.125,-173.36,16525,C,100103
-173.75,-173.9225,16550,C,100103
-174.375,-174.485,16575,C,100103
-175,-175.0475,16600,C,100103
-175.625,-175.6375,16625,C,100103
-176.25,-176.2625,16650,C,100103
-176.875,-176.8875,16675,C,100103
-177.5,-177.5125,16700,C,100103
-178.125,-178.1375,16725,C,100103
-178.75,-178.7625,16750,C,100103
-179.375,-179.3875,16775,C,100103
-180,-180.0125,16800,C,100103
-180.625,-180.6375,16825,C,100103
-181.25,-181.2625,16850,C,100103
-181.875,-181.8875,16875,C,100103
-182.5,-182.5125,16900,C,100103
-183.125,-183.1375,16925,C,100103
-183.75,-183.7625,16950,C,100103
-184.375,-184.3875,16975,C,100103
-185,-185.0125,17000,C,100103
-185.625,-185.6375,17025,C,100103
-186.25,-186.2625,17050,C,100103
-186.875,-186.8875,17075,C,100103
-187.5,-187.5125,17100,C,100103
-188.125,-188.1375,17125,C,100103
-188.75,-188.7625,17150,C,100103
-189.375,-189.3875,17175,C,100103
-190,-190.0125,17200,C,100103
-190.625,-190.6375,17225,C,100103
-191.25,-191.2625,17250,C,100103
-191.875,-191.8875,17275,C,100103
-192.5,-192.5125,17300,C,100103
-193.125,-193.1375,17325,C,100103
-193.75,-193.7625,17350,C,100103
-194.375,-194.3875,17375,C,100103
-195,-195.0125,17400,C,100103
-195.625,-195.6375,17425,C,100103
-196.25,-196.2625,17450,C,100103
-196.875,-196.8875,17475,C,100103
-197.5,-197.5125,17500,C,100103
-198.125,-198.1375,17525,C,100103
-198.75,-198.7625,17550,C,100103
-199.375,-199.3875,17575,C,100103
-200,-200.0125,17600,C,100103
-200.625,-200.6375,17625,C,100103
-201.25,-201.2625,17650,C,100103
-201.875,-201.8875,17675,C,100103
-202.5,-202.5125,17700,C,100103
-203.125,-203.1375,17725,C,100103
-203.75,-203.7625,17750,C,100103
-204.375,-204.3875,17775,C,100103
-205,-205.0125,17800,C,100103
-205.625,-205.6375,17825,C,100103
-206.25,-206.2625,17850,C,100103
-206.875,-206.8875,17875,C,100103
-207.5,-207.5125,17900,C,100103
-208.125,-208.1375,17925,C,100103
-208.75,-208.7625,17950,C,100103
-209.375,-209.3875,17975,C,100103
-210,-210.0125,18000,C,100103
-210.625,-210.6375,18025,C,100103
-211.25,-211.2625,18050,C,100103
-211.875,-211.8875,18075,C,100103
-212.5,-212.5125,18100,C,100103
-213.125,-213.1375,18125,C,100103
-213.75,-213.7625,18150,C,100103
-214.375,-214.3875,18175,C,100103
-215,-215.0125,18200,C,100103
-215.625,-215.6375,18225,C,100103
-216.25,-216.2625,18250,C,100103
-216.875,-216.8875,18275,C,100103
-217.5,-217.5125,18300,C,100103
-218.125,-218.1375,18325,C,100103
-218.75,-218.7625,18350,C,100103
-219.375,-219.3875,18375,C,100103
-220,-220.0125,18400,C,100103
-220.625,-220.6375,18425,C,100103
-221.25,-221.2625,18450,C,100103
-221.875,-221.8875,18475,C,100103
-222.5,-222.5125,18500,C,100103
-223.125,-223.1375,18525,C,100103
-223.75,-223.7625,18550,C,100103
-224.375,-224.3875,18575,C,100103
-225,-225.0125,18600,C,100103
-225.625,-225.6375,18625,C,100103
-226.25,-226.2625,18650,C,100103
-226.875,-226.8875,18675,C,100103
-227.5,-227.5125,18700,C,100103
-228.125,-228.1375,18725,C,100103
-228.75,-228.7625,18750,C,100103
-229.375,-229.3875,18775,C,100103
-230,-230.0125,18800,C,100103
-230.625,-230.6375,18825,C,100103
-231.25,-231.2625,18850,C,100103
-231.875,-231.8875,18875,C,100103
-232.5,-232.5125,18900,C,100103
-233.125,-233.1375,18925,C,100103
-233.75,-233.7625,18950,C,100103
-234.375,-234.3875,18975,C,100103
-235,-235.0125,19000,C,100103
-235.625,-235.6375,19025,C,100103
-236.25,-236.2625,19050,C,100103
-236.875,-236.8875,19075,C,100103
-237.5,-237.5125,19100,C,100103
-238.125,-238.1375,19125,C,100103
-238.75,-238.7625,19150,C,100103
-239.375,-239.3875,19175,C,100103
-240,-240.0125,19200,C,100103
-240.625,-240.6375,19225,C,100103
-241.25,-241.2625,19250,C,100103
-241.875,-241.8875,19275,C,100103
-242.5,-242.5125,19300,C,100103
-243.125,-243.1375,19325,C,100103
-243.75,-243.7625,19350,C,100103
-244.375,-244.3875,19375,C,100103
-245,-245.0125,19400,C,100103
-245.625,-245.6375,19425,C,100103
-246.25,-246.2625,19450,C,100103
-246.875,-246.8875,19475,C,100103
-247.5,-247.5125,19500,C,100103
-248.125,-248.1375,19525,C,100103
-248.75,-248.7625,19550,C,100103
-249.375,-249.3875,19575,C,100103
-250,-250.0125,19600,C,100103
-250.625,-250.6375,19625,C,100103
-251.25,-251.2625,19650,C,100103
-251.875,-251.8875,19675,C,100103
-252.5,-252.5125,19700,C,100103
-253.125,-253.1375,19725,C,100103
-253.75,-253.7625,19750,C,100103
-254.375,-254.3875,19775,C,100103
-255,-255.0125,19800,C,100103
-255.625,-255.6375,19825,C,100103
-256.25,-256.2625,19850,C,100103
-256.875,-256.8875,19875,C,100103
-257.5,-257.5125,19900,C,100103
-258.125,-258.1375,19925,C,100103
-258.75,-258.7625,19950,C,100103
-259.375,-259.3875,19975,C,100103
-260,-260.0125,20000,C,100103
0.375,,25,C,315967
0.75,,50,C,315967
2.125,,75,C,315967
3.5,,100,C,315967
9.875,,125,C,315967
16.25,,150,C,315967
18.625,,175,C,315967
21,20.935,200,C,315967
22.375,23.9975,225,C,315967
26.75,27.195,250,C,315967
29.125,30.4625,275,C,315967
37.5,33.6775,300,C,315967
37.875,36.73,325,C,315967
41.25,39.6375,350,C,315967
42.625,42.3325,375,C,315967
48,44.9325,400,C,315967
50.375,47.495,425,C,315967
52.75,50.025,450,C,315967
54.125,52.395,475,C,315967
54.5,54.4325,500,C,315967
57.875,56.2625,525,C,315967
61.25,58.0025,550,C,315967
60.625,59.6025,575,C,315967
62,61.1125,600,C,315967
64.375,62.3825,625,C,315967
64.75,63.5675,650,C,315967
66.125,64.7325,675,C,315967
66.5,65.905,700,C,315967
66.875,67.0925,725,C,315967
67.25,68.1925,750,C,315967
67.625,69.2975,775,C,315967
69,70.46,800,C,315967
71.375,71.6025,825,C,315967
70.75,72.67,850,C,315967
72.125,73.7,875,C,315967
74.5,74.7725,900,C,315967
75.875,75.895,925,C,315967
78.25,76.99,950,C,315967
79.625,78.065,975,C,315967
80,79.02,1000,C,315967
82.375,79.935,1025,C,315967
81.75,80.8475,1050,C,315967
82.125,81.6975,1075,C,315967
84.5,82.4575,1100,C,315967
84.875,83.0925,1125,C,315967
85.25,83.655,1150,C,315967
84.625,84.165,1175,C,315967
84,84.6575,1200,C,315967
84.375,85.005,1225,C,315967
85.75,85.31,1250,C,315967
85.125,85.605,1275,C,315967
85.5,85.985,1300,C,315967
85.875,86.3125,1325,C,315967
86.25,86.6875,1350,C,315967
87.625,87.0675,1375,C,315967
87,87.51,1400,C,315967
86.375,87.9575,1425,C,315967
86.75,88.3325,1450,C,315967
88.125,88.8225,1475,C,315967
89.5,89.3425,1500,C,315967
90.875,89.8175,1525,C,315967
91.25,90.2625,1550,C,315967
91.625,90.6475,1575,C,315967
92,90.96,1600,C,315967
91.375,91.3,1625,C,315967
92.75,91.65,1650,C,315967
94.125,92.0275,1675,C,315967
93.5,92.26,1700,C,315967
92.875,92.3875,1725,C,315967
93.25,92.4275,1750,C,315967
92.625,92.5225,1775,C,315967
92,92.6925,1800,C,315967
92.375,92.82,1825,C,315967
92.75,92.97,1850,C,315967
93.125,92.98,1875,C,315967
92.5,92.965,1900,C,315967
91.875,92.965,1925,C,315967
91.25,92.9375,1950,C,315967
93.625,92.9375,1975,C,315967
94,92.9375,2000,C,315967
94.375,92.9575,2025,C,315967
93.75,92.945,2050,C,315967
93.125,92.9025,2075,C,315967
93.5,92.9,2100,C,315967
92.875,92.9,2125,C,315967
93.25,92.9,2150,C,315967
92.625,92.8,2175,C,315967
92,92.5625,2200,C,315967
92.375,92.35,2225,C,315967
92.75,92.1025,2250,C,315967
92.125,91.915,2275,C,315967
92.5,91.68,2300,C,315967
91.875,91.43,2325,C,315967
91.25,91.155,2350,C,315967
90.625,90.885,2375,C,315967
90,90.67,2400,C,315967
90.375,90.435,2425,C,315967
90.75,90.1675,2450,C,315967
90.125,89.91,2475,C,315967
89.5,89.6475,2500,C,315967
88.875,89.3975,2525,C,315967
88.25,89.1475,2550,C,315967
88.625,88.9275,2575,C,315967
89,88.74,2600,C,315967
88.375,88.5125,2625,C,315967
87.75,88.3075,2650,C,315967
88.125,88.1175,2675,C,315967
88.5,87.93,2700,C,315967
87.875,87.7425,2725,C,315967
87.25,87.555,2750,C,315967
87.625,87.3875,2775,C,315967
87,87.165,2800,C,315967
86.375,86.915,2825,C,315967
86.75,86.7025,2850,C,315967
87.125,86.5225,2875,C,315967
86.5,86.2875,2900,C,315967
85.875,86.0375,2925,C,315967
85.25,85.7875,2950,C,315967
85.625,85.5075,2975,C,315967
85,85.195,3000,C,315967
84.375,84.9225,3025,C,315967
85.75,84.6275,3050,C,315967
85.125,84.3575,3075,C,315967
84.5,84.1075,3100,C,315967
83.875,83.8575,3125,C,315967
83.25,83.6075,3150,C,315967
82.625,83.3625,3175,C,315967
82,83.175,3200,C,315967
82.375,82.9875,3225,C,315967
82.75,82.79,3250,C,315967
83.125,82.6225,3275,C,315967
82.5,82.5425,3300,C,315967
81.875,82.485,3325,C,315967
81.25,82.5425,3350,C,315967
82.625,82.6675,3375,C,315967
82,82.7925,3400,C,315967
81.375,82.8775,3425,C,315967
81.75,82.9375,3450,C,315967
83.125,82.8975,3475,C,315967
83.5,82.8675,3500,C,315967
83.875,82.885,3525,C,315967
85.25,82.955,3550,C,315967
84.625,83.0675,3575,C,315967
84,83.15,3600,C,315967
83.375,83.315,3625,C,315967
82.75,83.475,3650,C,315967
82.125,83.5175,3675,C,315967
82.5,83.4725,3700,C,315967
82.875,83.405,3725,C,315967
83.25,83.2225,3750,C,315967
83.625,82.9725,3775,C,315967
84,82.775,3800,C,315967
84.375,82.6,3825,C,315967
83.75,82.475,3850,C,315967
83.125,82.35,3875,C,315967
82.5,82.21,3900,C,315967
81.875,82.09,3925,C,315967
81.25,82.02,3950,C,315967
80.625,81.84,3975,C,315967
81,81.6325,4000,C,315967
81.375,81.3625,4025,C,315967
80.75,81.1125,4050,C,315967
80.125,80.8625,4075,C,315967
80.5,80.645,4100,C,315967
81.875,80.4575,4125,C,315967
81.25,80.27,4150,C,315967
80.625,80.0825,4175,C,315967
80,79.8425,4200,C,315967
80.375,79.615,4225,C,315967
79.75,79.365,4250,C,315967
79.125,79.115,4275,C,315967
79.5,78.875,4300,C,315967
78.875,78.6025,4325,C,315967
78.25,78.2275,4350,C,315967
77.625,77.8525,4375,C,315967
77,77.4775,4400,C,315967
77.375,77.0825,4425,C,315967
76.75,76.645,4450,C,315967
76.125,76.2675,4475,C,315967
76.5,75.86,4500,C,315967
75.875,75.4225,4525,C,315967
75.25,74.985,4550,C,315967
74.625,74.565,4575,C,315967
74,74.19,4600,C,315967
73.375,73.78,4625,C,315967
72.75,73.37,4650,C,315967
73.125,72.995,4675,C,315967
72.5,72.5925,4700,C,315967
71.875,72.155,4725,C,315967
71.25,71.7175,4750,C,315967
71.625,71.28,4775,C,315967
71,70.8675,4800,C,315967
70.375,70.4925,4825,C,315967
70.75,70.1175,4850,C,315967
70.125,69.685,4875,C,315967
69.5,69.315,4900,C,315967
68.875,69.0025,4925,C,315967
68.25,68.69,4950,C,315967
67.625,68.36,4975,C,315967
68,67.985,5000,C,315967
67.375,67.61,5025,C,315967
66.75,67.23,5050,C,315967
67.125,66.855,5075,C,315967
67.5,66.5175,5100,C,315967
66.875,66.2375,5125,C,315967
66.25,66.05,5150,C,315967
65.625,65.8625,5175,C,315967
65,65.6525,5200,C,315967
64.375,65.465,5225,C,315967
64.75,65.315,5250,C,315967
64.125,65.1875,5275,C,315967
64.5,65.0225,5300,C,315967
65.875,64.835,5325,C,315967
65.25,64.6475,5350,C,315967
64.625,64.46,5375,C,315967
65,64.2725,5400,C,315967
64.375,64.085,5425,C,315967
64.75,63.875,5450,C,315967
64.125,63.625,5475,C,315967
64.5,63.3375,5500,C,315967
63.875,62.9925,5525,C,315967
63.25,62.555,5550,C,315967
62.625,62.1175,5575,C,315967
62,61.6775,5600,C,315967
61.375,61.1775,5625,C,315967
60.75,60.7025,5650,C,315967
60.125,60.2025,5675,C,315967
59.5,59.675,5700,C,315967
58.875,59.1125,5725,C,315967
58.25,58.55,5750,C,315967
57.625,58.04,5775,C,315967
57,57.5725,5800,C,315967
56.375,57.135,5825,C,315967
56.75,56.6975,5850,C,315967
56.125,56.3425,5875,C,315967
55.5,56.09,5900,C,315967
54.875,55.84,5925,C,315967
54.25,55.59,5950,C,315967
54.625,55.34,5975,C,315967
55,55.09,6000,C,315967
54.375,54.84,6025,C,315967
53.75,54.5275,6050,C,315967
55.125,54.215,6075,C,315967
55.5,53.925,6100,C,315967
54.875,53.675,6125,C,315967
54.25,53.425,6150,C,315967
53.625,53.1375,6175,C,315967
53,52.855,6200,C,315967
52.375,52.5425,6225,C,315967
51.75,52.2575,6250,C,315967
51.125,51.9875,6275,C,315967
51.5,51.615,6300,C,315967
50.875,51.24,6325,C,315967
50.25,50.865,6350,C,315967
50.625,50.49,6375,C,315967
50,50.145,6400,C,315967
49.375,49.8875,6425,C,315967
49.75,49.7,6450,C,315967
50.125,49.5125,6475,C,315967
49.5,49.3025,6500,C,315967
48.875,49.0525,6525,C,315967
48.25,48.8025,6550,C,315967
47.625,48.5375,6575,C,315967
48,48.225,6600,C,315967
49.375,47.9125,6625,C,315967
48.75,47.5725,6650,C,315967
48.125,47.135,6675,C,315967
47.5,46.6975,6700,C,315967
46.875,46.2625,6725,C,315967
46.25,45.9375,6750,C,315967
45.625,45.625,6775,C,315967
45,45.2825,6800,C,315967
44.375,44.8525,6825,C,315967
43.75,44.3525,6850,C,315967
43.125,43.8525,6875,C,315967
42.5,43.3525,6900,C,315967
42.875,42.8525,6925,C,315967
43.25,42.415,6950,C,315967
42.625,42.04,6975,C,315967
42,41.7075,7000,C,315967
41.375,41.395,7025,C,315967
40.75,41.0825,7050,C,315967
40.125,40.77,7075,C,315967
39.5,40.4575,7100,C,315967
38.875,40.1425,7125,C,315967
40.25,39.7175,7150,C,315967
39.625,39.28,7175,C,315967
40,38.8425,7200,C,315967
39.375,38.405,7225,C,315967
38.75,37.9675,7250,C,315967
38.125,37.53,7275,C,315967
37.5,37.0925,7300,C,315967
36.875,36.655,7325,C,315967
36.25,36.155,7350,C,315967
35.625,35.5925,7375,C,315967
35,34.9875,7400,C,315967
34.375,34.3625,7425,C,315967
33.75,33.7375,7450,C,315967
33.125,33.1125,7475,C,315967
32.5,32.4875,7500,C,315967
31.875,31.8625,7525,C,315967
31.25,31.2375,7550,C,315967
30.625,30.6125,7575,C,315967
30,29.9875,7600,C,315967
29.375,29.3625,7625,C,315967
28.75,28.7375,7650,C,315967
28.125,28.1125,7675,C,315967
27.5,27.4875,7700,C,315967
26.875,26.8625,7725,C,315967
26.25,26.2375,7750,C,315967
25.625,25.6125,7775,C,315967
25,24.9875,7800,C,315967
24.375,24.3625,7825,C,315967
23.75,23.7375,7850,C,315967
23.125,23.1125,7875,C,315967
22.5,22.4875,7900,C,315967
21.875,21.8625,7925,C,315967
21.25,21.2375,7950,C,315967
20.625,20.6125,7975,C,315967
20,19.9875,8000,C,315967
19.375,19.3625,8025,C,315967
18.75,18.7375,8050,C,315967
18.125,18.1125,8075,C,315967
17.5,17.5475,8100,C,315967
16.875,16.985,8125,C,315967
16.25,16.4225,8150,C,315967
15.625,15.86,8175,C,315967
15,15.2975,8200,C,315967
14.375,14.735,8225,C,315967
13.75,14.1725,8250,C,315967
13.125,13.61,8275,C,315967
13.5,13.0475,8300,C,315967
12.875,12.485,8325,C,315967
12.25,11.9225,8350,C,315967
11.625,11.36,8375,C,315967
11,10.7975,8400,C,315967
10.375,10.235,8425,C,315967
9.74999999999998,9.67249999999998,8450,C,315967
9.12499999999998,9.10999999999998,8475,C,315967
8.49999999999998,8.48749999999998,8500,C,315967
7.87499999999998,7.87249999999998,8525,C,315967
7.24999999999998,7.30999999999998,8550,C,315967
6.62499999999998,6.74749999999998,8575,C,315967
5.99999999999998,6.21249999999998,8600,C,315967
5.37499999999998,5.71249999999998,8625,C,315967
4.74999999999998,5.21249999999998,8650,C,315967
4.12499999999998,4.71249999999998,8675,C,315967
3.49999999999998,4.21249999999998,8700,C,315967
3.87499999999998,3.71249999999998,8725,C,315967
3.24999999999998,3.21249999999998,8750,C,315967
2.62499999999998,2.71249999999998,8775,C,315967
2.99999999999998,2.21249999999998,8800,C,315967
2.37499999999998,1.71249999999998,8825,C,315967
1.74999999999998,1.21249999999998,8850,C,315967
1.12499999999998,0.712499999999983,8875,C,315967
0.499999999999983,0.212499999999983,8900,C,315967
-0.125000000000017,-0.297500000000017,8925,C,315967
-0.750000000000017,-0.860000000000017,8950,C,315967
-1.37500000000002,-1.42250000000002,8975,C,315967
-2.00000000000002,-2.01250000000002,9000,C,315967
-2.62500000000002,-2.63750000000002,9025,C,315967
-3.25000000000002,-3.26250000000002,9050,C,315967
-3.87500000000002,-3.88750000000002,9075,C,315967
-4.50000000000002,-4.51250000000002,9100,C,315967
-5.12500000000002,-5.13750000000002,9125,C,315967
-5.75000000000002,-5.76250000000002,9150,C,315967
-6.37500000000002,-6.38750000000002,9175,C,315967
-7.00000000000002,-7.01250000000002,9200,C,315967
-7.62500000000002,-7.63750000000002,9225,C,315967
-8.25000000000002,-8.26250000000002,9250,C,315967
-8.87500000000002,-8.88750000000002,9275,C,315967
-9.50000000000002,-9.51250000000002,9300,C,315967
-10.125,-10.1375,9325,C,315967
-10.75,-10.7625,9350,C,315967
-11.375,-11.3875,9375,C,315967
-12,-12.0125,9400,C,315967
-12.625,-12.6375,9425,C,315967
-13.25,-13.2625,9450,C,315967
-13.875,-13.8875,9475,C,315967
-14.5,-14.5125,9500,C,315967
-15.125,-15.075,9525,C,315967
-15.75,-15.5975,9550,C,315967
-16.375,-16.0975,9575,C,315967
-17,-16.5975,9600,C,315967
-17.625,-17.0975,9625,C,315967
-18.25,-17.5975,9650,C,315967
-18.875,-18.0975,9675,C,315967
-19.5,-18.5975,9700,C,315967
-19.125,-19.0975,9725,C,315967
-18.75,-19.5975,9750,C,315967
-19.375,-20.0975,9775,C,315967
-20,-20.555,9800,C,315967
-20.625,-20.9925,9825,C,315967
-21.25,-21.43,9850,C,315967
-21.875,-21.8675,9875,C,315967
-22.5,-22.305,9900,C,315967
-23.125,-22.805,9925,C,315967
-23.75,-23.345,9950,C,315967
-24.375,-23.9075,9975,C,315967
-24,-24.47,10000,C,315967
-24.625,-25.0325,10025,C,315967
-25.25,-25.595,10050,C,315967
-25.875,-26.1575,10075,C,315967
-26.5,-26.72,10100,C,315967
-27.125,-27.2825,10125,C,315967
-27.75,-27.845,10150,C,315967
-28.375,-28.4075,10175,C,315967
-29,-29.0125,10200,C,315967
-29.625,-29.6375,10225,C,315967
-30.25,-30.2625,10250,C,315967
-30.875,-30.8875,10275,C,315967
-31.5,-31.5125,10300,C,315967
-32.125,-32.0825,10325,C,315967
-32.75,-32.645,10350,C,315967
-33.375,-33.2075,10375,C,315967
-34,-33.77,10400,C,315967
-34.625,-34.3325,10425,C,315967
-35.25,-34.8475,10450,C,315967
-35.875,-35.3475,10475,C,315967
-36.5,-35.8475,10500,C,315967
-36.125,-36.3475,10525,C,315967
-36.75,-36.8475,10550,C,315967
-37.375,-37.3475,10575,C,315967
-38,-37.8475,10600,C,315967
-38.625,-38.3475,10625,C,315967
-38.25,-38.8475,10650,C,315967
-38.875,-39.3475,10675,C,315967
-39.5,-39.8475,10700,C,315967
-40.125,-40.4025,10725,C,315967
-40.75,-40.965,10750,C,315967
-41.375,-41.5275,10775,C,315967
-42,-42.0275,10800,C,315967
-42.625,-42.5275,10825,C,315967
-43.25,-43.075,10850,C,315967
-43.875,-43.5875,10875,C,315967
-44.5,-44.0875,10900,C,315967
-45.125,-44.5875,10925,C,315967
-45.75,-45.0875,10950,C,315967
-46.375,-45.5875,10975,C,315967
-46,-46.0875,11000,C,315967
-46.625,-46.5425,11025,C,315967
-47.25,-46.98,11050,C,315967
-46.875,-47.4175,11075,C,315967
-47.5,-47.855,11100,C,315967
-48.125,-48.2925,11125,C,315967
-48.75,-48.73,11150,C,315967
-49.375,-49.1675,11175,C,315967
-50,-49.6675,11200,C,315967
-49.625,-50.1675,11225,C,315967
-50.25,-50.6675,11250,C,315967
-50.875,-51.2175,11275,C,315967
-51.5,-51.78,11300,C,315967
-52.125,-52.3425,11325,C,315967
-52.75,-52.905,11350,C,315967
-53.375,-53.4675,11375,C,315967
-54,-54.02,11400,C,315967
-54.625,-54.565,11425,C,315967
-55.25,-55.1275,11450,C,315967
-55.875,-55.69,11475,C,315967
-56.5,-56.2525,11500,C,315967
-57.125,-56.815,11525,C,315967
-57.75,-57.3775,11550,C,315967
-58.375,-57.94,11575,C,315967
-58,-58.5025,11600,C,315967
-58.625,-59.065,11625,C,315967
-59.25,-59.6275,11650,C,315967
-59.875,-60.19,11675,C,315967
-60.5,-60.7525,11700,C,315967
-61.125,-61.315,11725,C,315967
-61.75,-61.8775,11750,C,315967
-62.375,-62.44,11775,C,315967
-63,-63.0125,11800,C,315967
-63.625,-63.6375,11825,C,315967
-64.25,-64.2625,11850,C,315967
-64.875,-64.8875,11875,C,315967
-65.5,-65.5125,11900,C,315967
-66.125,-66.1375,11925,C,315967
-66.75,-66.7625,11950,C,315967
-67.375,-67.3875,11975,C,315967
-68,-68.0125,12000,C,315967
-68.625,-68.6375,12025,C,315967
-69.25,-69.2625,12050,C,315967
-69.875,-69.8875,12075,C,315967
-70.5,-70.5125,12100,C,315967
-71.125,-71.1375,12125,C,315967
-71.75,-71.7125,12150,C,315967
-72.375,-72.275,12175,C,315967
-73,-72.8375,12200,C,315967
-73.625,-73.4,12225,C,315967
-74.25,-73.9475,12250,C,315967
-74.875,-74.4475,12275,C,315967
-75.5,-74.9475,12300,C,315967
-76.125,-75.4475,12325,C,315967
-75.75,-75.9475,12350,C,315967
-76.375,-76.4475,12375,C,315967
-77,-76.9475,12400,C,315967
-77.625,-77.4475,12425,C,315967
-77.25,-77.9475,12450,C,315967
-77.875,-78.4475,12475,C,315967
-78.5,-78.9475,12500,C,315967
-79.125,-79.4475,12525,C,315967
-79.75,-79.9975,12550,C,315967
-80.375,-80.56,12575,C,315967
-81,-81.1225,12600,C,315967
-81.625,-81.685,12625,C,315967
-82.25,-82.2625,12650,C,315967
-82.875,-82.8875,12675,C,315967
-83.5,-83.5125,12700,C,315967
-84.125,-84.1375,12725,C,315967
-84.75,-84.7625,12750,C,315967
-85.375,-85.3875,12775,C,315967
-86,-86.0125,12800,C,315967
-86.625,-86.6375,12825,C,315967
-87.25,-87.2625,12850,C,315967
-87.875,-87.8875,12875,C,315967
-88.5,-88.5125,12900,C,315967
-89.125,-89.1375,12925,C,315967
-89.75,-89.7625,12950,C,315967
-90.375,-90.3875,12975,C,315967
-91,-91.0125,13000,C,315967
-91.625,-91.6375,13025,C,315967
-92.25,-92.2625,13050,C,315967
-92.875,-92.8875,13075,C,315967
-93.5,-93.5125,13100,C,315967
-94.125,-94.1375,13125,C,315967
-94.75,-94.7625,13150,C,315967
-95.375,-95.3875,13175,C,315967
-96,-96.0125,13200,C,315967
-96.625,-96.6375,13225,C,315967
-97.25,-97.2625,13250,C,315967
-97.875,-97.8875,13275,C,315967
-98.5,-98.5125,13300,C,315967
-99.125,-99.1375,13325,C,315967
-99.75,-99.7625,13350,C,315967
-100.375,-100.3875,13375,C,315967
-101,-101.0125,13400,C,315967
-101.625,-101.6375,13425,C,315967
-102.25,-102.2625,13450,C,315967
-102.875,-102.8875,13475,C,315967
-103.5,-103.5125,13500,C,315967
-104.125,-104.1375,13525,C,315967
-104.75,-104.7625,13550,C,315967
-105.375,-105.3875,13575,C,315967
-106,-106.0125,13600,C,315967
-106.625,-106.6375,13625,C,315967
-107.25,-107.2625,13650,C,315967
-107.875,-107.8875,13675,C,315967
-108.5,-108.5125,13700,C,315967
-109.125,-109.1375,13725,C,315967
-109.75,-109.7625,13750,C,315967
-110.375,-110.3875,13775,C,315967
-111,-111.0125,13800,C,315967
-111.625,-111.6375,13825,C,315967
-112.25,-112.2625,13850,C,315967
-112.875,-112.8875,13875,C,315967
-113.5,-113.5125,13900,C,315967
-114.125,-114.1375,13925,C,315967
-114.75,-114.7625,13950,C,315967
-115.375,-115.3875,13975,C,315967
-116,-116.0125,14000,C,315967
-116.625,-116.6375,14025,C,315967
-117.25,-117.2625,14050,C,315967
-117.875,-117.8875,14075,C,315967
-118.5,-118.5125,14100,C,315967
-119.125,-119.1375,14125,C,315967
-119.75,-119.7625,14150,C,315967
-120.375,-120.3275,14175,C,315967
-121,-120.89,14200,C,315967
-121.625,-121.4525,14225,C,315967
-122.25,-122.015,14250,C,315967
-122.875,-122.5775,14275,C,315967
-123.5,-123.14,14300,C,315967
-124.125,-123.7025,14325,C,315967
-124.75,-124.265,14350,C,315967
-124.375,-124.8275,14375,C,315967
-125,-125.39,14400,C,315967
-125.625,-125.9525,14425,C,315967
-126.25,-126.515,14450,C,315967
-126.875,-127.0775,14475,C,315967
-127.5,-127.64,14500,C,315967
-128.125,-128.1975,14525,C,315967
-128.75,-128.6975,14550,C,315967
-129.375,-129.2575,14575,C,315967
-130,-129.82,14600,C,315967
-130.625,-130.3825,14625,C,315967
-131.25,-130.945,14650,C,315967
-131.875,-131.5075,14675,C,315967
-132.5,-132.07,14700,C,315967
-132.125,-132.6325,14725,C,315967
-132.75,-133.195,14750,C,315967
-133.375,-133.7575,14775,C,315967
-134,-134.32,14800,C,315967
-134.625,-134.8825,14825,C,315967
-135.25,-135.445,14850,C,315967
-135.875,-136.0075,14875,C,315967
-136.5,-136.57,14900,C,315967
-137.125,-137.1375,14925,C,315967
-137.75,-137.7625,14950,C,315967
-138.375,-138.3875,14975,C,315967
-139,-139.0125,15000,C,315967
-139.625,-139.6375,15025,C,315967
-140.25,-140.2625,15050,C,315967
-140.875,-140.8875,15075,C,315967
-141.5,-141.5125,15100,C,315967
-142.125,-142.1375,15125,C,315967
-142.75,-142.7625,15150,C,315967
-143.375,-143.3875,15175,C,315967
-144,-144.0125,15200,C,315967
-144.625,-144.6375,15225,C,315967
-145.25,-145.2625,15250,C,315967
-145.875,-145.8875,15275,C,315967
-146.5,-146.5125,15300,C,315967
-147.125,-147.1375,15325,C,315967
-147.75,-147.7625,15350,C,315967
-148.375,-148.3875,15375,C,315967
-149,-149.0125,15400,C,315967
-149.625,-149.6375,15425,C,315967
-150.25,-150.2625,15450,C,315967
-150.875,-150.8875,15475,C,315967
-151.5,-151.5125,15500,C,315967
-152.125,-152.1375,15525,C,315967
-152.75,-152.7625,15550,C,315967
-153.375,-153.3875,15575,C,315967
-154,-154.0125,15600,C,315967
-154.625,-154.6375,15625,C,315967
-155.25,-155.2625,15650,C,315967
-155.875,-155.8875,15675,C,315967
-156.5,-156.5125,15700,C,315967
-157.125,-157.1375,15725,C,315967
-157.75,-157.7625,15750,C,315967
-158.375,-158.3875,15775,C,315967
-159,-159.0125,15800,C,315967
-159.625,-159.6375,15825,C,315967
-160.25,-160.2625,15850,C,315967
-160.875,-160.8875,15875,C,315967
-161.5,-161.45,15900,C,315967
-162.125,-162.0125,15925,C,315967
-162.75,-162.575,15950,C,315967
-163.375,-163.1375,15975,C,315967
-164,-163.7,16000,C,315967
-164.625,-164.2625,16025,C,315967
-165.25,-164.825,16050,C,315967
-165.875,-165.3875,16075,C,315967
-165.5,-165.95,16100,C,315967
-166.125,-166.5125,16125,C,315967
-166.75,-167.075,16150,C,315967
-167.375,-167.6375,16175,C,315967
-168,-168.2,16200,C,315967
-168.625,-168.7625,16225,C,315967
-169.25,-169.325,16250,C,315967
-169.875,-169.8875,16275,C,315967
-170.5,-170.5125,16300,C,315967
-171.125,-171.1375,16325,C,315967
-171.75,-171.7625,16350,C,315967
-172.375,-172.3875,16375,C,315967
-173,-173.0125,16400,C,315967
-173.625,-173.6375,16425,C,315967
-174.25,-174.2625,16450,C,315967
-174.875,-174.8875,16475,C,315967
-175.5,-175.5125,16500,C,315967
-176.125,-176.1375,16525,C,315967
-176.75,-176.7625,16550,C,315967
-177.375,-177.3875,16575,C,315967
-178,-178.0125,16600,C,315967
-178.625,-178.6375,16625,C,315967
-179.25,-179.2625,16650,C,315967
-179.875,-179.8875,16675,C,315967
-180.5,-180.5125,16700,C,315967
-181.125,-181.1375,16725,C,315967
-181.75,-181.7625,16750,C,315967
-182.375,-182.3875,16775,C,315967
-183,-183.0125,16800,C,315967
-183.625,-183.6375,16825,C,315967
-184.25,-184.2625,16850,C,315967
-184.875,-184.8875,16875,C,315967
-185.5,-185.5125,16900,C,315967
-186.125,-186.1375,16925,C,315967
-186.75,-186.7625,16950,C,315967
-187.375,-187.3875,16975,C,315967
-188,-188.0125,17000,C,315967
-188.625,-188.6375,17025,C,315967
-189.25,-189.2625,17050,C,315967
-189.875,-189.8875,17075,C,315967
-190.5,-190.5125,17100,C,315967
-191.125,-191.1375,17125,C,315967
-191.75,-191.7625,17150,C,315967
-192.375,-192.3875,17175,C,315967
-193,-193.0125,17200,C,315967
-193.625,-193.63,17225,C,315967
-194.25,-194.1925,17250,C,315967
-194.875,-194.755,17275,C,315967
-195.5,-195.3175,17300,C,315967
-196.125,-195.88,17325,C,315967
-196.75,-196.4425,17350,C,315967
-197.375,-197.005,17375,C,315967
-198,-197.5675,17400,C,315967
-197.625,-198.13,17425,C,315967
-198.25,-198.63,17450,C,315967
-198.875,-199.13,17475,C,315967
-199.5,-199.63,17500,C,315967
-200.125,-200.13,17525,C,315967
-200.75,-200.63,17550,C,315967
-201.375,-201.13,17575,C,315967
-202,-201.63,17600,C,315967
-202.625,-202.1375,17625,C,315967
-202.25,-202.7,17650,C,315967
-202.875,-203.2625,17675,C,315967
-203.5,-203.825,17700,C,315967
-204.125,-204.3875,17725,C,315967
-204.75,-204.95,17750,C,315967
-205.375,-205.5125,17775,C,315967
-206,-206.075,17800,C,315967
-206.625,-206.6375,17825,C,315967
-207.25,-207.2625,17850,C,315967
-207.875,-207.8875,17875,C,315967
-208.5,-208.5125,17900,C,315967
-209.125,-209.1375,17925,C,315967
-209.75,-209.7625,17950,C,315967
-210.375,-210.3875,17975,C,315967
-211,-211.0125,18000,C,315967
-211.625,-211.6375,18025,C,315967
-212.25,-212.2625,18050,C,315967
-212.875,-212.8875,18075,C,315967
-213.5,-213.495,18100,C,315967
-214.125,-214.0575,18125,C,315967
-214.75,-214.62,18150,C,315967
-215.375,-215.1825,18175,C,315967
-216,-215.745,18200,C,315967
-216.625,-216.3075,18225,C,315967
-217.25,-216.87,18250,C,315967
-217.875,-217.4325,18275,C,315967
-217.5,-217.995,18300,C,315967
-218.125,-218.5575,18325,C,315967
-218.75,-219.12,18350,C,315967
-219.375,-219.6825,18375,C,315967
-220,-220.245,18400,C,315967
-220.625,-220.8075,18425,C,315967
-221.25,-221.37,18450,C,315967
-221.875,-221.9325,18475,C,315967
-222.5,-222.5125,18500,C,315967
-223.125,-223.1375,18525,C,315967
-223.75,-223.7625,18550,C,315967
-224.375,-224.3875,18575,C,315967
-225,-225.0125,18600,C,315967
-225.625,-225.6375,18625,C,315967
-226.25,-226.2625,18650,C,315967
-226.875,-226.8875,18675,C,315967
-227.5,-227.5125,18700,C,315967
-228.125,-228.1375,18725,C,315967
-228.75,-228.7625,18750,C,315967
-229.375,-229.3875,18775,C,315967
-230,-230.0125,18800,C,315967
-230.625,-230.6375,18825,C,315967
-231.25,-231.2625,18850,C,315967
-231.875,-231.8875,18875,C,315967
-232.5,-232.5125,18900,C,315967
-233.125,-233.1375,18925,C,315967
-233.75,-233.7625,18950,C,315967
-234.375,-234.3875,18975,C,315967
-235,-235.0125,19000,C,315967
-235.625,-235.6275,19025,C,315967
-236.25,-236.19,19050,C,315967
-236.875,-236.7525,19075,C,315967
-237.5,-237.315,19100,C,315967
-238.125,-237.8775,19125,C,315967
-238.75,-238.44,19150,C,315967
-239.375,-239.0025,19175,C,315967
-240,-239.565,19200,C,315967
-239.625,-240.1275,19225,C,315967
-240.25,-240.69,19250,C,315967
-240.875,-241.2525,19275,C,315967
-241.5,-241.815,19300,C,315967
-242.125,-242.3775,19325,C,315967
-242.75,-242.94,19350,C,315967
-243.375,-243.5025,19375,C,315967
-244,-244.065,19400,C,315967
-244.625,-244.6375,19425,C,315967
-245.25,-245.2625,19450,C,315967
-245.875,-245.8875,19475,C,315967
-246.5,-246.5125,19500,C,315967
-247.125,-247.1375,19525,C,315967
-247.75,-247.7625,19550,C,315967
-248.375,-248.3875,19575,C,315967
-249,-249.0125,19600,C,315967
-249.625,-249.6375,19625,C,315967
-250.25,-250.2625,19650,C,315967
-250.875,-250.8875,19675,C,315967
-251.5,-251.5125,19700,C,315967
-252.125,-252.1375,19725,C,315967
-252.75,-252.7625,19750,C,315967
-253.375,-253.3875,19775,C,315967
-254,-254.0125,19800,C,315967
-254.625,-254.6375,19825,C,315967
-255.25,-255.2625,19850,C,315967
-255.875,-255.8875,19875,C,315967
-256.5,-256.5125,19900,C,315967
-257.125,-257.1375,19925,C,315967
-257.75,-257.7625,19950,C,315967
-258.375,-258.3875,19975,C,315967
-259,-259.0125,20000,C,315967
1.375,,25,C,352357
1.75,,50,C,352357
2.125,,75,C,352357
3.5,,100,C,352357
5.875,,125,C,352357
9.25,,150,C,352357
13.625,,175,C,352357
18,17.825,200,C,352357
20.375,20.4925,225,C,352357
22.75,23.3225,250,C,352357
27.125,26.325,275,C,352357
31.5,29.4925,300,C,352357
33.875,32.72,325,C,352357
35.25,35.815,350,C,352357
37.625,38.7475,375,C,352357
43,41.46,400,C,352357
45.375,43.9925,425,C,352357
47.75,46.3475,450,C,352357
52.125,48.545,475,C,352357
55.5,50.54,500,C,352357
56.875,52.415,525,C,352357
57.25,54.33,550,C,352357
59.625,56.315,575,C,352357
59,58.105,600,C,352357
59.375,59.65,625,C,352357
59.75,61.09,650,C,352357
60.125,62.36,675,C,352357
61.5,63.415,700,C,352357
62.875,64.405,725,C,352357
67.25,65.4875,750,C,352357
68.625,66.4675,775,C,352357
68,67.4675,800,C,352357
69.375,68.4475,825,C,352357
70.75,69.5175,850,C,352357
71.125,70.585,875,C,352357
70.5,71.6125,900,C,352357
73.875,72.59,925,C,352357
74.25,73.4525,950,C,352357
74.625,74.2925,975,C,352357
75,75.1125,1000,C,352357
76.375,76.005,1025,C,352357
76.75,76.8675,1050,C,352357
77.125,77.72,1075,C,352357
77.5,78.6925,1100,C,352357
77.875,79.6325,1125,C,352357
79.25,80.4125,1150,C,352357
81.625,81.24,1175,C,352357
83,82.0525,1200,C,352357
84.375,82.83,1225,C,352357
83.75,83.5075,1250,C,352357
85.125,84.2225,1275,C,352357
87.5,84.91,1300,C,352357
86.875,85.535,1325,C,352357
87.25,86.2,1350,C,352357
87.625,86.8025,1375,C,352357
88,87.445,1400,C,352357
87.375,87.98,1425,C,352357
87.75,88.48,1450,C,352357
88.125,88.9375,1475,C,352357
88.5,89.2775,1500,C,352357
87.875,89.5825,1525,C,352357
90.25,90.015,1550,C,352357
90.625,90.405,1575,C,352357
92,90.7175,1600,C,352357
91.375,91.055,1625,C,352357
91.75,91.4175,1650,C,352357
92.125,91.8875,1675,C,352357
91.5,92.38,1700,C,352357
92.875,92.8675,1725,C,352357
94.25,93.26,1750,C,352357
93.625,93.5925,1775,C,352357
93,93.8525,1800,C,352357
93.375,94.1025,1825,C,352357
94.75,94.29,1850,C,352357
96.125,94.4625,1875,C,352357
95.5,94.5875,1900,C,352357
95.875,94.6575,1925,C,352357
96.25,94.59,1950,C,352357
95.625,94.465,1975,C,352357
96,94.395,2000,C,352357
95.375,94.3375,2025,C,352357
94.75,94.2525,2050,C,352357
94.125,93.98,2075,C,352357
93.5,93.7975,2100,C,352357
92.875,93.6225,2125,C,352357
92.25,93.49,2150,C,352357
91.625,93.3825,2175,C,352357
92,93.285,2200,C,352357
92.375,93.16,2225,C,352357
91.75,93.045,2250,C,352357
91.125,92.9825,2275,C,352357
93.5,92.98,2300,C,352357
92.875,92.98,2325,C,352357
94.25,92.98,2350,C,352357
94.625,92.98,2375,C,352357
94,92.925,2400,C,352357
93.375,92.8325,2425,C,352357
93.75,92.7475,2450,C,352357
93.125,92.725,2475,C,352357
93.5,92.595,2500,C,352357
92.875,92.4075,2525,C,352357
92.25,92.155,2550,C,352357
91.625,91.825,2575,C,352357
91,91.45,2600,C,352357
90.375,91.075,2625,C,352357
90.75,90.69,2650,C,352357
91.125,90.2525,2675,C,352357
90.5,89.755,2700,C,352357
89.875,89.2975,2725,C,352357
89.25,88.86,2750,C,352357
88.625,88.4225,2775,C,352357
88,87.9975,2800,C,352357
87.375,87.7125,2825,C,352357
86.75,87.485,2850,C,352357
86.125,87.2525,2875,C,352357
85.5,87.0025,2900,C,352357
85.875,86.7525,2925,C,352357
85.25,86.565,2950,C,352357
84.625,86.44,2975,C,352357
85,86.3575,3000,C,352357
87.375,86.295,3025,C,352357
86.75,86.2325,3050,C,352357
87.125,86.17,3075,C,352357
86.5,86.1075,3100,C,352357
85.875,86.065,3125,C,352357
87.25,86.0025,3150,C,352357
86.625,85.94,3175,C,352357
87,85.8775,3200,C,352357
86.375,85.7825,3225,C,352357
85.75,85.595,3250,C,352357
85.125,85.3625,3275,C,352357
84.5,85.175,3300,C,352357
84.875,84.9875,3325,C,352357
84.25,84.7375,3350,C,352357
83.625,84.425,3375,C,352357
84,84.07,3400,C,352357
84.375,83.695,3425,C,352357
83.75,83.36,3450,C,352357
84.125,83.0475,3475,C,352357
83.5,82.77,3500,C,352357
82.875,82.4975,3525,C,352357
82.25,82.29,3550,C,352357
81.625,82.185,3575,C,352357
81,82.14,3600,C,352357
80.375,82.02,3625,C,352357
80.75,81.95,3650,C,352357
80.125,82.0175,3675,C,352357
80.5,82.08,3700,C,352357
80.875,82.1425,3725,C,352357
81.25,82.205,3750,C,352357
82.625,82.2675,3775,C,352357
83,82.33,3800,C,352357
82.375,82.3925,3825,C,352357
83.75,82.44,3850,C,352357
85.125,82.5025,3875,C,352357
84.5,82.53,3900,C,352357
83.875,82.49,3925,C,352357
83.25,82.385,3950,C,352357
82.625,82.28,3975,C,352357
82,82.1775,4000,C,352357
81.375,82.115,4025,C,352357
81.75,81.9975,4050,C,352357
81.125,81.73,4075,C,352357
80.5,81.4175,4100,C,352357
79.875,81.18,4125,C,352357
79.25,81.0275,4150,C,352357
80.625,80.94,4175,C,352357
82,80.8775,4200,C,352357
81.375,80.865,4225,C,352357
80.75,80.9025,4250,C,352357
80.125,80.9025,4275,C,352357
79.5,80.9025,4300,C,352357
80.875,80.9025,4325,C,352357
81.25,80.9075,4350,C,352357
81.625,80.9125,4375,C,352357
81,80.86,4400,C,352357
82.375,80.79,4425,C,352357
81.75,80.765,4450,C,352357
81.125,80.765,4475,C,352357
80.5,80.765,4500,C,352357
79.875,80.69,4525,C,352357
80.25,80.53,4550,C,352357
80.625,80.36,4575,C,352357
80,80.195,4600,C,352357
80.375,80.02,4625,C,352357
80.75,79.77,4650,C,352357
80.125,79.575,4675,C,352357
79.5,79.3875,4700,C,352357
78.875,79.2,4725,C,352357
78.25,79.0075,4750,C,352357
78.625,78.7125,4775,C,352357
79,78.4,4800,C,352357
78.375,78.095,4825,C,352357
77.75,77.745,4850,C,352357
78.125,77.37,4875,C,352357
77.5,76.995,4900,C,352357
76.875,76.6275,4925,C,352357
76.25,76.315,4950,C,352357
75.625,75.9475,4975,C,352357
75,75.55,5000,C,352357
75.375,75.1125,5025,C,352357
74.75,74.675,5050,C,352357
74.125,74.1825,5075,C,352357
73.5,73.6825,5100,C,352357
73.875,73.1825,5125,C,352357
73.25,72.6825,5150,C,352357
72.625,72.1825,5175,C,352357
72,71.6825,5200,C,352357
71.375,71.12,5225,C,352357
70.75,70.5575,5250,C,352357
70.125,69.995,5275,C,352357
69.5,69.4325,5300,C,352357
68.875,68.8625,5325,C,352357
68.25,68.2375,5350,C,352357
67.625,67.6125,5375,C,352357
67,67.01,5400,C,352357
66.375,66.4475,5425,C,352357
65.75,65.91,5450,C,352357
65.125,65.41,5475,C,352357
64.5,64.91,5500,C,352357
63.875,64.41,5525,C,352357
63.25,63.9475,5550,C,352357
62.625,63.51,5575,C,352357
63,63.0725,5600,C,352357
62.375,62.635,5625,C,352357
62.75,62.1975,5650,C,352357
62.125,61.76,5675,C,352357
61.5,61.3425,5700,C,352357
60.875,60.9675,5725,C,352357
61.25,60.5925,5750,C,352357
60.625,60.22,5775,C,352357
60,59.885,5800,C,352357
59.375,59.5675,5825,C,352357
58.75,59.23,5850,C,352357
58.125,58.855,5875,C,352357
58.5,58.48,5900,C,352357
57.875,58.105,5925,C,352357
57.25,57.6925,5950,C,352357
57.625,57.28,5975,C,352357
57,56.905,6000,C,352357
57.375,56.53,6025,C,352357
56.75,56.18,6050,C,352357
56.125,55.8675,6075,C,352357
55.5,55.535,6100,C,352357
54.875,55.16,6125,C,352357
54.25,54.785,6150,C,352357
54.625,54.4075,6175,C,352357
54,53.97,6200,C,352357
53.375,53.475,6225,C,352357
53.75,52.99,6250,C,352357
53.125,52.5525,6275,C,352357
52.5,52.115,6300,C,352357
51.875,51.7275,6325,C,352357
51.25,51.3525,6350,C,352357
50.625,50.9525,6375,C,352357
50,50.515,6400,C,352357
49.375,50.1125,6425,C,352357
49.75,49.7175,6450,C,352357
49.125,49.3425,6475,C,352357
48.5,48.9675,6500,C,352357
48.875,48.5925,6525,C,352357
48.25,48.2175,6550,C,352357
47.625,47.8425,6575,C,352357
47,47.4675,6600,C,352357
47.375,47.0925,6625,C,352357
47.75,46.7025,6650,C,352357
47.125,46.265,6675,C,352357
46.5,45.8275,6700,C,352357
45.875,45.34,6725,C,352357
45.25,44.84,6750,C,352357
44.625,44.34,6775,C,352357
44,43.8575,6800,C,352357
43.375,43.39,6825,C,352357
42.75,42.9475,6850,C,352357
42.125,42.4675,6875,C,352357
41.5,42.03,6900,C,352357
40.875,41.65,6925,C,352357
40.25,41.275,6950,C,352357
39.625,40.9,6975,C,352357
40,40.525,7000,C,352357
40.375,40.15,7025,C,352357
39.75,39.775,7050,C,352357
40.125,39.4,7075,C,352357
39.5,39.025,7100,C,352357
39.875,38.65,7125,C,352357
39.25,38.275,7150,C,352357
38.625,37.9425,7175,C,352357
38,37.6125,7200,C,352357
37.375,37.2325,7225,C,352357
36.75,36.795,7250,C,352357
36.125,36.3375,7275,C,352357
35.5,35.8375,7300,C,352357
34.875,35.28,7325,C,352357
34.25,34.7175,7350,C,352357
34.625,34.2075,7375,C,352357
34,33.7075,7400,C,352357
33.375,33.2075,7425,C,352357
32.75,32.7075,7450,C,352357
32.125,32.2075,7475,C,352357
31.5,31.72,7500,C,352357
30.875,31.2825,7525,C,352357
30.25,30.845,7550,C,352357
30.625,30.365,7575,C,352357
30,29.865,7600,C,352357
29.375,29.365,7625,C,352357
28.75,28.865,7650,C,352357
28.125,28.365,7675,C,352357
28.5,27.925,7700,C,352357
27.875,27.4875,7725,C,352357
27.25,27.0825,7750,C,352357
26.625,26.655,7775,C,352357
26,26.2675,7800,C,352357
25.375,25.8925,7825,C,352357
24.75,25.5175,7850,C,352357
24.125,25.1425,7875,C,352357
24.5,24.755,7900,C,352357
23.875,24.3175,7925,C,352357
24.25,23.88,7950,C,352357
23.625,23.4425,7975,C,352357
24,23.005,8000,C,352357
23.375,22.5675,8025,C,352357
22.75,22.13,8050,C,352357
22.125,21.6925,8075,C,352357
21.5,21.195,8100,C,352357
20.875,20.695,8125,C,352357
20.25,20.1625,8150,C,352357
19.625,19.6,8175,C,352357
19,18.9875,8200,C,352357
18.375,18.3625,8225,C,352357
17.75,17.7375,8250,C,352357
17.125,17.1125,8275,C,352357
16.5,16.4875,8300,C,352357
15.875,15.8625,8325,C,352357
15.25,15.2375,8350,C,352357
14.625,14.6125,8375,C,352357
14,13.9875,8400,C,352357
13.375,13.3625,8425,C,352357
12.75,12.7375,8450,C,352357
12.125,12.1125,8475,C,352357
11.5,11.4875,8500,C,352357
10.875,10.8625,8525,C,352357
10.25,10.2375,8550,C,352357
9.62499999999998,9.61249999999998,8575,C,352357
8.99999999999998,8.98749999999998,8600,C,352357
8.37499999999998,8.40999999999998,8625,C,352357
7.74999999999998,7.84749999999998,8650,C,352357
7.12499999999998,7.28499999999998,8675,C,352357
6.49999999999998,6.72249999999998,8700,C,352357
5.87499999999998,6.15999999999998,8725,C,352357
5.24999999999998,5.59749999999998,8750,C,352357
4.62499999999998,5.09249999999998,8775,C,352357
3.99999999999998,4.59249999999998,8800,C,352357
4.37499999999998,4.09249999999998,8825,C,352357
3.74999999999998,3.59249999999998,8850,C,352357
3.12499999999998,3.09249999999998,8875,C,352357
2.49999999999998,2.59249999999998,8900,C,352357
1.87499999999998,2.09249999999998,8925,C,352357
1.24999999999998,1.59249999999998,8950,C,352357
1.62499999999998,1.09249999999998,8975,C,352357
0.999999999999983,0.592499999999983,9000,C,352357
0.374999999999983,0.0449999999999828,9025,C,352357
-0.250000000000017,-0.517500000000017,9050,C,352357
-0.875000000000017,-1.08000000000002,9075,C,352357
-1.50000000000002,-1.64250000000002,9100,C,352357
-2.12500000000002,-2.20500000000002,9125,C,352357
-2.75000000000002,-2.76750000000002,9150,C,352357
-3.37500000000002,-3.38750000000002,9175,C,352357
-4.00000000000002,-4.01250000000002,9200,C,352357
-4.62500000000002,-4.57500000000002,9225,C,352357
-5.25000000000002,-5.13750000000002,9250,C,352357
-5.87500000000002,-5.70000000000002,9275,C,352357
-6.50000000000002,-6.26250000000002,9300,C,352357
-7.12500000000002,-6.79750000000002,9325,C,352357
-7.75000000000002,-7.29750000000002,9350,C,352357
-8.37500000000002,-7.79750000000002,9375,C,352357
-9.00000000000002,-8.29750000000002,9400,C,352357
-8.62500000000002,-8.79750000000002,9425,C,352357
-9.25000000000002,-9.29750000000002,9450,C,352357
-9.87500000000002,-9.79750000000002,9475,C,352357
-10.5,-10.2975,9500,C,352357
-10.125,-10.7975,9525,C,352357
-10.75,-11.2975,9550,C,352357
-11.375,-11.7975,9575,C,352357
-12,-12.2975,9600,C,352357
-12.625,-12.86,9625,C,352357
-13.25,-13.4225,9650,C,352357
-13.875,-13.985,9675,C,352357
-14.5,-14.5475,9700,C,352357
-15.125,-15.1375,9725,C,352357
-15.75,-15.7625,9750,C,352357
-16.375,-16.3875,9775,C,352357
-17,-17.0125,9800,C,352357
-17.625,-17.6375,9825,C,352357
-18.25,-18.2625,9850,C,352357
-18.875,-18.8875,9875,C,352357
-19.5,-19.5125,9900,C,352357
-20.125,-20.1375,9925,C,352357
-20.75,-20.7625,9950,C,352357
-21.375,-21.3875,9975,C,352357
-22,-22.0125,10000,C,352357
-22.625,-22.6375,10025,C,352357
-23.25,-23.2625,10050,C,352357
-23.875,-23.8875,10075,C,352357
-24.5,-24.5125,10100,C,352357
-25.125,-25.1375,10125,C,352357
-25.75,-25.7625,10150,C,352357
-26.375,-26.3875,10175,C,352357
-27,-27.0125,10200,C,352357
-27.625,-27.6375,10225,C,352357
-28.25,-28.2475,10250,C,352357
-28.875,-28.81,10275,C,352357
-29.5,-29.3725,10300,C,352357
-30.125,-29.935,10325,C,352357
-30.75,-30.4975,10350,C,352357
-31.375,-31.06,10375,C,352357
-32,-31.6225,10400,C,352357
-32.625,-32.185,10425,C,352357
-32.25,-32.7475,10450,C,352357
-32.875,-33.31,10475,C,352357
-33.5,-33.8725,10500,C,352357
-34.125,-34.435,10525,C,352357
-34.75,-34.9975,10550,C,352357
-35.375,-35.56,10575,C,352357
-36,-36.1225,10600,C,352357
-36.625,-36.685,10625,C,352357
-37.25,-37.2625,10650,C,352357
-37.875,-37.8875,10675,C,352357
-38.5,-38.5125,10700,C,352357
-39.125,-39.1375,10725,C,352357
-39.75,-39.7625,10750,C,352357
-40.375,-40.3875,10775,C,352357
-41,-41.0125,10800,C,352357
-41.625,-41.59,10825,C,352357
-42.25,-42.1525,10850,C,352357
-42.875,-42.715,10875,C,352357
-43.5,-43.2775,10900,C,352357
-44.125,-43.84,10925,C,352357
-44.75,-44.4025,10950,C,352357
-45.375,-44.965,10975,C,352357
-46,-45.49,11000,C,352357
-45.625,-45.99,11025,C,352357
-46.25,-46.49,11050,C,352357
-46.875,-46.99,11075,C,352357
-47.5,-47.49,11100,C,352357
-48.125,-47.99,11125,C,352357
-48.75,-48.49,11150,C,352357
-49.375,-48.99,11175,C,352357
-49,-49.49,11200,C,352357
-49.625,-50.0375,11225,C,352357
-50.25,-50.6,11250,C,352357
-50.875,-51.1625,11275,C,352357
-51.5,-51.725,11300,C,352357
-52.125,-52.2875,11325,C,352357
-52.75,-52.85,11350,C,352357
-53.375,-53.4125,11375,C,352357
-54,-54.0125,11400,C,352357
-54.625,-54.6375,11425,C,352357
-55.25,-55.2625,11450,C,352357
-55.875,-55.8325,11475,C,352357
-56.5,-56.395,11500,C,352357
-57.125,-56.9575,11525,C,352357
-57.75,-57.52,11550,C,352357
-58.375,-58.0825,11575,C,352357
-59,-58.645,11600,C,352357
-59.625,-59.2075,11625,C,352357
-60.25,-59.77,11650,C,352357
-59.875,-60.3325,11675,C,352357
-60.5,-60.895,11700,C,352357
-61.125,-61.4575,11725,C,352357
-61.75,-62.02,11750,C,352357
-62.375,-62.5825,11775,C,352357
-63,-63.145,11800,C,352357
-63.625,-63.7075,11825,C,352357
-64.25,-64.27,11850,C,352357
-64.875,-64.8875,11875,C,352357
-65.5,-65.5125,11900,C,352357
-66.125,-66.1375,11925,C,352357
-66.75,-66.7625,11950,C,352357
-67.375,-67.3875,11975,C,352357
-68,-68.0125,12000,C,352357
-68.625,-68.6375,12025,C,352357
-69.25,-69.2625,12050,C,352357
-69.875,-69.8875,12075,C,352357
-70.5,-70.5125,12100,C,352357
-71.125,-71.1375,12125,C,352357
-71.75,-71.7625,12150,C,352357
-72.375,-72.3425,12175,C,352357
-73,-72.905,12200,C,352357
-73.625,-73.4675,12225,C,352357
-74.25,-74.03,12250,C,352357
-74.875,-74.5925,12275,C,352357
-75.5,-75.155,12300,C,352357
-76.125,-75.7175,12325,C,352357
-76.75,-76.28,12350,C,352357
-76.375,-76.8425,12375,C,352357
-77,-77.405,12400,C,352357
-77.625,-77.9675,12425,C,352357
-78.25,-78.53,12450,C,352357
-78.875,-79.0925,12475,C,352357
-79.5,-79.655,12500,C,352357
-80.125,-80.2175,12525,C,352357
-80.75,-80.78,12550,C,352357
-81.375,-81.3875,12575,C,352357
-82,-82.0125,12600,C,352357
-82.625,-82.6375,12625,C,352357
-83.25,-83.2625,12650,C,352357
-83.875,-83.8875,12675,C,352357
-84.5,-84.5125,12700,C,352357
-85.125,-85.1375,12725,C,352357
-85.75,-85.7625,12750,C,352357
-86.375,-86.3875,12775,C,352357
-87,-87.0125,12800,C,352357
-87.625,-87.6375,12825,C,352357
-88.25,-88.2625,12850,C,352357
-88.875,-88.8875,12875,C,352357
-89.5,-89.5125,12900,C,352357
-90.125,-90.1375,12925,C,352357
-90.75,-90.7625,12950,C,352357
-91.375,-91.3875,12975,C,352357
-92,-92.0125,13000,C,352357
-92.625,-92.6375,13025,C,352357
-93.25,-93.2625,13050,C,352357
-93.875,-93.8875,13075,C,352357
-94.5,-94.5125,13100,C,352357
-95.125,-95.1375,13125,C,352357
-95.75,-95.7625,13150,C,352357
-96.375,-96.3875,13175,C,352357
-97,-97.0125,13200,C,352357
-97.625,-97.6375,13225,C,352357
-98.25,-98.2625,13250,C,352357
-98.875,-98.8875,13275,C,352357
-99.5,-99.5125,13300,C,352357
-100.125,-100.1375,13325,C,352357
-100.75,-100.7625,13350,C,352357
-101.375,-101.3875,13375,C,352357
-102,-102.0125,13400,C,352357
-102.625,-102.6375,13425,C,352357
-103.25,-103.2625,13450,C,352357
-103.875,-103.8875,13475,C,352357
-104.5,-104.5125,13500,C,352357
-105.125,-105.1375,13525,C,352357
-105.75,-105.7625,13550,C,352357
-106.375,-106.3875,13575,C,352357
-107,-107.0125,13600,C,352357
-107.625,-107.6375,13625,C,352357
-108.25,-108.2625,13650,C,352357
-108.875,-108.8875,13675,C,352357
-109.5,-109.5125,13700,C,352357
-110.125,-110.1375,13725,C,352357
-110.75,-110.71,13750,C,352357
-111.375,-111.2725,13775,C,352357
-112,-111.835,13800,C,352357
-112.625,-112.385,13825,C,352357
-113.25,-112.885,13850,C,352357
-113.875,-113.385,13875,C,352357
-114.5,-113.885,13900,C,352357
-115.125,-114.385,13925,C,352357
-114.75,-114.845,13950,C,352357
-115.375,-115.2825,13975,C,352357
-116,-115.72,14000,C,352357
-115.625,-116.1575,14025,C,352357
-116.25,-116.595,14050,C,352357
-116.875,-117.0325,14075,C,352357
-117.5,-117.47,14100,C,352357
-118.125,-117.9075,14125,C,352357
-117.75,-118.3975,14150,C,352357
-118.375,-118.8975,14175,C,352357
-119,-119.3975,14200,C,352357
-119.625,-119.91,14225,C,352357
-120.25,-120.4725,14250,C,352357
-120.875,-121.035,14275,C,352357
-121.5,-121.5975,14300,C,352357
-122.125,-122.1225,14325,C,352357
-122.75,-122.6625,14350,C,352357
-123.375,-123.225,14375,C,352357
-124,-123.7875,14400,C,352357
-124.625,-124.35,14425,C,352357
-125.25,-124.9125,14450,C,352357
-125.875,-125.475,14475,C,352357
-126.5,-126.0375,14500,C,352357
-126.125,-126.6,14525,C,352357
-126.75,-127.1625,14550,C,352357
-127.375,-127.725,14575,C,352357
-128,-128.2875,14600,C,352357
-128.625,-128.85,14625,C,352357
-129.25,-129.4125,14650,C,352357
-129.875,-129.975,14675,C,352357
-130.5,-130.5375,14700,C,352357
-131.125,-131.1375,14725,C,352357
-131.75,-131.7625,14750,C,352357
-132.375,-132.3875,14775,C,352357
-133,-133.0125,14800,C,352357
-133.625,-133.6375,14825,C,352357
-134.25,-134.2625,14850,C,352357
-134.875,-134.8875,14875,C,352357
-135.5,-135.5125,14900,C,352357
-136.125,-136.1375,14925,C,352357
-136.75,-136.7625,14950,C,352357
-137.375,-137.3875,14975,C,352357
-138,-138.0125,15000,C,352357
-138.625,-138.6375,15025,C,352357
-139.25,-139.2625,15050,C,352357
-139.875,-139.8875,15075,C,352357
-140.5,-140.5125,15100,C,352357
-141.125,-141.1375,15125,C,352357
-141.75,-141.7625,15150,C,352357
-142.375,-142.3875,15175,C,352357
-143,-143.0125,15200,C,352357
-143.625,-143.6375,15225,C,352357
-144.25,-144.2625,15250,C,352357
-144.875,-144.8875,15275,C,352357
-145.5,-145.5125,15300,C,352357
-146.125,-146.1375,15325,C,352357
-146.75,-146.7625,15350,C,352357
-147.375,-147.3875,15375,C,352357
-148,-147.985,15400,C,352357
-148.625,-148.5475,15425,C,352357
-149.25,-149.11,15450,C,352357
-149.875,-149.6725,15475,C,352357
-150.5,-150.235,15500,C,352357
-151.125,-150.7975,15525,C,352357
-151.75,-151.36,15550,C,352357
-152.375,-151.9225,15575,C,352357
-152,-152.485,15600,C,352357
-152.625,-153.0475,15625,C,352357
-153.25,-153.61,15650,C,352357
-153.875,-154.1725,15675,C,352357
-154.5,-154.735,15700,C,352357
-155.125,-155.2975,15725,C,352357
-155.75,-155.86,15750,C,352357
-156.375,-156.4225,15775,C,352357
-157,-157.0125,15800,C,352357
-157.625,-157.6375,15825,C,352357
-158.25,-158.2625,15850,C,352357
-158.875,-158.8875,15875,C,352357
-159.5,-159.5125,15900,C,352357
-160.125,-160.1375,15925,C,352357
-160.75,-160.7625,15950,C,352357
-161.375,-161.3875,15975,C,352357
-162,-162.0125,16000,C,352357
-162.625,-162.6375,16025,C,352357
-163.25,-163.2625,16050,C,352357
-163.875,-163.8875,16075,C,352357
-164.5,-164.5125,16100,C,352357
-165.125,-165.1375,16125,C,352357
-165.75,-165.7625,16150,C,352357
-166.375,-166.3875,16175,C,352357
-167,-167.0125,16200,C,352357
-167.625,-167.6375,16225,C,352357
-168.25,-168.2625,16250,C,352357
-168.875,-168.8875,16275,C,352357
-169.5,-169.5125,16300,C,352357
-170.125,-170.1375,16325,C,352357
-170.75,-170.7625,16350,C,352357
-171.375,-171.3875,16375,C,352357
-172,-172.0125,16400,C,352357
-172.625,-172.6375,16425,C,352357
-173.25,-173.2625,16450,C,352357
-173.875,-173.8825,16475,C,352357
-174.5,-174.445,16500,C,352357
-175.125,-175.0075,16525,C,352357
-175.75,-175.57,16550,C,352357
-176.375,-176.1325,16575,C,352357
-177,-176.695,16600,C,352357
-177.625,-177.2575,16625,C,352357
-178.25,-177.82,16650,C,352357
-177.875,-178.3825,16675,C,352357
-178.5,-178.945,16700,C,352357
-179.125,-179.5075,16725,C,352357
-179.75,-180.07,16750,C,352357
-180.375,-180.6325,16775,C,352357
-181,-181.195,16800,C,352357
-181.625,-181.7575,16825,C,352357
-182.25,-182.32,16850,C,352357
-182.875,-182.8875,16875,C,352357
-183.5,-183.5125,16900,C,352357
-184.125,-184.1375,16925,C,352357
-184.75,-184.7625,16950,C,352357
-185.375,-185.3875,16975,C,352357
-186,-186.0125,17000,C,352357
-186.625,-186.6375,17025,C,352357
-187.25,-187.2625,17050,C,352357
-187.875,-187.8875,17075,C,352357
-188.5,-188.5125,17100,C,352357
-189.125,-189.1375,17125,C,352357
-189.75,-189.7625,17150,C,352357
-190.375,-190.3875,17175,C,352357
-191,-191.0125,17200,C,352357
-191.625,-191.6375,17225,C,352357
-192.25,-192.2625,17250,C,352357
-192.875,-192.8875,17275,C,352357
-193.5,-193.5125,17300,C,352357
-194.125,-194.1375,17325,C,352357
-194.75,-194.7625,17350,C,352357
-195.375,-195.3875,17375,C,352357
-196,-196.0125,17400,C,352357
-196.625,-196.6375,17425,C,352357
-197.25,-197.2625,17450,C,352357
-197.875,-197.8875,17475,C,352357
-198.5,-198.5125,17500,C,352357
-199.125,-199.1375,17525,C,352357
-199.75,-199.7625,17550,C,352357
-200.375,-200.3875,17575,C,352357
-201,-201.0125,17600,C,352357
-201.625,-201.6375,17625,C,352357
-202.25,-202.2625,17650,C,352357
-202.875,-202.8875,17675,C,352357
-203.5,-203.5125,17700,C,352357
-204.125,-204.1375,17725,C,352357
-204.75,-204.7625,17750,C,352357
-205.375,-205.3875,17775,C,352357
-206,-206.0125,17800,C,352357
-206.625,-206.6375,17825,C,352357
-207.25,-207.2625,17850,C,352357
-207.875,-207.8875,17875,C,352357
-208.5,-208.5125,17900,C,352357
-209.125,-209.1375,17925,C,352357
-209.75,-209.74,17950,C,352357
-210.375,-210.3025,17975,C,352357
-211,-210.865,18000,C,352357
-211.625,-211.4275,18025,C,352357
-212.25,-211.99,18050,C,352357
-212.875,-212.5525,18075,C,352357
-213.5,-213.115,18100,C,352357
-214.125,-213.6775,18125,C,352357
-213.75,-214.24,18150,C,352357
-214.375,-214.8025,18175,C,352357
-215,-215.3225,18200,C,352357
-215.625,-215.8225,18225,C,352357
-216.25,-216.3225,18250,C,352357
-216.875,-216.8225,18275,C,352357
-217.5,-217.3225,18300,C,352357
-218.125,-217.8225,18325,C,352357
-218.75,-218.345,18350,C,352357
-219.375,-218.9075,18375,C,352357
-219,-219.47,18400,C,352357
-219.625,-220.0325,18425,C,352357
-220.25,-220.595,18450,C,352357
-220.875,-221.1575,18475,C,352357
-221.5,-221.72,18500,C,352357
-222.125,-222.2825,18525,C,352357
-222.75,-222.845,18550,C,352357
-223.375,-223.4075,18575,C,352357
-224,-224.0125,18600,C,352357
-224.625,-224.6375,18625,C,352357
-225.25,-225.2625,18650,C,352357
-225.875,-225.8875,18675,C,352357
-226.5,-226.5125,18700,C,352357
-227.125,-227.1375,18725,C,352357
-227.75,-227.7625,18750,C,352357
-228.375,-228.3875,18775,C,352357
-229,-229.0125,18800,C,352357
-229.625,-229.6375,18825,C,352357
-230.25,-230.2625,18850,C,352357
-230.875,-230.8875,18875,C,352357
-231.5,-231.5125,18900,C,352357
-232.125,-232.1375,18925,C,352357
-232.75,-232.7625,18950,C,352357
-233.375,-233.3875,18975,C,352357
-234,-234.0125,19000,C,352357
-234.625,-234.6375,19025,C,352357
-235.25,-235.2625,19050,C,352357
-235.875,-235.8875,19075,C,352357
-236.5,-236.5125,19100,C,352357
-237.125,-237.1375,19125,C,352357
-237.75,-237.7625,19150,C,352357
-238.375,-238.3875,19175,C,352357
-239,-239.0125,19200,C,352357
-239.625,-239.6375,19225,C,352357
-240.25,-240.2625,19250,C,352357
-240.875,-240.8875,19275,C,352357
-241.5,-241.5125,19300,C,352357
-242.125,-242.1375,19325,C,352357
-242.75,-242.7625,19350,C,352357
-243.375,-243.3875,19375,C,352357
-244,-244.0125,19400,C,352357
-244.625,-244.6375,19425,C,352357
-245.25,-245.2625,19450,C,352357
-245.875,-245.8875,19475,C,352357
-246.5,-246.5125,19500,C,352357
-247.125,-247.1375,19525,C,352357
-247.75,-247.7625,19550,C,352357
-248.375,-248.3875,19575,C,352357
-249,-249.0125,19600,C,352357
-249.625,-249.6375,19625,C,352357
-250.25,-250.2625,19650,C,352357
-250.875,-250.8875,19675,C,352357
-251.5,-251.5125,19700,C,352357
-252.125,-252.1375,19725,C,352357
-252.75,-252.7625,19750,C,352357
-253.375,-253.3875,19775,C,352357
-254,-254.0125,19800,C,352357
-254.625,-254.6375,19825,C,352357
-255.25,-255.2625,19850,C,352357
-255.875,-255.8875,19875,C,352357
-256.5,-256.5125,19900,C,352357
-257.125,-257.1375,19925,C,352357
-257.75,-257.7625,19950,C,352357
-258.375,-258.3875,19975,C,352357
-259,-259.0125,20000,C,352357
-0.625,,25,C,403681
1.75,,50,C,403681
4.125,,75,C,403681
5.5,,100,C,403681
9.875,,125,C,403681
12.25,,150,C,403681
18.625,,175,C,403681
21,20.8925,200,C,403681
25.375,23.99,225,C,403681
28.75,27.0975,250,C,403681
31.125,30.21,275,C,403681
31.5,33.3325,300,C,403681
36.875,36.4,325,C,403681
40.25,39.355,350,C,403681
43.625,42.0175,375,C,403681
48,44.515,400,C,403681
49.375,47.1,425,C,403681
51.75,49.4875,450,C,403681
53.125,51.84,475,C,403681
56.5,54.1175,500,C,403681
57.875,56.195,525,C,403681
58.25,58.03,550,C,403681
59.625,59.7,575,C,403681
63,61.3675,600,C,403681
63.375,62.8325,625,C,403681
66.75,64.225,650,C,403681
68.125,65.5825,675,C,403681
67.5,66.815,700,C,403681
67.875,67.835,725,C,403681
68.25,68.855,750,C,403681
70.625,69.8525,775,C,403681
73,70.9025,800,C,403681
72.375,71.8325,825,C,403681
72.75,72.6075,850,C,403681
74.125,73.3825,875,C,403681
74.5,74.255,900,C,403681
73.875,75.12,925,C,403681
74.25,76.03,950,C,403681
74.625,76.8,975,C,403681
77,77.4225,1000,C,403681
78.375,78.11,1025,C,403681
78.75,78.79,1050,C,403681
81.125,79.4675,1075,C,403681
81.5,80.2,1100,C,403681
82.875,80.9625,1125,C,403681
82.25,81.73,1150,C,403681
81.625,82.435,1175,C,403681
83,82.9625,1200,C,403681
83.375,83.4425,1225,C,403681
83.75,83.935,1250,C,403681
86.125,84.4025,1275,C,403681
86.5,84.7375,1300,C,403681
86.875,85.1675,1325,C,403681
86.25,85.63,1350,C,403681
85.625,86.13,1375,C,403681
85,86.63,1400,C,403681
85.375,87.005,1425,C,403681
86.75,87.3575,1450,C,403681
87.125,87.595,1475,C,403681
87.5,87.7675,1500,C,403681
89.875,87.925,1525,C,403681
90.25,88.105,1550,C,403681
89.625,88.2925,1575,C,403681
90,88.575,1600,C,403681
89.375,88.8975,1625,C,403681
88.75,89.195,1650,C,403681
89.125,89.4475,1675,C,403681
88.5,90.005,1700,C,403681
88.875,90.62,1725,C,403681
89.25,91.205,1750,C,403681
88.625,91.7675,1775,C,403681
91,92.2875,1800,C,403681
90.375,92.8175,1825,C,403681
90.75,93.385,1850,C,403681
93.125,94.005,1875,C,403681
98.5,94.5675,1900,C,403681
98.875,95.085,1925,C,403681
99.25,95.5475,1950,C,403681
98.625,96.0475,1975,C,403681
98,96.4525,2000,C,403681
98.375,96.795,2025,C,403681
98.75,97.14,2050,C,403681
98.125,97.52,2075,C,403681
97.5,97.5675,2100,C,403681
96.875,97.43,2125,C,403681
97.25,97.195,2150,C,403681
96.625,96.945,2175,C,403681
96,96.695,2200,C,403681
96.375,96.4625,2225,C,403681
96.75,96.27,2250,C,403681
97.125,96.02,2275,C,403681
96.5,95.77,2300,C,403681
95.875,95.52,2325,C,403681
95.25,95.2525,2350,C,403681
94.625,94.94,2375,C,403681
94,94.6475,2400,C,403681
95.375,94.375,2425,C,403681
94.75,94.11,2450,C,403681
94.125,93.81,2475,C,403681
93.5,93.4975,2500,C,403681
92.875,93.185,2525,C,403681
92.25,92.8725,2550,C,403681
91.625,92.56,2575,C,403681
92,92.2475,2600,C,403681
92.375,91.9275,2625,C,403681
91.75,91.5525,2650,C,403681
92.125,91.235,2675,C,403681
91.5,90.9225,2700,C,403681
90.875,90.6675,2725,C,403681
90.25,90.4175,2750,C,403681
89.625,90.1675,2775,C,403681
89,89.8975,2800,C,403681
89.375,89.5775,2825,C,403681
88.75,89.21,2850,C,403681
89.125,88.92,2875,C,403681
88.5,88.67,2900,C,403681
88.875,88.42,2925,C,403681
88.25,88.17,2950,C,403681
87.625,87.92,2975,C,403681
87,87.78,3000,C,403681
86.375,87.615,3025,C,403681
86.75,87.4275,3050,C,403681
88.125,87.1825,3075,C,403681
87.5,86.97,3100,C,403681
86.875,86.7875,3125,C,403681
86.25,86.645,3150,C,403681
85.625,86.52,3175,C,403681
87,86.395,3200,C,403681
86.375,86.31,3225,C,403681
85.75,86.24,3250,C,403681
85.125,86.0325,3275,C,403681
86.5,85.8325,3300,C,403681
85.875,85.7075,3325,C,403681
86.25,85.61,3350,C,403681
85.625,85.5475,3375,C,403681
85,85.375,3400,C,403681
85.375,85.1875,3425,C,403681
84.75,85,3450,C,403681
84.125,84.8125,3475,C,403681
85.5,84.6275,3500,C,403681
84.875,84.3775,3525,C,403681
85.25,84.0825,3550,C,403681
84.625,83.77,3575,C,403681
84,83.4575,3600,C,403681
83.375,83.105,3625,C,403681
82.75,82.7425,3650,C,403681
82.125,82.43,3675,C,403681
82.5,82.0925,3700,C,403681
81.875,81.7175,3725,C,403681
81.25,81.315,3750,C,403681
80.625,80.8775,3775,C,403681
80,80.44,3800,C,403681
79.375,80.0025,3825,C,403681
79.75,79.585,3850,C,403681
79.125,79.2775,3875,C,403681
79.5,78.9875,3900,C,403681
78.875,78.675,3925,C,403681
78.25,78.3625,3950,C,403681
77.625,78.11,3975,C,403681
77,77.87,4000,C,403681
76.375,77.6825,4025,C,403681
77.75,77.4825,4050,C,403681
78.125,77.2325,4075,C,403681
77.5,76.9575,4100,C,403681
76.875,76.645,4125,C,403681
76.25,76.3325,4150,C,403681
76.625,76.02,4175,C,403681
77,75.75,4200,C,403681
76.375,75.5,4225,C,403681
75.75,75.3,4250,C,403681
75.125,75.045,4275,C,403681
74.5,74.7325,4300,C,403681
73.875,74.42,4325,C,403681
73.25,74.1075,4350,C,403681
72.625,73.785,4375,C,403681
73,73.4625,4400,C,403681
72.375,73.0875,4425,C,403681
73.75,72.8125,4450,C,403681
73.125,72.5625,4475,C,403681
72.5,72.35,4500,C,403681
71.875,72.22,4525,C,403681
71.25,72.1775,4550,C,403681
71.625,72.1775,4575,C,403681
71,72.185,4600,C,403681
70.375,72.2475,4625,C,403681
71.75,72.24,4650,C,403681
71.125,72.1775,4675,C,403681
71.5,72.115,4700,C,403681
72.875,72.0525,4725,C,403681
73.25,71.99,4750,C,403681
72.625,71.8925,4775,C,403681
74,71.83,4800,C,403681
73.375,71.7675,4825,C,403681
72.75,71.605,4850,C,403681
72.125,71.4175,4875,C,403681
71.5,71.1925,4900,C,403681
70.875,70.885,4925,C,403681
70.25,70.5475,4950,C,403681
70.625,70.1725,4975,C,403681
70,69.7475,5000,C,403681
69.375,69.2775,5025,C,403681
68.75,68.9,5050,C,403681
68.125,68.525,5075,C,403681
67.5,68.1875,5100,C,403681
66.875,67.875,5125,C,403681
67.25,67.5625,5150,C,403681
66.625,67.265,5175,C,403681
66,66.9525,5200,C,403681
66.375,66.68,5225,C,403681
66.75,66.43,5250,C,403681
66.125,66.2325,5275,C,403681
66.5,66.045,5300,C,403681
65.875,65.9175,5325,C,403681
65.25,65.7475,5350,C,403681
65.625,65.6425,5375,C,403681
65,65.58,5400,C,403681
65.375,65.5175,5425,C,403681
64.75,65.395,5450,C,403681
65.125,65.3225,5475,C,403681
64.5,65.245,5500,C,403681
64.875,65.1825,5525,C,403681
65.25,65.12,5550,C,403681
65.625,65.0275,5575,C,403681
65,64.9025,5600,C,403681
65.375,64.7375,5625,C,403681
64.75,64.55,5650,C,403681
65.125,64.36,5675,C,403681
65.5,64.1725,5700,C,403681
64.875,63.93,5725,C,403681
64.25,63.73,5750,C,403681
63.625,63.46,5775,C,403681
63,63.1475,5800,C,403681
62.375,62.805,5825,C,403681
61.75,62.43,5850,C,403681
62.125,62.0025,5875,C,403681
61.5,61.5425,5900,C,403681
61.875,61.0425,5925,C,403681
61.25,60.5425,5950,C,403681
60.625,60.0425,5975,C,403681
60,59.5425,6000,C,403681
59.375,59.0425,6025,C,403681
58.75,58.5425,6050,C,403681
58.125,57.9925,6075,C,403681
57.5,57.4575,6100,C,403681
56.875,56.9525,6125,C,403681
56.25,56.39,6150,C,403681
55.625,55.86,6175,C,403681
55,55.42,6200,C,403681
54.375,54.9825,6225,C,403681
53.75,54.545,6250,C,403681
53.125,54.1075,6275,C,403681
53.5,53.67,6300,C,403681
52.875,53.2325,6325,C,403681
52.25,52.795,6350,C,403681
52.625,52.3575,6375,C,403681
53,51.92,6400,C,403681
52.375,51.4825,6425,C,403681
51.75,51.045,6450,C,403681
51.125,50.6075,6475,C,403681
50.5,50.1425,6500,C,403681
49.875,49.6425,6525,C,403681
49.25,49.16,6550,C,403681
48.625,48.69,6575,C,403681
48,48.13,6600,C,403681
47.375,47.6275,6625,C,403681
46.75,47.1275,6650,C,403681
46.125,46.6275,6675,C,403681
45.5,46.19,6700,C,403681
44.875,45.7825,6725,C,403681
45.25,45.4075,6750,C,403681
44.625,45.0325,6775,C,403681
44,44.7025,6800,C,403681
44.375,44.39,6825,C,403681
43.75,44.0775,6850,C,403681
43.125,43.765,6875,C,403681
43.5,43.4525,6900,C,403681
43.875,43.14,6925,C,403681
43.25,42.81,6950,C,403681
42.625,42.46,6975,C,403681
43,42.1475,7000,C,403681
42.375,41.8275,7025,C,403681
41.75,41.515,7050,C,403681
41.125,41.2025,7075,C,403681
40.5,40.8275,7100,C,403681
39.875,40.4225,7125,C,403681
39.25,39.985,7150,C,403681
39.625,39.5475,7175,C,403681
39,39.065,7200,C,403681
39.375,38.565,7225,C,403681
38.75,38.065,7250,C,403681
38.125,37.565,7275,C,403681
37.5,37.065,7300,C,403681
36.875,36.565,7325,C,403681
36.25,36.065,7350,C,403681
35.625,35.54,7375,C,403681
35,34.9775,7400,C,403681
34.375,34.4125,7425,C,403681
33.75,33.85,7450,C,403681
33.125,33.2875,7475,C,403681
32.5,32.7275,7500,C,403681
31.875,32.2275,7525,C,403681
31.25,31.7275,7550,C,403681
30.625,31.2275,7575,C,403681
30,30.7275,7600,C,403681
30.375,30.2275,7625,C,403681
29.75,29.7275,7650,C,403681
29.125,29.2275,7675,C,403681
29.5,28.7275,7700,C,403681
28.875,28.2275,7725,C,403681
28.25,27.7275,7750,C,403681
27.625,27.2275,7775,C,403681
27,26.7275,7800,C,403681
26.375,26.1775,7825,C,403681
25.75,25.615,7850,C,403681
25.125,25.0525,7875,C,403681
24.5,24.4875,7900,C,403681
23.875,23.8625,7925,C,403681
23.25,23.2375,7950,C,403681
22.625,22.6125,7975,C,403681
22,21.9875,8000,C,403681
21.375,21.3625,8025,C,403681
20.75,20.7375,8050,C,403681
20.125,20.175,8075,C,403681
19.5,19.645,8100,C,403681
18.875,19.145,8125,C,403681
18.25,18.645,8150,C,403681
17.625,18.145,8175,C,403681
17,17.645,8200,C,403681
16.375,17.145,8225,C,403681
15.75,16.645,8250,C,403681
16.125,16.145,8275,C,403681
16.5,15.645,8300,C,403681
15.875,15.145,8325,C,403681
15.25,14.645,8350,C,403681
14.625,14.145,8375,C,403681
14,13.645,8400,C,403681
13.375,13.145,8425,C,403681
12.75,12.645,8450,C,403681
12.125,12.0825,8475,C,403681
11.5,11.4875,8500,C,403681
10.875,10.8625,8525,C,403681
10.25,10.2375,8550,C,403681
9.62499999999998,9.61249999999998,8575,C,403681
8.99999999999998,8.98749999999998,8600,C,403681
8.37499999999998,8.36249999999998,8625,C,403681
7.74999999999998,7.73749999999998,8650,C,403681
7.12499999999998,7.11249999999998,8675,C,403681
6.49999999999998,6.48749999999998,8700,C,403681
5.87499999999998,5.86249999999998,8725,C,403681
5.24999999999998,5.23749999999998,8750,C,403681
4.62499999999998,4.61249999999998,8775,C,403681
3.99999999999998,3.98749999999998,8800,C,403681
3.37499999999998,3.39249999999998,8825,C,403681
2.74999999999998,2.82999999999998,8850,C,403681
2.12499999999998,2.26749999999998,8875,C,403681
1.49999999999998,1.70499999999998,8900,C,403681
0.874999999999983,1.14249999999998,8925,C,403681
0.249999999999983,0.579999999999983,8950,C,403681
-0.375000000000017,0.0174999999999829,8975,C,403681
-1.00000000000002,-0.545000000000017,9000,C,403681
-0.625000000000017,-1.10750000000002,9025,C,403681
-1.25000000000002,-1.67000000000002,9050,C,403681
-1.87500000000002,-2.23250000000002,9075,C,403681
-2.50000000000002,-2.78000000000002,9100,C,403681
-3.12500000000002,-3.28000000000002,9125,C,403681
-3.75000000000002,-3.77500000000002,9150,C,403681
-4.37500000000002,-4.21250000000002,9175,C,403681
-5.00000000000002,-4.65000000000002,9200,C,403681
-5.62500000000002,-5.11750000000002,9225,C,403681
-6.25000000000002,-5.61750000000002,9250,C,403681
-6.87500000000002,-6.11750000000002,9275,C,403681
-6.50000000000002,-6.61750000000002,9300,C,403681
-7.12500000000002,-7.11750000000002,9325,C,403681
-6.75000000000002,-7.61750000000002,9350,C,403681
-7.37500000000002,-8.11750000000002,9375,C,403681
-8.00000000000002,-8.61750000000002,9400,C,403681
-8.62500000000002,-9.11750000000002,9425,C,403681
-9.25000000000002,-9.61750000000002,9450,C,403681
-9.87500000000002,-10.1175,9475,C,403681
-10.5,-10.6325,9500,C,403681
-11.125,-11.195,9525,C,403681
-11.75,-11.7625,9550,C,403681
-12.375,-12.3875,9575,C,403681
-13,-13.0125,9600,C,403681
-13.625,-13.6375,9625,C,403681
-14.25,-14.2625,9650,C,403681
-14.875,-14.8875,9675,C,403681
-15.5,-15.5125,9700,C,403681
-16.125,-16.1375,9725,C,403681
-16.75,-16.7625,9750,C,403681
-17.375,-17.3875,9775,C,403681
-18,-18.0125,9800,C,403681
-18.625,-18.6375,9825,C,403681
-19.25,-19.2625,9850,C,403681
-19.875,-19.8875,9875,C,403681
-20.5,-20.5125,9900,C,403681
-21.125,-21.1375,9925,C,403681
-21.75,-21.7625,9950,C,403681
-22.375,-22.3875,9975,C,403681
-23,-23.0125,10000,C,403681
-23.625,-23.6375,10025,C,403681
-24.25,-24.2625,10050,C,403681
-24.875,-24.8875,10075,C,403681
-25.5,-25.5125,10100,C,403681
-26.125,-26.1375,10125,C,403681
-26.75,-26.7625,10150,C,403681
-27.375,-27.3875,10175,C,403681
-28,-28.0125,10200,C,403681
-28.625,-28.62,10225,C,403681
-29.25,-29.1825,10250,C,403681
-29.875,-29.745,10275,C,403681
-30.5,-30.3075,10300,C,403681
-31.125,-30.87,10325,C,403681
-31.75,-31.4325,10350,C,403681
-32.375,-31.995,10375,C,403681
-33,-32.5575,10400,C,403681
-32.625,-33.12,10425,C,403681
-33.25,-33.6275,10450,C,403681
-33.875,-34.1275,10475,C,403681
-34.5,-34.6275,10500,C,403681
-35.125,-35.1275,10525,C,403681
-35.75,-35.6275,10550,C,403681
-36.375,-36.1275,10575,C,403681
-37,-36.6275,10600,C,403681
-37.625,-37.145,10625,C,403681
-37.25,-37.7075,10650,C,403681
-37.875,-38.27,10675,C,403681
-38.5,-38.7975,10700,C,403681
-39.125,-39.2975,10725,C,403681
-39.75,-39.7975,10750,C,403681
-40.375,-40.2975,10775,C,403681
-41,-40.7975,10800,C,403681
-41.625,-41.2975,10825,C,403681
-42.25,-41.8525,10850,C,403681
-42.875,-42.415,10875,C,403681
-42.5,-42.9775,10900,C,403681
-43.125,-43.54,10925,C,403681
-43.75,-44.1025,10950,C,403681
-44.375,-44.665,10975,C,403681
-45,-45.2275,11000,C,403681
-45.625,-45.79,11025,C,403681
-46.25,-46.3525,11050,C,403681
-46.875,-46.915,11075,C,403681
-47.5,-47.5125,11100,C,403681
-48.125,-48.1375,11125,C,403681
-48.75,-48.7625,11150,C,403681
-49.375,-49.3875,11175,C,403681
-50,-50.0125,11200,C,403681
-50.625,-50.6375,11225,C,403681
-51.25,-51.2625,11250,C,403681
-51.875,-51.8875,11275,C,403681
-52.5,-52.5125,11300,C,403681
-53.125,-53.1375,11325,C,403681
-53.75,-53.7625,11350,C,403681
-54.375,-54.3875,11375,C,403681
-55,-55.0125,11400,C,403681
-55.625,-55.6375,11425,C,403681
-56.25,-56.2625,11450,C,403681
-56.875,-56.8875,11475,C,403681
-57.5,-57.5125,11500,C,403681
-58.125,-58.1375,11525,C,403681
-58.75,-58.7625,11550,C,403681
-59.375,-59.3875,11575,C,403681
-60,-60.005,11600,C,403681
-60.625,-60.5675,11625,C,403681
-61.25,-61.13,11650,C,403681
-61.875,-61.6925,11675,C,403681
-62.5,-62.255,11700,C,403681
-63.125,-62.8175,11725,C,403681
-63.75,-63.38,11750,C,403681
-64.375,-63.9425,11775,C,403681
-64,-64.4475,11800,C,403681
-64.625,-64.9475,11825,C,403681
-65.25,-65.4475,11850,C,403681
-65.875,-65.9475,11875,C,403681
-66.5,-66.4475,11900,C,403681
-67.125,-66.9475,11925,C,403681
-67.75,-67.4475,11950,C,403681
-68.375,-67.9475,11975,C,403681
-68,-68.455,12000,C,403681
-68.625,-69.0175,12025,C,403681
-69.25,-69.58,12050,C,403681
-69.875,-70.1425,12075,C,403681
-70.5,-70.705,12100,C,403681
-71.125,-71.2125,12125,C,403681
-71.75,-71.7125,12150,C,403681
-72.375,-72.2125,12175,C,403681
-73,-72.77,12200,C,403681
-73.625,-73.3325,12225,C,403681
-74.25,-73.895,12250,C,403681
-74.875,-74.4575,12275,C,403681
-75.5,-75.0175,12300,C,403681
-75.125,-75.5175,12325,C,403681
-75.75,-76.0175,12350,C,403681
-76.375,-76.5,12375,C,403681
-77,-76.9375,12400,C,403681
-77.625,-77.375,12425,C,403681
-78.25,-77.8125,12450,C,403681
-78.875,-78.25,12475,C,403681
-78.5,-78.6875,12500,C,403681
-79.125,-79.18,12525,C,403681
-79.75,-79.68,12550,C,403681
-79.375,-80.18,12575,C,403681
-80,-80.68,12600,C,403681
-80.625,-81.18,12625,C,403681
-81.25,-81.68,12650,C,403681
-81.875,-82.18,12675,C,403681
-82.5,-82.6825,12700,C,403681
-83.125,-83.245,12725,C,403681
-83.75,-83.8075,12750,C,403681
-84.375,-84.3875,12775,C,403681
-85,-84.97,12800,C,403681
-85.625,-85.5325,12825,C,403681
-86.25,-86.095,12850,C,403681
-86.875,-86.6575,12875,C,403681
-87.5,-87.22,12900,C,403681
-88.125,-87.7825,12925,C,403681
-88.75,-88.345,12950,C,403681
-89.375,-88.9075,12975,C,403681
-89,-89.47,13000,C,403681
-89.625,-90.0325,13025,C,403681
-90.25,-90.595,13050,C,403681
-90.875,-91.1575,13075,C,403681
-91.5,-91.72,13100,C,403681
-92.125,-92.2825,13125,C,403681
-92.75,-92.845,13150,C,403681
-93.375,-93.4075,13175,C,403681
-94,-94.0125,13200,C,403681
-94.625,-94.6375,13225,C,403681
-95.25,-95.2625,13250,C,403681
-95.875,-95.8875,13275,C,403681
-96.5,-96.5125,13300,C,403681
-97.125,-97.1375,13325,C,403681
-97.75,-97.7625,13350,C,403681
-98.375,-98.3875,13375,C,403681
-99,-99.0125,13400,C,403681
-99.625,-99.6375,13425,C,403681
-100.25,-100.2625,13450,C,403681
-100.875,-100.8875,13475,C,403681
-101.5,-101.5125,13500,C,403681
-102.125,-102.1375,13525,C,403681
-102.75,-102.7625,13550,C,403681
-103.375,-103.3875,13575,C,403681
-104,-104.0125,13600,C,403681
-104.625,-104.6375,13625,C,403681
-105.25,-105.2625,13650,C,403681
-105.875,-105.825,13675,C,403681
-106.5,-106.3875,13700,C,403681
-107.125,-106.95,13725,C,403681
-107.75,-107.5125,13750,C,403681
-108.375,-108.075,13775,C,403681
-109,-108.6375,13800,C,403681
-109.625,-109.2,13825,C,403681
-110.25,-109.7625,13850,C,403681
-109.875,-110.325,13875,C,403681
-110.5,-110.8875,13900,C,403681
-111.125,-111.45,13925,C,403681
-111.75,-112.0125,13950,C,403681
-112.375,-112.575,13975,C,403681
-113,-113.1375,14000,C,403681
-113.625,-113.7,14025,C,403681
-114.25,-114.2625,14050,C,403681
-114.875,-114.8875,14075,C,403681
-115.5,-115.51,14100,C,403681
-116.125,-116.0725,14125,C,403681
-116.75,-116.635,14150,C,403681
-117.375,-117.1975,14175,C,403681
-118,-117.76,14200,C,403681
-118.625,-118.3225,14225,C,403681
-119.25,-118.885,14250,C,403681
-119.875,-119.4475,14275,C,403681
-119.5,-120.01,14300,C,403681
-120.125,-120.5725,14325,C,403681
-120.75,-121.135,14350,C,403681
-121.375,-121.6975,14375,C,403681
-122,-122.26,14400,C,403681
-122.625,-122.8225,14425,C,403681
-123.25,-123.385,14450,C,403681
-123.875,-123.9475,14475,C,403681
-124.5,-124.5125,14500,C,403681
-125.125,-125.1375,14525,C,403681
-125.75,-125.7625,14550,C,403681
-126.375,-126.3875,14575,C,403681
-127,-127.0125,14600,C,403681
-127.625,-127.6375,14625,C,403681
-128.25,-128.2625,14650,C,403681
-128.875,-128.8875,14675,C,403681
-129.5,-129.5125,14700,C,403681
-130.125,-130.1375,14725,C,403681
-130.75,-130.7625,14750,C,403681
-131.375,-131.3875,14775,C,403681
-132,-132.0125,14800,C,403681
-132.625,-132.6375,14825,C,403681
-133.25,-133.2625,14850,C,403681
-133.875,-133.86,14875,C,403681
-134.5,-134.4225,14900,C,403681
-135.125,-134.985,14925,C,403681
-135.75,-135.5475,14950,C,403681
-136.375,-136.11,14975,C,403681
-137,-136.6725,15000,C,403681
-137.625,-137.235,15025,C,403681
-138.25,-137.7975,15050,C,403681
-137.875,-138.36,15075,C,403681
-138.5,-138.9225,15100,C,403681
-139.125,-139.485,15125,C,403681
-139.75,-140.0475,15150,C,403681
-140.375,-140.61,15175,C,403681
-141,-141.1725,15200,C,403681
-141.625,-141.735,15225,C,403681
-142.25,-142.2975,15250,C,403681
-142.875,-142.8875,15275,C,403681
-143.5,-143.5125,15300,C,403681
-144.125,-144.1375,15325,C,403681
-144.75,-144.7275,15350,C,403681
-145.375,-145.29,15375,C,403681
-146,-145.8525,15400,C,403681
-146.625,-146.415,15425,C,403681
-147.25,-146.9775,15450,C,403681
-147.875,-147.54,15475,C,403681
-148.5,-148.1025,15500,C,403681
-149.125,-148.665,15525,C,403681
-148.75,-149.2275,15550,C,403681
-149.375,-149.79,15575,C,403681
-150,-150.3525,15600,C,403681
-150.625,-150.915,15625,C,403681
-151.25,-151.4775,15650,C,403681
-151.875,-152.04,15675,C,403681
-152.5,-152.6025,15700,C,403681
-153.125,-153.165,15725,C,403681
-153.75,-153.7625,15750,C,403681
-154.375,-154.3875,15775,C,403681
-155,-155.0125,15800,C,403681
-155.625,-155.6375,15825,C,403681
-156.25,-156.2625,15850,C,403681
-156.875,-156.8875,15875,C,403681
-157.5,-157.5125,15900,C,403681
-158.125,-158.1375,15925,C,403681
-158.75,-158.7625,15950,C,403681
-159.375,-159.3875,15975,C,403681
-160,-160.0125,16000,C,403681
-160.625,-160.6375,16025,C,403681
-161.25,-161.2625,16050,C,403681
-161.875,-161.8875,16075,C,403681
-162.5,-162.5125,16100,C,403681
-163.125,-163.1375,16125,C,403681
-163.75,-163.7625,16150,C,403681
-164.375,-164.3875,16175,C,403681
-165,-165.0125,16200,C,403681
-165.625,-165.6375,16225,C,403681
-166.25,-166.2625,16250,C,403681
-166.875,-166.8875,16275,C,403681
-167.5,-167.5125,16300,C,403681
-168.125,-168.1375,16325,C,403681
-168.75,-168.7625,16350,C,403681
-169.375,-169.3875,16375,C,403681
-170,-170.0125,16400,C,403681
-170.625,-170.6375,16425,C,403681
-171.25,-171.2625,16450,C,403681
-171.875,-171.8875,16475,C,403681
-172.5,-172.5125,16500,C,403681
-173.125,-173.1375,16525,C,403681
-173.75,-173.7625,16550,C,403681
-174.375,-174.3875,16575,C,403681
-175,-175.0125,16600,C,403681
-175.625,-175.6375,16625,C,403681
-176.25,-176.2625,16650,C,403681
-176.875,-176.8875,16675,C,403681
-177.5,-177.5125,16700,C,403681
-178.125,-178.1375,16725,C,403681
-178.75,-178.7625,16750,C,403681
-179.375,-179.3875,16775,C,403681
-180,-180.0125,16800,C,403681
-180.625,-180.6375,16825,C,403681
-181.25,-181.2625,16850,C,403681
-181.875,-181.8875,16875,C,403681
-182.5,-182.5125,16900,C,403681
-183.125,-183.1375,16925,C,403681
-183.75,-183.7625,16950,C,403681
-184.375,-184.3875,16975,C,403681
-185,-185.0125,17000,C,403681
-185.625,-185.6375,17025,C,403681
-186.25,-186.2625,17050,C,403681
-186.875,-186.8875,17075,C,403681
-187.5,-187.5125,17100,C,403681
-188.125,-188.1375,17125,C,403681
-188.75,-188.7625,17150,C,403681
-189.375,-189.3875,17175,C,403681
-190,-190.0125,17200,C,403681
-190.625,-190.6375,17225,C,403681
-191.25,-191.2625,17250,C,403681
-191.875,-191.8875,17275,C,403681
-192.5,-192.5125,17300,C,403681
-193.125,-193.1375,17325,C,403681
-193.75,-193.7625,17350,C,403681
-194.375,-194.3875,17375,C,403681
-195,-195.0125,17400,C,403681
-195.625,-195.6375,17425,C,403681
-196.25,-196.2625,17450,C,403681
-196.875,-196.8875,17475,C,403681
-197.5,-197.5125,17500,C,403681
-198.125,-198.1375,17525,C,403681
-198.75,-198.7625,17550,C,403681
-199.375,-199.3875,17575,C,403681
-200,-200.0125,17600,C,403681
-200.625,-200.6375,17625,C,403681
-201.25,-201.2625,17650,C,403681
-201.875,-201.8875,17675,C,403681
-202.5,-202.5125,17700,C,403681
-203.125,-203.1375,17725,C,403681
-203.75,-203.7625,17750,C,403681
-204.375,-204.3875,17775,C,403681
-205,-205.0125,17800,C,403681
-205.625,-205.6375,17825,C,403681
-206.25,-206.2625,17850,C,403681
-206.875,-206.8875,17875,C,403681
-207.5,-207.5125,17900,C,403681
-208.125,-208.1375,17925,C,403681
-208.75,-208.7625,17950,C,403681
-209.375,-209.3875,17975,C,403681
-210,-210.0125,18000,C,403681
-210.625,-210.6375,18025,C,403681
-211.25,-211.2625,18050,C,403681
-211.875,-211.8875,18075,C,403681
-212.5,-212.5125,18100,C,403681
-213.125,-213.1375,18125,C,403681
-213.75,-213.7625,18150,C,403681
-214.375,-214.3875,18175,C,403681
-215,-215.0125,18200,C,403681
-215.625,-215.6375,18225,C,403681
-216.25,-216.2625,18250,C,403681
-216.875,-216.8875,18275,C,403681
-217.5,-217.5125,18300,C,403681
-218.125,-218.1375,18325,C,403681
-218.75,-218.7625,18350,C,403681
-219.375,-219.3875,18375,C,403681
-220,-220.0125,18400,C,403681
-220.625,-220.6375,18425,C,403681
-221.25,-221.2625,18450,C,403681
-221.875,-221.8875,18475,C,403681
-222.5,-222.5125,18500,C,403681
-223.125,-223.1375,18525,C,403681
-223.75,-223.7625,18550,C,403681
-224.375,-224.3875,18575,C,403681
-225,-225.0125,18600,C,403681
-225.625,-225.6375,18625,C,403681
-226.25,-226.2625,18650,C,403681
-226.875,-226.8875,18675,C,403681
-227.5,-227.5125,18700,C,403681
-228.125,-228.1375,18725,C,403681
-228.75,-228.7625,18750,C,403681
-229.375,-229.3875,18775,C,403681
-230,-230.0125,18800,C,403681
-230.625,-230.6375,18825,C,403681
-231.25,-231.2625,18850,C,403681
-231.875,-231.8875,18875,C,403681
-232.5,-232.5125,18900,C,403681
-233.125,-233.1375,18925,C,403681
-233.75,-233.7625,18950,C,403681
-234.375,-234.3875,18975,C,403681
-235,-235.0125,19000,C,403681
-235.625,-235.6375,19025,C,403681
-236.25,-236.2625,19050,C,403681
-236.875,-236.8875,19075,C,403681
-237.5,-237.5125,19100,C,403681
-238.125,-238.1375,19125,C,403681
-238.75,-238.7625,19150,C,403681
-239.375,-239.3875,19175,C,403681
-240,-240.0125,19200,C,403681
-240.625,-240.6375,19225,C,403681
-241.25,-241.2625,19250,C,403681
-241.875,-241.8875,19275,C,403681
-242.5,-242.5125,19300,C,403681
-243.125,-243.1375,19325,C,403681
-243.75,-243.7625,19350,C,403681
-244.375,-244.3875,19375,C,403681
-245,-245.0125,19400,C,403681
-245.625,-245.6375,19425,C,403681
-246.25,-246.2625,19450,C,403681
-246.875,-246.8875,19475,C,403681
-247.5,-247.5125,19500,C,403681
-248.125,-248.1375,19525,C,403681
-248.75,-248.7625,19550,C,403681
-249.375,-249.3875,19575,C,403681
-250,-250.0125,19600,C,403681
-250.625,-250.6375,19625,C,403681
-251.25,-251.2625,19650,C,403681
-251.875,-251.8875,19675,C,403681
-252.5,-252.5125,19700,C,403681
-253.125,-253.1375,19725,C,403681
-253.75,-253.7625,19750,C,403681
-254.375,-254.3875,19775,C,403681
-255,-255.0125,19800,C,403681
-255.625,-255.6375,19825,C,403681
-256.25,-256.2625,19850,C,403681
-256.875,-256.8875,19875,C,403681
-257.5,-257.5125,19900,C,403681
-258.125,-258.1375,19925,C,403681
-258.75,-258.7625,19950,C,403681
-259.375,-259.33,19975,C,403681
-260,-259.8925,20000,C,403681
1.375,,25,C,439567
3.75,,50,C,439567
4.125,,75,C,439567
7.5,,100,C,439567
9.875,,125,C,439567
13.25,,150,C,439567
16.625,,175,C,439567
17,19.195,200,C,439567
18.375,21.815,225,C,439567
23.75,24.545,250,C,439567
29.125,27.2775,275,C,439567
32.5,30.0075,300,C,439567
33.875,32.6225,325,C,439567
37.25,35.33,350,C,439567
38.625,38.0575,375,C,439567
41,41,400,C,439567
45.375,43.9375,425,C,439567
46.75,46.7075,450,C,439567
48.125,49.14,475,C,439567
50.5,51.285,500,C,439567
51.875,53.32,525,C,439567
57.25,55.2425,550,C,439567
60.625,57.2375,575,C,439567
64,59.265,600,C,439567
64.375,61.185,625,C,439567
65.75,62.98,650,C,439567
66.125,64.745,675,C,439567
66.5,66.6075,700,C,439567
65.875,68.4975,725,C,439567
68.25,70.09,750,C,439567
70.625,71.4475,775,C,439567
72,72.47,800,C,439567
74.375,73.545,825,C,439567
74.75,74.6475,850,C,439567
76.125,75.7125,875,C,439567
81.5,76.7725,900,C,439567
80.875,77.81,925,C,439567
80.25,78.7925,950,C,439567
79.625,79.62,975,C,439567
81,80.4825,1000,C,439567
82.375,81.21,1025,C,439567
82.75,81.88,1050,C,439567
83.125,82.5,1075,C,439567
82.5,82.87,1100,C,439567
82.875,83.0875,1125,C,439567
82.25,83.3775,1150,C,439567
84.625,83.7225,1175,C,439567
85,84.1275,1200,C,439567
85.375,84.375,1225,C,439567
85.75,84.57,1250,C,439567
85.125,84.805,1275,C,439567
84.5,85.175,1300,C,439567
84.875,85.5375,1325,C,439567
85.25,85.93,1350,C,439567
85.625,86.275,1375,C,439567
86,86.485,1400,C,439567
85.375,86.6425,1425,C,439567
85.75,86.8,1450,C,439567
88.125,87.02,1475,C,439567
88.5,87.3675,1500,C,439567
88.875,87.7125,1525,C,439567
89.25,88.0425,1550,C,439567
88.625,88.445,1575,C,439567
88,88.795,1600,C,439567
87.375,89.225,1625,C,439567
87.75,89.63,1650,C,439567
90.125,89.925,1675,C,439567
90.5,90.1575,1700,C,439567
89.875,90.445,1725,C,439567
91.25,90.7775,1750,C,439567
91.625,91.1525,1775,C,439567
92,91.5275,1800,C,439567
92.375,91.965,1825,C,439567
91.75,92.3975,1850,C,439567
92.125,92.74,1875,C,439567
93.5,93.05,1900,C,439567
92.875,93.3625,1925,C,439567
95.25,93.66,1950,C,439567
94.625,93.955,1975,C,439567
94,94.23,2000,C,439567
94.375,94.4825,2025,C,439567
94.75,94.7325,2050,C,439567
94.125,94.9725,2075,C,439567
95.5,95.12,2100,C,439567
94.875,95.1825,2125,C,439567
96.25,95.145,2150,C,439567
96.625,95.02,2175,C,439567
96,94.915,2200,C,439567
96.375,94.79,2225,C,439567
95.75,94.6725,2250,C,439567
95.125,94.585,2275,C,439567
94.5,94.43,2300,C,439567
93.875,94.305,2325,C,439567
93.25,94.1975,2350,C,439567
92.625,93.9675,2375,C,439567
93,93.7175,2400,C,439567
92.375,93.4625,2425,C,439567
92.75,93.2575,2450,C,439567
93.125,93.07,2475,C,439567
93.5,92.8925,2500,C,439567
92.875,92.7675,2525,C,439567
93.25,92.6525,2550,C,439567
92.625,92.6225,2575,C,439567
92,92.6025,2600,C,439567
92.375,92.555,2625,C,439567
92.75,92.5625,2650,C,439567
92.125,92.5675,2675,C,439567
92.5,92.5975,2700,C,439567
91.875,92.645,2725,C,439567
92.25,92.7075,2750,C,439567
92.625,92.77,2775,C,439567
92,92.8325,2800,C,439567
92.375,92.8425,2825,C,439567
92.75,92.7975,2850,C,439567
93.125,92.735,2875,C,439567
93.5,92.6625,2900,C,439567
93.875,92.5375,2925,C,439567
94.25,92.4025,2950,C,439567
93.625,92.1825,2975,C,439567
93,92,3000,C,439567
92.375,91.86,3025,C,439567
91.75,91.6125,3050,C,439567
91.125,91.32,3075,C,439567
90.5,91.0175,3100,C,439567
89.875,90.695,3125,C,439567
89.25,90.3225,3150,C,439567
88.625,89.9475,3175,C,439567
90,89.5725,3200,C,439567
89.375,89.1975,3225,C,439567
88.75,88.8475,3250,C,439567
88.125,88.535,3275,C,439567
88.5,88.2225,3300,C,439567
88.875,87.9225,3325,C,439567
88.25,87.6725,3350,C,439567
87.625,87.4225,3375,C,439567
87,87.105,3400,C,439567
86.375,86.73,3425,C,439567
86.75,86.355,3450,C,439567
86.125,86.0175,3475,C,439567
85.5,85.6625,3500,C,439567
85.875,85.25,3525,C,439567
85.25,84.8125,3550,C,439567
84.625,84.375,3575,C,439567
84,83.9375,3600,C,439567
83.375,83.535,3625,C,439567
82.75,83.135,3650,C,439567
83.125,82.7325,3675,C,439567
82.5,82.3575,3700,C,439567
81.875,81.98,3725,C,439567
81.25,81.605,3750,C,439567
80.625,81.23,3775,C,439567
80,80.855,3800,C,439567
80.375,80.48,3825,C,439567
79.75,80.105,3850,C,439567
80.125,79.7325,3875,C,439567
79.5,79.3575,3900,C,439567
79.875,78.9825,3925,C,439567
79.25,78.6075,3950,C,439567
78.625,78.28,3975,C,439567
78,77.9675,4000,C,439567
77.375,77.62,4025,C,439567
76.75,77.25,4050,C,439567
77.125,76.9025,4075,C,439567
76.5,76.5275,4100,C,439567
75.875,76.2,4125,C,439567
75.25,75.825,4150,C,439567
75.625,75.54,4175,C,439567
75,75.29,4200,C,439567
74.375,75.065,4225,C,439567
74.75,74.8775,4250,C,439567
74.125,74.7375,4275,C,439567
73.5,74.6675,4300,C,439567
73.875,74.605,4325,C,439567
73.25,74.5425,4350,C,439567
74.625,74.4325,4375,C,439567
74,74.36,4400,C,439567
74.375,74.3725,4425,C,439567
73.75,74.43,4450,C,439567
75.125,74.43,4475,C,439567
75.5,74.4325,4500,C,439567
74.875,74.4725,4525,C,439567
74.25,74.535,4550,C,439567
73.625,74.545,4575,C,439567
75,74.545,4600,C,439567
75.375,74.52,4625,C,439567
74.75,74.4575,4650,C,439567
74.125,74.3075,4675,C,439567
74.5,74.15,4700,C,439567
74.875,74.025,4725,C,439567
74.25,73.9,4750,C,439567
74.625,73.775,4775,C,439567
74,73.6575,4800,C,439567
73.375,73.5125,4825,C,439567
72.75,73.325,4850,C,439567
72.125,73.19,4875,C,439567
73.5,73.0625,4900,C,439567
72.875,72.84,4925,C,439567
72.25,72.59,4950,C,439567
71.625,72.3025,4975,C,439567
72,71.99,5000,C,439567
72.375,71.6775,5025,C,439567
71.75,71.365,5050,C,439567
72.125,71.0525,5075,C,439567
71.5,70.655,5100,C,439567
70.875,70.2175,5125,C,439567
70.25,69.835,5150,C,439567
69.625,69.5225,5175,C,439567
69,69.15,5200,C,439567
68.375,68.72,5225,C,439567
67.75,68.2825,5250,C,439567
67.125,67.7925,5275,C,439567
66.5,67.2925,5300,C,439567
65.875,66.7925,5325,C,439567
67.25,66.3175,5350,C,439567
66.625,65.88,5375,C,439567
66,65.4425,5400,C,439567
65.375,65.0625,5425,C,439567
64.75,64.6875,5450,C,439567
64.125,64.3125,5475,C,439567
63.5,63.9375,5500,C,439567
62.875,63.5625,5525,C,439567
63.25,63.1325,5550,C,439567
62.625,62.6325,5575,C,439567
62,62.1425,5600,C,439567
62.375,61.76,5625,C,439567
61.75,61.46,5650,C,439567
61.125,61.21,5675,C,439567
60.5,60.96,5700,C,439567
59.875,60.71,5725,C,439567
59.25,60.435,5750,C,439567
58.625,60.1225,5775,C,439567
59,59.81,5800,C,439567
60.375,59.44,5825,C,439567
60.75,59.0725,5850,C,439567
60.125,58.76,5875,C,439567
59.5,58.4475,5900,C,439567
58.875,58.135,5925,C,439567
58.25,57.8225,5950,C,439567
57.625,57.51,5975,C,439567
57,57.1875,6000,C,439567
56.375,56.7575,6025,C,439567
56.75,56.245,6050,C,439567
56.125,55.6825,6075,C,439567
55.5,55.12,6100,C,439567
54.875,54.62,6125,C,439567
54.25,54.1825,6150,C,439567
53.625,53.745,6175,C,439567
53,53.3075,6200,C,439567
52.375,52.87,6225,C,439567
51.75,52.425,6250,C,439567
51.125,51.925,6275,C,439567
50.5,51.425,6300,C,439567
51.875,50.925,6325,C,439567
51.25,50.425,6350,C,439567
50.625,49.925,6375,C,439567
50,49.425,6400,C,439567
49.375,48.925,6425,C,439567
48.75,48.425,6450,C,439567
48.125,47.925,6475,C,439567
47.5,47.425,6500,C,439567
46.875,46.8625,6525,C,439567
46.25,46.2775,6550,C,439567
45.625,45.78,6575,C,439567
45,45.3425,6600,C,439567
44.375,44.905,6625,C,439567
43.75,44.4675,6650,C,439567
43.125,44.03,6675,C,439567
42.5,43.5925,6700,C,439567
41.875,43.1725,6725,C,439567
43.25,42.86,6750,C,439567
43.625,42.5625,6775,C,439567
43,42.3125,6800,C,439567
42.375,42.0625,6825,C,439567
41.75,41.8125,6850,C,439567
41.125,41.5625,6875,C,439567
40.5,41.3125,6900,C,439567
41.875,41.0625,6925,C,439567
41.25,40.7725,6950,C,439567
41.625,40.395,6975,C,439567
41,39.9575,7000,C,439567
40.375,39.52,7025,C,439567
39.75,39.0825,7050,C,439567
39.125,38.645,7075,C,439567
38.5,38.2075,7100,C,439567
37.875,37.7925,7125,C,439567
37.25,37.2925,7150,C,439567
36.625,36.7775,7175,C,439567
36,36.215,7200,C,439567
35.375,35.655,7225,C,439567
34.75,35.155,7250,C,439567
34.125,34.655,7275,C,439567
33.5,34.155,7300,C,439567
33.875,33.655,7325,C,439567
33.25,33.155,7350,C,439567
32.625,32.655,7375,C,439567
32,32.155,7400,C,439567
32.375,31.655,7425,C,439567
31.75,31.155,7450,C,439567
31.125,30.655,7475,C,439567
30.5,30.155,7500,C,439567
29.875,29.615,7525,C,439567
29.25,29.0625,7550,C,439567
28.625,28.5625,7575,C,439567
28,28.0625,7600,C,439567
27.375,27.56,7625,C,439567
26.75,26.9975,7650,C,439567
26.125,26.435,7675,C,439567
25.5,25.8725,7700,C,439567
24.875,25.31,7725,C,439567
25.25,24.7475,7750,C,439567
24.625,24.185,7775,C,439567
24,23.675,7800,C,439567
23.375,23.175,7825,C,439567
22.75,22.675,7850,C,439567
22.125,22.175,7875,C,439567
21.5,21.675,7900,C,439567
20.875,21.22,7925,C,439567
20.25,20.7725,7950,C,439567
19.625,20.2725,7975,C,439567
20,19.7725,8000,C,439567
19.375,19.2725,8025,C,439567
18.75,18.8225,8050,C,439567
18.125,18.4,8075,C,439567
17.5,18.025,8100,C,439567
17.875,17.65,8125,C,439567
17.25,17.275,8150,C,439567
16.625,16.9,8175,C,439567
16,16.4725,8200,C,439567
15.375,16.035,8225,C,439567
15.75,15.5975,8250,C,439567
16.125,15.16,8275,C,439567
15.5,14.7225,8300,C,439567
14.875,14.285,8325,C,439567
14.25,13.8475,8350,C,439567
13.625,13.41,8375,C,439567
13,12.9725,8400,C,439567
12.375,12.535,8425,C,439567
11.75,12.0475,8450,C,439567
11.125,11.5325,8475,C,439567
10.5,10.97,8500,C,439567
10.875,10.4075,8525,C,439567
10.25,9.84499999999998,8550,C,439567
9.62499999999998,9.28249999999998,8575,C,439567
8.99999999999998,8.71999999999998,8600,C,439567
8.37499999999998,8.15749999999998,8625,C,439567
7.74999999999998,7.59499999999998,8650,C,439567
7.12499999999998,7.03249999999998,8675,C,439567
6.49999999999998,6.46999999999998,8700,C,439567
5.87499999999998,5.86249999999998,8725,C,439567
5.24999999999998,5.25499999999998,8750,C,439567
4.62499999999998,4.69249999999998,8775,C,439567
3.99999999999998,4.12999999999998,8800,C,439567
3.37499999999998,3.56749999999998,8825,C,439567
2.74999999999998,3.00499999999998,8850,C,439567
2.12499999999998,2.44249999999998,8875,C,439567
1.49999999999998,1.87999999999998,8900,C,439567
0.874999999999983,1.31749999999998,8925,C,439567
1.24999999999998,0.754999999999983,8950,C,439567
0.624999999999983,0.192499999999983,8975,C,439567
-1.71737624121704e-14,-0.370000000000017,9000,C,439567
-0.625000000000017,-0.932500000000017,9025,C,439567
-1.25000000000002,-1.49500000000002,9050,C,439567
-1.87500000000002,-2.05750000000002,9075,C,439567
-2.50000000000002,-2.62000000000002,9100,C,439567
-3.12500000000002,-3.18250000000002,9125,C,439567
-3.75000000000002,-3.76250000000002,9150,C,439567
-4.37500000000002,-4.38750000000002,9175,C,439567
-5.00000000000002,-5.01250000000002,9200,C,439567
-5.62500000000002,-5.63750000000002,9225,C,439567
-6.25000000000002,-6.26250000000002,9250,C,439567
-6.87500000000002,-6.88750000000002,9275,C,439567
-7.50000000000002,-7.51250000000002,9300,C,439567
-8.12500000000002,-8.13750000000002,9325,C,439567
-8.75000000000002,-8.76250000000002,9350,C,439567
-9.37500000000002,-9.29000000000002,9375,C,439567
-10,-9.79000000000002,9400,C,439567
-10.625,-10.29,9425,C,439567
-11.25,-10.79,9450,C,439567
-11.875,-11.29,9475,C,439567
-12.5,-11.79,9500,C,439567
-13.125,-12.29,9525,C,439567
-13.75,-12.79,9550,C,439567
-12.375,-13.29,9575,C,439567
-13,-13.79,9600,C,439567
-13.625,-14.29,9625,C,439567
-14.25,-14.79,9650,C,439567
-14.875,-15.29,9675,C,439567
-15.5,-15.79,9700,C,439567
-16.125,-16.29,9725,C,439567
-16.75,-16.79,9750,C,439567
-17.375,-17.3875,9775,C,439567
-18,-18.0125,9800,C,439567
-18.625,-18.6375,9825,C,439567
-19.25,-19.2625,9850,C,439567
-19.875,-19.8875,9875,C,439567
-20.5,-20.5125,9900,C,439567
-21.125,-21.1375,9925,C,439567
-21.75,-21.7625,9950,C,439567
-22.375,-22.3875,9975,C,439567
-23,-23.0125,10000,C,439567
-23.625,-23.6375,10025,C,439567
-24.25,-24.2625,10050,C,439567
-24.875,-24.8875,10075,C,439567
-25.5,-25.5125,10100,C,439567
-26.125,-26.1375,10125,C,439567
-26.75,-26.7625,10150,C,439567
-27.375,-27.3875,10175,C,439567
-28,-28.0125,10200,C,439567
-28.625,-28.6375,10225,C,439567
-29.25,-29.2625,10250,C,439567
-29.875,-29.8875,10275,C,439567
-30.5,-30.5125,10300,C,439567
-31.125,-31.1375,10325,C,439567
-31.75,-31.7625,10350,C,439567
-32.375,-32.3875,10375,C,439567
-33,-33.0125,10400,C,439567
-33.625,-33.6375,10425,C,439567
-34.25,-34.2625,10450,C,439567
-34.875,-34.8475,10475,C,439567
-35.5,-35.41,10500,C,439567
-36.125,-35.9725,10525,C,439567
-36.75,-36.535,10550,C,439567
-37.375,-37.0975,10575,C,439567
-38,-37.66,10600,C,439567
-38.625,-38.2225,10625,C,439567
-39.25,-38.7625,10650,C,439567
-38.875,-39.2625,10675,C,439567
-39.5,-39.7625,10700,C,439567
-40.125,-40.2625,10725,C,439567
-40.75,-40.7625,10750,C,439567
-41.375,-41.2625,10775,C,439567
-42,-41.7625,10800,C,439567
-42.625,-42.2625,10825,C,439567
-42.25,-42.7625,10850,C,439567
-42.875,-43.3025,10875,C,439567
-43.5,-43.865,10900,C,439567
-44.125,-44.3875,10925,C,439567
-44.75,-44.8875,10950,C,439567
-45.375,-45.3875,10975,C,439567
-46,-45.8875,11000,C,439567
-46.625,-46.3875,11025,C,439567
-47.25,-46.91,11050,C,439567
-47.875,-47.4725,11075,C,439567
-48.5,-48.035,11100,C,439567
-48.125,-48.5975,11125,C,439567
-48.75,-49.16,11150,C,439567
-49.375,-49.7225,11175,C,439567
-50,-50.285,11200,C,439567
-50.625,-50.8475,11225,C,439567
-51.25,-51.41,11250,C,439567
-51.875,-51.9725,11275,C,439567
-52.5,-52.535,11300,C,439567
-53.125,-53.1375,11325,C,439567
-53.75,-53.7625,11350,C,439567
-54.375,-54.3875,11375,C,439567
-55,-55.0125,11400,C,439567
-55.625,-55.6375,11425,C,439567
-56.25,-56.2625,11450,C,439567
-56.875,-56.8875,11475,C,439567
-57.5,-57.5125,11500,C,439567
-58.125,-58.1375,11525,C,439567
-58.75,-58.7625,11550,C,439567
-59.375,-59.3875,11575,C,439567
-60,-60.0125,11600,C,439567
-60.625,-60.6375,11625,C,439567
-61.25,-61.2625,11650,C,439567
-61.875,-61.8875,11675,C,439567
-62.5,-62.5125,11700,C,439567
-63.125,-63.1375,11725,C,439567
-63.75,-63.7625,11750,C,439567
-64.375,-64.3875,11775,C,439567
-65,-65.0125,11800,C,439567
-65.625,-65.6375,11825,C,439567
-66.25,-66.2025,11850,C,439567
-66.875,-66.765,11875,C,439567
-67.5,-67.3275,11900,C,439567
-68.125,-67.89,11925,C,439567
-68.75,-68.4525,11950,C,439567
-69.375,-69.015,11975,C,439567
-70,-69.5775,12000,C,439567
-70.625,-70.14,12025,C,439567
-70.25,-70.7025,12050,C,439567
-70.875,-71.265,12075,C,439567
-71.5,-71.8275,12100,C,439567
-72.125,-72.39,12125,C,439567
-72.75,-72.9525,12150,C,439567
-73.375,-73.515,12175,C,439567
-74,-74.0775,12200,C,439567
-74.625,-74.64,12225,C,439567
-75.25,-75.2625,12250,C,439567
-75.875,-75.8875,12275,C,439567
-76.5,-76.5125,12300,C,439567
-77.125,-77.1375,12325,C,439567
-77.75,-77.7625,12350,C,439567
-78.375,-78.3875,12375,C,439567
-79,-79.0125,12400,C,439567
-79.625,-79.6375,12425,C,439567
-80.25,-80.2625,12450,C,439567
-80.875,-80.8875,12475,C,439567
-81.5,-81.5125,12500,C,439567
-82.125,-82.1375,12525,C,439567
-82.75,-82.7625,12550,C,439567
-83.375,-83.3875,12575,C,439567
-84,-84.0125,12600,C,439567
-84.625,-84.6375,12625,C,439567
-85.25,-85.2625,12650,C,439567
-85.875,-85.8875,12675,C,439567
-86.5,-86.47,12700,C,439567
-87.125,-87.0325,12725,C,439567
-87.75,-87.595,12750,C,439567
-88.375,-88.1575,12775,C,439567
-89,-88.72,12800,C,439567
-89.625,-89.2825,12825,C,439567
-90.25,-89.845,12850,C,439567
-90.875,-90.4075,12875,C,439567
-90.5,-90.97,12900,C,439567
-91.125,-91.5325,12925,C,439567
-91.75,-92.095,12950,C,439567
-92.375,-92.6575,12975,C,439567
-93,-93.22,13000,C,439567
-93.625,-93.7825,13025,C,439567
-94.25,-94.345,13050,C,439567
-94.875,-94.9075,13075,C,439567
-95.5,-95.5125,13100,C,439567
-96.125,-96.1375,13125,C,439567
-96.75,-96.7625,13150,C,439567
-97.375,-97.3875,13175,C,439567
-98,-98.0125,13200,C,439567
-98.625,-98.6375,13225,C,439567
-99.25,-99.2625,13250,C,439567
-99.875,-99.8875,13275,C,439567
-100.5,-100.5125,13300,C,439567
-101.125,-101.08,13325,C,439567
-101.75,-101.6425,13350,C,439567
-102.375,-102.205,13375,C,439567
-103,-102.7675,13400,C,439567
-103.625,-103.33,13425,C,439567
-104.25,-103.8925,13450,C,439567
-104.875,-104.455,13475,C,439567
-105.5,-105.0175,13500,C,439567
-105.125,-105.58,13525,C,439567
-105.75,-106.1425,13550,C,439567
-106.375,-106.705,13575,C,439567
-107,-107.2675,13600,C,439567
-107.625,-107.83,13625,C,439567
-108.25,-108.3925,13650,C,439567
-108.875,-108.955,13675,C,439567
-109.5,-109.495,13700,C,439567
-110.125,-110.0525,13725,C,439567
-110.75,-110.615,13750,C,439567
-111.375,-111.1775,13775,C,439567
-112,-111.74,13800,C,439567
-112.625,-112.3025,13825,C,439567
-113.25,-112.865,13850,C,439567
-113.875,-113.4275,13875,C,439567
-113.5,-113.99,13900,C,439567
-114.125,-114.5525,13925,C,439567
-114.75,-115.115,13950,C,439567
-115.375,-115.6775,13975,C,439567
-116,-116.24,14000,C,439567
-116.625,-116.8025,14025,C,439567
-117.25,-117.365,14050,C,439567
-117.875,-117.9275,14075,C,439567
-118.5,-118.5125,14100,C,439567
-119.125,-119.1375,14125,C,439567
-119.75,-119.7625,14150,C,439567
-120.375,-120.3875,14175,C,439567
-121,-121.0125,14200,C,439567
-121.625,-121.6375,14225,C,439567
-122.25,-122.2625,14250,C,439567
-122.875,-122.8875,14275,C,439567
-123.5,-123.5125,14300,C,439567
-124.125,-124.1375,14325,C,439567
-124.75,-124.7625,14350,C,439567
-125.375,-125.3875,14375,C,439567
-126,-126.0075,14400,C,439567
-126.625,-126.57,14425,C,439567
-127.25,-127.1325,14450,C,439567
-127.875,-127.695,14475,C,439567
-128.5,-128.2575,14500,C,439567
-129.125,-128.82,14525,C,439567
-129.75,-129.3825,14550,C,439567
-130.375,-129.945,14575,C,439567
-130,-130.5075,14600,C,439567
-130.625,-131.07,14625,C,439567
-131.25,-131.6325,14650,C,439567
-131.875,-132.195,14675,C,439567
-132.5,-132.7575,14700,C,439567
-133.125,-133.32,14725,C,439567
-133.75,-133.8825,14750,C,439567
-134.375,-134.445,14775,C,439567
-135,-135.0125,14800,C,439567
-135.625,-135.6375,14825,C,439567
-136.25,-136.2625,14850,C,439567
-136.875,-136.8875,14875,C,439567
-137.5,-137.5125,14900,C,439567
-138.125,-138.1375,14925,C,439567
-138.75,-138.7625,14950,C,439567
-139.375,-139.3875,14975,C,439567
-140,-140.0125,15000,C,439567
-140.625,-140.6375,15025,C,439567
-141.25,-141.2625,15050,C,439567
-141.875,-141.8875,15075,C,439567
-142.5,-142.5125,15100,C,439567
-143.125,-143.1375,15125,C,439567
-143.75,-143.7625,15150,C,439567
-144.375,-144.3875,15175,C,439567
-145,-145.0125,15200,C,439567
-145.625,-145.6375,15225,C,439567
-146.25,-146.2625,15250,C,439567
-146.875,-146.8875,15275,C,439567
-147.5,-147.5125,15300,C,439567
-148.125,-148.1375,15325,C,439567
-148.75,-148.7625,15350,C,439567
-149.375,-149.3875,15375,C,439567
-150,-150.005,15400,C,439567
-150.625,-150.5675,15425,C,439567
-151.25,-151.13,15450,C,439567
-151.875,-151.6925,15475,C,439567
-152.5,-152.255,15500,C,439567
-153.125,-152.8175,15525,C,439567
-153.75,-153.38,15550,C,439567
-154.375,-153.9425,15575,C,439567
-154,-154.505,15600,C,439567
-154.625,-155.0675,15625,C,439567
-155.25,-155.63,15650,C,439567
-155.875,-156.1925,15675,C,439567
-156.5,-156.755,15700,C,439567
-157.125,-157.3175,15725,C,439567
-157.75,-157.88,15750,C,439567
-158.375,-158.4425,15775,C,439567
-159,-159.0125,15800,C,439567
-159.625,-159.6375,15825,C,439567
-160.25,-160.2625,15850,C,439567
-160.875,-160.8875,15875,C,439567
-161.5,-161.5125,15900,C,439567
-162.125,-162.1375,15925,C,439567
-162.75,-162.7625,15950,C,439567
-163.375,-163.3875,15975,C,439567
-164,-164.0125,16000,C,439567
-164.625,-164.6375,16025,C,439567
-165.25,-165.2625,16050,C,439567
-165.875,-165.8875,16075,C,439567
-166.5,-166.5125,16100,C,439567
-167.125,-167.1375,16125,C,439567
-167.75,-167.7625,16150,C,439567
-168.375,-168.3875,16175,C,439567
-169,-169.0125,16200,C,439567
-169.625,-169.6375,16225,C,439567
-170.25,-170.2625,16250,C,439567
-170.875,-170.8875,16275,C,439567
-171.5,-171.5125,16300,C,439567
-172.125,-172.1375,16325,C,439567
-172.75,-172.7625,16350,C,439567
-173.375,-173.3875,16375,C,439567
-174,-174.0125,16400,C,439567
-174.625,-174.6375,16425,C,439567
-175.25,-175.2625,16450,C,439567
-175.875,-175.8875,16475,C,439567
-176.5,-176.5125,16500,C,439567
-177.125,-177.1375,16525,C,439567
-177.75,-177.7625,16550,C,439567
-178.375,-178.3875,16575,C,439567
-179,-179.0125,16600,C,439567
-179.625,-179.6375,16625,C,439567
-180.25,-180.2625,16650,C,439567
-180.875,-180.8875,16675,C,439567
-181.5,-181.49,16700,C,439567
-182.125,-182.0525,16725,C,439567
-182.75,-182.615,16750,C,439567
-183.375,-183.1775,16775,C,439567
-184,-183.74,16800,C,439567
-184.625,-184.3025,16825,C,439567
-185.25,-184.865,16850,C,439567
-185.875,-185.4275,16875,C,439567
-185.5,-185.99,16900,C,439567
-186.125,-186.5525,16925,C,439567
-186.75,-187.115,16950,C,439567
-187.375,-187.6775,16975,C,439567
-188,-188.24,17000,C,439567
-188.625,-188.8025,17025,C,439567
-189.25,-189.365,17050,C,439567
-189.875,-189.9275,17075,C,439567
-190.5,-190.5125,17100,C,439567
-191.125,-191.1375,17125,C,439567
-191.75,-191.7625,17150,C,439567
-192.375,-192.3875,17175,C,439567
-193,-193.0125,17200,C,439567
-193.625,-193.6375,17225,C,439567
-194.25,-194.2625,17250,C,439567
-194.875,-194.8875,17275,C,439567
-195.5,-195.5125,17300,C,439567
-196.125,-196.1375,17325,C,439567
-196.75,-196.7625,17350,C,439567
-197.375,-197.3875,17375,C,439567
-198,-198.0125,17400,C,439567
-198.625,-198.6375,17425,C,439567
-199.25,-199.2625,17450,C,439567
-199.875,-199.8875,17475,C,439567
-200.5,-200.5125,17500,C,439567
-201.125,-201.1375,17525,C,439567
-201.75,-201.7625,17550,C,439567
-202.375,-202.3875,17575,C,439567
-203,-203.0125,17600,C,439567
-203.625,-203.6375,17625,C,439567
-204.25,-204.2625,17650,C,439567
-204.875,-204.8875,17675,C,439567
-205.5,-205.5125,17700,C,439567
-206.125,-206.1375,17725,C,439567
-206.75,-206.755,17750,C,439567
-207.375,-207.3175,17775,C,439567
-208,-207.88,17800,C,439567
-208.625,-208.4425,17825,C,439567
-209.25,-209.005,17850,C,439567
-209.875,-209.5675,17875,C,439567
-210.5,-210.13,17900,C,439567
-211.125,-210.6925,17925,C,439567
-210.75,-211.255,17950,C,439567
-211.375,-211.815,17975,C,439567
-212,-212.315,18000,C,439567
-212.625,-212.815,18025,C,439567
-213.25,-213.3025,18050,C,439567
-213.875,-213.74,18075,C,439567
-214.5,-214.1775,18100,C,439567
-215.125,-214.615,18125,C,439567
-215.75,-215.06,18150,C,439567
-215.375,-215.56,18175,C,439567
-216,-216.06,18200,C,439567
-216.625,-216.56,18225,C,439567
-216.25,-217.06,18250,C,439567
-216.875,-217.56,18275,C,439567
-217.5,-218.06,18300,C,439567
-218.125,-218.56,18325,C,439567
-218.75,-219.06,18350,C,439567
-219.375,-219.5625,18375,C,439567
-220,-220.125,18400,C,439567
-220.625,-220.6875,18425,C,439567
-221.25,-221.2625,18450,C,439567
-221.875,-221.8875,18475,C,439567
-222.5,-222.5125,18500,C,439567
-223.125,-223.1375,18525,C,439567
-223.75,-223.7625,18550,C,439567
-224.375,-224.3875,18575,C,439567
-225,-225.0125,18600,C,439567
-225.625,-225.6375,18625,C,439567
-226.25,-226.2625,18650,C,439567
-226.875,-226.8875,18675,C,439567
-227.5,-227.5125,18700,C,439567
-228.125,-228.1375,18725,C,439567
-228.75,-228.7625,18750,C,439567
-229.375,-229.3875,18775,C,439567
-230,-230.0125,18800,C,439567
-230.625,-230.6375,18825,C,439567
-231.25,-231.2625,18850,C,439567
-231.875,-231.8875,18875,C,439567
-232.5,-232.5125,18900,C,439567
-233.125,-233.1375,18925,C,439567
-233.75,-233.7625,18950,C,439567
-234.375,-234.3875,18975,C,439567
-235,-235.0125,19000,C,439567
-235.625,-235.6375,19025,C,439567
-236.25,-236.2625,19050,C,439567
-236.875,-236.8875,19075,C,439567
-237.5,-237.5125,19100,C,439567
-238.125,-238.1375,19125,C,439567
-238.75,-238.7625,19150,C,439567
-239.375,-239.3875,19175,C,439567
-240,-240.0125,19200,C,439567
-240.625,-240.6375,19225,C,439567
-241.25,-241.2625,19250,C,439567
-241.875,-241.8875,19275,C,439567
-242.5,-242.5125,19300,C,439567
-243.125,-243.1375,19325,C,439567
-243.75,-243.7625,19350,C,439567
-244.375,-244.3875,19375,C,439567
-245,-245.0125,19400,C,439567
-245.625,-245.585,19425,C,439567
-246.25,-246.1475,19450,C,439567
-246.875,-246.71,19475,C,439567
-247.5,-247.2725,19500,C,439567
-248.125,-247.835,19525,C,439567
-248.75,-248.3975,19550,C,439567
-249.375,-248.96,19575,C,439567
-250,-249.5225,19600,C,439567
-249.625,-250.085,19625,C,439567
-250.25,-250.6475,19650,C,439567
-250.875,-251.21,19675,C,439567
-251.5,-251.7725,19700,C,439567
-252.125,-252.335,19725,C,439567
-252.75,-252.8975,19750,C,439567
-253.375,-253.46,19775,C,439567
-254,-254.0225,19800,C,439567
-254.625,-254.6375,19825,C,439567
-255.25,-255.2625,19850,C,439567
-255.875,-255.8875,19875,C,439567
-256.5,-256.5125,19900,C,439567
-257.125,-257.1375,19925,C,439567
-257.75,-257.7625,19950,C,439567
-258.375,-258.3875,19975,C,439567
-259,-259.0125,20000,C,439567
2.375,,25,C,539503
2.75,,50,C,539503
3.125,,75,C,539503
6.5,,100,C,539503
9.875,,125,C,539503
16.25,,150,C,539503
19.625,,175,C,539503
20,19.6075,200,C,539503
25.375,22.1375,225,C,539503
26.75,24.67,250,C,539503
26.125,27.2975,275,C,539503
30.5,29.9225,300,C,539503
30.875,32.4225,325,C,539503
35.25,34.67,350,C,539503
36.625,36.82,375,C,539503
40,38.9125,400,C,539503
42.375,40.915,425,C,539503
44.75,42.8225,450,C,539503
46.125,44.855,475,C,539503
48.5,46.835,500,C,539503
49.875,48.92,525,C,539503
51.25,51.0025,550,C,539503
52.625,53.005,575,C,539503
54,54.8825,600,C,539503
54.375,56.7075,625,C,539503
58.75,58.3925,650,C,539503
59.125,59.9225,675,C,539503
62.5,61.42,700,C,539503
64.875,62.9025,725,C,539503
67.25,64.5025,750,C,539503
67.625,65.98,775,C,539503
70,67.4275,800,C,539503
70.375,68.9975,825,C,539503
69.75,70.4025,850,C,539503
70.125,71.6675,875,C,539503
71.5,72.9125,900,C,539503
72.875,73.985,925,C,539503
76.25,74.8675,950,C,539503
75.625,75.765,975,C,539503
77,76.6225,1000,C,539503
79.375,77.415,1025,C,539503
78.75,78.175,1050,C,539503
79.125,79.0375,1075,C,539503
81.5,79.95,1100,C,539503
80.875,80.8575,1125,C,539503
80.25,81.53,1150,C,539503
82.625,82.1575,1175,C,539503
83,82.7725,1200,C,539503
82.375,83.2225,1225,C,539503
82.75,83.74,1250,C,539503
83.125,84.3075,1275,C,539503
87.5,84.8325,1300,C,539503
86.875,85.375,1325,C,539503
86.25,85.9375,1350,C,539503
86.625,86.3675,1375,C,539503
86,86.7625,1400,C,539503
86.375,87.2175,1425,C,539503
87.75,87.77,1450,C,539503
89.125,88.2175,1475,C,539503
89.5,88.495,1500,C,539503
89.875,88.6825,1525,C,539503
89.25,88.9325,1550,C,539503
88.625,89.3225,1575,C,539503
89,89.6975,1600,C,539503
91.375,90.04,1625,C,539503
90.75,90.2725,1650,C,539503
90.125,90.415,1675,C,539503
90.5,90.51,1700,C,539503
89.875,90.5525,1725,C,539503
92.25,90.615,1750,C,539503
92.625,90.725,1775,C,539503
92,90.915,1800,C,539503
91.375,91.0225,1825,C,539503
90.75,91.0275,1850,C,539503
91.125,91.09,1875,C,539503
90.5,91.1975,1900,C,539503
90.875,91.26,1925,C,539503
90.25,91.26,1950,C,539503
92.625,91.1175,1975,C,539503
92,90.985,2000,C,539503
91.375,90.9675,2025,C,539503
91.75,91.0825,2050,C,539503
91.125,91.2625,2075,C,539503
91.5,91.3875,2100,C,539503
90.875,91.49,2125,C,539503
90.25,91.605,2150,C,539503
89.625,91.6825,2175,C,539503
91,91.62,2200,C,539503
92.375,91.5575,2225,C,539503
93.75,91.5075,2250,C,539503
93.125,91.445,2275,C,539503
92.5,91.3575,2300,C,539503
91.875,91.335,2325,C,539503
92.25,91.3975,2350,C,539503
91.625,91.46,2375,C,539503
91,91.4675,2400,C,539503
90.375,91.36,2425,C,539503
90.75,91.12,2450,C,539503
90.125,90.8075,2475,C,539503
90.5,90.555,2500,C,539503
91.875,90.38,2525,C,539503
91.25,90.2025,2550,C,539503
90.625,90.015,2575,C,539503
90,89.8525,2600,C,539503
89.375,89.7275,2625,C,539503
88.75,89.6825,2650,C,539503
88.125,89.62,2675,C,539503
88.5,89.535,2700,C,539503
89.875,89.405,2725,C,539503
89.25,89.2675,2750,C,539503
88.625,89.1425,2775,C,539503
89,89.0175,2800,C,539503
88.375,88.8925,2825,C,539503
89.75,88.78,2850,C,539503
89.125,88.755,2875,C,539503
88.5,88.695,2900,C,539503
88.875,88.5575,2925,C,539503
89.25,88.3875,2950,C,539503
88.625,88.2625,2975,C,539503
88,88.15,3000,C,539503
87.375,88.0325,3025,C,539503
87.75,87.885,3050,C,539503
88.125,87.76,3075,C,539503
87.5,87.635,3100,C,539503
86.875,87.505,3125,C,539503
87.25,87.33,3150,C,539503
86.625,87.1425,3175,C,539503
87,86.955,3200,C,539503
87.375,86.7675,3225,C,539503
87.75,86.6075,3250,C,539503
87.125,86.42,3275,C,539503
86.5,86.2325,3300,C,539503
86.875,86.045,3325,C,539503
86.25,85.84,3350,C,539503
85.625,85.6425,3375,C,539503
85,85.4175,3400,C,539503
84.375,85.2125,3425,C,539503
84.75,84.95,3450,C,539503
85.125,84.6375,3475,C,539503
84.5,84.325,3500,C,539503
83.875,83.9825,3525,C,539503
83.25,83.6075,3550,C,539503
83.625,83.295,3575,C,539503
83,83.045,3600,C,539503
83.375,82.8275,3625,C,539503
82.75,82.6,3650,C,539503
82.125,82.3525,3675,C,539503
81.5,82.1025,3700,C,539503
80.875,81.8725,3725,C,539503
80.25,81.685,3750,C,539503
81.625,81.445,3775,C,539503
81,81.195,3800,C,539503
81.375,80.8925,3825,C,539503
80.75,80.635,3850,C,539503
81.125,80.385,3875,C,539503
80.5,80.135,3900,C,539503
80.875,79.9275,3925,C,539503
80.25,79.74,3950,C,539503
79.625,79.49,3975,C,539503
79,79.2175,4000,C,539503
78.375,78.9525,4025,C,539503
78.75,78.7025,4050,C,539503
78.125,78.4125,4075,C,539503
77.5,78.1375,4100,C,539503
77.875,77.9275,4125,C,539503
77.25,77.6775,4150,C,539503
76.625,77.4275,4175,C,539503
77,77.1775,4200,C,539503
77.375,76.9275,4225,C,539503
76.75,76.675,4250,C,539503
76.125,76.425,4275,C,539503
76.5,76.225,4300,C,539503
76.875,75.995,4325,C,539503
76.25,75.8375,4350,C,539503
75.625,75.7125,4375,C,539503
75,75.6,4400,C,539503
74.375,75.4575,4425,C,539503
74.75,75.27,4450,C,539503
74.125,75.0825,4475,C,539503
74.5,74.8575,4500,C,539503
73.875,74.5475,4525,C,539503
75.25,74.235,4550,C,539503
74.625,73.9225,4575,C,539503
75,73.61,4600,C,539503
74.375,73.2975,4625,C,539503
73.75,72.9325,4650,C,539503
73.125,72.5575,4675,C,539503
72.5,72.16,4700,C,539503
71.875,71.8475,4725,C,539503
71.25,71.4425,4750,C,539503
70.625,71.005,4775,C,539503
70,70.515,4800,C,539503
69.375,70.015,4825,C,539503
68.75,69.5625,4850,C,539503
68.125,69.125,4875,C,539503
69.5,68.6875,4900,C,539503
68.875,68.3125,4925,C,539503
68.25,67.9375,4950,C,539503
67.625,67.5625,4975,C,539503
67,67.1875,5000,C,539503
66.375,66.8125,5025,C,539503
66.75,66.4375,5050,C,539503
66.125,66.0625,5075,C,539503
65.5,65.6875,5100,C,539503
65.875,65.29,5125,C,539503
65.25,64.915,5150,C,539503
64.625,64.54,5175,C,539503
64,64.165,5200,C,539503
63.375,63.8675,5225,C,539503
62.75,63.57,5250,C,539503
62.125,63.2575,5275,C,539503
62.5,63.0075,5300,C,539503
62.875,62.695,5325,C,539503
62.25,62.3825,5350,C,539503
61.625,62.085,5375,C,539503
61,61.835,5400,C,539503
62.375,61.655,5425,C,539503
61.75,61.53,5450,C,539503
61.125,61.405,5475,C,539503
61.5,61.2825,5500,C,539503
60.875,61.1175,5525,C,539503
60.25,60.93,5550,C,539503
60.625,60.7425,5575,C,539503
60,60.555,5600,C,539503
61.375,60.29,5625,C,539503
60.75,60.025,5650,C,539503
60.125,59.8175,5675,C,539503
60.5,59.5675,5700,C,539503
59.875,59.3175,5725,C,539503
59.25,59.1175,5750,C,539503
58.625,58.9275,5775,C,539503
58,58.765,5800,C,539503
57.375,58.57,5825,C,539503
57.75,58.32,5850,C,539503
58.125,58.085,5875,C,539503
57.5,57.8675,5900,C,539503
56.875,57.6675,5925,C,539503
57.25,57.48,5950,C,539503
57.625,57.2925,5975,C,539503
58,57.105,6000,C,539503
57.375,56.9175,6025,C,539503
56.75,56.6825,6050,C,539503
57.125,56.39,6075,C,539503
56.5,56.0775,6100,C,539503
56.875,55.765,6125,C,539503
56.25,55.4025,6150,C,539503
55.625,55.015,6175,C,539503
55,54.5525,6200,C,539503
54.375,54.0525,6225,C,539503
53.75,53.565,6250,C,539503
53.125,53.1125,6275,C,539503
52.5,52.6125,6300,C,539503
51.875,52.0625,6325,C,539503
51.25,51.5,6350,C,539503
50.625,50.9375,6375,C,539503
50,50.375,6400,C,539503
49.375,49.8125,6425,C,539503
49.75,49.25,6450,C,539503
49.125,48.745,6475,C,539503
48.5,48.245,6500,C,539503
47.875,47.745,6525,C,539503
47.25,47.245,6550,C,539503
46.625,46.745,6575,C,539503
46,46.245,6600,C,539503
45.375,45.745,6625,C,539503
44.75,45.2825,6650,C,539503
45.125,44.7825,6675,C,539503
44.5,44.2825,6700,C,539503
43.875,43.8075,6725,C,539503
43.25,43.37,6750,C,539503
42.625,42.9325,6775,C,539503
42,42.495,6800,C,539503
41.375,42.0575,6825,C,539503
41.75,41.625,6850,C,539503
41.125,41.1925,6875,C,539503
40.5,40.755,6900,C,539503
40.875,40.3175,6925,C,539503
40.25,39.88,6950,C,539503
39.625,39.4425,6975,C,539503
39,39.005,7000,C,539503
38.375,38.5675,7025,C,539503
38.75,38.08,7050,C,539503
38.125,37.58,7075,C,539503
37.5,37.08,7100,C,539503
36.875,36.555,7125,C,539503
36.25,35.9925,7150,C,539503
35.625,35.43,7175,C,539503
35,34.8675,7200,C,539503
34.375,34.305,7225,C,539503
33.75,33.7375,7250,C,539503
33.125,33.1125,7275,C,539503
32.5,32.4875,7300,C,539503
31.875,31.9125,7325,C,539503
31.25,31.3525,7350,C,539503
30.625,30.91,7375,C,539503
30,30.48,7400,C,539503
29.375,30.105,7425,C,539503
28.75,29.73,7450,C,539503
28.125,29.355,7475,C,539503
27.5,28.98,7500,C,539503
27.875,28.645,7525,C,539503
28.25,28.3325,7550,C,539503
28.625,28.02,7575,C,539503
29,27.7075,7600,C,539503
28.375,27.395,7625,C,539503
27.75,27.0825,7650,C,539503
27.125,26.77,7675,C,539503
26.5,26.4575,7700,C,539503
26.875,26.15,7725,C,539503
26.25,25.835,7750,C,539503
25.625,25.4025,7775,C,539503
25,24.9575,7800,C,539503
24.375,24.4575,7825,C,539503
23.75,23.9575,7850,C,539503
23.125,23.4575,7875,C,539503
22.5,22.9575,7900,C,539503
22.875,22.4175,7925,C,539503
22.25,21.855,7950,C,539503
21.625,21.2925,7975,C,539503
21,20.73,8000,C,539503
20.375,20.1675,8025,C,539503
19.75,19.605,8050,C,539503
19.125,19.0425,8075,C,539503
18.5,18.48,8100,C,539503
17.875,17.8625,8125,C,539503
17.25,17.2375,8150,C,539503
16.625,16.6125,8175,C,539503
16,15.9875,8200,C,539503
15.375,15.3625,8225,C,539503
14.75,14.7375,8250,C,539503
14.125,14.1125,8275,C,539503
13.5,13.4875,8300,C,539503
12.875,12.8625,8325,C,539503
12.25,12.2375,8350,C,539503
11.625,11.6625,8375,C,539503
11,11.1,8400,C,539503
10.375,10.5375,8425,C,539503
9.74999999999998,10.005,8450,C,539503
9.12499999999998,9.50499999999998,8475,C,539503
8.49999999999998,9.00499999999998,8500,C,539503
7.87499999999998,8.50499999999998,8525,C,539503
7.24999999999998,8.00499999999998,8550,C,539503
7.62499999999998,7.50499999999998,8575,C,539503
6.99999999999998,7.00499999999998,8600,C,539503
6.37499999999998,6.50499999999998,8625,C,539503
6.74999999999998,6.00499999999998,8650,C,539503
6.12499999999998,5.50499999999998,8675,C,539503
5.49999999999998,5.00499999999998,8700,C,539503
4.87499999999998,4.50499999999998,8725,C,539503
4.24999999999998,4.00499999999998,8750,C,539503
3.62499999999998,3.45499999999998,8775,C,539503
2.99999999999998,2.89249999999998,8800,C,539503
2.37499999999998,2.32999999999998,8825,C,539503
1.74999999999998,1.73749999999998,8850,C,539503
1.12499999999998,1.12749999999998,8875,C,539503
0.499999999999983,0.564999999999983,8900,C,539503
-0.125000000000017,0.00249999999998301,8925,C,539503
-0.750000000000017,-0.560000000000017,8950,C,539503
-1.37500000000002,-1.12250000000002,8975,C,539503
-2.00000000000002,-1.68500000000002,9000,C,539503
-2.62500000000002,-2.24750000000002,9025,C,539503
-3.25000000000002,-2.81000000000002,9050,C,539503
-2.87500000000002,-3.37250000000002,9075,C,539503
-3.50000000000002,-3.93500000000002,9100,C,539503
-4.12500000000002,-4.49750000000002,9125,C,539503
-4.75000000000002,-5.06000000000002,9150,C,539503
-5.37500000000002,-5.62250000000002,9175,C,539503
-6.00000000000002,-6.18500000000002,9200,C,539503
-6.62500000000002,-6.74750000000002,9225,C,539503
-7.25000000000002,-7.31000000000002,9250,C,539503
-7.87500000000002,-7.88750000000002,9275,C,539503
-8.50000000000002,-8.51250000000002,9300,C,539503
-9.12500000000002,-9.13750000000002,9325,C,539503
-9.75000000000002,-9.76250000000002,9350,C,539503
-10.375,-10.3875,9375,C,539503
-11,-11.0125,9400,C,539503
-11.625,-11.6375,9425,C,539503
-12.25,-12.2625,9450,C,539503
-12.875,-12.8875,9475,C,539503
-13.5,-13.5125,9500,C,539503
-14.125,-14.1375,9525,C,539503
-14.75,-14.7225,9550,C,539503
-15.375,-15.285,9575,C,539503
-16,-15.8475,9600,C,539503
-16.625,-16.41,9625,C,539503
-17.25,-16.9725,9650,C,539503
-17.875,-17.535,9675,C,539503
-18.5,-18.0975,9700,C,539503
-19.125,-18.66,9725,C,539503
-18.75,-19.2225,9750,C,539503
-19.375,-19.785,9775,C,539503
-20,-20.3475,9800,C,539503
-20.625,-20.91,9825,C,539503
-21.25,-21.4625,9850,C,539503
-21.875,-21.9625,9875,C,539503
-22.5,-22.4625,9900,C,539503
-23.125,-22.9625,9925,C,539503
-23.75,-23.5025,9950,C,539503
-24.375,-24.065,9975,C,539503
-25,-24.6275,10000,C,539503
-25.625,-25.19,10025,C,539503
-25.25,-25.7525,10050,C,539503
-25.875,-26.315,10075,C,539503
-26.5,-26.8775,10100,C,539503
-27.125,-27.44,10125,C,539503
-27.75,-28.0025,10150,C,539503
-28.375,-28.5275,10175,C,539503
-29,-28.965,10200,C,539503
-29.625,-29.4025,10225,C,539503
-30.25,-29.85,10250,C,539503
-30.875,-30.29,10275,C,539503
-31.5,-30.7275,10300,C,539503
-32.125,-31.165,10325,C,539503
-32.75,-31.6025,10350,C,539503
-31.375,-32.04,10375,C,539503
-32,-32.4775,10400,C,539503
-32.625,-32.915,10425,C,539503
-33.25,-33.3525,10450,C,539503
-32.875,-33.79,10475,C,539503
-33.5,-34.19,10500,C,539503
-34.125,-34.565,10525,C,539503
-34.75,-34.8925,10550,C,539503
-35.375,-35.2425,10575,C,539503
-36,-35.68,10600,C,539503
-36.625,-36.1175,10625,C,539503
-37.25,-36.555,10650,C,539503
-37.875,-37.0525,10675,C,539503
-37.5,-37.51,10700,C,539503
-38.125,-37.9475,10725,C,539503
-37.75,-38.385,10750,C,539503
-38.375,-38.8225,10775,C,539503
-39,-39.26,10800,C,539503
-39.625,-39.6975,10825,C,539503
-40.25,-40.135,10850,C,539503
-40.875,-40.5725,10875,C,539503
-40.5,-41.0475,10900,C,539503
-41.125,-41.5475,10925,C,539503
-41.75,-42.095,10950,C,539503
-42.375,-42.6575,10975,C,539503
-43,-43.22,11000,C,539503
-43.625,-43.7825,11025,C,539503
-44.25,-44.345,11050,C,539503
-44.875,-44.9075,11075,C,539503
-45.5,-45.5125,11100,C,539503
-46.125,-46.1375,11125,C,539503
-46.75,-46.7625,11150,C,539503
-47.375,-47.3875,11175,C,539503
-48,-48.0125,11200,C,539503
-48.625,-48.6375,11225,C,539503
-49.25,-49.2625,11250,C,539503
-49.875,-49.8875,11275,C,539503
-50.5,-50.5125,11300,C,539503
-51.125,-51.1375,11325,C,539503
-51.75,-51.7625,11350,C,539503
-52.375,-52.3875,11375,C,539503
-53,-53.0125,11400,C,539503
-53.625,-53.6375,11425,C,539503
-54.25,-54.2625,11450,C,539503
-54.875,-54.8875,11475,C,539503
-55.5,-55.5125,11500,C,539503
-56.125,-56.1375,11525,C,539503
-56.75,-56.7625,11550,C,539503
-57.375,-57.3875,11575,C,539503
-58,-58.0125,11600,C,539503
-58.625,-58.6375,11625,C,539503
-59.25,-59.2625,11650,C,539503
-59.875,-59.8875,11675,C,539503
-60.5,-60.5125,11700,C,539503
-61.125,-61.1375,11725,C,539503
-61.75,-61.7025,11750,C,539503
-62.375,-62.265,11775,C,539503
-63,-62.8275,11800,C,539503
-63.625,-63.39,11825,C,539503
-64.25,-63.9525,11850,C,539503
-64.875,-64.4825,11875,C,539503
-65.5,-64.9525,11900,C,539503
-66.125,-65.39,11925,C,539503
-65.75,-65.8275,11950,C,539503
-66.375,-66.265,11975,C,539503
-67,-66.7025,12000,C,539503
-67.625,-67.14,12025,C,539503
-68.25,-67.5775,12050,C,539503
-67.875,-68.015,12075,C,539503
-67.5,-68.4525,12100,C,539503
-68.125,-68.89,12125,C,539503
-68.75,-69.3875,12150,C,539503
-69.375,-69.8875,12175,C,539503
-70,-70.3875,12200,C,539503
-70.625,-70.8875,12225,C,539503
-71.25,-71.3875,12250,C,539503
-71.875,-71.92,12275,C,539503
-72.5,-72.5125,12300,C,539503
-73.125,-73.1375,12325,C,539503
-73.75,-73.7625,12350,C,539503
-74.375,-74.3875,12375,C,539503
-75,-75.0125,12400,C,539503
-75.625,-75.6375,12425,C,539503
-76.25,-76.2625,12450,C,539503
-76.875,-76.8875,12475,C,539503
-77.5,-77.5125,12500,C,539503
-78.125,-78.1375,12525,C,539503
-78.75,-78.7625,12550,C,539503
-79.375,-79.3875,12575,C,539503
-80,-80.0125,12600,C,539503
-80.625,-80.6375,12625,C,539503
-81.25,-81.2625,12650,C,539503
-81.875,-81.8875,12675,C,539503
-82.5,-82.5125,12700,C,539503
-83.125,-83.1375,12725,C,539503
-83.75,-83.7625,12750,C,539503
-84.375,-84.3875,12775,C,539503
-85,-85.0125,12800,C,539503
-85.625,-85.6375,12825,C,539503
-86.25,-86.2625,12850,C,539503
-86.875,-86.8875,12875,C,539503
-87.5,-87.5125,12900,C,539503
-88.125,-88.1375,12925,C,539503
-88.75,-88.7625,12950,C,539503
-89.375,-89.3875,12975,C,539503
-90,-90.0125,13000,C,539503
-90.625,-90.6375,13025,C,539503
-91.25,-91.235,13050,C,539503
-91.875,-91.7975,13075,C,539503
-92.5,-92.36,13100,C,539503
-93.125,-92.9225,13125,C,539503
-93.75,-93.485,13150,C,539503
-94.375,-94.0475,13175,C,539503
-95,-94.61,13200,C,539503
-95.625,-95.1725,13225,C,539503
-95.25,-95.735,13250,C,539503
-95.875,-96.2975,13275,C,539503
-96.5,-96.86,13300,C,539503
-97.125,-97.4225,13325,C,539503
-97.75,-97.985,13350,C,539503
-98.375,-98.5475,13375,C,539503
-99,-99.11,13400,C,539503
-99.625,-99.6725,13425,C,539503
-100.25,-100.2625,13450,C,539503
-100.875,-100.8875,13475,C,539503
-101.5,-101.5125,13500,C,539503
-102.125,-102.1375,13525,C,539503
-102.75,-102.7625,13550,C,539503
-103.375,-103.3875,13575,C,539503
-104,-104.0125,13600,C,539503
-104.625,-104.6375,13625,C,539503
-105.25,-105.2625,13650,C,539503
-105.875,-105.8875,13675,C,539503
-106.5,-106.5125,13700,C,539503
-107.125,-107.1375,13725,C,539503
-107.75,-107.7625,13750,C,539503
-108.375,-108.3875,13775,C,539503
-109,-109.0125,13800,C,539503
-109.625,-109.6375,13825,C,539503
-110.25,-110.2625,13850,C,539503
-110.875,-110.8875,13875,C,539503
-111.5,-111.5125,13900,C,539503
-112.125,-112.1375,13925,C,539503
-112.75,-112.7625,13950,C,539503
-113.375,-113.3875,13975,C,539503
-114,-114.0125,14000,C,539503
-114.625,-114.6375,14025,C,539503
-115.25,-115.2625,14050,C,539503
-115.875,-115.8875,14075,C,539503
-116.5,-116.5125,14100,C,539503
-117.125,-117.1375,14125,C,539503
-117.75,-117.7625,14150,C,539503
-118.375,-118.3875,14175,C,539503
-119,-119.0125,14200,C,539503
-119.625,-119.6375,14225,C,539503
-120.25,-120.2625,14250,C,539503
-120.875,-120.8875,14275,C,539503
-121.5,-121.5125,14300,C,539503
-122.125,-122.1375,14325,C,539503
-122.75,-122.7425,14350,C,539503
-123.375,-123.305,14375,C,539503
-124,-123.8675,14400,C,539503
-124.625,-124.43,14425,C,539503
-125.25,-124.9925,14450,C,539503
-125.875,-125.555,14475,C,539503
-126.5,-126.1175,14500,C,539503
-127.125,-126.68,14525,C,539503
-126.75,-127.2425,14550,C,539503
-127.375,-127.805,14575,C,539503
-128,-128.3675,14600,C,539503
-128.625,-128.93,14625,C,539503
-129.25,-129.4925,14650,C,539503
-129.875,-130.055,14675,C,539503
-130.5,-130.6175,14700,C,539503
-131.125,-131.18,14725,C,539503
-131.75,-131.7625,14750,C,539503
-132.375,-132.3875,14775,C,539503
-133,-133.0125,14800,C,539503
-133.625,-133.6375,14825,C,539503
-134.25,-134.2625,14850,C,539503
-134.875,-134.8875,14875,C,539503
-135.5,-135.5125,14900,C,539503
-136.125,-136.1375,14925,C,539503
-136.75,-136.7625,14950,C,539503
-137.375,-137.3875,14975,C,539503
-138,-138.0125,15000,C,539503
-138.625,-138.6375,15025,C,539503
-139.25,-139.2625,15050,C,539503
-139.875,-139.8875,15075,C,539503
-140.5,-140.5125,15100,C,539503
-141.125,-141.1375,15125,C,539503
-141.75,-141.7625,15150,C,539503
-142.375,-142.3875,15175,C,539503
-143,-143.0125,15200,C,539503
-143.625,-143.6375,15225,C,539503
-144.25,-144.2625,15250,C,539503
-144.875,-144.8875,15275,C,539503
-145.5,-145.5125,15300,C,539503
-146.125,-146.1375,15325,C,539503
-146.75,-146.7625,15350,C,539503
-147.375,-147.3875,15375,C,539503
-148,-148.01,15400,C,539503
-148.625,-148.5725,15425,C,539503
-149.25,-149.135,15450,C,539503
-149.875,-149.6975,15475,C,539503
-150.5,-150.26,15500,C,539503
-151.125,-150.8125,15525,C,539503
-151.75,-151.3125,15550,C,539503
-152.375,-151.8125,15575,C,539503
-152,-152.3125,15600,C,539503
-152.625,-152.8125,15625,C,539503
-153.25,-153.3125,15650,C,539503
-153.875,-153.8125,15675,C,539503
-154.5,-154.3125,15700,C,539503
-154.125,-154.8125,15725,C,539503
-154.75,-155.3125,15750,C,539503
-155.375,-155.8125,15775,C,539503
-156,-156.315,15800,C,539503
-156.625,-156.8775,15825,C,539503
-157.25,-157.44,15850,C,539503
-157.875,-158.0025,15875,C,539503
-158.5,-158.565,15900,C,539503
-159.125,-159.1375,15925,C,539503
-159.75,-159.7625,15950,C,539503
-160.375,-160.3875,15975,C,539503
-161,-161.0125,16000,C,539503
-161.625,-161.6375,16025,C,539503
-162.25,-162.2625,16050,C,539503
-162.875,-162.8875,16075,C,539503
-163.5,-163.5125,16100,C,539503
-164.125,-164.1375,16125,C,539503
-164.75,-164.7625,16150,C,539503
-165.375,-165.3875,16175,C,539503
-166,-166.0125,16200,C,539503
-166.625,-166.6375,16225,C,539503
-167.25,-167.2625,16250,C,539503
-167.875,-167.8875,16275,C,539503
-168.5,-168.5125,16300,C,539503
-169.125,-169.1375,16325,C,539503
-169.75,-169.7625,16350,C,539503
-170.375,-170.3875,16375,C,539503
-171,-171.0125,16400,C,539503
-171.625,-171.6375,16425,C,539503
-172.25,-172.2625,16450,C,539503
-172.875,-172.8875,16475,C,539503
-173.5,-173.5125,16500,C,539503
-174.125,-174.1375,16525,C,539503
-174.75,-174.7625,16550,C,539503
-175.375,-175.3875,16575,C,539503
-176,-176.0125,16600,C,539503
-176.625,-176.6375,16625,C,539503
-177.25,-177.2625,16650,C,539503
-177.875,-177.8875,16675,C,539503
-178.5,-178.5125,16700,C,539503
-179.125,-179.1375,16725,C,539503
-179.75,-179.7625,16750,C,539503
-180.375,-180.3875,16775,C,539503
-181,-181.0125,16800,C,539503
-181.625,-181.6375,16825,C,539503
-182.25,-182.2625,16850,C,539503
-182.875,-182.8875,16875,C,539503
-183.5,-183.5125,16900,C,539503
-184.125,-184.1375,16925,C,539503
-184.75,-184.7625,16950,C,539503
-185.375,-185.3875,16975,C,539503
-186,-186.0125,17000,C,539503
-186.625,-186.6375,17025,C,539503
-187.25,-187.2625,17050,C,539503
-187.875,-187.8875,17075,C,539503
-188.5,-188.5125,17100,C,539503
-189.125,-189.13,17125,C,539503
-189.75,-189.6925,17150,C,539503
-190.375,-190.255,17175,C,539503
-191,-190.8175,17200,C,539503
-191.625,-191.38,17225,C,539503
-192.25,-191.9425,17250,C,539503
-192.875,-192.505,17275,C,539503
-193.5,-193.0675,17300,C,539503
-193.125,-193.63,17325,C,539503
-193.75,-194.1925,17350,C,539503
-194.375,-194.755,17375,C,539503
-195,-195.3175,17400,C,539503
-195.625,-195.88,17425,C,539503
-196.25,-196.4425,17450,C,539503
-196.875,-197.005,17475,C,539503
-197.5,-197.5675,17500,C,539503
-198.125,-198.1375,17525,C,539503
-198.75,-198.7625,17550,C,539503
-199.375,-199.3875,17575,C,539503
-200,-200.0125,17600,C,539503
-200.625,-200.6375,17625,C,539503
-201.25,-201.2625,17650,C,539503
-201.875,-201.8875,17675,C,539503
-202.5,-202.5125,17700,C,539503
-203.125,-203.1375,17725,C,539503
-203.75,-203.7625,17750,C,539503
-204.375,-204.3875,17775,C,539503
-205,-205.0125,17800,C,539503
-205.625,-205.6375,17825,C,539503
-206.25,-206.2625,17850,C,539503
-206.875,-206.8875,17875,C,539503
-207.5,-207.5125,17900,C,539503
-208.125,-208.1375,17925,C,539503
-208.75,-208.7625,17950,C,539503
-209.375,-209.3875,17975,C,539503
-210,-210.0125,18000,C,539503
-210.625,-210.6375,18025,C,539503
-211.25,-211.2625,18050,C,539503
-211.875,-211.8875,18075,C,539503
-212.5,-212.5125,18100,C,539503
-213.125,-213.125,18125,C,539503
-213.75,-213.6875,18150,C,539503
-214.375,-214.25,18175,C,539503
-215,-214.8125,18200,C,539503
-215.625,-215.375,18225,C,539503
-216.25,-215.9375,18250,C,539503
-216.875,-216.5,18275,C,539503
-217.5,-217.0625,18300,C,539503
-217.125,-217.625,18325,C,539503
-217.75,-218.1875,18350,C,539503
-218.375,-218.75,18375,C,539503
-219,-219.3125,18400,C,539503
-219.625,-219.875,18425,C,539503
-220.25,-220.4375,18450,C,539503
-220.875,-221,18475,C,539503
-221.5,-221.5625,18500,C,539503
-222.125,-222.1375,18525,C,539503
-222.75,-222.7625,18550,C,539503
-223.375,-223.3875,18575,C,539503
-224,-224.0125,18600,C,539503
-224.625,-224.6375,18625,C,539503
-225.25,-225.2625,18650,C,539503
-225.875,-225.8875,18675,C,539503
-226.5,-226.5125,18700,C,539503
-227.125,-227.1375,18725,C,539503
-227.75,-227.7625,18750,C,539503
-228.375,-228.3875,18775,C,539503
-229,-229.0125,18800,C,539503
-229.625,-229.6375,18825,C,539503
-230.25,-230.2625,18850,C,539503
-230.875,-230.8875,18875,C,539503
-231.5,-231.5125,18900,C,539503
-232.125,-232.1375,18925,C,539503
-232.75,-232.7625,18950,C,539503
-233.375,-233.3875,18975,C,539503
-234,-234.0125,19000,C,539503
-234.625,-234.6375,19025,C,539503
-235.25,-235.2625,19050,C,539503
-235.875,-235.8875,19075,C,539503
-236.5,-236.5125,19100,C,539503
-237.125,-237.1375,19125,C,539503
-237.75,-237.7625,19150,C,539503
-238.375,-238.3875,19175,C,539503
-239,-239.0125,19200,C,539503
-239.625,-239.6375,19225,C,539503
-240.25,-240.2625,19250,C,539503
-240.875,-240.8875,19275,C,539503
-241.5,-241.5125,19300,C,539503
-242.125,-242.1375,19325,C,539503
-242.75,-242.7625,19350,C,539503
-243.375,-243.3875,19375,C,539503
-244,-244.0125,19400,C,539503
-244.625,-244.6375,19425,C,539503
-245.25,-245.2625,19450,C,539503
-245.875,-245.8875,19475,C,539503
-246.5,-246.5125,19500,C,539503
-247.125,-247.1375,19525,C,539503
-247.75,-247.7625,19550,C,539503
-248.375,-248.3875,19575,C,539503
-249,-249.0125,19600,C,539503
-249.625,-249.6375,19625,C,539503
-250.25,-250.2625,19650,C,539503
-250.875,-250.8875,19675,C,539503
-251.5,-251.5125,19700,C,539503
-252.125,-252.1375,19725,C,539503
-252.75,-252.7625,19750,C,539503
-253.375,-253.3875,19775,C,539503
-254,-254.0125,19800,C,539503
-254.625,-254.6375,19825,C,539503
-255.25,-255.2625,19850,C,539503
-255.875,-255.8875,19875,C,539503
-256.5,-256.5125,19900,C,539503
-257.125,-257.1375,19925,C,539503
-257.75,-257.7625,19950,C,539503
-258.375,-258.3875,19975,C,539503
-259,-259.0125,20000,C,539503
1.375,,25,C,691787
2.75,,50,C,691787
3.125,,75,C,691787
7.5,,100,C,691787
8.875,,125,C,691787
16.25,,150,C,691787
17.625,,175,C,691787
17,18.5,200,C,691787
20.375,20.8975,225,C,691787
22.75,23.47,250,C,691787
24.125,26.29,275,C,691787
29.5,29.11,300,C,691787
31.875,31.9375,325,C,691787
34.25,34.5375,350,C,691787
36.625,37.025,375,C,691787
38,39.5975,400,C,691787
42.375,42.1825,425,C,691787
44.75,44.6775,450,C,691787
49.125,47.075,475,C,691787
52.5,49.65,500,C,691787
54.875,51.9475,525,C,691787
56.25,54.41,550,C,691787
56.625,56.69,575,C,691787
60,58.88,600,C,691787
61.375,60.995,625,C,691787
60.75,62.91,650,C,691787
65.125,64.6275,675,C,691787
67.5,66.255,700,C,691787
69.875,67.7775,725,C,691787
72.25,69.285,750,C,691787
72.625,70.72,775,C,691787
73,72.085,800,C,691787
74.375,73.3425,825,C,691787
74.75,74.645,850,C,691787
75.125,75.89,875,C,691787
77.5,76.8375,900,C,691787
78.875,77.8425,925,C,691787
79.25,78.6575,950,C,691787
80.625,79.47,975,C,691787
80,80.2425,1000,C,691787
81.375,80.945,1025,C,691787
81.75,81.5925,1050,C,691787
82.125,82.2875,1075,C,691787
83.5,82.8725,1100,C,691787
84.875,83.425,1125,C,691787
85.25,83.895,1150,C,691787
85.625,84.4675,1175,C,691787
85,85.0925,1200,C,691787
84.375,85.7025,1225,C,691787
85.75,86.2125,1250,C,691787
86.125,86.73,1275,C,691787
86.5,87.235,1300,C,691787
86.875,87.6225,1325,C,691787
86.25,88.0525,1350,C,691787
89.625,88.5075,1375,C,691787
91,88.945,1400,C,691787
90.375,89.445,1425,C,691787
89.75,89.9175,1450,C,691787
91.125,90.2325,1475,C,691787
90.5,90.5325,1500,C,691787
90.875,90.87,1525,C,691787
92.25,91.3825,1550,C,691787
92.625,91.81,1575,C,691787
92,92.185,1600,C,691787
92.375,92.4975,1625,C,691787
91.75,92.835,1650,C,691787
91.125,93.155,1675,C,691787
91.5,93.405,1700,C,691787
93.875,93.6525,1725,C,691787
95.25,93.76,1750,C,691787
96.625,93.7775,1775,C,691787
96,93.8225,1800,C,691787
95.375,93.8775,1825,C,691787
95.75,94.0175,1850,C,691787
95.125,94.205,1875,C,691787
94.5,94.385,1900,C,691787
93.875,94.4275,1925,C,691787
93.25,94.345,1950,C,691787
92.625,94.2125,1975,C,691787
93,94.025,2000,C,691787
93.375,93.86,2025,C,691787
94.75,93.7775,2050,C,691787
94.125,93.715,2075,C,691787
93.5,93.6525,2100,C,691787
92.875,93.605,2125,C,691787
93.25,93.605,2150,C,691787
93.625,93.605,2175,C,691787
93,93.56,2200,C,691787
93.375,93.4425,2225,C,691787
94.75,93.3225,2250,C,691787
94.125,93.315,2275,C,691787
93.5,93.315,2300,C,691787
93.875,93.315,2325,C,691787
93.25,93.26,2350,C,691787
92.625,93.2275,2375,C,691787
92,93.165,2400,C,691787
91.375,93.08,2425,C,691787
93.75,92.92,2450,C,691787
94.125,92.77,2475,C,691787
93.5,92.6775,2500,C,691787
92.875,92.6,2525,C,691787
92.25,92.475,2550,C,691787
92.625,92.35,2575,C,691787
92,92.225,2600,C,691787
91.375,92.1,2625,C,691787
91.75,91.8925,2650,C,691787
92.125,91.525,2675,C,691787
92.5,91.19,2700,C,691787
91.875,90.9575,2725,C,691787
91.25,90.8325,2750,C,691787
90.625,90.6475,2775,C,691787
90,90.46,2800,C,691787
89.375,90.2725,2825,C,691787
88.75,90.0525,2850,C,691787
88.125,89.765,2875,C,691787
88.5,89.4275,2900,C,691787
90.875,89.115,2925,C,691787
90.25,88.8025,2950,C,691787
89.625,88.49,2975,C,691787
89,88.1775,3000,C,691787
88.375,87.8775,3025,C,691787
87.75,87.6275,3050,C,691787
87.125,87.3775,3075,C,691787
87.5,87.1375,3100,C,691787
86.875,86.8075,3125,C,691787
86.25,86.415,3150,C,691787
85.625,86.04,3175,C,691787
85,85.665,3200,C,691787
85.375,85.3675,3225,C,691787
84.75,85.1175,3250,C,691787
84.125,84.8675,3275,C,691787
84.5,84.61,3300,C,691787
83.875,84.325,3325,C,691787
84.25,84.075,3350,C,691787
83.625,83.825,3375,C,691787
83,83.575,3400,C,691787
84.375,83.3125,3425,C,691787
83.75,83.035,3450,C,691787
83.125,82.79,3475,C,691787
82.5,82.625,3500,C,691787
82.875,82.5,3525,C,691787
82.25,82.33,3550,C,691787
81.625,82.1825,3575,C,691787
81,82.0575,3600,C,691787
80.375,81.855,3625,C,691787
80.75,81.6375,3650,C,691787
81.125,81.45,3675,C,691787
82.5,81.2625,3700,C,691787
81.875,81.1075,3725,C,691787
81.25,80.9275,3750,C,691787
81.625,80.8025,3775,C,691787
81,80.6775,3800,C,691787
80.375,80.5525,3825,C,691787
80.75,80.4325,3850,C,691787
80.125,80.3025,3875,C,691787
79.5,80.0425,3900,C,691787
79.875,79.79,3925,C,691787
80.25,79.595,3950,C,691787
79.625,79.4175,3975,C,691787
79,79.2925,4000,C,691787
78.375,79.1675,4025,C,691787
78.75,79.01,4050,C,691787
78.125,78.8225,4075,C,691787
77.5,78.655,4100,C,691787
77.875,78.47,4125,C,691787
78.25,78.275,4150,C,691787
79.625,78.025,4175,C,691787
79,77.775,4200,C,691787
78.375,77.5975,4225,C,691787
77.75,77.4325,4250,C,691787
77.125,77.2575,4275,C,691787
77.5,77.1325,4300,C,691787
76.875,76.9475,4325,C,691787
76.25,76.73,4350,C,691787
75.625,76.4925,4375,C,691787
75,76.18,4400,C,691787
76.375,75.8675,4425,C,691787
75.75,75.6,4450,C,691787
76.125,75.35,4475,C,691787
75.5,75.12,4500,C,691787
74.875,74.87,4525,C,691787
75.25,74.6425,4550,C,691787
74.625,74.455,4575,C,691787
74,74.2675,4600,C,691787
73.375,74.0075,4625,C,691787
73.75,73.7225,4650,C,691787
73.125,73.46,4675,C,691787
73.5,73.1475,4700,C,691787
72.875,72.835,4725,C,691787
73.25,72.4975,4750,C,691787
72.625,72.1225,4775,C,691787
72,71.7475,4800,C,691787
71.375,71.3725,4825,C,691787
71.75,70.965,4850,C,691787
71.125,70.5925,4875,C,691787
70.5,70.24,4900,C,691787
69.875,69.8975,4925,C,691787
69.25,69.5625,4950,C,691787
68.625,69.1875,4975,C,691787
68,68.8125,5000,C,691787
67.375,68.5,5025,C,691787
67.75,68.2275,5050,C,691787
68.125,67.9775,5075,C,691787
67.5,67.7275,5100,C,691787
67.875,67.4775,5125,C,691787
67.25,67.2275,5150,C,691787
66.625,66.9775,5175,C,691787
66,66.735,5200,C,691787
67.375,66.5475,5225,C,691787
67.75,66.3475,5250,C,691787
67.125,66.12,5275,C,691787
66.5,65.87,5300,C,691787
65.875,65.615,5325,C,691787
65.25,65.365,5350,C,691787
64.625,65.1325,5375,C,691787
65,64.945,5400,C,691787
64.375,64.695,5425,C,691787
63.75,64.4075,5450,C,691787
64.125,64.1575,5475,C,691787
63.5,63.9075,5500,C,691787
63.875,63.6575,5525,C,691787
63.25,63.4325,5550,C,691787
63.625,63.295,5575,C,691787
63,63.1625,5600,C,691787
62.375,62.975,5625,C,691787
63.75,62.7875,5650,C,691787
63.125,62.575,5675,C,691787
62.5,62.325,5700,C,691787
61.875,62.0475,5725,C,691787
62.25,61.735,5750,C,691787
62.625,61.405,5775,C,691787
62,61.03,5800,C,691787
61.375,60.655,5825,C,691787
60.75,60.25,5850,C,691787
60.125,59.75,5875,C,691787
59.5,59.25,5900,C,691787
58.875,58.75,5925,C,691787
58.25,58.225,5950,C,691787
57.625,57.6125,5975,C,691787
57,56.9875,6000,C,691787
56.375,56.3625,6025,C,691787
55.75,55.76,6050,C,691787
55.125,55.1975,6075,C,691787
54.5,54.635,6100,C,691787
53.875,54.0725,6125,C,691787
53.25,53.51,6150,C,691787
52.625,52.9475,6175,C,691787
52,52.4025,6200,C,691787
51.375,51.94,6225,C,691787
51.75,51.5025,6250,C,691787
51.125,51.105,6275,C,691787
50.5,50.73,6300,C,691787
49.875,50.3925,6325,C,691787
49.25,50.11,6350,C,691787
48.625,49.8925,6375,C,691787
49,49.7575,6400,C,691787
49.375,49.6325,6425,C,691787
48.75,49.485,6450,C,691787
49.125,49.2975,6475,C,691787
48.5,49.1225,6500,C,691787
48.875,49.025,6525,C,691787
49.25,48.9625,6550,C,691787
49.625,48.9,6575,C,691787
50,48.82,6600,C,691787
49.375,48.6575,6625,C,691787
48.75,48.47,6650,C,691787
48.125,48.2425,6675,C,691787
48.5,47.9925,6700,C,691787
48.875,47.705,6725,C,691787
48.25,47.41,6750,C,691787
47.625,47.065,6775,C,691787
47,46.6375,6800,C,691787
46.375,46.2,6825,C,691787
45.75,45.7625,6850,C,691787
45.125,45.325,6875,C,691787
44.5,44.875,6900,C,691787
43.875,44.3675,6925,C,691787
44.25,43.8675,6950,C,691787
43.625,43.37,6975,C,691787
43,42.9325,7000,C,691787
42.375,42.495,7025,C,691787
41.75,42.0575,7050,C,691787
41.125,41.62,7075,C,691787
40.5,41.1825,7100,C,691787
40.875,40.745,7125,C,691787
40.25,40.26,7150,C,691787
40.625,39.76,7175,C,691787
40,39.26,7200,C,691787
39.375,38.76,7225,C,691787
38.75,38.26,7250,C,691787
38.125,37.76,7275,C,691787
37.5,37.26,7300,C,691787
36.875,36.74,7325,C,691787
36.25,36.1775,7350,C,691787
35.625,35.6125,7375,C,691787
35,34.9875,7400,C,691787
34.375,34.3625,7425,C,691787
33.75,33.7375,7450,C,691787
33.125,33.1125,7475,C,691787
32.5,32.4875,7500,C,691787
31.875,31.885,7525,C,691787
31.25,31.3425,7550,C,691787
30.625,30.8425,7575,C,691787
30,30.3425,7600,C,691787
29.375,29.8425,7625,C,691787
28.75,29.3425,7650,C,691787
28.125,28.8425,7675,C,691787
27.5,28.3425,7700,C,691787
27.875,27.8425,7725,C,691787
28.25,27.3425,7750,C,691787
27.625,26.8425,7775,C,691787
27,26.3425,7800,C,691787
26.375,25.8425,7825,C,691787
25.75,25.3425,7850,C,691787
25.125,24.8425,7875,C,691787
24.5,24.3425,7900,C,691787
23.875,23.82,7925,C,691787
23.25,23.2375,7950,C,691787
22.625,22.6125,7975,C,691787
22,21.9875,8000,C,691787
21.375,21.3625,8025,C,691787
20.75,20.7375,8050,C,691787
20.125,20.1125,8075,C,691787
19.5,19.4875,8100,C,691787
18.875,18.8625,8125,C,691787
18.25,18.2375,8150,C,691787
17.625,17.6125,8175,C,691787
17,17.02,8200,C,691787
16.375,16.4575,8225,C,691787
15.75,15.895,8250,C,691787
15.125,15.3325,8275,C,691787
14.5,14.8325,8300,C,691787
13.875,14.3325,8325,C,691787
13.25,13.8325,8350,C,691787
12.625,13.3325,8375,C,691787
13,12.8325,8400,C,691787
12.375,12.3325,8425,C,691787
11.75,11.8325,8450,C,691787
11.125,11.3325,8475,C,691787
11.5,10.8325,8500,C,691787
10.875,10.3325,8525,C,691787
10.25,9.83249999999998,8550,C,691787
9.62499999999998,9.33249999999998,8575,C,691787
8.99999999999998,8.79999999999998,8600,C,691787
8.37499999999998,8.23749999999998,8625,C,691787
7.74999999999998,7.67499999999998,8650,C,691787
7.12499999999998,7.11249999999998,8675,C,691787
6.49999999999998,6.48749999999998,8700,C,691787
5.87499999999998,5.86249999999998,8725,C,691787
5.24999999999998,5.23749999999998,8750,C,691787
4.62499999999998,4.61249999999998,8775,C,691787
3.99999999999998,3.98749999999998,8800,C,691787
3.37499999999998,3.36249999999998,8825,C,691787
2.74999999999998,2.73749999999998,8850,C,691787
2.12499999999998,2.11249999999998,8875,C,691787
1.49999999999998,1.51249999999998,8900,C,691787
0.874999999999983,0.949999999999983,8925,C,691787
0.249999999999983,0.387499999999983,8950,C,691787
-0.375000000000017,-0.175000000000017,8975,C,691787
-1.00000000000002,-0.737500000000017,9000,C,691787
-1.62500000000002,-1.30000000000002,9025,C,691787
-2.25000000000002,-1.86250000000002,9050,C,691787
-2.87500000000002,-2.42500000000002,9075,C,691787
-2.50000000000002,-2.98750000000002,9100,C,691787
-3.12500000000002,-3.55000000000002,9125,C,691787
-3.75000000000002,-4.11250000000002,9150,C,691787
-4.37500000000002,-4.64500000000002,9175,C,691787
-5.00000000000002,-5.14500000000002,9200,C,691787
-5.62500000000002,-5.64500000000002,9225,C,691787
-6.25000000000002,-6.14500000000002,9250,C,691787
-6.87500000000002,-6.64500000000002,9275,C,691787
-7.50000000000002,-7.17000000000002,9300,C,691787
-8.12500000000002,-7.73250000000002,9325,C,691787
-8.75000000000002,-8.25250000000002,9350,C,691787
-8.37500000000002,-8.75250000000002,9375,C,691787
-9.00000000000002,-9.25250000000002,9400,C,691787
-9.62500000000002,-9.75250000000002,9425,C,691787
-10.25,-10.2525,9450,C,691787
-10.875,-10.7525,9475,C,691787
-11.5,-11.2525,9500,C,691787
-12.125,-11.7525,9525,C,691787
-11.75,-12.2525,9550,C,691787
-12.375,-12.7825,9575,C,691787
-13,-13.345,9600,C,691787
-13.625,-13.9075,9625,C,691787
-14.25,-14.47,9650,C,691787
-14.875,-15.0325,9675,C,691787
-15.5,-15.595,9700,C,691787
-16.125,-16.1575,9725,C,691787
-16.75,-16.7625,9750,C,691787
-17.375,-17.3875,9775,C,691787
-18,-18.0125,9800,C,691787
-18.625,-18.6375,9825,C,691787
-19.25,-19.2625,9850,C,691787
-19.875,-19.8875,9875,C,691787
-20.5,-20.5,9900,C,691787
-21.125,-21.0625,9925,C,691787
-21.75,-21.625,9950,C,691787
-22.375,-22.1875,9975,C,691787
-23,-22.75,10000,C,691787
-23.625,-23.3125,10025,C,691787
-24.25,-23.875,10050,C,691787
-24.875,-24.4375,10075,C,691787
-24.5,-25,10100,C,691787
-25.125,-25.5625,10125,C,691787
-25.75,-26.0675,10150,C,691787
-26.375,-26.5675,10175,C,691787
-27,-27.0675,10200,C,691787
-27.625,-27.5675,10225,C,691787
-28.25,-28.0675,10250,C,691787
-28.875,-28.5675,10275,C,691787
-29.5,-29.08,10300,C,691787
-30.125,-29.6425,10325,C,691787
-29.75,-30.1425,10350,C,691787
-30.375,-30.6425,10375,C,691787
-31,-31.1425,10400,C,691787
-31.625,-31.615,10425,C,691787
-32.25,-32.0525,10450,C,691787
-32.875,-32.49,10475,C,691787
-33.5,-32.9275,10500,C,691787
-34.125,-33.365,10525,C,691787
-33.75,-33.8475,10550,C,691787
-34.375,-34.285,10575,C,691787
-35,-34.7225,10600,C,691787
-34.625,-35.16,10625,C,691787
-35.25,-35.5975,10650,C,691787
-35.875,-36.035,10675,C,691787
-36.5,-36.4725,10700,C,691787
-37.125,-36.91,10725,C,691787
-36.75,-37.41,10750,C,691787
-37.375,-37.91,10775,C,691787
-38,-38.41,10800,C,691787
-38.625,-38.9375,10825,C,691787
-39.25,-39.5,10850,C,691787
-39.875,-40.0625,10875,C,691787
-40.5,-40.625,10900,C,691787
-41.125,-41.1875,10925,C,691787
-41.75,-41.7625,10950,C,691787
-42.375,-42.3875,10975,C,691787
-43,-43.0125,11000,C,691787
-43.625,-43.6375,11025,C,691787
-44.25,-44.2625,11050,C,691787
-44.875,-44.8875,11075,C,691787
-45.5,-45.5125,11100,C,691787
-46.125,-46.1375,11125,C,691787
-46.75,-46.7625,11150,C,691787
-47.375,-47.3875,11175,C,691787
-48,-48.0125,11200,C,691787
-48.625,-48.6375,11225,C,691787
-49.25,-49.2625,11250,C,691787
-49.875,-49.8875,11275,C,691787
-50.5,-50.5125,11300,C,691787
-51.125,-51.1375,11325,C,691787
-51.75,-51.7625,11350,C,691787
-52.375,-52.3875,11375,C,691787
-53,-53.0125,11400,C,691787
-53.625,-53.6375,11425,C,691787
-54.25,-54.2625,11450,C,691787
-54.875,-54.8875,11475,C,691787
-55.5,-55.5125,11500,C,691787
-56.125,-56.1375,11525,C,691787
-56.75,-56.7625,11550,C,691787
-57.375,-57.3875,11575,C,691787
-58,-58.0125,11600,C,691787
-58.625,-58.6375,11625,C,691787
-59.25,-59.2625,11650,C,691787
-59.875,-59.8875,11675,C,691787
-60.5,-60.5125,11700,C,691787
-61.125,-61.1375,11725,C,691787
-61.75,-61.7625,11750,C,691787
-62.375,-62.3875,11775,C,691787
-63,-63.0125,11800,C,691787
-63.625,-63.6375,11825,C,691787
-64.25,-64.2625,11850,C,691787
-64.875,-64.8875,11875,C,691787
-65.5,-65.5125,11900,C,691787
-66.125,-66.1375,11925,C,691787
-66.75,-66.7625,11950,C,691787
-67.375,-67.3875,11975,C,691787
-68,-68.0125,12000,C,691787
-68.625,-68.6375,12025,C,691787
-69.25,-69.2625,12050,C,691787
-69.875,-69.8875,12075,C,691787
-70.5,-70.5125,12100,C,691787
-71.125,-71.1375,12125,C,691787
-71.75,-71.7625,12150,C,691787
-72.375,-72.3875,12175,C,691787
-73,-73.0125,12200,C,691787
-73.625,-73.6375,12225,C,691787
-74.25,-74.2625,12250,C,691787
-74.875,-74.8875,12275,C,691787
-75.5,-75.4975,12300,C,691787
-76.125,-76.06,12325,C,691787
-76.75,-76.6225,12350,C,691787
-77.375,-77.185,12375,C,691787
-78,-77.7475,12400,C,691787
-78.625,-78.31,12425,C,691787
-79.25,-78.8725,12450,C,691787
-79.875,-79.435,12475,C,691787
-79.5,-79.9975,12500,C,691787
-80.125,-80.56,12525,C,691787
-80.75,-81.1225,12550,C,691787
-81.375,-81.685,12575,C,691787
-82,-82.2475,12600,C,691787
-82.625,-82.81,12625,C,691787
-83.25,-83.3725,12650,C,691787
-83.875,-83.935,12675,C,691787
-84.5,-84.5125,12700,C,691787
-85.125,-85.1375,12725,C,691787
-85.75,-85.7625,12750,C,691787
-86.375,-86.3875,12775,C,691787
-87,-87.0125,12800,C,691787
-87.625,-87.6375,12825,C,691787
-88.25,-88.2625,12850,C,691787
-88.875,-88.8875,12875,C,691787
-89.5,-89.5125,12900,C,691787
-90.125,-90.1375,12925,C,691787
-90.75,-90.7625,12950,C,691787
-91.375,-91.3875,12975,C,691787
-92,-92.0125,13000,C,691787
-92.625,-92.6375,13025,C,691787
-93.25,-93.2625,13050,C,691787
-93.875,-93.8875,13075,C,691787
-94.5,-94.5125,13100,C,691787
-95.125,-95.1375,13125,C,691787
-95.75,-95.7225,13150,C,691787
-96.375,-96.285,13175,C,691787
-97,-96.8475,13200,C,691787
-97.625,-97.41,13225,C,691787
-98.25,-97.9725,13250,C,691787
-98.875,-98.535,13275,C,691787
-99.5,-99.0975,13300,C,691787
-100.125,-99.66,13325,C,691787
-99.75,-100.2225,13350,C,691787
-100.375,-100.785,13375,C,691787
-101,-101.3475,13400,C,691787
-101.625,-101.91,13425,C,691787
-102.25,-102.4725,13450,C,691787
-102.875,-103.035,13475,C,691787
-103.5,-103.5975,13500,C,691787
-104.125,-104.16,13525,C,691787
-104.75,-104.7625,13550,C,691787
-105.375,-105.3875,13575,C,691787
-106,-106.0125,13600,C,691787
-106.625,-106.6375,13625,C,691787
-107.25,-107.2625,13650,C,691787
-107.875,-107.87,13675,C,691787
-108.5,-108.4325,13700,C,691787
-109.125,-108.995,13725,C,691787
-109.75,-109.495,13750,C,691787
-110.375,-109.995,13775,C,691787
-111,-110.495,13800,C,691787
-111.625,-110.995,13825,C,691787
-112.25,-111.495,13850,C,691787
-111.875,-111.995,13875,C,691787
-112.5,-112.495,13900,C,691787
-113.125,-112.995,13925,C,691787
-112.75,-113.495,13950,C,691787
-113.375,-113.995,13975,C,691787
-114,-114.495,14000,C,691787
-114.625,-114.995,14025,C,691787
-115.25,-115.495,14050,C,691787
-115.875,-116.0125,14075,C,691787
-116.5,-116.575,14100,C,691787
-117.125,-117.1375,14125,C,691787
-117.75,-117.7625,14150,C,691787
-118.375,-118.3875,14175,C,691787
-119,-119.0125,14200,C,691787
-119.625,-119.6375,14225,C,691787
-120.25,-120.2625,14250,C,691787
-120.875,-120.8875,14275,C,691787
-121.5,-121.5125,14300,C,691787
-122.125,-122.1375,14325,C,691787
-122.75,-122.7625,14350,C,691787
-123.375,-123.3875,14375,C,691787
-124,-124.0125,14400,C,691787
-124.625,-124.575,14425,C,691787
-125.25,-125.1375,14450,C,691787
-125.875,-125.7,14475,C,691787
-126.5,-126.2625,14500,C,691787
-127.125,-126.825,14525,C,691787
-127.75,-127.3875,14550,C,691787
-128.375,-127.95,14575,C,691787
-129,-128.5125,14600,C,691787
-128.625,-129.075,14625,C,691787
-129.25,-129.6375,14650,C,691787
-129.875,-130.2,14675,C,691787
-130.5,-130.7625,14700,C,691787
-131.125,-131.325,14725,C,691787
-131.75,-131.8875,14750,C,691787
-132.375,-132.45,14775,C,691787
-133,-133.0125,14800,C,691787
-133.625,-133.6375,14825,C,691787
-134.25,-134.2625,14850,C,691787
-134.875,-134.8875,14875,C,691787
-135.5,-135.5125,14900,C,691787
-136.125,-136.1375,14925,C,691787
-136.75,-136.7625,14950,C,691787
-137.375,-137.3875,14975,C,691787
-138,-137.9775,15000,C,691787
-138.625,-138.54,15025,C,691787
-139.25,-139.1025,15050,C,691787
-139.875,-139.665,15075,C,691787
-140.5,-140.2275,15100,C,691787
-141.125,-140.79,15125,C,691787
-141.75,-141.3525,15150,C,691787
-142.375,-141.915,15175,C,691787
-142,-142.4775,15200,C,691787
-142.625,-143.04,15225,C,691787
-143.25,-143.6025,15250,C,691787
-143.875,-144.165,15275,C,691787
-144.5,-144.7275,15300,C,691787
-145.125,-145.29,15325,C,691787
-145.75,-145.8525,15350,C,691787
-146.375,-146.3625,15375,C,691787
-147,-146.8975,15400,C,691787
-147.625,-147.46,15425,C,691787
-148.25,-148.0225,15450,C,691787
-148.875,-148.585,15475,C,691787
-149.5,-149.1475,15500,C,691787
-150.125,-149.71,15525,C,691787
-150.75,-150.2725,15550,C,691787
-150.375,-150.835,15575,C,691787
-151,-151.3975,15600,C,691787
-151.625,-151.96,15625,C,691787
-152.25,-152.5225,15650,C,691787
-152.875,-153.085,15675,C,691787
-153.5,-153.6475,15700,C,691787
-154.125,-154.21,15725,C,691787
-154.75,-154.7725,15750,C,691787
-155.375,-155.3875,15775,C,691787
-156,-156.0125,15800,C,691787
-156.625,-156.6375,15825,C,691787
-157.25,-157.2625,15850,C,691787
-157.875,-157.8875,15875,C,691787
-158.5,-158.5125,15900,C,691787
-159.125,-159.1375,15925,C,691787
-159.75,-159.7625,15950,C,691787
-160.375,-160.3875,15975,C,691787
-161,-161.0125,16000,C,691787
-161.625,-161.6375,16025,C,691787
-162.25,-162.2625,16050,C,691787
-162.875,-162.8875,16075,C,691787
-163.5,-163.5125,16100,C,691787
-164.125,-164.1375,16125,C,691787
-164.75,-164.7625,16150,C,691787
-165.375,-165.3875,16175,C,691787
-166,-166.0125,16200,C,691787
-166.625,-166.6375,16225,C,691787
-167.25,-167.2625,16250,C,691787
-167.875,-167.8875,16275,C,691787
-168.5,-168.5125,16300,C,691787
-169.125,-169.1375,16325,C,691787
-169.75,-169.7625,16350,C,691787
-170.375,-170.3875,16375,C,691787
-171,-171.0125,16400,C,691787
-171.625,-171.6375,16425,C,691787
-172.25,-172.2625,16450,C,691787
-172.875,-172.8675,16475,C,691787
-173.5,-173.43,16500,C,691787
-174.125,-173.9925,16525,C,691787
-174.75,-174.555,16550,C,691787
-175.375,-175.1175,16575,C,691787
-176,-175.68,16600,C,691787
-176.625,-176.2425,16625,C,691787
-177.25,-176.805,16650,C,691787
-176.875,-177.3675,16675,C,691787
-177.5,-177.93,16700,C,691787
-178.125,-178.4925,16725,C,691787
-178.75,-179.055,16750,C,691787
-179.375,-179.6175,16775,C,691787
-180,-180.18,16800,C,691787
-180.625,-180.7425,16825,C,691787
-181.25,-181.305,16850,C,691787
-181.875,-181.8875,16875,C,691787
-182.5,-182.5125,16900,C,691787
-183.125,-183.1375,16925,C,691787
-183.75,-183.7625,16950,C,691787
-184.375,-184.3875,16975,C,691787
-185,-185.0125,17000,C,691787
-185.625,-185.6375,17025,C,691787
-186.25,-186.2625,17050,C,691787
-186.875,-186.8875,17075,C,691787
-187.5,-187.5125,17100,C,691787
-188.125,-188.1375,17125,C,691787
-188.75,-188.7625,17150,C,691787
-189.375,-189.3875,17175,C,691787
-190,-190.0125,17200,C,691787
-190.625,-190.6375,17225,C,691787
-191.25,-191.2625,17250,C,691787
-191.875,-191.8875,17275,C,691787
-192.5,-192.5125,17300,C,691787
-193.125,-193.1375,17325,C,691787
-193.75,-193.7625,17350,C,691787
-194.375,-194.3875,17375,C,691787
-195,-195.0125,17400,C,691787
-195.625,-195.6375,17425,C,691787
-196.25,-196.2625,17450,C,691787
-196.875,-196.8875,17475,C,691787
-197.5,-197.5125,17500,C,691787
-198.125,-198.1375,17525,C,691787
-198.75,-198.7625,17550,C,691787
-199.375,-199.3875,17575,C,691787
-200,-200.0125,17600,C,691787
-200.625,-200.6375,17625,C,691787
-201.25,-201.2625,17650,C,691787
-201.875,-201.8875,17675,C,691787
-202.5,-202.5125,17700,C,691787
-203.125,-203.1375,17725,C,691787
-203.75,-203.7625,17750,C,691787
-204.375,-204.3875,17775,C,691787
-205,-205.0125,17800,C,691787
-205.625,-205.6375,17825,C,691787
-206.25,-206.2625,17850,C,691787
-206.875,-206.8875,17875,C,691787
-207.5,-207.5125,17900,C,691787
-208.125,-208.1375,17925,C,691787
-208.75,-208.7625,17950,C,691787
-209.375,-209.3875,17975,C,691787
-210,-209.9975,18000,C,691787
-210.625,-210.56,18025,C,691787
-211.25,-211.1225,18050,C,691787
-211.875,-211.685,18075,C,691787
-212.5,-212.2475,18100,C,691787
-213.125,-212.81,18125,C,691787
-213.75,-213.3725,18150,C,691787
-214.375,-213.935,18175,C,691787
-214,-214.4975,18200,C,691787
-214.625,-215.06,18225,C,691787
-215.25,-215.6225,18250,C,691787
-215.875,-216.185,18275,C,691787
-216.5,-216.7475,18300,C,691787
-217.125,-217.31,18325,C,691787
-217.75,-217.8725,18350,C,691787
-218.375,-218.435,18375,C,691787
-219,-219.0125,18400,C,691787
-219.625,-219.6375,18425,C,691787
-220.25,-220.2625,18450,C,691787
-220.875,-220.8875,18475,C,691787
-221.5,-221.5125,18500,C,691787
-222.125,-222.1375,18525,C,691787
-222.75,-222.7625,18550,C,691787
-223.375,-223.3875,18575,C,691787
-224,-224.0125,18600,C,691787
-224.625,-224.6375,18625,C,691787
-225.25,-225.2625,18650,C,691787
-225.875,-225.8875,18675,C,691787
-226.5,-226.5125,18700,C,691787
-227.125,-227.1375,18725,C,691787
-227.75,-227.7625,18750,C,691787
-228.375,-228.3875,18775,C,691787
-229,-229.0125,18800,C,691787
-229.625,-229.6375,18825,C,691787
-230.25,-230.2625,18850,C,691787
-230.875,-230.8875,18875,C,691787
-231.5,-231.5125,18900,C,691787
-232.125,-232.1375,18925,C,691787
-232.75,-232.7625,18950,C,691787
-233.375,-233.3875,18975,C,691787
-234,-234.0125,19000,C,691787
-234.625,-234.6375,19025,C,691787
-235.25,-235.2625,19050,C,691787
-235.875,-235.8875,19075,C,691787
-236.5,-236.5125,19100,C,691787
-237.125,-237.1375,19125,C,691787
-237.75,-237.7625,19150,C,691787
-238.375,-238.3875,19175,C,691787
-239,-239.0125,19200,C,691787
-239.625,-239.6375,19225,C,691787
-240.25,-240.2625,19250,C,691787
-240.875,-240.8875,19275,C,691787
-241.5,-241.5125,19300,C,691787
-242.125,-242.1375,19325,C,691787
-242.75,-242.7625,19350,C,691787
-243.375,-243.3875,19375,C,691787
-244,-244.0125,19400,C,691787
-244.625,-244.6375,19425,C,691787
-245.25,-245.2625,19450,C,691787
-245.875,-245.8875,19475,C,691787
-246.5,-246.5125,19500,C,691787
-247.125,-247.1375,19525,C,691787
-247.75,-247.7625,19550,C,691787
-248.375,-248.3875,19575,C,691787
-249,-249.0125,19600,C,691787
-249.625,-249.6375,19625,C,691787
-250.25,-250.2625,19650,C,691787
-250.875,-250.8875,19675,C,691787
-251.5,-251.5125,19700,C,691787
-252.125,-252.1375,19725,C,691787
-252.75,-252.7625,19750,C,691787
-253.375,-253.3875,19775,C,691787
-254,-254.0125,19800,C,691787
-254.625,-254.6375,19825,C,691787
-255.25,-255.2625,19850,C,691787
-255.875,-255.8875,19875,C,691787
-256.5,-256.5125,19900,C,691787
-257.125,-257.1375,19925,C,691787
-257.75,-257.7625,19950,C,691787
-258.375,-258.3875,19975,C,691787
-259,-259.0125,20000,C,691787
1.375,,25,C,761263
3.75,,50,C,761263
6.125,,75,C,761263
6.5,,100,C,761263
8.875,,125,C,761263
11.25,,150,C,761263
13.625,,175,C,761263
19,20.5175,200,C,761263
22.375,23.37,225,C,761263
25.75,26.3675,250,C,761263
29.125,29.3575,275,C,761263
33.5,32.485,300,C,761263
37.875,35.8275,325,C,761263
40.25,39.075,350,C,761263
44.625,42.3275,375,C,761263
46,45.485,400,C,761263
48.375,48.3425,425,C,761263
51.75,51.085,450,C,761263
55.125,53.8275,475,C,761263
58.5,56.325,500,C,761263
61.875,58.515,525,C,761263
63.25,60.5875,550,C,761263
65.625,62.48,575,C,761263
67,64.155,600,C,761263
66.375,65.7775,625,C,761263
68.75,67.2325,650,C,761263
72.125,68.47,675,C,761263
71.5,69.675,700,C,761263
71.875,70.675,725,C,761263
72.25,71.66,750,C,761263
72.625,72.5325,775,C,761263
72,73.2875,800,C,761263
73.375,74.0925,825,C,761263
72.75,74.865,850,C,761263
74.125,75.445,875,C,761263
75.5,76.005,900,C,761263
77.875,76.705,925,C,761263
78.25,77.3875,950,C,761263
78.625,78.03,975,C,761263
79,78.655,1000,C,761263
80.375,79.2525,1025,C,761263
79.75,79.815,1050,C,761263
80.125,80.3325,1075,C,761263
80.5,80.6675,1100,C,761263
82.875,80.9,1125,C,761263
83.25,81.025,1150,C,761263
82.625,81.1425,1175,C,761263
82,81.2425,1200,C,761263
82.375,81.3125,1225,C,761263
81.75,81.4025,1250,C,761263
81.125,81.5225,1275,C,761263
80.5,81.5875,1300,C,761263
80.875,81.6225,1325,C,761263
80.25,81.6975,1350,C,761263
80.625,81.85,1375,C,761263
81,82.0375,1400,C,761263
80.375,82.2625,1425,C,761263
81.75,82.575,1450,C,761263
82.125,82.915,1475,C,761263
81.5,83.32,1500,C,761263
83.875,83.8675,1525,C,761263
84.25,84.4925,1550,C,761263
85.625,85.0925,1575,C,761263
85,85.71,1600,C,761263
87.375,86.3825,1625,C,761263
86.75,86.9925,1650,C,761263
87.125,87.575,1675,C,761263
87.5,88.1375,1700,C,761263
90.875,88.6775,1725,C,761263
90.25,89.125,1750,C,761263
89.625,89.4725,1775,C,761263
91,89.785,1800,C,761263
91.375,90.02,1825,C,761263
91.75,90.145,1850,C,761263
91.125,90.2425,1875,C,761263
90.5,90.4075,1900,C,761263
91.875,90.475,1925,C,761263
91.25,90.4125,1950,C,761263
90.625,90.35,1975,C,761263
90,90.215,2000,C,761263
89.375,90.09,2025,C,761263
88.75,89.9625,2050,C,761263
88.125,89.8375,2075,C,761263
90.5,89.7125,2100,C,761263
89.875,89.545,2125,C,761263
89.25,89.42,2150,C,761263
88.625,89.295,2175,C,761263
88,89.2925,2200,C,761263
89.375,89.345,2225,C,761263
89.75,89.4075,2250,C,761263
89.125,89.51,2275,C,761263
88.5,89.5025,2300,C,761263
89.875,89.44,2325,C,761263
89.25,89.3925,2350,C,761263
88.625,89.455,2375,C,761263
90,89.5175,2400,C,761263
90.375,89.47,2425,C,761263
89.75,89.4175,2450,C,761263
90.125,89.355,2475,C,761263
89.5,89.2925,2500,C,761263
88.875,89.175,2525,C,761263
90.25,89.0475,2550,C,761263
89.625,88.975,2575,C,761263
89,88.8175,2600,C,761263
88.375,88.65,2625,C,761263
88.75,88.5975,2650,C,761263
88.125,88.6025,2675,C,761263
87.5,88.6025,2700,C,761263
86.875,88.64,2725,C,761263
87.25,88.6875,2750,C,761263
87.625,88.625,2775,C,761263
88,88.5625,2800,C,761263
88.375,88.5375,2825,C,761263
89.75,88.5525,2850,C,761263
90.125,88.5525,2875,C,761263
89.5,88.645,2900,C,761263
89.875,88.77,2925,C,761263
89.25,88.835,2950,C,761263
88.625,88.845,2975,C,761263
88,88.8175,3000,C,761263
88.375,88.745,3025,C,761263
88.75,88.5475,3050,C,761263
88.125,88.2525,3075,C,761263
89.5,87.94,3100,C,761263
88.875,87.59,3125,C,761263
88.25,87.215,3150,C,761263
87.625,86.84,3175,C,761263
87,86.465,3200,C,761263
86.375,86.0525,3225,C,761263
85.75,85.58,3250,C,761263
85.125,85.08,3275,C,761263
84.5,84.4875,3300,C,761263
83.875,83.8625,3325,C,761263
83.25,83.2875,3350,C,761263
82.625,82.7575,3375,C,761263
82,82.31,3400,C,761263
81.375,81.9225,3425,C,761263
80.75,81.58,3450,C,761263
80.125,81.2675,3475,C,761263
79.5,80.955,3500,C,761263
78.875,80.6425,3525,C,761263
79.25,80.3775,3550,C,761263
79.625,80.1275,3575,C,761263
80,79.8775,3600,C,761263
80.375,79.6275,3625,C,761263
80.75,79.3775,3650,C,761263
80.125,79.1275,3675,C,761263
79.5,78.8775,3700,C,761263
78.875,78.6275,3725,C,761263
79.25,78.3275,3750,C,761263
78.625,77.9825,3775,C,761263
78,77.555,3800,C,761263
77.375,77.0675,3825,C,761263
76.75,76.535,3850,C,761263
76.125,75.9725,3875,C,761263
75.5,75.41,3900,C,761263
74.875,74.91,3925,C,761263
74.25,74.3625,3950,C,761263
73.625,73.8,3975,C,761263
73,73.29,4000,C,761263
72.375,72.94,4025,C,761263
71.75,72.6275,4050,C,761263
71.125,72.315,4075,C,761263
70.5,72.0025,4100,C,761263
70.875,71.69,4125,C,761263
70.25,71.3775,4150,C,761263
69.625,71.065,4175,C,761263
71,70.7525,4200,C,761263
72.375,70.495,4225,C,761263
71.75,70.245,4250,C,761263
71.125,69.995,4275,C,761263
70.5,69.785,4300,C,761263
69.875,69.535,4325,C,761263
69.25,69.365,4350,C,761263
68.625,69.24,4375,C,761263
68,69.09,4400,C,761263
68.375,68.815,4425,C,761263
67.75,68.5025,4450,C,761263
67.125,68.2375,4475,C,761263
67.5,68.05,4500,C,761263
66.875,67.8625,4525,C,761263
68.25,67.7875,4550,C,761263
67.625,67.725,4575,C,761263
68,67.6625,4600,C,761263
67.375,67.57,4625,C,761263
66.75,67.5075,4650,C,761263
68.125,67.445,4675,C,761263
67.5,67.355,4700,C,761263
66.875,67.2925,4725,C,761263
68.25,67.15,4750,C,761263
67.625,67.035,4775,C,761263
67,67.0075,4800,C,761263
67.375,66.945,4825,C,761263
66.75,66.8825,4850,C,761263
66.125,66.82,4875,C,761263
66.5,66.695,4900,C,761263
65.875,66.595,4925,C,761263
65.25,66.4725,4950,C,761263
67.625,66.395,4975,C,761263
67,66.395,5000,C,761263
66.375,66.37,5025,C,761263
65.75,66.3075,5050,C,761263
66.125,66.245,5075,C,761263
65.5,66.17,5100,C,761263
65.875,66.045,5125,C,761263
66.25,65.92,5150,C,761263
67.625,65.7225,5175,C,761263
67,65.41,5200,C,761263
66.375,65.1,5225,C,761263
65.75,64.85,5250,C,761263
65.125,64.5525,5275,C,761263
64.5,64.24,5300,C,761263
63.875,63.905,5325,C,761263
63.25,63.54,5350,C,761263
62.625,63.1175,5375,C,761263
62,62.6175,5400,C,761263
62.375,62.1175,5425,C,761263
61.75,61.6175,5450,C,761263
61.125,61.1175,5475,C,761263
60.5,60.6175,5500,C,761263
60.875,60.1175,5525,C,761263
60.25,59.68,5550,C,761263
59.625,59.2575,5575,C,761263
59,58.8825,5600,C,761263
58.375,58.58,5625,C,761263
57.75,58.275,5650,C,761263
57.125,58.025,5675,C,761263
56.5,57.775,5700,C,761263
55.875,57.5775,5725,C,761263
56.25,57.3275,5750,C,761263
56.625,57.0775,5775,C,761263
56,56.8275,5800,C,761263
57.375,56.5775,5825,C,761263
57.75,56.34,5850,C,761263
57.125,56.1525,5875,C,761263
56.5,55.965,5900,C,761263
56.875,55.785,5925,C,761263
56.25,55.5975,5950,C,761263
55.625,55.395,5975,C,761263
55,55.16,6000,C,761263
54.375,54.8975,6025,C,761263
54.75,54.5775,6050,C,761263
54.125,54.2025,6075,C,761263
53.5,53.88,6100,C,761263
53.875,53.5675,6125,C,761263
53.25,53.255,6150,C,761263
52.625,52.9425,6175,C,761263
53,52.695,6200,C,761263
52.375,52.5275,6225,C,761263
51.75,52.39,6250,C,761263
51.125,52.2025,6275,C,761263
51.5,52.02,6300,C,761263
51.875,51.8875,6325,C,761263
51.25,51.7,6350,C,761263
50.625,51.5125,6375,C,761263
52,51.31,6400,C,761263
52.375,51.06,6425,C,761263
51.75,50.81,6450,C,761263
51.125,50.6,6475,C,761263
51.5,50.36,6500,C,761263
50.875,50.0625,6525,C,761263
50.25,49.8125,6550,C,761263
49.625,49.5625,6575,C,761263
49,49.2475,6600,C,761263
48.375,48.8525,6625,C,761263
47.75,48.415,6650,C,761263
48.125,47.9775,6675,C,761263
47.5,47.535,6700,C,761263
47.875,47.035,6725,C,761263
47.25,46.535,6750,C,761263
46.625,46.035,6775,C,761263
46,45.535,6800,C,761263
45.375,45.035,6825,C,761263
44.75,44.55,6850,C,761263
44.125,44.0725,6875,C,761263
43.5,43.5725,6900,C,761263
42.875,43.065,6925,C,761263
42.25,42.5025,6950,C,761263
41.625,41.94,6975,C,761263
41,41.3775,7000,C,761263
40.375,40.815,7025,C,761263
40.75,40.2525,7050,C,761263
40.125,39.69,7075,C,761263
39.5,39.1275,7100,C,761263
38.875,38.565,7125,C,761263
38.25,38.0025,7150,C,761263
37.625,37.44,7175,C,761263
37,36.8775,7200,C,761263
36.375,36.315,7225,C,761263
35.75,35.7375,7250,C,761263
35.125,35.1125,7275,C,761263
34.5,34.4875,7300,C,761263
33.875,33.8625,7325,C,761263
33.25,33.2375,7350,C,761263
32.625,32.6125,7375,C,761263
32,31.9875,7400,C,761263
31.375,31.37,7425,C,761263
30.75,30.8075,7450,C,761263
30.125,30.245,7475,C,761263
29.5,29.6825,7500,C,761263
28.875,29.12,7525,C,761263
28.25,28.5975,7550,C,761263
27.625,28.0975,7575,C,761263
27,27.5975,7600,C,761263
27.375,27.0975,7625,C,761263
26.75,26.5975,7650,C,761263
26.125,26.0975,7675,C,761263
25.5,25.5975,7700,C,761263
24.875,25.0975,7725,C,761263
25.25,24.5975,7750,C,761263
24.625,24.0975,7775,C,761263
24,23.5975,7800,C,761263
23.375,23.09,7825,C,761263
22.75,22.565,7850,C,761263
22.125,22.065,7875,C,761263
21.5,21.565,7900,C,761263
20.875,21.065,7925,C,761263
20.25,20.525,7950,C,761263
19.625,19.9625,7975,C,761263
19,19.4,8000,C,761263
18.375,18.8375,8025,C,761263
18.75,18.275,8050,C,761263
18.125,17.7125,8075,C,761263
17.5,17.15,8100,C,761263
16.875,16.6125,8125,C,761263
16.25,16.1125,8150,C,761263
15.625,15.6125,8175,C,761263
15,15.1125,8200,C,761263
14.375,14.6125,8225,C,761263
13.75,14.075,8250,C,761263
13.125,13.5125,8275,C,761263
12.5,12.95,8300,C,761263
12.875,12.3875,8325,C,761263
12.25,11.88,8350,C,761263
11.625,11.38,8375,C,761263
11,10.88,8400,C,761263
10.375,10.405,8425,C,761263
9.74999999999998,9.96749999999998,8450,C,761263
9.12499999999998,9.52999999999998,8475,C,761263
8.49999999999998,9.09249999999998,8500,C,761263
7.87499999999998,8.62999999999998,8525,C,761263
8.24999999999998,8.12999999999998,8550,C,761263
7.62499999999998,7.62999999999998,8575,C,761263
6.99999999999998,7.12999999999998,8600,C,761263
7.37499999999998,6.62999999999998,8625,C,761263
6.74999999999998,6.12999999999998,8650,C,761263
6.12499999999998,5.62999999999998,8675,C,761263
5.49999999999998,5.12999999999998,8700,C,761263
4.87499999999998,4.62999999999998,8725,C,761263
4.24999999999998,4.07499999999998,8750,C,761263
3.62499999999998,3.51249999999998,8775,C,761263
2.99999999999998,2.94999999999998,8800,C,761263
2.37499999999998,2.36249999999998,8825,C,761263
1.74999999999998,1.73749999999998,8850,C,761263
1.12499999999998,1.13499999999998,8875,C,761263
0.499999999999983,0.572499999999983,8900,C,761263
-0.125000000000017,0.00999999999998297,8925,C,761263
-0.750000000000017,-0.552500000000017,8950,C,761263
-1.37500000000002,-1.11500000000002,8975,C,761263
-2.00000000000002,-1.61750000000002,9000,C,761263
-2.62500000000002,-2.11750000000002,9025,C,761263
-3.25000000000002,-2.61750000000002,9050,C,761263
-2.87500000000002,-3.11750000000002,9075,C,761263
-3.50000000000002,-3.61750000000002,9100,C,761263
-4.12500000000002,-4.11750000000002,9125,C,761263
-4.75000000000002,-4.61750000000002,9150,C,761263
-5.37500000000002,-5.11750000000002,9175,C,761263
-5.00000000000002,-5.61750000000002,9200,C,761263
-5.62500000000002,-6.11750000000002,9225,C,761263
-6.25000000000002,-6.61750000000002,9250,C,761263
-6.87500000000002,-7.07500000000002,9275,C,761263
-7.50000000000002,-7.51250000000002,9300,C,761263
-8.12500000000002,-7.95000000000002,9325,C,761263
-8.75000000000002,-8.38750000000002,9350,C,761263
-9.37500000000002,-8.82500000000002,9375,C,761263
-10,-9.32250000000002,9400,C,761263
-10.625,-9.82250000000002,9425,C,761263
-11.25,-10.3225,9450,C,761263
-9.87500000000002,-10.8225,9475,C,761263
-10.5,-11.3225,9500,C,761263
-11.125,-11.8225,9525,C,761263
-11.75,-12.3225,9550,C,761263
-12.375,-12.8225,9575,C,761263
-13,-13.3225,9600,C,761263
-13.625,-13.8225,9625,C,761263
-14.25,-14.3225,9650,C,761263
-14.875,-14.8875,9675,C,761263
-15.5,-15.5125,9700,C,761263
-16.125,-16.1375,9725,C,761263
-16.75,-16.7625,9750,C,761263
-17.375,-17.3875,9775,C,761263
-18,-18.0125,9800,C,761263
-18.625,-18.6375,9825,C,761263
-19.25,-19.2625,9850,C,761263
-19.875,-19.8875,9875,C,761263
-20.5,-20.5125,9900,C,761263
-21.125,-21.0825,9925,C,761263
-21.75,-21.645,9950,C,761263
-22.375,-22.2075,9975,C,761263
-23,-22.77,10000,C,761263
-23.625,-23.3325,10025,C,761263
-24.25,-23.895,10050,C,761263
-24.875,-24.4575,10075,C,761263
-25.5,-25.02,10100,C,761263
-25.125,-25.5825,10125,C,761263
-25.75,-26.105,10150,C,761263
-26.375,-26.605,10175,C,761263
-27,-27.105,10200,C,761263
-27.625,-27.605,10225,C,761263
-28.25,-28.105,10250,C,761263
-28.875,-28.605,10275,C,761263
-29.5,-29.105,10300,C,761263
-30.125,-29.66,10325,C,761263
-29.75,-30.2225,10350,C,761263
-30.375,-30.785,10375,C,761263
-31,-31.3475,10400,C,761263
-31.625,-31.91,10425,C,761263
-32.25,-32.4725,10450,C,761263
-32.875,-33.035,10475,C,761263
-33.5,-33.5975,10500,C,761263
-34.125,-34.16,10525,C,761263
-34.75,-34.7625,10550,C,761263
-35.375,-35.3875,10575,C,761263
-36,-36.0125,10600,C,761263
-36.625,-36.6375,10625,C,761263
-37.25,-37.2625,10650,C,761263
-37.875,-37.8875,10675,C,761263
-38.5,-38.5125,10700,C,761263
-39.125,-39.1375,10725,C,761263
-39.75,-39.7625,10750,C,761263
-40.375,-40.3875,10775,C,761263
-41,-41.0125,10800,C,761263
-41.625,-41.6375,10825,C,761263
-42.25,-42.2625,10850,C,761263
-42.875,-42.8875,10875,C,761263
-43.5,-43.5125,10900,C,761263
-44.125,-44.1375,10925,C,761263
-44.75,-44.7625,10950,C,761263
-45.375,-45.3875,10975,C,761263
-46,-46.0125,11000,C,761263
-46.625,-46.6375,11025,C,761263
-47.25,-47.2625,11050,C,761263
-47.875,-47.8875,11075,C,761263
-48.5,-48.5125,11100,C,761263
-49.125,-49.1375,11125,C,761263
-49.75,-49.7625,11150,C,761263
-50.375,-50.3875,11175,C,761263
-51,-51.0125,11200,C,761263
-51.625,-51.6375,11225,C,761263
-52.25,-52.2625,11250,C,761263
-52.875,-52.8875,11275,C,761263
-53.5,-53.5125,11300,C,761263
-54.125,-54.1375,11325,C,761263
-54.75,-54.7625,11350,C,761263
-55.375,-55.3875,11375,C,761263
-56,-56.0125,11400,C,761263
-56.625,-56.6375,11425,C,761263
-57.25,-57.2625,11450,C,761263
-57.875,-57.8875,11475,C,761263
-58.5,-58.5125,11500,C,761263
-59.125,-59.1375,11525,C,761263
-59.75,-59.7625,11550,C,761263
-60.375,-60.3875,11575,C,761263
-61,-61.0125,11600,C,761263
-61.625,-61.6375,11625,C,761263
-62.25,-62.2625,11650,C,761263
-62.875,-62.8875,11675,C,761263
-63.5,-63.5125,11700,C,761263
-64.125,-64.1375,11725,C,761263
-64.75,-64.7625,11750,C,761263
-65.375,-65.3875,11775,C,761263
-66,-66.0125,11800,C,761263
-66.625,-66.6375,11825,C,761263
-67.25,-67.2625,11850,C,761263
-67.875,-67.8875,11875,C,761263
-68.5,-68.5125,11900,C,761263
-69.125,-69.1375,11925,C,761263
-69.75,-69.7625,11950,C,761263
-70.375,-70.3875,11975,C,761263
-71,-71.0125,12000,C,761263
-71.625,-71.6375,12025,C,761263
-72.25,-72.2625,12050,C,761263
-72.875,-72.8875,12075,C,761263
-73.5,-73.5125,12100,C,761263
-74.125,-74.1375,12125,C,761263
-74.75,-74.7625,12150,C,761263
-75.375,-75.3875,12175,C,761263
-76,-76.0125,12200,C,761263
-76.625,-76.6375,12225,C,761263
-77.25,-77.2625,12250,C,761263
-77.875,-77.8825,12275,C,761263
-78.5,-78.445,12300,C,761263
-79.125,-79.0075,12325,C,761263
-79.75,-79.57,12350,C,761263
-80.375,-80.1325,12375,C,761263
-81,-80.695,12400,C,761263
-81.625,-81.2575,12425,C,761263
-82.25,-81.82,12450,C,761263
-81.875,-82.3825,12475,C,761263
-82.5,-82.945,12500,C,761263
-83.125,-83.5075,12525,C,761263
-83.75,-84.07,12550,C,761263
-84.375,-84.6325,12575,C,761263
-85,-85.195,12600,C,761263
-85.625,-85.7575,12625,C,761263
-86.25,-86.32,12650,C,761263
-86.875,-86.8875,12675,C,761263
-87.5,-87.5125,12700,C,761263
-88.125,-88.1375,12725,C,761263
-88.75,-88.7625,12750,C,761263
-89.375,-89.3875,12775,C,761263
-90,-90.0125,12800,C,761263
-90.625,-90.6375,12825,C,761263
-91.25,-91.2625,12850,C,761263
-91.875,-91.8875,12875,C,761263
-92.5,-92.5125,12900,C,761263
-93.125,-93.1375,12925,C,761263
-93.75,-93.7625,12950,C,761263
-94.375,-94.3875,12975,C,761263
-95,-95.0125,13000,C,761263
-95.625,-95.6375,13025,C,761263
-96.25,-96.2625,13050,C,761263
-96.875,-96.8875,13075,C,761263
-97.5,-97.5125,13100,C,761263
-98.125,-98.1375,13125,C,761263
-98.75,-98.7625,13150,C,761263
-99.375,-99.3875,13175,C,761263
-100,-100.0125,13200,C,761263
-100.625,-100.6375,13225,C,761263
-101.25,-101.2625,13250,C,761263
-101.875,-101.8875,13275,C,761263
-102.5,-102.5125,13300,C,761263
-103.125,-103.1375,13325,C,761263
-103.75,-103.7225,13350,C,761263
-104.375,-104.285,13375,C,761263
-105,-104.8475,13400,C,761263
-105.625,-105.41,13425,C,761263
-106.25,-105.9725,13450,C,761263
-106.875,-106.535,13475,C,761263
-107.5,-107.0975,13500,C,761263
-108.125,-107.66,13525,C,761263
-107.75,-108.2225,13550,C,761263
-108.375,-108.785,13575,C,761263
-109,-109.3475,13600,C,761263
-109.625,-109.91,13625,C,761263
-110.25,-110.4725,13650,C,761263
-110.875,-111.035,13675,C,761263
-111.5,-111.5975,13700,C,761263
-112.125,-112.16,13725,C,761263
-112.75,-112.7625,13750,C,761263
-113.375,-113.3875,13775,C,761263
-114,-113.955,13800,C,761263
-114.625,-114.5175,13825,C,761263
-115.25,-115.08,13850,C,761263
-115.875,-115.6425,13875,C,761263
-116.5,-116.205,13900,C,761263
-117.125,-116.7675,13925,C,761263
-117.75,-117.33,13950,C,761263
-118.375,-117.8925,13975,C,761263
-118,-118.455,14000,C,761263
-118.625,-119.0175,14025,C,761263
-119.25,-119.55,14050,C,761263
-119.875,-120.05,14075,C,761263
-120.5,-120.55,14100,C,761263
-121.125,-121.05,14125,C,761263
-121.75,-121.55,14150,C,761263
-122.375,-122.05,14175,C,761263
-123,-122.6075,14200,C,761263
-123.625,-123.17,14225,C,761263
-123.25,-123.7325,14250,C,761263
-123.875,-124.295,14275,C,761263
-124.5,-124.8575,14300,C,761263
-125.125,-125.42,14325,C,761263
-125.75,-125.9825,14350,C,761263
-126.375,-126.545,14375,C,761263
-127,-127.1075,14400,C,761263
-127.625,-127.67,14425,C,761263
-128.25,-128.2625,14450,C,761263
-128.875,-128.8875,14475,C,761263
-129.5,-129.5125,14500,C,761263
-130.125,-130.1375,14525,C,761263
-130.75,-130.7625,14550,C,761263
-131.375,-131.3875,14575,C,761263
-132,-132.0125,14600,C,761263
-132.625,-132.6375,14625,C,761263
-133.25,-133.2625,14650,C,761263
-133.875,-133.8875,14675,C,761263
-134.5,-134.5125,14700,C,761263
-135.125,-135.1375,14725,C,761263
-135.75,-135.7625,14750,C,761263
-136.375,-136.3875,14775,C,761263
-137,-137.0125,14800,C,761263
-137.625,-137.6375,14825,C,761263
-138.25,-138.2625,14850,C,761263
-138.875,-138.835,14875,C,761263
-139.5,-139.3975,14900,C,761263
-140.125,-139.96,14925,C,761263
-140.75,-140.5225,14950,C,761263
-141.375,-141.085,14975,C,761263
-142,-141.6475,15000,C,761263
-142.625,-142.21,15025,C,761263
-143.25,-142.7725,15050,C,761263
-142.875,-143.335,15075,C,761263
-143.5,-143.8975,15100,C,761263
-144.125,-144.46,15125,C,761263
-144.75,-145.0225,15150,C,761263
-145.375,-145.585,15175,C,761263
-146,-146.1475,15200,C,761263
-146.625,-146.71,15225,C,761263
-147.25,-147.2725,15250,C,761263
-147.875,-147.8875,15275,C,761263
-148.5,-148.5125,15300,C,761263
-149.125,-149.1375,15325,C,761263
-149.75,-149.7625,15350,C,761263
-150.375,-150.3875,15375,C,761263
-151,-151.0125,15400,C,761263
-151.625,-151.6375,15425,C,761263
-152.25,-152.2625,15450,C,761263
-152.875,-152.8475,15475,C,761263
-153.5,-153.41,15500,C,761263
-154.125,-153.9325,15525,C,761263
-154.75,-154.4325,15550,C,761263
-155.375,-154.9325,15575,C,761263
-156,-155.4325,15600,C,761263
-156.625,-155.9325,15625,C,761263
-157.25,-156.4325,15650,C,761263
-156.875,-156.9325,15675,C,761263
-157.5,-157.4325,15700,C,761263
-157.125,-157.9325,15725,C,761263
-157.75,-158.4325,15750,C,761263
-158.375,-158.9325,15775,C,761263
-159,-159.4325,15800,C,761263
-159.625,-159.89,15825,C,761263
-160.25,-160.3275,15850,C,761263
-160.875,-160.805,15875,C,761263
-161.5,-161.305,15900,C,761263
-162.125,-161.845,15925,C,761263
-162.75,-162.4075,15950,C,761263
-163.375,-162.97,15975,C,761263
-164,-163.5325,16000,C,761263
-163.625,-164.095,16025,C,761263
-164.25,-164.6575,16050,C,761263
-164.875,-165.22,16075,C,761263
-165.5,-165.7825,16100,C,761263
-166.125,-166.345,16125,C,761263
-166.75,-166.9075,16150,C,761263
-167.375,-167.47,16175,C,761263
-168,-168.0325,16200,C,761263
-168.625,-168.6375,16225,C,761263
-169.25,-169.2625,16250,C,761263
-169.875,-169.8875,16275,C,761263
-170.5,-170.5125,16300,C,761263
-171.125,-171.1375,16325,C,761263
-171.75,-171.7625,16350,C,761263
-172.375,-172.3875,16375,C,761263
-173,-173.0125,16400,C,761263
-173.625,-173.6375,16425,C,761263
-174.25,-174.2625,16450,C,761263
-174.875,-174.8875,16475,C,761263
-175.5,-175.5125,16500,C,761263
-176.125,-176.1375,16525,C,761263
-176.75,-176.7625,16550,C,761263
-177.375,-177.3875,16575,C,761263
-178,-178.0125,16600,C,761263
-178.625,-178.6375,16625,C,761263
-179.25,-179.2625,16650,C,761263
-179.875,-179.8875,16675,C,761263
-180.5,-180.5125,16700,C,761263
-181.125,-181.1375,16725,C,761263
-181.75,-181.7625,16750,C,761263
-182.375,-182.3875,16775,C,761263
-183,-183.0125,16800,C,761263
-183.625,-183.6375,16825,C,761263
-184.25,-184.2625,16850,C,761263
-184.875,-184.8875,16875,C,761263
-185.5,-185.5125,16900,C,761263
-186.125,-186.1375,16925,C,761263
-186.75,-186.7625,16950,C,761263
-187.375,-187.3875,16975,C,761263
-188,-188.0125,17000,C,761263
-188.625,-188.6375,17025,C,761263
-189.25,-189.2625,17050,C,761263
-189.875,-189.8875,17075,C,761263
-190.5,-190.5125,17100,C,761263
-191.125,-191.1375,17125,C,761263
-191.75,-191.7625,17150,C,761263
-192.375,-192.3875,17175,C,761263
-193,-193.0125,17200,C,761263
-193.625,-193.6375,17225,C,761263
-194.25,-194.2625,17250,C,761263
-194.875,-194.8875,17275,C,761263
-195.5,-195.5125,17300,C,761263
-196.125,-196.1375,17325,C,761263
-196.75,-196.7625,17350,C,761263
-197.375,-197.3875,17375,C,761263
-198,-198.0125,17400,C,761263
-198.625,-198.6375,17425,C,761263
-199.25,-199.2625,17450,C,761263
-199.875,-199.8875,17475,C,761263
-200.5,-200.5125,17500,C,761263
-201.125,-201.105,17525,C,761263
-201.75,-201.6675,17550,C,761263
-202.375,-202.23,17575,C,761263
-203,-202.7925,17600,C,761263
-203.625,-203.355,17625,C,761263
-204.25,-203.9175,17650,C,761263
-204.875,-204.48,17675,C,761263
-205.5,-205.0425,17700,C,761263
-205.125,-205.605,17725,C,761263
-205.75,-206.1675,17750,C,761263
-206.375,-206.73,17775,C,761263
-207,-207.2925,17800,C,761263
-207.625,-207.855,17825,C,761263
-208.25,-208.4175,17850,C,761263
-208.875,-208.98,17875,C,761263
-209.5,-209.5425,17900,C,761263
-210.125,-210.1375,17925,C,761263
-210.75,-210.7625,17950,C,761263
-211.375,-211.3875,17975,C,761263
-212,-212.0125,18000,C,761263
-212.625,-212.6375,18025,C,761263
-213.25,-213.2625,18050,C,761263
-213.875,-213.8875,18075,C,761263
-214.5,-214.5125,18100,C,761263
-215.125,-215.1375,18125,C,761263
-215.75,-215.7625,18150,C,761263
-216.375,-216.3875,18175,C,761263
-217,-217.0125,18200,C,761263
-217.625,-217.6375,18225,C,761263
-218.25,-218.2625,18250,C,761263
-218.875,-218.8875,18275,C,761263
-219.5,-219.5125,18300,C,761263
-220.125,-220.1375,18325,C,761263
-220.75,-220.7625,18350,C,761263
-221.375,-221.3875,18375,C,761263
-222,-222.0125,18400,C,761263
-222.625,-222.6375,18425,C,761263
-223.25,-223.2625,18450,C,761263
-223.875,-223.8875,18475,C,761263
-224.5,-224.5125,18500,C,761263
-225.125,-225.1375,18525,C,761263
-225.75,-225.7625,18550,C,761263
-226.375,-226.3875,18575,C,761263
-227,-227.0125,18600,C,761263
-227.625,-227.6375,18625,C,761263
-228.25,-228.2625,18650,C,761263
-228.875,-228.8875,18675,C,761263
-229.5,-229.5125,18700,C,761263
-230.125,-230.1375,18725,C,761263
-230.75,-230.7625,18750,C,761263
-231.375,-231.3875,18775,C,761263
-232,-232.0125,18800,C,761263
-232.625,-232.6375,18825,C,761263
-233.25,-233.2625,18850,C,761263
-233.875,-233.8875,18875,C,761263
-234.5,-234.5125,18900,C,761263
-235.125,-235.1375,18925,C,761263
-235.75,-235.7625,18950,C,761263
-236.375,-236.3875,18975,C,761263
-237,-237.0125,19000,C,761263
-237.625,-237.6375,19025,C,761263
-238.25,-238.2625,19050,C,761263
-238.875,-238.8875,19075,C,761263
-239.5,-239.5125,19100,C,761263
-240.125,-240.1375,19125,C,761263
-240.75,-240.7625,19150,C,761263
-241.375,-241.3875,19175,C,761263
-242,-242.0125,19200,C,761263
-242.625,-242.6375,19225,C,761263
-243.25,-243.2625,19250,C,761263
-243.875,-243.8875,19275,C,761263
-244.5,-244.5125,19300,C,761263
-245.125,-245.1275,19325,C,761263
-245.75,-245.69,19350,C,761263
-246.375,-246.2525,19375,C,761263
-247,-246.815,19400,C,761263
-247.625,-247.3775,19425,C,761263
-248.25,-247.94,19450,C,761263
-248.875,-248.5025,19475,C,761263
-249.5,-249.065,19500,C,761263
-249.125,-249.6275,19525,C,761263
-249.75,-250.19,19550,C,761263
-250.375,-250.7525,19575,C,761263
-251,-251.315,19600,C,761263
-251.625,-251.8775,19625,C,761263
-252.25,-252.44,19650,C,761263
-252.875,-253.0025,19675,C,761263
-253.5,-253.565,19700,C,761263
-254.125,-254.1375,19725,C,761263
-254.75,-254.7625,19750,C,761263
-255.375,-255.3875,19775,C,761263
-256,-256.0125,19800,C,761263
-256.625,-256.6375,19825,C,761263
-257.25,-257.2625,19850,C,761263
-257.875,-257.8875,19875,C,761263
-258.5,-258.5125,19900,C,761263
-259.125,-259.1375,19925,C,761263
-259.75,-259.7625,19950,C,761263
-260.375,-260.3875,19975,C,761263
-261,-261.0125,20000,C,761263
1.375,,25,C,778567
1.75,,50,C,778567
5.125,,75,C,778567
7.5,,100,C,778567
6.875,,125,C,778567
12.25,,150,C,778567
15.625,,175,C,778567
18,20.31,200,C,778567
22.375,23.28,225,C,778567
27.75,26.405,250,C,778567
29.125,29.555,275,C,778567
34.5,32.73,300,C,778567
37.875,35.98,325,C,778567
39.25,39.145,350,C,778567
42.625,42.265,375,C,778567
46,45.3875,400,C,778567
51.375,48.2775,425,C,778567
51.75,51.085,450,C,778567
56.125,53.7575,475,C,778567
59.5,56.2975,500,C,778567
58.875,58.72,525,C,778567
63.25,61.0475,550,C,778567
66.625,63.235,575,C,778567
67,65.16,600,C,778567
68.375,66.865,625,C,778567
68.75,68.425,650,C,778567
72.125,69.8475,675,C,778567
73.5,70.9925,700,C,778567
75.875,71.9925,725,C,778567
75.25,72.925,750,C,778567
75.625,73.76,775,C,778567
76,74.59,800,C,778567
76.375,75.42,825,C,778567
76.75,76.3375,850,C,778567
76.125,77.2425,875,C,778567
75.5,78.18,900,C,778567
74.875,79.0925,925,C,778567
75.25,80.0675,950,C,778567
78.625,81.205,975,C,778567
81,82.2925,1000,C,778567
81.375,83.38,1025,C,778567
84.75,84.455,1050,C,778567
87.125,85.5875,1075,C,778567
88.5,86.8675,1100,C,778567
90.875,88.2425,1125,C,778567
92.25,89.5675,1150,C,778567
93.625,90.725,1175,C,778567
93,91.75,1200,C,778567
93.375,92.6775,1225,C,778567
93.75,93.4025,1250,C,778567
95.125,94.035,1275,C,778567
97.5,94.505,1300,C,778567
96.875,94.8075,1325,C,778567
96.25,95.0025,1350,C,778567
96.625,95.025,1375,C,778567
96,95.075,1400,C,778567
95.375,95.15,1425,C,778567
95.75,95.2075,1450,C,778567
95.125,95.2,1475,C,778567
94.5,95.045,1500,C,778567
93.875,94.8625,1525,C,778567
94.25,94.7625,1550,C,778567
93.625,94.6975,1575,C,778567
94,94.5725,1600,C,778567
94.375,94.5025,1625,C,778567
94.75,94.53,1650,C,778567
94.125,94.5675,1675,C,778567
93.5,94.7125,1700,C,778567
94.875,94.9425,1725,C,778567
95.25,95.1475,1750,C,778567
94.625,95.335,1775,C,778567
94,95.4725,1800,C,778567
95.375,95.5675,1825,C,778567
95.75,95.6725,1850,C,778567
96.125,95.7375,1875,C,778567
97.5,95.8625,1900,C,778567
97.875,95.9775,1925,C,778567
97.25,96.015,1950,C,778567
96.625,96.015,1975,C,778567
96,96.015,2000,C,778567
96.375,95.96,2025,C,778567
95.75,95.8625,2050,C,778567
96.125,95.7125,2075,C,778567
95.5,95.515,2100,C,778567
95.875,95.285,2125,C,778567
95.25,95.035,2150,C,778567
94.625,94.785,2175,C,778567
94,94.635,2200,C,778567
93.375,94.4825,2225,C,778567
93.75,94.34,2250,C,778567
94.125,94.2125,2275,C,778567
94.5,94.025,2300,C,778567
93.875,93.82,2325,C,778567
93.25,93.6325,2350,C,778567
92.625,93.445,2375,C,778567
94,93.2575,2400,C,778567
93.375,93.07,2425,C,778567
93.75,92.8775,2450,C,778567
93.125,92.6775,2475,C,778567
92.5,92.4175,2500,C,778567
92.875,92.105,2525,C,778567
92.25,91.7925,2550,C,778567
91.625,91.48,2575,C,778567
91,91.0675,2600,C,778567
90.375,90.645,2625,C,778567
90.75,90.225,2650,C,778567
90.125,89.7875,2675,C,778567
89.5,89.35,2700,C,778567
88.875,88.8975,2725,C,778567
88.25,88.46,2750,C,778567
87.625,88.0775,2775,C,778567
87,87.7025,2800,C,778567
87.375,87.3275,2825,C,778567
86.75,86.895,2850,C,778567
86.125,86.5075,2875,C,778567
85.5,86.16,2900,C,778567
85.875,85.8975,2925,C,778567
85.25,85.68,2950,C,778567
85.625,85.4925,2975,C,778567
85,85.305,3000,C,778567
84.375,85.1025,3025,C,778567
83.75,84.855,3050,C,778567
84.125,84.6725,3075,C,778567
84.5,84.56,3100,C,778567
84.875,84.5,3125,C,778567
85.25,84.445,3150,C,778567
84.625,84.4525,3175,C,778567
84,84.515,3200,C,778567
83.375,84.5775,3225,C,778567
83.75,84.725,3250,C,778567
84.125,84.9025,3275,C,778567
84.5,85.0625,3300,C,778567
84.875,85.145,3325,C,778567
85.25,85.2825,3350,C,778567
86.625,85.4675,3375,C,778567
86,85.675,3400,C,778567
85.375,85.925,3425,C,778567
86.75,86.1725,3450,C,778567
87.125,86.355,3475,C,778567
86.5,86.4675,3500,C,778567
86.875,86.5025,3525,C,778567
87.25,86.5175,3550,C,778567
87.625,86.455,3575,C,778567
88,86.33,3600,C,778567
87.375,86.2625,3625,C,778567
86.75,86.115,3650,C,778567
86.125,85.9475,3675,C,778567
85.5,85.76,3700,C,778567
84.875,85.6225,3725,C,778567
85.25,85.39,3750,C,778567
84.625,85.08,3775,C,778567
84,84.7475,3800,C,778567
84.375,84.3725,3825,C,778567
83.75,83.9975,3850,C,778567
84.125,83.6425,3875,C,778567
83.5,83.3825,3900,C,778567
83.875,83.195,3925,C,778567
83.25,82.985,3950,C,778567
82.625,82.735,3975,C,778567
82,82.485,4000,C,778567
81.375,82.185,4025,C,778567
80.75,81.935,4050,C,778567
81.125,81.625,4075,C,778567
82.5,81.365,4100,C,778567
81.875,81.0575,4125,C,778567
81.25,80.745,4150,C,778567
80.625,80.4325,4175,C,778567
80,80.12,4200,C,778567
80.375,79.8075,4225,C,778567
79.75,79.5475,4250,C,778567
79.125,79.2775,4275,C,778567
79.5,78.94,4300,C,778567
78.875,78.565,4325,C,778567
78.25,78.19,4350,C,778567
77.625,77.8525,4375,C,778567
77,77.54,4400,C,778567
76.375,77.2375,4425,C,778567
76.75,76.925,4450,C,778567
76.125,76.6125,4475,C,778567
76.5,76.2475,4500,C,778567
75.875,75.8725,4525,C,778567
75.25,75.555,4550,C,778567
75.625,75.2425,4575,C,778567
75,74.93,4600,C,778567
75.375,74.6325,4625,C,778567
74.75,74.33,4650,C,778567
74.125,74.0175,4675,C,778567
73.5,73.68,4700,C,778567
72.875,73.3675,4725,C,778567
73.25,73.055,4750,C,778567
72.625,72.705,4775,C,778567
72,72.3575,4800,C,778567
72.375,72.0275,4825,C,778567
71.75,71.71,4850,C,778567
71.125,71.3975,4875,C,778567
71.5,71.085,4900,C,778567
70.875,70.7725,4925,C,778567
70.25,70.445,4950,C,778567
69.625,70.2425,4975,C,778567
70,70.055,5000,C,778567
69.375,69.8525,5025,C,778567
69.75,69.6025,5050,C,778567
69.125,69.3525,5075,C,778567
68.5,69.1,5100,C,778567
67.875,68.7975,5125,C,778567
68.25,68.5475,5150,C,778567
69.625,68.2975,5175,C,778567
69,68.02,5200,C,778567
68.375,67.7675,5225,C,778567
67.75,67.4925,5250,C,778567
67.125,67.2425,5275,C,778567
66.5,66.9925,5300,C,778567
66.875,66.75,5325,C,778567
66.25,66.52,5350,C,778567
65.625,66.16,5375,C,778567
65,65.785,5400,C,778567
65.375,65.4375,5425,C,778567
65.75,65.125,5450,C,778567
65.125,64.8125,5475,C,778567
64.5,64.5,5500,C,778567
64.875,64.1775,5525,C,778567
64.25,63.8025,5550,C,778567
63.625,63.4275,5575,C,778567
63,63.11,5600,C,778567
63.375,62.7375,5625,C,778567
62.75,62.33,5650,C,778567
62.125,61.8925,5675,C,778567
61.5,61.455,5700,C,778567
60.875,61.01,5725,C,778567
60.25,60.52,5750,C,778567
59.625,60.0825,5775,C,778567
60,59.645,5800,C,778567
59.375,59.18,5825,C,778567
58.75,58.68,5850,C,778567
58.125,58.18,5875,C,778567
57.5,57.705,5900,C,778567
56.875,57.305,5925,C,778567
57.25,56.93,5950,C,778567
56.625,56.555,5975,C,778567
56,56.1225,6000,C,778567
55.375,55.685,6025,C,778567
54.75,55.2475,6050,C,778567
54.125,54.81,6075,C,778567
54.5,54.3725,6100,C,778567
54.875,53.975,6125,C,778567
54.25,53.59,6150,C,778567
53.625,53.1525,6175,C,778567
53,52.715,6200,C,778567
52.375,52.2775,6225,C,778567
51.75,51.84,6250,C,778567
51.125,51.4025,6275,C,778567
50.5,50.94,6300,C,778567
50.875,50.4025,6325,C,778567
50.25,49.84,6350,C,778567
49.625,49.2775,6375,C,778567
49,48.715,6400,C,778567
48.375,48.1525,6425,C,778567
47.75,47.59,6450,C,778567
47.125,47.0275,6475,C,778567
46.5,46.5175,6500,C,778567
45.875,45.9775,6525,C,778567
45.25,45.415,6550,C,778567
44.625,44.8525,6575,C,778567
44,44.29,6600,C,778567
43.375,43.7275,6625,C,778567
42.75,43.165,6650,C,778567
42.125,42.625,6675,C,778567
42.5,42.125,6700,C,778567
41.875,41.625,6725,C,778567
41.25,41.125,6750,C,778567
40.625,40.6875,6775,C,778567
40,40.25,6800,C,778567
39.375,39.8125,6825,C,778567
38.75,39.3825,6850,C,778567
39.125,39.0075,6875,C,778567
38.5,38.6025,6900,C,778567
37.875,38.255,6925,C,778567
37.25,37.9425,6950,C,778567
37.625,37.6925,6975,C,778567
37,37.4425,7000,C,778567
36.375,37.1925,7025,C,778567
36.75,36.9425,7050,C,778567
36.125,36.71,7075,C,778567
36.5,36.46,7100,C,778567
36.875,36.21,7125,C,778567
36.25,35.96,7150,C,778567
36.625,35.6475,7175,C,778567
36,35.335,7200,C,778567
35.375,35.0225,7225,C,778567
34.75,34.7025,7250,C,778567
35.125,34.3275,7275,C,778567
34.5,33.96,7300,C,778567
33.875,33.62,7325,C,778567
33.25,33.245,7350,C,778567
32.625,32.8075,7375,C,778567
32,32.37,7400,C,778567
31.375,31.9325,7425,C,778567
30.75,31.495,7450,C,778567
30.125,31.0175,7475,C,778567
31.5,30.5175,7500,C,778567
30.875,30.0175,7525,C,778567
30.25,29.5175,7550,C,778567
29.625,29.0425,7575,C,778567
29,28.605,7600,C,778567
28.375,28.1675,7625,C,778567
27.75,27.73,7650,C,778567
27.125,27.2925,7675,C,778567
26.5,26.825,7700,C,778567
25.875,26.2625,7725,C,778567
25.25,25.7,7750,C,778567
25.625,25.1375,7775,C,778567
25,24.575,7800,C,778567
24.375,24.0125,7825,C,778567
23.75,23.45,7850,C,778567
23.125,22.8875,7875,C,778567
22.5,22.325,7900,C,778567
21.875,21.8125,7925,C,778567
21.25,21.3125,7950,C,778567
20.625,20.7875,7975,C,778567
20,20.225,8000,C,778567
19.375,19.6625,8025,C,778567
18.75,19.1,8050,C,778567
18.125,18.5375,8075,C,778567
17.5,17.975,8100,C,778567
17.875,17.4125,8125,C,778567
17.25,16.85,8150,C,778567
16.625,16.2875,8175,C,778567
16,15.725,8200,C,778567
15.375,15.1625,8225,C,778567
14.75,14.6,8250,C,778567
14.125,14.0375,8275,C,778567
13.5,13.475,8300,C,778567
12.875,12.8625,8325,C,778567
12.25,12.2375,8350,C,778567
11.625,11.6125,8375,C,778567
11,10.9875,8400,C,778567
10.375,10.3625,8425,C,778567
9.74999999999998,9.73749999999998,8450,C,778567
9.12499999999998,9.11249999999998,8475,C,778567
8.49999999999998,8.48749999999998,8500,C,778567
7.87499999999998,7.86249999999998,8525,C,778567
7.24999999999998,7.23749999999998,8550,C,778567
6.62499999999998,6.61249999999998,8575,C,778567
5.99999999999998,5.98749999999998,8600,C,778567
5.37499999999998,5.36249999999998,8625,C,778567
4.74999999999998,4.73749999999998,8650,C,778567
4.12499999999998,4.11249999999998,8675,C,778567
3.49999999999998,3.48749999999998,8700,C,778567
2.87499999999998,2.86249999999998,8725,C,778567
2.24999999999998,2.23749999999998,8750,C,778567
1.62499999999998,1.61249999999998,8775,C,778567
0.999999999999983,0.987499999999983,8800,C,778567
0.374999999999983,0.414999999999983,8825,C,778567
-0.250000000000017,-0.147500000000017,8850,C,778567
-0.875000000000017,-0.710000000000017,8875,C,778567
-1.50000000000002,-1.27250000000002,8900,C,778567
-2.12500000000002,-1.83500000000002,8925,C,778567
-2.75000000000002,-2.39750000000002,8950,C,778567
-3.37500000000002,-2.96000000000002,8975,C,778567
-4.00000000000002,-3.52250000000002,9000,C,778567
-3.62500000000002,-4.08500000000002,9025,C,778567
-4.25000000000002,-4.64000000000002,9050,C,778567
-4.87500000000002,-5.14000000000002,9075,C,778567
-5.50000000000002,-5.64000000000002,9100,C,778567
-6.12500000000002,-6.14000000000002,9125,C,778567
-6.75000000000002,-6.64000000000002,9150,C,778567
-7.37500000000002,-7.14000000000002,9175,C,778567
-8.00000000000002,-7.64000000000002,9200,C,778567
-8.62500000000002,-8.19250000000002,9225,C,778567
-8.25000000000002,-8.75500000000002,9250,C,778567
-8.87500000000002,-9.31750000000002,9275,C,778567
-9.50000000000002,-9.88000000000002,9300,C,778567
-10.125,-10.4425,9325,C,778567
-10.75,-11.005,9350,C,778567
-11.375,-11.5675,9375,C,778567
-12,-12.13,9400,C,778567
-12.625,-12.6925,9425,C,778567
-13.25,-13.2625,9450,C,778567
-13.875,-13.8875,9475,C,778567
-14.5,-14.5125,9500,C,778567
-15.125,-15.1375,9525,C,778567
-15.75,-15.7625,9550,C,778567
-16.375,-16.3875,9575,C,778567
-17,-17.0125,9600,C,778567
-17.625,-17.615,9625,C,778567
-18.25,-18.1775,9650,C,778567
-18.875,-18.74,9675,C,778567
-19.5,-19.3025,9700,C,778567
-20.125,-19.8075,9725,C,778567
-20.75,-20.3075,9750,C,778567
-21.375,-20.8075,9775,C,778567
-22,-21.3075,9800,C,778567
-21.625,-21.8075,9825,C,778567
-22.25,-22.3075,9850,C,778567
-22.875,-22.8075,9875,C,778567
-23.5,-23.2625,9900,C,778567
-23.125,-23.7,9925,C,778567
-23.75,-24.1375,9950,C,778567
-24.375,-24.575,9975,C,778567
-25,-25.0125,10000,C,778567
-25.625,-25.4725,10025,C,778567
-26.25,-25.9725,10050,C,778567
-26.875,-26.4725,10075,C,778567
-26.5,-26.9725,10100,C,778567
-27.125,-27.53,10125,C,778567
-27.75,-28.0925,10150,C,778567
-28.375,-28.655,10175,C,778567
-29,-29.2175,10200,C,778567
-29.625,-29.78,10225,C,778567
-30.25,-30.3425,10250,C,778567
-30.875,-30.905,10275,C,778567
-31.5,-31.5125,10300,C,778567
-32.125,-32.1375,10325,C,778567
-32.75,-32.7625,10350,C,778567
-33.375,-33.3875,10375,C,778567
-34,-34.0125,10400,C,778567
-34.625,-34.6375,10425,C,778567
-35.25,-35.2625,10450,C,778567
-35.875,-35.8875,10475,C,778567
-36.5,-36.5125,10500,C,778567
-37.125,-37.1375,10525,C,778567
-37.75,-37.7625,10550,C,778567
-38.375,-38.3875,10575,C,778567
-39,-39.0125,10600,C,778567
-39.625,-39.6375,10625,C,778567
-40.25,-40.2625,10650,C,778567
-40.875,-40.8625,10675,C,778567
-41.5,-41.425,10700,C,778567
-42.125,-41.9875,10725,C,778567
-42.75,-42.5075,10750,C,778567
-43.375,-43.0075,10775,C,778567
-44,-43.5075,10800,C,778567
-44.625,-44.0075,10825,C,778567
-45.25,-44.5075,10850,C,778567
-44.875,-45.0075,10875,C,778567
-45.5,-45.5075,10900,C,778567
-46.125,-46.0075,10925,C,778567
-45.75,-46.5075,10950,C,778567
-46.375,-47.0075,10975,C,778567
-47,-47.5075,11000,C,778567
-47.625,-48.0075,11025,C,778567
-48.25,-48.5075,11050,C,778567
-48.875,-49.0325,11075,C,778567
-49.5,-49.595,11100,C,778567
-50.125,-50.1575,11125,C,778567
-50.75,-50.7625,11150,C,778567
-51.375,-51.3875,11175,C,778567
-52,-52.0125,11200,C,778567
-52.625,-52.6375,11225,C,778567
-53.25,-53.2625,11250,C,778567
-53.875,-53.8875,11275,C,778567
-54.5,-54.5125,11300,C,778567
-55.125,-55.1375,11325,C,778567
-55.75,-55.7625,11350,C,778567
-56.375,-56.3875,11375,C,778567
-57,-57.0125,11400,C,778567
-57.625,-57.575,11425,C,778567
-58.25,-58.1375,11450,C,778567
-58.875,-58.7,11475,C,778567
-59.5,-59.2625,11500,C,778567
-60.125,-59.825,11525,C,778567
-60.75,-60.3875,11550,C,778567
-61.375,-60.95,11575,C,778567
-62,-61.5125,11600,C,778567
-61.625,-62.075,11625,C,778567
-62.25,-62.6375,11650,C,778567
-62.875,-63.2,11675,C,778567
-63.5,-63.7625,11700,C,778567
-64.125,-64.325,11725,C,778567
-64.75,-64.8875,11750,C,778567
-65.375,-65.45,11775,C,778567
-66,-66.0125,11800,C,778567
-66.625,-66.6375,11825,C,778567
-67.25,-67.2625,11850,C,778567
-67.875,-67.8875,11875,C,778567
-68.5,-68.5125,11900,C,778567
-69.125,-69.1375,11925,C,778567
-69.75,-69.7625,11950,C,778567
-70.375,-70.3875,11975,C,778567
-71,-71.0125,12000,C,778567
-71.625,-71.6375,12025,C,778567
-72.25,-72.2625,12050,C,778567
-72.875,-72.8475,12075,C,778567
-73.5,-73.41,12100,C,778567
-74.125,-73.9725,12125,C,778567
-74.75,-74.535,12150,C,778567
-75.375,-75.0975,12175,C,778567
-76,-75.6075,12200,C,778567
-76.625,-76.1075,12225,C,778567
-77.25,-76.6075,12250,C,778567
-76.875,-77.1075,12275,C,778567
-77.5,-77.6075,12300,C,778567
-78.125,-78.1075,12325,C,778567
-78.75,-78.6075,12350,C,778567
-79.375,-79.1075,12375,C,778567
-79,-79.6075,12400,C,778567
-79.625,-80.1075,12425,C,778567
-80.25,-80.6075,12450,C,778567
-80.875,-81.1475,12475,C,778567
-81.5,-81.71,12500,C,778567
-82.125,-82.2725,12525,C,778567
-82.75,-82.835,12550,C,778567
-83.375,-83.3975,12575,C,778567
-84,-84.0125,12600,C,778567
-84.625,-84.5925,12625,C,778567
-85.25,-85.155,12650,C,778567
-85.875,-85.7175,12675,C,778567
-86.5,-86.28,12700,C,778567
-87.125,-86.8425,12725,C,778567
-87.75,-87.405,12750,C,778567
-88.375,-87.9675,12775,C,778567
-89,-88.53,12800,C,778567
-88.625,-89.0925,12825,C,778567
-89.25,-89.655,12850,C,778567
-89.875,-90.2175,12875,C,778567
-90.5,-90.78,12900,C,778567
-91.125,-91.3425,12925,C,778567
-91.75,-91.905,12950,C,778567
-92.375,-92.4675,12975,C,778567
-93,-93.03,13000,C,778567
-93.625,-93.6375,13025,C,778567
-94.25,-94.2625,13050,C,778567
-94.875,-94.8875,13075,C,778567
-95.5,-95.5125,13100,C,778567
-96.125,-96.1375,13125,C,778567
-96.75,-96.7625,13150,C,778567
-97.375,-97.3875,13175,C,778567
-98,-98.0125,13200,C,778567
-98.625,-98.6375,13225,C,778567
-99.25,-99.2625,13250,C,778567
-99.875,-99.8875,13275,C,778567
-100.5,-100.5125,13300,C,778567
-101.125,-101.1375,13325,C,778567
-101.75,-101.7625,13350,C,778567
-102.375,-102.3875,13375,C,778567
-103,-103.0125,13400,C,778567
-103.625,-103.6375,13425,C,778567
-104.25,-104.2625,13450,C,778567
-104.875,-104.8875,13475,C,778567
-105.5,-105.5125,13500,C,778567
-106.125,-106.1375,13525,C,778567
-106.75,-106.7625,13550,C,778567
-107.375,-107.3875,13575,C,778567
-108,-108.0125,13600,C,778567
-108.625,-108.6375,13625,C,778567
-109.25,-109.2625,13650,C,778567
-109.875,-109.8875,13675,C,778567
-110.5,-110.5125,13700,C,778567
-111.125,-111.1375,13725,C,778567
-111.75,-111.7625,13750,C,778567
-112.375,-112.3875,13775,C,778567
-113,-113.0125,13800,C,778567
-113.625,-113.6375,13825,C,778567
-114.25,-114.2625,13850,C,778567
-114.875,-114.8875,13875,C,778567
-115.5,-115.5125,13900,C,778567
-116.125,-116.1375,13925,C,778567
-116.75,-116.7625,13950,C,778567
-117.375,-117.3875,13975,C,778567
-118,-118.0125,14000,C,778567
-118.625,-118.6375,14025,C,778567
-119.25,-119.2625,14050,C,778567
-119.875,-119.8875,14075,C,778567
-120.5,-120.5125,14100,C,778567
-121.125,-121.1375,14125,C,778567
-121.75,-121.7625,14150,C,778567
-122.375,-122.3875,14175,C,778567
-123,-123.0125,14200,C,778567
-123.625,-123.6375,14225,C,778567
-124.25,-124.2625,14250,C,778567
-124.875,-124.87,14275,C,778567
-125.5,-125.4325,14300,C,778567
-126.125,-125.995,14325,C,778567
-126.75,-126.5575,14350,C,778567
-127.375,-127.12,14375,C,778567
-128,-127.6725,14400,C,778567
-128.625,-128.1725,14425,C,778567
-129.25,-128.6725,14450,C,778567
-128.875,-129.1725,14475,C,778567
-129.5,-129.6725,14500,C,778567
-130.125,-130.1725,14525,C,778567
-130.75,-130.6725,14550,C,778567
-131.375,-131.1725,14575,C,778567
-131,-131.6225,14600,C,778567
-131.625,-132.06,14625,C,778567
-132.25,-132.4975,14650,C,778567
-132.875,-132.9525,14675,C,778567
-133.5,-133.4525,14700,C,778567
-134.125,-133.9525,14725,C,778567
-134.75,-134.4525,14750,C,778567
-135.375,-134.9525,14775,C,778567
-135,-135.4625,14800,C,778567
-135.625,-136.025,14825,C,778567
-136.25,-136.5875,14850,C,778567
-136.875,-137.15,14875,C,778567
-137.5,-137.7125,14900,C,778567
-138.125,-138.275,14925,C,778567
-138.75,-138.8375,14950,C,778567
-139.375,-139.4,14975,C,778567
-140,-140.0125,15000,C,778567
-140.625,-140.6375,15025,C,778567
-141.25,-141.2625,15050,C,778567
-141.875,-141.8875,15075,C,778567
-142.5,-142.5125,15100,C,778567
-143.125,-143.1375,15125,C,778567
-143.75,-143.7625,15150,C,778567
-144.375,-144.3875,15175,C,778567
-145,-145.0125,15200,C,778567
-145.625,-145.6375,15225,C,778567
-146.25,-146.2625,15250,C,778567
-146.875,-146.8875,15275,C,778567
-147.5,-147.5125,15300,C,778567
-148.125,-148.1375,15325,C,778567
-148.75,-148.7625,15350,C,778567
-149.375,-149.3875,15375,C,778567
-150,-150.0125,15400,C,778567
-150.625,-150.6375,15425,C,778567
-151.25,-151.2625,15450,C,778567
-151.875,-151.8875,15475,C,778567
-152.5,-152.5125,15500,C,778567
-153.125,-153.1375,15525,C,778567
-153.75,-153.7625,15550,C,778567
-154.375,-154.3875,15575,C,778567
-155,-154.965,15600,C,778567
-155.625,-155.5275,15625,C,778567
-156.25,-156.09,15650,C,778567
-156.875,-156.6525,15675,C,778567
-157.5,-157.215,15700,C,778567
-158.125,-157.7775,15725,C,778567
-158.75,-158.34,15750,C,778567
-159.375,-158.9025,15775,C,778567
-159,-159.465,15800,C,778567
-159.625,-160.0275,15825,C,778567
-160.25,-160.59,15850,C,778567
-160.875,-161.1525,15875,C,778567
-161.5,-161.715,15900,C,778567
-162.125,-162.2775,15925,C,778567
-162.75,-162.84,15950,C,778567
-163.375,-163.4025,15975,C,778567
-164,-164.0125,16000,C,778567
-164.625,-164.6375,16025,C,778567
-165.25,-165.2625,16050,C,778567
-165.875,-165.8875,16075,C,778567
-166.5,-166.5125,16100,C,778567
-167.125,-167.1375,16125,C,778567
-167.75,-167.7625,16150,C,778567
-168.375,-168.3875,16175,C,778567
-169,-169.0125,16200,C,778567
-169.625,-169.6375,16225,C,778567
-170.25,-170.2625,16250,C,778567
-170.875,-170.8875,16275,C,778567
-171.5,-171.5125,16300,C,778567
-172.125,-172.1375,16325,C,778567
-172.75,-172.7625,16350,C,778567
-173.375,-173.3875,16375,C,778567
-174,-174.0125,16400,C,778567
-174.625,-174.6375,16425,C,778567
-175.25,-175.2625,16450,C,778567
-175.875,-175.8875,16475,C,778567
-176.5,-176.5125,16500,C,778567
-177.125,-177.1375,16525,C,778567
-177.75,-177.7625,16550,C,778567
-178.375,-178.3875,16575,C,778567
-179,-179.0125,16600,C,778567
-179.625,-179.6375,16625,C,778567
-180.25,-180.2625,16650,C,778567
-180.875,-180.8875,16675,C,778567
-181.5,-181.5125,16700,C,778567
-182.125,-182.1375,16725,C,778567
-182.75,-182.7625,16750,C,778567
-183.375,-183.3875,16775,C,778567
-184,-184.0125,16800,C,778567
-184.625,-184.6375,16825,C,778567
-185.25,-185.2625,16850,C,778567
-185.875,-185.8875,16875,C,778567
-186.5,-186.5125,16900,C,778567
-187.125,-187.1375,16925,C,778567
-187.75,-187.7625,16950,C,778567
-188.375,-188.3875,16975,C,778567
-189,-189.0125,17000,C,778567
-189.625,-189.6375,17025,C,778567
-190.25,-190.2625,17050,C,778567
-190.875,-190.8425,17075,C,778567
-191.5,-191.405,17100,C,778567
-192.125,-191.9675,17125,C,778567
-192.75,-192.53,17150,C,778567
-193.375,-193.0925,17175,C,778567
-194,-193.655,17200,C,778567
-194.625,-194.2175,17225,C,778567
-195.25,-194.78,17250,C,778567
-194.875,-195.3425,17275,C,778567
-195.5,-195.905,17300,C,778567
-196.125,-196.4675,17325,C,778567
-196.75,-197.03,17350,C,778567
-197.375,-197.5925,17375,C,778567
-198,-198.155,17400,C,778567
-198.625,-198.7175,17425,C,778567
-199.25,-199.28,17450,C,778567
-199.875,-199.8875,17475,C,778567
-200.5,-200.5125,17500,C,778567
-201.125,-201.1375,17525,C,778567
-201.75,-201.7625,17550,C,778567
-202.375,-202.3875,17575,C,778567
-203,-202.975,17600,C,778567
-203.625,-203.5375,17625,C,778567
-204.25,-204.1,17650,C,778567
-204.875,-204.6625,17675,C,778567
-205.5,-205.225,17700,C,778567
-206.125,-205.7875,17725,C,778567
-206.75,-206.35,17750,C,778567
-207.375,-206.9125,17775,C,778567
-207,-207.475,17800,C,778567
-207.625,-208.0375,17825,C,778567
-208.25,-208.6,17850,C,778567
-208.875,-209.1625,17875,C,778567
-209.5,-209.725,17900,C,778567
-210.125,-210.2875,17925,C,778567
-210.75,-210.85,17950,C,778567
-211.375,-211.4125,17975,C,778567
-212,-212.0125,18000,C,778567
-212.625,-212.6375,18025,C,778567
-213.25,-213.2625,18050,C,778567
-213.875,-213.8875,18075,C,778567
-214.5,-214.5125,18100,C,778567
-215.125,-215.1375,18125,C,778567
-215.75,-215.7625,18150,C,778567
-216.375,-216.3875,18175,C,778567
-217,-216.96,18200,C,778567
-217.625,-217.5225,18225,C,778567
-218.25,-218.085,18250,C,778567
-218.875,-218.6475,18275,C,778567
-219.5,-219.21,18300,C,778567
-220.125,-219.7725,18325,C,778567
-220.75,-220.335,18350,C,778567
-221.375,-220.8975,18375,C,778567
-221,-221.46,18400,C,778567
-221.625,-222.0225,18425,C,778567
-222.25,-222.585,18450,C,778567
-222.875,-223.1475,18475,C,778567
-223.5,-223.71,18500,C,778567
-224.125,-224.2725,18525,C,778567
-224.75,-224.835,18550,C,778567
-225.375,-225.3975,18575,C,778567
-226,-226.0125,18600,C,778567
-226.625,-226.6375,18625,C,778567
-227.25,-227.2625,18650,C,778567
-227.875,-227.8875,18675,C,778567
-228.5,-228.5125,18700,C,778567
-229.125,-229.1375,18725,C,778567
-229.75,-229.7625,18750,C,778567
-230.375,-230.3875,18775,C,778567
-231,-231.0125,18800,C,778567
-231.625,-231.6375,18825,C,778567
-232.25,-232.2625,18850,C,778567
-232.875,-232.8875,18875,C,778567
-233.5,-233.5125,18900,C,778567
-234.125,-234.1375,18925,C,778567
-234.75,-234.7625,18950,C,778567
-235.375,-235.3875,18975,C,778567
-236,-236.0125,19000,C,778567
-236.625,-236.6375,19025,C,778567
-237.25,-237.2625,19050,C,778567
-237.875,-237.8875,19075,C,778567
-238.5,-238.5125,19100,C,778567
-239.125,-239.1375,19125,C,778567
-239.75,-239.7625,19150,C,778567
-240.375,-240.3875,19175,C,778567
-241,-241.0125,19200,C,778567
-241.625,-241.6375,19225,C,778567
-242.25,-242.2625,19250,C,778567
-242.875,-242.8875,19275,C,778567
-243.5,-243.5125,19300,C,778567
-244.125,-244.1375,19325,C,778567
-244.75,-244.7575,19350,C,778567
-245.375,-245.32,19375,C,778567
-246,-245.8825,19400,C,778567
-246.625,-246.445,19425,C,778567
-247.25,-247.0075,19450,C,778567
-247.875,-247.57,19475,C,778567
-248.5,-248.1325,19500,C,778567
-249.125,-248.695,19525,C,778567
-248.75,-249.2575,19550,C,778567
-249.375,-249.82,19575,C,778567
-250,-250.3825,19600,C,778567
-250.625,-250.945,19625,C,778567
-251.25,-251.5075,19650,C,778567
-251.875,-252.07,19675,C,778567
-252.5,-252.6325,19700,C,778567
-253.125,-253.195,19725,C,778567
-253.75,-253.7625,19750,C,778567
-254.375,-254.3875,19775,C,778567
-255,-255.0125,19800,C,778567
-255.625,-255.6375,19825,C,778567
-256.25,-256.2625,19850,C,778567
-256.875,-256.8875,19875,C,778567
-257.5,-257.5125,19900,C,778567
-258.125,-258.1375,19925,C,778567
-258.75,-258.7625,19950,C,778567
-259.375,-259.3875,19975,C,778567
-260,-260.0125,20000,C,778567
1.375,,25,C,801137
3.75,,50,C,801137
7.125,,75,C,801137
8.5,,100,C,801137
10.875,,125,C,801137
14.25,,150,C,801137
17.625,,175,C,801137
24,24.585,200,C,801137
26.375,27.8475,225,C,801137
31.75,31.165,250,C,801137
37.125,34.2425,275,C,801137
41.5,37.3575,300,C,801137
45.875,40.395,325,C,801137
47.25,43.4,350,C,801137
49.625,46.3375,375,C,801137
52,48.945,400,C,801137
54.375,51.3275,425,C,801137
55.75,53.545,450,C,801137
57.125,55.5325,475,C,801137
58.5,57.18,500,C,801137
58.875,58.7625,525,C,801137
62.25,60.18,550,C,801137
62.625,61.5525,575,C,801137
62,62.7875,600,C,801137
65.375,64.0025,625,C,801137
64.75,65.275,650,C,801137
66.125,66.5375,675,C,801137
66.5,67.7025,700,C,801137
67.875,68.8125,725,C,801137
70.25,69.905,750,C,801137
70.625,70.9725,775,C,801137
72,72.115,800,C,801137
75.375,73.22,825,C,801137
75.75,74.22,850,C,801137
76.125,75.23,875,C,801137
75.5,76.2,900,C,801137
76.875,77.035,925,C,801137
79.25,77.78,950,C,801137
79.625,78.4475,975,C,801137
81,79.1875,1000,C,801137
81.375,79.8175,1025,C,801137
80.75,80.2925,1050,C,801137
82.125,80.7475,1075,C,801137
81.5,81.185,1100,C,801137
80.875,81.5675,1125,C,801137
81.25,81.8525,1150,C,801137
81.625,82.11,1175,C,801137
83,82.48,1200,C,801137
83.375,82.81,1225,C,801137
83.75,83.1675,1250,C,801137
83.125,83.5475,1275,C,801137
82.5,84.045,1300,C,801137
81.875,84.6075,1325,C,801137
83.25,85.2375,1350,C,801137
84.625,85.835,1375,C,801137
87,86.3525,1400,C,801137
86.375,86.8675,1425,C,801137
87.75,87.38,1450,C,801137
89.125,87.915,1475,C,801137
90.5,88.5025,1500,C,801137
89.875,89.145,1525,C,801137
91.25,89.805,1550,C,801137
90.625,90.3775,1575,C,801137
91,90.74,1600,C,801137
91.375,91.0775,1625,C,801137
91.75,91.4075,1650,C,801137
92.125,91.61,1675,C,801137
92.5,91.72,1700,C,801137
92.875,91.91,1725,C,801137
93.25,92.08,1750,C,801137
92.625,92.205,1775,C,801137
92,92.3375,1800,C,801137
92.375,92.5075,1825,C,801137
91.75,92.725,1850,C,801137
91.125,92.8775,1875,C,801137
92.5,93.03,1900,C,801137
93.875,93.185,1925,C,801137
93.25,93.3925,1950,C,801137
92.625,93.595,1975,C,801137
93,93.845,2000,C,801137
95.375,94.07,2025,C,801137
94.75,94.2575,2050,C,801137
94.125,94.445,2075,C,801137
94.5,94.5875,2100,C,801137
95.875,94.585,2125,C,801137
96.25,94.5225,2150,C,801137
96.625,94.5175,2175,C,801137
96,94.465,2200,C,801137
95.375,94.345,2225,C,801137
94.75,94.1575,2250,C,801137
94.125,93.97,2275,C,801137
93.5,93.77,2300,C,801137
92.875,93.595,2325,C,801137
92.25,93.315,2350,C,801137
92.625,92.9975,2375,C,801137
92,92.685,2400,C,801137
92.375,92.3825,2425,C,801137
91.75,92.15,2450,C,801137
91.125,92.0075,2475,C,801137
91.5,91.8825,2500,C,801137
91.875,91.7575,2525,C,801137
91.25,91.6325,2550,C,801137
91.625,91.45,2575,C,801137
91,91.275,2600,C,801137
91.375,91.1825,2625,C,801137
91.75,91.215,2650,C,801137
92.125,91.2775,2675,C,801137
91.5,91.3025,2700,C,801137
90.875,91.305,2725,C,801137
90.25,91.305,2750,C,801137
89.625,91.295,2775,C,801137
90,91.2325,2800,C,801137
91.375,91.165,2825,C,801137
92.75,91.085,2850,C,801137
92.125,90.975,2875,C,801137
92.5,90.85,2900,C,801137
91.875,90.725,2925,C,801137
91.25,90.605,2950,C,801137
90.625,90.58,2975,C,801137
90,90.5675,3000,C,801137
90.375,90.4425,3025,C,801137
89.75,90.2,3050,C,801137
90.125,89.95,3075,C,801137
89.5,89.6975,3100,C,801137
88.875,89.385,3125,C,801137
89.25,89.0725,3150,C,801137
89.625,88.76,3175,C,801137
89,88.49,3200,C,801137
88.375,88.235,3225,C,801137
88.75,87.9525,3250,C,801137
88.125,87.7025,3275,C,801137
87.5,87.46,3300,C,801137
86.875,87.3,3325,C,801137
86.25,87.17,3350,C,801137
85.625,86.945,3375,C,801137
86,86.695,3400,C,801137
85.375,86.445,3425,C,801137
85.75,86.2025,3450,C,801137
86.125,85.9525,3475,C,801137
86.5,85.755,3500,C,801137
86.875,85.5675,3525,C,801137
86.25,85.385,3550,C,801137
85.625,85.3225,3575,C,801137
85,85.2175,3600,C,801137
84.375,85.0925,3625,C,801137
84.75,84.9875,3650,C,801137
84.125,84.8025,3675,C,801137
84.5,84.6075,3700,C,801137
83.875,84.33,3725,C,801137
84.25,84.0175,3750,C,801137
84.625,83.705,3775,C,801137
84,83.3925,3800,C,801137
83.375,83.08,3825,C,801137
83.75,82.72,3850,C,801137
83.125,82.345,3875,C,801137
82.5,81.9175,3900,C,801137
81.875,81.48,3925,C,801137
81.25,81.0375,3950,C,801137
80.625,80.475,3975,C,801137
80,79.9125,4000,C,801137
79.375,79.35,4025,C,801137
78.75,78.7375,4050,C,801137
78.125,78.1125,4075,C,801137
77.5,77.4875,4100,C,801137
76.875,76.8625,4125,C,801137
76.25,76.2375,4150,C,801137
75.625,75.6125,4175,C,801137
75,74.9875,4200,C,801137
74.375,74.3875,4225,C,801137
73.75,73.825,4250,C,801137
73.125,73.28,4275,C,801137
72.5,72.8,4300,C,801137
71.875,72.3725,4325,C,801137
71.25,71.9975,4350,C,801137
70.625,71.6225,4375,C,801137
70,71.2475,4400,C,801137
70.375,70.8725,4425,C,801137
69.75,70.4975,4450,C,801137
70.125,70.185,4475,C,801137
70.5,69.8725,4500,C,801137
70.875,69.56,4525,C,801137
70.25,69.2675,4550,C,801137
69.625,69.075,4575,C,801137
69,68.95,4600,C,801137
68.375,68.8,4625,C,801137
67.75,68.6325,4650,C,801137
68.125,68.49,4675,C,801137
67.5,68.2825,4700,C,801137
66.875,68.0225,4725,C,801137
67.25,67.71,4750,C,801137
68.625,67.435,4775,C,801137
68,67.185,4800,C,801137
67.375,66.935,4825,C,801137
67.75,66.685,4850,C,801137
67.125,66.39,4875,C,801137
66.5,66.14,4900,C,801137
65.875,65.935,4925,C,801137
65.25,65.845,4950,C,801137
65.625,65.6975,4975,C,801137
65,65.515,5000,C,801137
64.375,65.42,5025,C,801137
63.75,65.37,5050,C,801137
64.125,65.3075,5075,C,801137
63.5,65.245,5100,C,801137
63.875,65.1825,5125,C,801137
65.25,65.16,5150,C,801137
65.625,65.1225,5175,C,801137
66,65.06,5200,C,801137
66.375,64.9975,5225,C,801137
66.75,64.935,5250,C,801137
66.125,64.855,5275,C,801137
65.5,64.73,5300,C,801137
64.875,64.56,5325,C,801137
65.25,64.3125,5350,C,801137
64.625,64.135,5375,C,801137
64,63.9425,5400,C,801137
63.375,63.7125,5425,C,801137
62.75,63.43,5450,C,801137
62.125,63.1175,5475,C,801137
61.5,62.805,5500,C,801137
60.875,62.5175,5525,C,801137
62.25,62.29,5550,C,801137
62.625,62.0975,5575,C,801137
62,61.91,5600,C,801137
62.375,61.74,5625,C,801137
61.75,61.615,5650,C,801137
61.125,61.49,5675,C,801137
60.5,61.365,5700,C,801137
61.875,61.24,5725,C,801137
61.25,61.0575,5750,C,801137
61.625,60.79,5775,C,801137
61,60.54,5800,C,801137
61.375,60.24,5825,C,801137
60.75,59.9275,5850,C,801137
60.125,59.615,5875,C,801137
59.5,59.35,5900,C,801137
58.875,59.075,5925,C,801137
58.25,58.7,5950,C,801137
58.625,58.2675,5975,C,801137
58,57.88,6000,C,801137
57.375,57.4875,6025,C,801137
56.75,57.05,6050,C,801137
56.125,56.6125,6075,C,801137
56.5,56.19,6100,C,801137
55.875,55.8375,6125,C,801137
55.25,55.525,6150,C,801137
54.625,55.185,6175,C,801137
55,54.81,6200,C,801137
54.375,54.435,6225,C,801137
53.75,54.06,6250,C,801137
53.125,53.7,6275,C,801137
53.5,53.34,6300,C,801137
53.875,52.9775,6325,C,801137
53.25,52.665,6350,C,801137
52.625,52.3525,6375,C,801137
52,51.99,6400,C,801137
51.375,51.615,6425,C,801137
50.75,51.24,6450,C,801137
51.125,50.865,6475,C,801137
50.5,50.475,6500,C,801137
50.875,50.015,6525,C,801137
50.25,49.515,6550,C,801137
49.625,49.015,6575,C,801137
49,48.515,6600,C,801137
48.375,48.015,6625,C,801137
47.75,47.57,6650,C,801137
47.125,47.1625,6675,C,801137
46.5,46.725,6700,C,801137
45.875,46.28,6725,C,801137
45.25,45.8425,6750,C,801137
44.625,45.405,6775,C,801137
44,44.9675,6800,C,801137
43.375,44.53,6825,C,801137
43.75,44.0925,6850,C,801137
44.125,43.655,6875,C,801137
43.5,43.2175,6900,C,801137
43.875,42.78,6925,C,801137
43.25,42.3425,6950,C,801137
42.625,41.905,6975,C,801137
42,41.4675,7000,C,801137
41.375,41.03,7025,C,801137
40.75,40.5375,7050,C,801137
40.125,39.9925,7075,C,801137
39.5,39.43,7100,C,801137
38.875,38.8625,7125,C,801137
38.25,38.2375,7150,C,801137
37.625,37.6475,7175,C,801137
37,37.085,7200,C,801137
36.375,36.5225,7225,C,801137
35.75,35.96,7250,C,801137
35.125,35.3975,7275,C,801137
34.5,34.835,7300,C,801137
33.875,34.2725,7325,C,801137
33.25,33.71,7350,C,801137
33.625,33.18,7375,C,801137
33,32.68,7400,C,801137
32.375,32.18,7425,C,801137
31.75,31.68,7450,C,801137
31.125,31.18,7475,C,801137
30.5,30.68,7500,C,801137
29.875,30.18,7525,C,801137
29.25,29.68,7550,C,801137
29.625,29.195,7575,C,801137
29,28.695,7600,C,801137
28.375,28.21,7625,C,801137
27.75,27.7725,7650,C,801137
27.125,27.335,7675,C,801137
26.5,26.8975,7700,C,801137
25.875,26.46,7725,C,801137
25.25,26.0225,7750,C,801137
25.625,25.5525,7775,C,801137
25,25.0525,7800,C,801137
25.375,24.5525,7825,C,801137
24.75,24.0525,7850,C,801137
24.125,23.5525,7875,C,801137
23.5,23.0525,7900,C,801137
22.875,22.5525,7925,C,801137
22.25,22.08,7950,C,801137
21.625,21.5925,7975,C,801137
21,21.095,8000,C,801137
20.375,20.6425,8025,C,801137
19.75,20.1425,8050,C,801137
19.125,19.675,8075,C,801137
18.5,19.2375,8100,C,801137
17.875,18.8,8125,C,801137
18.25,18.3625,8150,C,801137
17.625,17.925,8175,C,801137
18,17.4875,8200,C,801137
17.375,17.05,8225,C,801137
16.75,16.6125,8250,C,801137
17.125,16.175,8275,C,801137
16.5,15.7375,8300,C,801137
15.875,15.3,8325,C,801137
15.25,14.835,8350,C,801137
14.625,14.335,8375,C,801137
14,13.8325,8400,C,801137
13.375,13.27,8425,C,801137
12.75,12.7075,8450,C,801137
12.125,12.1575,8475,C,801137
11.5,11.595,8500,C,801137
10.875,11.0325,8525,C,801137
10.25,10.47,8550,C,801137
9.62499999999998,9.90749999999998,8575,C,801137
8.99999999999998,9.34499999999998,8600,C,801137
8.37499999999998,8.78249999999998,8625,C,801137
7.74999999999998,8.21999999999998,8650,C,801137
8.12499999999998,7.65749999999998,8675,C,801137
7.49999999999998,7.09499999999998,8700,C,801137
6.87499999999998,6.53249999999998,8725,C,801137
6.24999999999998,6.06999999999998,8750,C,801137
5.62499999999998,5.63249999999998,8775,C,801137
4.99999999999998,5.19499999999998,8800,C,801137
4.37499999999998,4.75749999999998,8825,C,801137
3.74999999999998,4.31999999999998,8850,C,801137
3.12499999999998,3.83749999999998,8875,C,801137
2.49999999999998,3.33749999999998,8900,C,801137
1.87499999999998,2.83749999999998,8925,C,801137
3.24999999999998,2.33749999999998,8950,C,801137
2.62499999999998,1.83749999999998,8975,C,801137
1.99999999999998,1.38499999999998,9000,C,801137
1.37499999999998,0.947499999999983,9025,C,801137
0.749999999999983,0.509999999999983,9050,C,801137
0.124999999999983,0.0724999999999827,9075,C,801137
-0.500000000000017,-0.365000000000017,9100,C,801137
-1.12500000000002,-0.802500000000017,9125,C,801137
-1.75000000000002,-1.34000000000002,9150,C,801137
-2.37500000000002,-1.90250000000002,9175,C,801137
-2.00000000000002,-2.46500000000002,9200,C,801137
-2.62500000000002,-2.99000000000002,9225,C,801137
-3.25000000000002,-3.49000000000002,9250,C,801137
-3.87500000000002,-3.99000000000002,9275,C,801137
-4.50000000000002,-4.49000000000002,9300,C,801137
-5.12500000000002,-4.99000000000002,9325,C,801137
-5.75000000000002,-5.49000000000002,9350,C,801137
-6.37500000000002,-5.99000000000002,9375,C,801137
-7.00000000000002,-6.53750000000002,9400,C,801137
-6.62500000000002,-7.10000000000002,9425,C,801137
-7.25000000000002,-7.66250000000002,9450,C,801137
-7.87500000000002,-8.21500000000002,9475,C,801137
-8.50000000000002,-8.71500000000002,9500,C,801137
-9.12500000000002,-9.21500000000002,9525,C,801137
-9.75000000000002,-9.71500000000002,9550,C,801137
-10.375,-10.215,9575,C,801137
-11,-10.715,9600,C,801137
-11.625,-11.2525,9625,C,801137
-12.25,-11.815,9650,C,801137
-11.875,-12.3775,9675,C,801137
-12.5,-12.94,9700,C,801137
-13.125,-13.5025,9725,C,801137
-13.75,-14.065,9750,C,801137
-14.375,-14.6275,9775,C,801137
-15,-15.19,9800,C,801137
-15.625,-15.7525,9825,C,801137
-16.25,-16.315,9850,C,801137
-16.875,-16.8875,9875,C,801137
-17.5,-17.5125,9900,C,801137
-18.125,-18.1375,9925,C,801137
-18.75,-18.7625,9950,C,801137
-19.375,-19.3875,9975,C,801137
-20,-20.0125,10000,C,801137
-20.625,-20.6125,10025,C,801137
-21.25,-21.175,10050,C,801137
-21.875,-21.7375,10075,C,801137
-22.5,-22.3,10100,C,801137
-23.125,-22.8625,10125,C,801137
-23.75,-23.425,10150,C,801137
-24.375,-23.925,10175,C,801137
-25,-24.425,10200,C,801137
-24.625,-24.925,10225,C,801137
-25.25,-25.425,10250,C,801137
-25.875,-25.925,10275,C,801137
-26.5,-26.425,10300,C,801137
-27.125,-26.925,10325,C,801137
-27.75,-27.425,10350,C,801137
-27.375,-27.925,10375,C,801137
-28,-28.425,10400,C,801137
-28.625,-28.95,10425,C,801137
-29.25,-29.5125,10450,C,801137
-29.875,-30.075,10475,C,801137
-30.5,-30.6375,10500,C,801137
-31.125,-31.2,10525,C,801137
-31.75,-31.7625,10550,C,801137
-32.375,-32.3875,10575,C,801137
-33,-33.0125,10600,C,801137
-33.625,-33.6375,10625,C,801137
-34.25,-34.2625,10650,C,801137
-34.875,-34.8875,10675,C,801137
-35.5,-35.5125,10700,C,801137
-36.125,-36.1375,10725,C,801137
-36.75,-36.7625,10750,C,801137
-37.375,-37.3875,10775,C,801137
-38,-38.0125,10800,C,801137
-38.625,-38.6375,10825,C,801137
-39.25,-39.2625,10850,C,801137
-39.875,-39.88,10875,C,801137
-40.5,-40.4425,10900,C,801137
-41.125,-41.005,10925,C,801137
-41.75,-41.5675,10950,C,801137
-42.375,-42.13,10975,C,801137
-43,-42.6925,11000,C,801137
-43.625,-43.255,11025,C,801137
-44.25,-43.8175,11050,C,801137
-43.875,-44.38,11075,C,801137
-44.5,-44.9425,11100,C,801137
-45.125,-45.505,11125,C,801137
-45.75,-46.0675,11150,C,801137
-46.375,-46.63,11175,C,801137
-47,-47.1925,11200,C,801137
-47.625,-47.755,11225,C,801137
-48.25,-48.3175,11250,C,801137
-48.875,-48.8875,11275,C,801137
-49.5,-49.5125,11300,C,801137
-50.125,-50.1375,11325,C,801137
-50.75,-50.7625,11350,C,801137
-51.375,-51.3875,11375,C,801137
-52,-52.0125,11400,C,801137
-52.625,-52.6375,11425,C,801137
-53.25,-53.2625,11450,C,801137
-53.875,-53.8875,11475,C,801137
-54.5,-54.5125,11500,C,801137
-55.125,-55.1375,11525,C,801137
-55.75,-55.7625,11550,C,801137
-56.375,-56.3875,11575,C,801137
-57,-57.0125,11600,C,801137
-57.625,-57.6375,11625,C,801137
-58.25,-58.2625,11650,C,801137
-58.875,-58.8875,11675,C,801137
-59.5,-59.5125,11700,C,801137
-60.125,-60.1375,11725,C,801137
-60.75,-60.7625,11750,C,801137
-61.375,-61.3875,11775,C,801137
-62,-62.0125,11800,C,801137
-62.625,-62.6375,11825,C,801137
-63.25,-63.2625,11850,C,801137
-63.875,-63.8875,11875,C,801137
-64.5,-64.5125,11900,C,801137
-65.125,-65.1375,11925,C,801137
-65.75,-65.7625,11950,C,801137
-66.375,-66.3875,11975,C,801137
-67,-67.0125,12000,C,801137
-67.625,-67.6375,12025,C,801137
-68.25,-68.2625,12050,C,801137
-68.875,-68.8875,12075,C,801137
-69.5,-69.5125,12100,C,801137
-70.125,-70.1375,12125,C,801137
-70.75,-70.7625,12150,C,801137
-71.375,-71.3875,12175,C,801137
-72,-72.0125,12200,C,801137
-72.625,-72.6375,12225,C,801137
-73.25,-73.2625,12250,C,801137
-73.875,-73.8875,12275,C,801137
-74.5,-74.5125,12300,C,801137
-75.125,-75.1375,12325,C,801137
-75.75,-75.7625,12350,C,801137
-76.375,-76.3875,12375,C,801137
-77,-77.0125,12400,C,801137
-77.625,-77.6375,12425,C,801137
-78.25,-78.2625,12450,C,801137
-78.875,-78.8875,12475,C,801137
-79.5,-79.5125,12500,C,801137
-80.125,-80.1375,12525,C,801137
-80.75,-80.7625,12550,C,801137
-81.375,-81.3875,12575,C,801137
-82,-82.0125,12600,C,801137
-82.625,-82.6375,12625,C,801137
-83.25,-83.2625,12650,C,801137
-83.875,-83.8875,12675,C,801137
-84.5,-84.5125,12700,C,801137
-85.125,-85.1375,12725,C,801137
-85.75,-85.7625,12750,C,801137
-86.375,-86.3875,12775,C,801137
-87,-87.0125,12800,C,801137
-87.625,-87.6375,12825,C,801137
-88.25,-88.2625,12850,C,801137
-88.875,-88.8875,12875,C,801137
-89.5,-89.5125,12900,C,801137
-90.125,-90.1375,12925,C,801137
-90.75,-90.7625,12950,C,801137
-91.375,-91.3875,12975,C,801137
-92,-92.0125,13000,C,801137
-92.625,-92.6375,13025,C,801137
-93.25,-93.2625,13050,C,801137
-93.875,-93.8875,13075,C,801137
-94.5,-94.5125,13100,C,801137
-95.125,-95.1375,13125,C,801137
-95.75,-95.7625,13150,C,801137
-96.375,-96.3875,13175,C,801137
-97,-97.0125,13200,C,801137
-97.625,-97.6375,13225,C,801137
-98.25,-98.2625,13250,C,801137
-98.875,-98.8875,13275,C,801137
-99.5,-99.5125,13300,C,801137
-100.125,-100.1275,13325,C,801137
-100.75,-100.69,13350,C,801137
-101.375,-101.2525,13375,C,801137
-102,-101.815,13400,C,801137
-102.625,-102.3775,13425,C,801137
-103.25,-102.94,13450,C,801137
-103.875,-103.5025,13475,C,801137
-104.5,-104.065,13500,C,801137
-104.125,-104.6275,13525,C,801137
-104.75,-105.19,13550,C,801137
-105.375,-105.7525,13575,C,801137
-106,-106.315,13600,C,801137
-106.625,-106.8775,13625,C,801137
-107.25,-107.44,13650,C,801137
-107.875,-108.0025,13675,C,801137
-108.5,-108.565,13700,C,801137
-109.125,-109.1375,13725,C,801137
-109.75,-109.7625,13750,C,801137
-110.375,-110.3875,13775,C,801137
-111,-111.0125,13800,C,801137
-111.625,-111.615,13825,C,801137
-112.25,-112.1775,13850,C,801137
-112.875,-112.74,13875,C,801137
-113.5,-113.3025,13900,C,801137
-114.125,-113.865,13925,C,801137
-114.75,-114.4275,13950,C,801137
-115.375,-114.99,13975,C,801137
-116,-115.5525,14000,C,801137
-115.625,-116.115,14025,C,801137
-116.25,-116.6775,14050,C,801137
-116.875,-117.24,14075,C,801137
-117.5,-117.8025,14100,C,801137
-118.125,-118.365,14125,C,801137
-118.75,-118.9275,14150,C,801137
-119.375,-119.49,14175,C,801137
-120,-120.0525,14200,C,801137
-120.625,-120.6375,14225,C,801137
-121.25,-121.2625,14250,C,801137
-121.875,-121.8875,14275,C,801137
-122.5,-122.5125,14300,C,801137
-123.125,-123.1375,14325,C,801137
-123.75,-123.7625,14350,C,801137
-124.375,-124.3875,14375,C,801137
-125,-125.0125,14400,C,801137
-125.625,-125.6375,14425,C,801137
-126.25,-126.2625,14450,C,801137
-126.875,-126.8875,14475,C,801137
-127.5,-127.5125,14500,C,801137
-128.125,-128.1375,14525,C,801137
-128.75,-128.7625,14550,C,801137
-129.375,-129.3875,14575,C,801137
-130,-130.0125,14600,C,801137
-130.625,-130.6375,14625,C,801137
-131.25,-131.2625,14650,C,801137
-131.875,-131.8875,14675,C,801137
-132.5,-132.5125,14700,C,801137
-133.125,-133.105,14725,C,801137
-133.75,-133.6675,14750,C,801137
-134.375,-134.23,14775,C,801137
-135,-134.7925,14800,C,801137
-135.625,-135.355,14825,C,801137
-136.25,-135.9175,14850,C,801137
-136.875,-136.48,14875,C,801137
-137.5,-137.0425,14900,C,801137
-137.125,-137.605,14925,C,801137
-137.75,-138.1675,14950,C,801137
-138.375,-138.73,14975,C,801137
-139,-139.2925,15000,C,801137
-139.625,-139.855,15025,C,801137
-140.25,-140.4175,15050,C,801137
-140.875,-140.98,15075,C,801137
-141.5,-141.5425,15100,C,801137
-142.125,-142.1375,15125,C,801137
-142.75,-142.7625,15150,C,801137
-143.375,-143.3875,15175,C,801137
-144,-144.0125,15200,C,801137
-144.625,-144.6375,15225,C,801137
-145.25,-145.2625,15250,C,801137
-145.875,-145.8875,15275,C,801137
-146.5,-146.5125,15300,C,801137
-147.125,-147.1375,15325,C,801137
-147.75,-147.7625,15350,C,801137
-148.375,-148.3875,15375,C,801137
-149,-149.0125,15400,C,801137
-149.625,-149.6375,15425,C,801137
-150.25,-150.2625,15450,C,801137
-150.875,-150.8875,15475,C,801137
-151.5,-151.5125,15500,C,801137
-152.125,-152.1375,15525,C,801137
-152.75,-152.7625,15550,C,801137
-153.375,-153.3875,15575,C,801137
-154,-154.0125,15600,C,801137
-154.625,-154.6375,15625,C,801137
-155.25,-155.2625,15650,C,801137
-155.875,-155.8875,15675,C,801137
-156.5,-156.5125,15700,C,801137
-157.125,-157.1375,15725,C,801137
-157.75,-157.7625,15750,C,801137
-158.375,-158.3875,15775,C,801137
-159,-159.0125,15800,C,801137
-159.625,-159.6375,15825,C,801137
-160.25,-160.2625,15850,C,801137
-160.875,-160.8875,15875,C,801137
-161.5,-161.5125,15900,C,801137
-162.125,-162.1375,15925,C,801137
-162.75,-162.7625,15950,C,801137
-163.375,-163.3875,15975,C,801137
-164,-164.0125,16000,C,801137
-164.625,-164.6375,16025,C,801137
-165.25,-165.2625,16050,C,801137
-165.875,-165.8875,16075,C,801137
-166.5,-166.5125,16100,C,801137
-167.125,-167.1375,16125,C,801137
-167.75,-167.7625,16150,C,801137
-168.375,-168.3875,16175,C,801137
-169,-169.0125,16200,C,801137
-169.625,-169.6375,16225,C,801137
-170.25,-170.2625,16250,C,801137
-170.875,-170.8875,16275,C,801137
-171.5,-171.5125,16300,C,801137
-172.125,-172.1375,16325,C,801137
-172.75,-172.7625,16350,C,801137
-173.375,-173.3875,16375,C,801137
-174,-174.0125,16400,C,801137
-174.625,-174.6375,16425,C,801137
-175.25,-175.2625,16450,C,801137
-175.875,-175.8875,16475,C,801137
-176.5,-176.5125,16500,C,801137
-177.125,-177.0875,16525,C,801137
-177.75,-177.65,16550,C,801137
-178.375,-178.2125,16575,C,801137
-179,-178.775,16600,C,801137
-179.625,-179.3375,16625,C,801137
-180.25,-179.885,16650,C,801137
-180.875,-180.385,16675,C,801137
-181.5,-180.885,16700,C,801137
-181.125,-181.385,16725,C,801137
-181.75,-181.885,16750,C,801137
-182.375,-182.385,16775,C,801137
-183,-182.885,16800,C,801137
-183.625,-183.385,16825,C,801137
-183.25,-183.885,16850,C,801137
-183.875,-184.385,16875,C,801137
-184.5,-184.885,16900,C,801137
-185.125,-185.435,16925,C,801137
-185.75,-185.9975,16950,C,801137
-186.375,-186.56,16975,C,801137
-187,-187.1225,17000,C,801137
-187.625,-187.685,17025,C,801137
-188.25,-188.2625,17050,C,801137
-188.875,-188.8875,17075,C,801137
-189.5,-189.5125,17100,C,801137
-190.125,-190.1375,17125,C,801137
-190.75,-190.7625,17150,C,801137
-191.375,-191.3875,17175,C,801137
-192,-192.0125,17200,C,801137
-192.625,-192.6375,17225,C,801137
-193.25,-193.2625,17250,C,801137
-193.875,-193.8875,17275,C,801137
-194.5,-194.5125,17300,C,801137
-195.125,-195.1375,17325,C,801137
-195.75,-195.7225,17350,C,801137
-196.375,-196.285,17375,C,801137
-197,-196.8475,17400,C,801137
-197.625,-197.41,17425,C,801137
-198.25,-197.9725,17450,C,801137
-198.875,-198.535,17475,C,801137
-199.5,-199.0975,17500,C,801137
-200.125,-199.66,17525,C,801137
-199.75,-200.2225,17550,C,801137
-200.375,-200.785,17575,C,801137
-201,-201.3475,17600,C,801137
-201.625,-201.91,17625,C,801137
-202.25,-202.4725,17650,C,801137
-202.875,-203.035,17675,C,801137
-203.5,-203.5975,17700,C,801137
-204.125,-204.16,17725,C,801137
-204.75,-204.7625,17750,C,801137
-205.375,-205.3875,17775,C,801137
-206,-206.0125,17800,C,801137
-206.625,-206.6375,17825,C,801137
-207.25,-207.2625,17850,C,801137
-207.875,-207.8875,17875,C,801137
-208.5,-208.5125,17900,C,801137
-209.125,-209.1375,17925,C,801137
-209.75,-209.7625,17950,C,801137
-210.375,-210.3875,17975,C,801137
-211,-210.9625,18000,C,801137
-211.625,-211.525,18025,C,801137
-212.25,-212.0875,18050,C,801137
-212.875,-212.65,18075,C,801137
-213.5,-213.2125,18100,C,801137
-214.125,-213.775,18125,C,801137
-214.75,-214.3375,18150,C,801137
-215.375,-214.9,18175,C,801137
-215,-215.4625,18200,C,801137
-215.625,-216.025,18225,C,801137
-216.25,-216.5875,18250,C,801137
-216.875,-217.15,18275,C,801137
-217.5,-217.7125,18300,C,801137
-218.125,-218.275,18325,C,801137
-218.75,-218.8375,18350,C,801137
-219.375,-219.4,18375,C,801137
-220,-220.0125,18400,C,801137
-220.625,-220.6375,18425,C,801137
-221.25,-221.2625,18450,C,801137
-221.875,-221.8875,18475,C,801137
-222.5,-222.5125,18500,C,801137
-223.125,-223.1375,18525,C,801137
-223.75,-223.7625,18550,C,801137
-224.375,-224.3875,18575,C,801137
-225,-225.0125,18600,C,801137
-225.625,-225.6375,18625,C,801137
-226.25,-226.2625,18650,C,801137
-226.875,-226.8875,18675,C,801137
-227.5,-227.5125,18700,C,801137
-228.125,-228.1375,18725,C,801137
-228.75,-228.7625,18750,C,801137
-229.375,-229.3875,18775,C,801137
-230,-230.0125,18800,C,801137
-230.625,-230.6375,18825,C,801137
-231.25,-231.2625,18850,C,801137
-231.875,-231.8875,18875,C,801137
-232.5,-232.5125,18900,C,801137
-233.125,-233.1375,18925,C,801137
-233.75,-233.7625,18950,C,801137
-234.375,-234.3875,18975,C,801137
-235,-235.0125,19000,C,801137
-235.625,-235.6375,19025,C,801137
-236.25,-236.2625,19050,C,801137
-236.875,-236.8875,19075,C,801137
-237.5,-237.5125,19100,C,801137
-238.125,-238.1375,19125,C,801137
-238.75,-238.7625,19150,C,801137
-239.375,-239.3875,19175,C,801137
-240,-240.0125,19200,C,801137
-240.625,-240.6375,19225,C,801137
-241.25,-241.2625,19250,C,801137
-241.875,-241.8875,19275,C,801137
-242.5,-242.5125,19300,C,801137
-243.125,-243.1375,19325,C,801137
-243.75,-243.7625,19350,C,801137
-244.375,-244.3625,19375,C,801137
-245,-244.925,19400,C,801137
-245.625,-245.4875,19425,C,801137
-246.25,-246.05,19450,C,801137
-246.875,-246.6125,19475,C,801137
-247.5,-247.175,19500,C,801137
-248.125,-247.7375,19525,C,801137
-248.75,-248.3,19550,C,801137
-248.375,-248.8625,19575,C,801137
-249,-249.425,19600,C,801137
-249.625,-249.9875,19625,C,801137
-250.25,-250.55,19650,C,801137
-250.875,-251.1125,19675,C,801137
-251.5,-251.675,19700,C,801137
-252.125,-252.2375,19725,C,801137
-252.75,-252.8,19750,C,801137
-253.375,-253.3875,19775,C,801137
-254,-254.0125,19800,C,801137
-254.625,-254.6375,19825,C,801137
-255.25,-255.2625,19850,C,801137
-255.875,-255.8875,19875,C,801137
-256.5,-256.5125,19900,C,801137
-257.125,-257.1375,19925,C,801137
-257.75,-257.7625,19950,C,801137
-258.375,-258.3875,19975,C,801137
-259,-259.0125,20000,C,801137
0.375,,25,D,100103
1.75,,50,D,100103
4.125,,75,D,100103
4.5,,100,D,100103
6.875,,125,D,100103
9.25,,150,D,100103
10.625,,175,D,100103
16,20.7175,200,D,100103
18.375,24.035,225,D,100103
23.75,27.415,250,D,100103
29.125,30.8575,275,D,100103
37.5,34.2725,300,D,100103
42.875,37.6675,325,D,100103
48.25,41.08,350,D,100103
49.625,44.4925,375,D,100103
51,47.6275,400,D,100103
55.375,50.65,425,D,100103
58.75,53.43,450,D,100103
58.125,55.8525,475,D,100103
58.5,57.955,500,D,100103
61.875,59.7275,525,D,100103
63.25,61.4125,550,D,100103
64.625,62.9225,575,D,100103
65,64.4125,600,D,100103
65.375,65.695,625,D,100103
66.75,66.8975,650,D,100103
66.125,67.98,675,D,100103
67.5,69.13,700,D,100103
70.875,70.2075,725,D,100103
72.25,71.11,750,D,100103
73.625,71.9025,775,D,100103
74,72.73,800,D,100103
75.375,73.5925,825,D,100103
74.75,74.435,850,D,100103
77.125,75.285,875,D,100103
77.5,76.26,900,D,100103
77.875,77.015,925,D,100103
77.25,77.5275,950,D,100103
76.625,77.9925,975,D,100103
79,78.6225,1000,D,100103
78.375,79.3425,1025,D,100103
79.75,79.9675,1050,D,100103
82.125,80.57,1075,D,100103
81.5,81.0525,1100,D,100103
80.875,81.505,1125,D,100103
80.25,82.0075,1150,D,100103
83.625,82.6625,1175,D,100103
84,83.3775,1200,D,100103
85.375,84.065,1225,D,100103
84.75,84.6775,1250,D,100103
85.125,85.265,1275,D,100103
84.5,85.7025,1300,D,100103
84.875,86.1875,1325,D,100103
86.25,86.7425,1350,D,100103
88.625,87.285,1375,D,100103
90,87.645,1400,D,100103
89.375,87.9625,1425,D,100103
89.75,88.275,1450,D,100103
89.125,88.5425,1475,D,100103
88.5,88.9075,1500,D,100103
88.875,89.385,1525,D,100103
89.25,89.83,1550,D,100103
89.625,90.2325,1575,D,100103
91,90.5425,1600,D,100103
90.375,90.7975,1625,D,100103
89.75,91.1,1650,D,100103
90.125,91.385,1675,D,100103
91.5,91.7425,1700,D,100103
91.875,92.13,1725,D,100103
93.25,92.45,1750,D,100103
93.625,92.7225,1775,D,100103
94,93.1825,1800,D,100103
94.375,93.6975,1825,D,100103
93.75,94.3475,1850,D,100103
94.125,95.1075,1875,D,100103
94.5,95.805,1900,D,100103
94.875,96.37,1925,D,100103
94.25,96.86,1950,D,100103
94.625,97.24,1975,D,100103
99,97.5975,2000,D,100103
100.375,97.9675,2025,D,100103
100.75,98.28,2050,D,100103
102.125,98.5575,2075,D,100103
101.5,98.7875,2100,D,100103
100.875,99.04,2125,D,100103
100.25,99.29,2150,D,100103
99.625,99.5375,2175,D,100103
100,99.54,2200,D,100103
99.375,99.4,2225,D,100103
98.75,99.125,2250,D,100103
98.125,98.725,2275,D,100103
99.5,98.3425,2300,D,100103
98.875,98.0325,2325,D,100103
98.25,97.7825,2350,D,100103
97.625,97.5325,2375,D,100103
97,97.39,2400,D,100103
96.375,97.265,2425,D,100103
95.75,97.14,2450,D,100103
95.125,97.0325,2475,D,100103
96.5,96.945,2500,D,100103
96.875,96.7575,2525,D,100103
96.25,96.57,2550,D,100103
95.625,96.395,2575,D,100103
98,96.27,2600,D,100103
97.375,96.2225,2625,D,100103
96.75,96.2225,2650,D,100103
97.125,96.2225,2675,D,100103
96.5,96.1675,2700,D,100103
95.875,96.04,2725,D,100103
95.25,95.8525,2750,D,100103
95.625,95.665,2775,D,100103
95,95.345,2800,D,100103
96.375,95.0025,2825,D,100103
95.75,94.7925,2850,D,100103
95.125,94.5875,2875,D,100103
94.5,94.355,2900,D,100103
93.875,94.1675,2925,D,100103
93.25,93.98,2950,D,100103
92.625,93.865,2975,D,100103
92,93.74,3000,D,100103
92.375,93.5375,3025,D,100103
93.75,93.2875,3050,D,100103
93.125,93.0375,3075,D,100103
93.5,92.8475,3100,D,100103
92.875,92.715,3125,D,100103
92.25,92.635,3150,D,100103
93.625,92.5725,3175,D,100103
93,92.53,3200,D,100103
92.375,92.56,3225,D,100103
91.75,92.4575,3250,D,100103
91.125,92.3325,3275,D,100103
91.5,92.19,3300,D,100103
91.875,92.0025,3325,D,100103
92.25,91.815,3350,D,100103
91.625,91.5425,3375,D,100103
93,91.23,3400,D,100103
92.375,90.9225,3425,D,100103
91.75,90.73,3450,D,100103
91.125,90.545,3475,D,100103
90.5,90.4,3500,D,100103
89.875,90.22,3525,D,100103
89.25,89.9875,3550,D,100103
88.625,89.785,3575,D,100103
88,89.5775,3600,D,100103
88.375,89.355,3625,D,100103
88.75,89.1675,3650,D,100103
89.125,88.98,3675,D,100103
89.5,88.7925,3700,D,100103
88.875,88.605,3725,D,100103
88.25,88.4175,3750,D,100103
88.625,88.23,3775,D,100103
88,88.06,3800,D,100103
89.375,87.93,3825,D,100103
88.75,87.7875,3850,D,100103
88.125,87.66,3875,D,100103
87.5,87.4675,3900,D,100103
86.875,87.3025,3925,D,100103
86.25,87.1775,3950,D,100103
85.625,87.005,3975,D,100103
86,86.82,4000,D,100103
85.375,86.605,4025,D,100103
86.75,86.4125,4050,D,100103
86.125,86.225,4075,D,100103
86.5,86.0375,4100,D,100103
86.875,85.85,4125,D,100103
86.25,85.6625,4150,D,100103
85.625,85.51,4175,D,100103
86,85.395,4200,D,100103
85.375,85.27,4225,D,100103
85.75,85.0425,4250,D,100103
85.125,84.7925,4275,D,100103
84.5,84.5075,4300,D,100103
83.875,84.1725,4325,D,100103
83.25,83.83,4350,D,100103
83.625,83.5175,4375,D,100103
84,83.2025,4400,D,100103
83.375,82.8275,4425,D,100103
82.75,82.4175,4450,D,100103
82.125,82.105,4475,D,100103
81.5,81.835,4500,D,100103
80.875,81.585,4525,D,100103
81.25,81.3925,4550,D,100103
80.625,81.17,4575,D,100103
80,80.8925,4600,D,100103
79.375,80.61,4625,D,100103
80.75,80.36,4650,D,100103
80.125,80.11,4675,D,100103
80.5,79.86,4700,D,100103
79.875,79.61,4725,D,100103
80.25,79.3275,4750,D,100103
79.625,79.05,4775,D,100103
79,78.8,4800,D,100103
79.375,78.55,4825,D,100103
78.75,78.2775,4850,D,100103
78.125,77.945,4875,D,100103
77.5,77.59,4900,D,100103
76.875,77.255,4925,D,100103
76.25,76.92,4950,D,100103
76.625,76.6075,4975,D,100103
76,76.295,5000,D,100103
75.375,75.9525,5025,D,100103
74.75,75.5775,5050,D,100103
75.125,75.2025,5075,D,100103
74.5,74.8525,5100,D,100103
74.875,74.54,5125,D,100103
75.25,74.2275,5150,D,100103
74.625,73.88,5175,D,100103
74,73.555,5200,D,100103
73.375,73.2425,5225,D,100103
72.75,72.93,5250,D,100103
72.125,72.575,5275,D,100103
72.5,72.2,5300,D,100103
71.875,71.785,5325,D,100103
71.25,71.3125,5350,D,100103
70.625,70.8125,5375,D,100103
71,70.3125,5400,D,100103
70.375,69.8125,5425,D,100103
69.75,69.3125,5450,D,100103
69.125,68.8125,5475,D,100103
68.5,68.2875,5500,D,100103
67.875,67.725,5525,D,100103
67.25,67.1625,5550,D,100103
66.625,66.6625,5575,D,100103
66,66.1125,5600,D,100103
65.375,65.55,5625,D,100103
64.75,64.9875,5650,D,100103
64.125,64.425,5675,D,100103
63.5,63.92,5700,D,100103
62.875,63.42,5725,D,100103
62.25,62.92,5750,D,100103
62.625,62.42,5775,D,100103
62,61.955,5800,D,100103
61.375,61.5175,5825,D,100103
60.75,61.08,5850,D,100103
60.125,60.6425,5875,D,100103
60.5,60.205,5900,D,100103
59.875,59.795,5925,D,100103
59.25,59.52,5950,D,100103
58.625,59.2075,5975,D,100103
59,58.895,6000,D,100103
58.375,58.5825,6025,D,100103
57.75,58.27,6050,D,100103
57.125,58.005,6075,D,100103
56.5,57.6975,6100,D,100103
56.875,57.385,6125,D,100103
58.25,57.0725,6150,D,100103
57.625,56.76,6175,D,100103
57,56.4125,6200,D,100103
56.375,56.0375,6225,D,100103
55.75,55.6625,6250,D,100103
56.125,55.3175,6275,D,100103
55.5,55.005,6300,D,100103
54.875,54.705,6325,D,100103
54.25,54.2925,6350,D,100103
53.625,53.855,6375,D,100103
53,53.4175,6400,D,100103
52.375,52.98,6425,D,100103
51.75,52.5475,6450,D,100103
52.125,52.1875,6475,D,100103
51.5,51.8125,6500,D,100103
51.875,51.4375,6525,D,100103
51.25,51.0625,6550,D,100103
50.625,50.6875,6575,D,100103
50,50.3125,6600,D,100103
49.375,49.9375,6625,D,100103
49.75,49.5625,6650,D,100103
50.125,49.1575,6675,D,100103
49.5,48.72,6700,D,100103
48.875,48.2425,6725,D,100103
48.25,47.7425,6750,D,100103
47.625,47.2425,6775,D,100103
47,46.7425,6800,D,100103
46.375,46.2425,6825,D,100103
45.75,45.7375,6850,D,100103
45.125,45.1225,6875,D,100103
44.5,44.56,6900,D,100103
43.875,43.9975,6925,D,100103
43.25,43.435,6950,D,100103
42.625,42.8725,6975,D,100103
42,42.355,7000,D,100103
41.375,41.855,7025,D,100103
40.75,41.355,7050,D,100103
41.125,40.855,7075,D,100103
40.5,40.355,7100,D,100103
39.875,39.855,7125,D,100103
39.25,39.3725,7150,D,100103
38.625,38.935,7175,D,100103
39,38.4975,7200,D,100103
38.375,38.06,7225,D,100103
37.75,37.665,7250,D,100103
37.125,37.28,7275,D,100103
36.5,36.8425,7300,D,100103
35.875,36.405,7325,D,100103
36.25,35.9675,7350,D,100103
35.625,35.53,7375,D,100103
35,35.0475,7400,D,100103
34.375,34.5475,7425,D,100103
34.75,34.065,7450,D,100103
34.125,33.6375,7475,D,100103
33.5,33.325,7500,D,100103
32.875,33.0125,7525,D,100103
32.25,32.6825,7550,D,100103
31.625,32.3075,7575,D,100103
31,31.9325,7600,D,100103
30.375,31.5575,7625,D,100103
30.75,31.14,7650,D,100103
31.125,30.7025,7675,D,100103
31.5,30.265,7700,D,100103
30.875,29.8275,7725,D,100103
30.25,29.39,7750,D,100103
29.625,28.9525,7775,D,100103
29,28.515,7800,D,100103
28.375,28.0775,7825,D,100103
27.75,27.6225,7850,D,100103
27.125,27.14,7875,D,100103
26.5,26.61,7900,D,100103
25.875,26.11,7925,D,100103
25.25,25.61,7950,D,100103
24.625,25.11,7975,D,100103
24,24.61,8000,D,100103
23.375,24.11,8025,D,100103
22.75,23.61,8050,D,100103
23.125,23.11,8075,D,100103
23.5,22.61,8100,D,100103
22.875,22.11,8125,D,100103
22.25,21.61,8150,D,100103
21.625,21.11,8175,D,100103
21,20.61,8200,D,100103
20.375,20.11,8225,D,100103
19.75,19.61,8250,D,100103
19.125,19.0825,8275,D,100103
18.5,18.4875,8300,D,100103
17.875,17.8625,8325,D,100103
17.25,17.2375,8350,D,100103
16.625,16.6125,8375,D,100103
16,15.9875,8400,D,100103
15.375,15.3625,8425,D,100103
14.75,14.7375,8450,D,100103
14.125,14.1125,8475,D,100103
13.5,13.4875,8500,D,100103
12.875,12.8625,8525,D,100103
12.25,12.2375,8550,D,100103
11.625,11.6125,8575,D,100103
11,10.9875,8600,D,100103
10.375,10.3625,8625,D,100103
9.74999999999998,9.73749999999998,8650,D,100103
9.12499999999998,9.11249999999998,8675,D,100103
8.49999999999998,8.48749999999998,8700,D,100103
7.87499999999998,7.86249999999998,8725,D,100103
7.24999999999998,7.23749999999998,8750,D,100103
6.62499999999998,6.61249999999998,8775,D,100103
5.99999999999998,5.98749999999998,8800,D,100103
5.37499999999998,5.36249999999998,8825,D,100103
4.74999999999998,4.73749999999998,8850,D,100103
4.12499999999998,4.11249999999998,8875,D,100103
3.49999999999998,3.48749999999998,8900,D,100103
2.87499999999998,2.86249999999998,8925,D,100103
2.24999999999998,2.23749999999998,8950,D,100103
1.62499999999998,1.61249999999998,8975,D,100103
0.999999999999983,0.987499999999983,9000,D,100103
0.374999999999983,0.362499999999983,9025,D,100103
-0.250000000000017,-0.262500000000017,9050,D,100103
-0.875000000000017,-0.887500000000017,9075,D,100103
-1.50000000000002,-1.51250000000002,9100,D,100103
-2.12500000000002,-2.13750000000002,9125,D,100103
-2.75000000000002,-2.76250000000002,9150,D,100103
-3.37500000000002,-3.38750000000002,9175,D,100103
-4.00000000000002,-4.01250000000002,9200,D,100103
-4.62500000000002,-4.63750000000002,9225,D,100103
-5.25000000000002,-5.26250000000002,9250,D,100103
-5.87500000000002,-5.88750000000002,9275,D,100103
-6.50000000000002,-6.51250000000002,9300,D,100103
-7.12500000000002,-7.13750000000002,9325,D,100103
-7.75000000000002,-7.76250000000002,9350,D,100103
-8.37500000000002,-8.38750000000002,9375,D,100103
-9.00000000000002,-9.01250000000002,9400,D,100103
-9.62500000000002,-9.63750000000002,9425,D,100103
-10.25,-10.2625,9450,D,100103
-10.875,-10.8875,9475,D,100103
-11.5,-11.5125,9500,D,100103
-12.125,-12.1375,9525,D,100103
-12.75,-12.7625,9550,D,100103
-13.375,-13.3875,9575,D,100103
-14,-14.0125,9600,D,100103
-14.625,-14.6375,9625,D,100103
-15.25,-15.2625,9650,D,100103
-15.875,-15.8875,9675,D,100103
-16.5,-16.5125,9700,D,100103
-17.125,-17.1375,9725,D,100103
-17.75,-17.7625,9750,D,100103
-18.375,-18.3875,9775,D,100103
-19,-19.0125,9800,D,100103
-19.625,-19.6375,9825,D,100103
-20.25,-20.2625,9850,D,100103
-20.875,-20.8875,9875,D,100103
-21.5,-21.5125,9900,D,100103
-22.125,-22.1375,9925,D,100103
-22.75,-22.7625,9950,D,100103
-23.375,-23.3875,9975,D,100103
-24,-23.9775,10000,D,100103
-24.625,-24.54,10025,D,100103
-25.25,-25.1025,10050,D,100103
-25.875,-25.665,10075,D,100103
-26.5,-26.2275,10100,D,100103
-27.125,-26.79,10125,D,100103
-27.75,-27.3525,10150,D,100103
-28.375,-27.9075,10175,D,100103
-28,-28.4075,10200,D,100103
-28.625,-28.9075,10225,D,100103
-29.25,-29.4075,10250,D,100103
-29.875,-29.9075,10275,D,100103
-30.5,-30.4075,10300,D,100103
-31.125,-30.9075,10325,D,100103
-31.75,-31.4075,10350,D,100103
-31.375,-31.9075,10375,D,100103
-32,-32.4425,10400,D,100103
-32.625,-33.005,10425,D,100103
-33.25,-33.5675,10450,D,100103
-33.875,-34.13,10475,D,100103
-34.5,-34.6925,10500,D,100103
-35.125,-35.255,10525,D,100103
-35.75,-35.8175,10550,D,100103
-36.375,-36.3875,10575,D,100103
-37,-37.0125,10600,D,100103
-37.625,-37.6375,10625,D,100103
-38.25,-38.2625,10650,D,100103
-38.875,-38.8875,10675,D,100103
-39.5,-39.5125,10700,D,100103
-40.125,-40.1375,10725,D,100103
-40.75,-40.7625,10750,D,100103
-41.375,-41.3875,10775,D,100103
-42,-42.0125,10800,D,100103
-42.625,-42.6375,10825,D,100103
-43.25,-43.2625,10850,D,100103
-43.875,-43.8775,10875,D,100103
-44.5,-44.44,10900,D,100103
-45.125,-45.0025,10925,D,100103
-45.75,-45.565,10950,D,100103
-46.375,-46.1275,10975,D,100103
-47,-46.69,11000,D,100103
-47.625,-47.2525,11025,D,100103
-48.25,-47.815,11050,D,100103
-47.875,-48.3775,11075,D,100103
-48.5,-48.94,11100,D,100103
-49.125,-49.5025,11125,D,100103
-49.75,-50.065,11150,D,100103
-50.375,-50.6275,11175,D,100103
-51,-51.19,11200,D,100103
-51.625,-51.7525,11225,D,100103
-52.25,-52.315,11250,D,100103
-52.875,-52.8875,11275,D,100103
-53.5,-53.5125,11300,D,100103
-54.125,-54.1375,11325,D,100103
-54.75,-54.7625,11350,D,100103
-55.375,-55.3875,11375,D,100103
-56,-56.0125,11400,D,100103
-56.625,-56.6375,11425,D,100103
-57.25,-57.2625,11450,D,100103
-57.875,-57.8875,11475,D,100103
-58.5,-58.5125,11500,D,100103
-59.125,-59.1375,11525,D,100103
-59.75,-59.7625,11550,D,100103
-60.375,-60.3875,11575,D,100103
-61,-61.0125,11600,D,100103
-61.625,-61.6375,11625,D,100103
-62.25,-62.2625,11650,D,100103
-62.875,-62.8875,11675,D,100103
-63.5,-63.5125,11700,D,100103
-64.125,-64.1375,11725,D,100103
-64.75,-64.7625,11750,D,100103
-65.375,-65.3875,11775,D,100103
-66,-65.9975,11800,D,100103
-66.625,-66.56,11825,D,100103
-67.25,-67.1225,11850,D,100103
-67.875,-67.685,11875,D,100103
-68.5,-68.2475,11900,D,100103
-69.125,-68.81,11925,D,100103
-69.75,-69.3725,11950,D,100103
-70.375,-69.935,11975,D,100103
-70,-70.4975,12000,D,100103
-70.625,-71.06,12025,D,100103
-71.25,-71.6225,12050,D,100103
-71.875,-72.185,12075,D,100103
-72.5,-72.7475,12100,D,100103
-73.125,-73.31,12125,D,100103
-73.75,-73.8725,12150,D,100103
-74.375,-74.435,12175,D,100103
-75,-75.0125,12200,D,100103
-75.625,-75.6375,12225,D,100103
-76.25,-76.2625,12250,D,100103
-76.875,-76.885,12275,D,100103
-77.5,-77.4475,12300,D,100103
-78.125,-78.01,12325,D,100103
-78.75,-78.5725,12350,D,100103
-79.375,-79.135,12375,D,100103
-80,-79.6975,12400,D,100103
-80.625,-80.26,12425,D,100103
-81.25,-80.8225,12450,D,100103
-80.875,-81.385,12475,D,100103
-81.5,-81.9475,12500,D,100103
-82.125,-82.51,12525,D,100103
-82.75,-83.0725,12550,D,100103
-83.375,-83.635,12575,D,100103
-84,-84.1975,12600,D,100103
-84.625,-84.76,12625,D,100103
-85.25,-85.2775,12650,D,100103
-85.875,-85.78,12675,D,100103
-86.5,-86.3425,12700,D,100103
-87.125,-86.905,12725,D,100103
-87.75,-87.4675,12750,D,100103
-88.375,-88.03,12775,D,100103
-89,-88.5925,12800,D,100103
-89.625,-89.155,12825,D,100103
-89.25,-89.7175,12850,D,100103
-89.875,-90.28,12875,D,100103
-90.5,-90.8425,12900,D,100103
-91.125,-91.405,12925,D,100103
-91.75,-91.9675,12950,D,100103
-92.375,-92.53,12975,D,100103
-93,-93.0925,13000,D,100103
-93.625,-93.655,13025,D,100103
-94.25,-94.2625,13050,D,100103
-94.875,-94.8875,13075,D,100103
-95.5,-95.5125,13100,D,100103
-96.125,-96.1375,13125,D,100103
-96.75,-96.7625,13150,D,100103
-97.375,-97.3875,13175,D,100103
-98,-98.0125,13200,D,100103
-98.625,-98.6375,13225,D,100103
-99.25,-99.2625,13250,D,100103
-99.875,-99.8875,13275,D,100103
-100.5,-100.5125,13300,D,100103
-101.125,-101.1375,13325,D,100103
-101.75,-101.7625,13350,D,100103
-102.375,-102.3875,13375,D,100103
-103,-103.0125,13400,D,100103
-103.625,-103.6375,13425,D,100103
-104.25,-104.2625,13450,D,100103
-104.875,-104.8875,13475,D,100103
-105.5,-105.5125,13500,D,100103
-106.125,-106.1375,13525,D,100103
-106.75,-106.7625,13550,D,100103
-107.375,-107.3875,13575,D,100103
-108,-108.0125,13600,D,100103
-108.625,-108.6175,13625,D,100103
-109.25,-109.18,13650,D,100103
-109.875,-109.7425,13675,D,100103
-110.5,-110.305,13700,D,100103
-111.125,-110.8675,13725,D,100103
-111.75,-111.43,13750,D,100103
-112.375,-111.9925,13775,D,100103
-113,-112.555,13800,D,100103
-112.625,-113.1175,13825,D,100103
-113.25,-113.6375,13850,D,100103
-113.875,-114.1375,13875,D,100103
-114.5,-114.6375,13900,D,100103
-115.125,-115.1375,13925,D,100103
-115.75,-115.6375,13950,D,100103
-116.375,-116.1375,13975,D,100103
-117,-116.6375,14000,D,100103
-117.625,-117.1575,14025,D,100103
-117.25,-117.72,14050,D,100103
-117.875,-118.2825,14075,D,100103
-118.5,-118.845,14100,D,100103
-119.125,-119.3975,14125,D,100103
-119.75,-119.8975,14150,D,100103
-120.375,-120.3975,14175,D,100103
-121,-120.8975,14200,D,100103
-121.625,-121.3975,14225,D,100103
-122.25,-121.94,14250,D,100103
-122.875,-122.5025,14275,D,100103
-123.5,-123.055,14300,D,100103
-123.125,-123.555,14325,D,100103
-123.75,-124.055,14350,D,100103
-124.375,-124.555,14375,D,100103
-125,-125.055,14400,D,100103
-125.625,-125.555,14425,D,100103
-126.25,-126.055,14450,D,100103
-126.875,-126.555,14475,D,100103
-126.5,-127.055,14500,D,100103
-127.125,-127.565,14525,D,100103
-127.75,-128.1275,14550,D,100103
-128.375,-128.69,14575,D,100103
-129,-129.2525,14600,D,100103
-129.625,-129.815,14625,D,100103
-130.25,-130.3775,14650,D,100103
-130.875,-130.94,14675,D,100103
-131.5,-131.5125,14700,D,100103
-132.125,-132.1375,14725,D,100103
-132.75,-132.7625,14750,D,100103
-133.375,-133.3875,14775,D,100103
-134,-134.0125,14800,D,100103
-134.625,-134.6375,14825,D,100103
-135.25,-135.2625,14850,D,100103
-135.875,-135.8875,14875,D,100103
-136.5,-136.5125,14900,D,100103
-137.125,-137.1375,14925,D,100103
-137.75,-137.7625,14950,D,100103
-138.375,-138.3875,14975,D,100103
-139,-139.0125,15000,D,100103
-139.625,-139.6375,15025,D,100103
-140.25,-140.2625,15050,D,100103
-140.875,-140.8875,15075,D,100103
-141.5,-141.5125,15100,D,100103
-142.125,-142.1375,15125,D,100103
-142.75,-142.7625,15150,D,100103
-143.375,-143.3875,15175,D,100103
-144,-144.0125,15200,D,100103
-144.625,-144.6375,15225,D,100103
-145.25,-145.2625,15250,D,100103
-145.875,-145.8875,15275,D,100103
-146.5,-146.5125,15300,D,100103
-147.125,-147.1375,15325,D,100103
-147.75,-147.7625,15350,D,100103
-148.375,-148.3875,15375,D,100103
-149,-149.0125,15400,D,100103
-149.625,-149.6375,15425,D,100103
-150.25,-150.2625,15450,D,100103
-150.875,-150.8875,15475,D,100103
-151.5,-151.5125,15500,D,100103
-152.125,-152.1375,15525,D,100103
-152.75,-152.7625,15550,D,100103
-153.375,-153.37,15575,D,100103
-154,-153.9325,15600,D,100103
-154.625,-154.495,15625,D,100103
-155.25,-155.0575,15650,D,100103
-155.875,-155.62,15675,D,100103
-156.5,-156.1825,15700,D,100103
-157.125,-156.745,15725,D,100103
-157.75,-157.3075,15750,D,100103
-157.375,-157.87,15775,D,100103
-158,-158.4325,15800,D,100103
-158.625,-158.995,15825,D,100103
-159.25,-159.5575,15850,D,100103
-159.875,-160.12,15875,D,100103
-160.5,-160.6825,15900,D,100103
-161.125,-161.245,15925,D,100103
-161.75,-161.8075,15950,D,100103
-162.375,-162.3875,15975,D,100103
-163,-163.0125,16000,D,100103
-163.625,-163.6375,16025,D,100103
-164.25,-164.2625,16050,D,100103
-164.875,-164.8875,16075,D,100103
-165.5,-165.5125,16100,D,100103
-166.125,-166.1375,16125,D,100103
-166.75,-166.7625,16150,D,100103
-167.375,-167.3875,16175,D,100103
-168,-168.0125,16200,D,100103
-168.625,-168.6375,16225,D,100103
-169.25,-169.2625,16250,D,100103
-169.875,-169.8875,16275,D,100103
-170.5,-170.5125,16300,D,100103
-171.125,-171.1375,16325,D,100103
-171.75,-171.7625,16350,D,100103
-172.375,-172.3875,16375,D,100103
-173,-173.0125,16400,D,100103
-173.625,-173.6375,16425,D,100103
-174.25,-174.2625,16450,D,100103
-174.875,-174.8875,16475,D,100103
-175.5,-175.5125,16500,D,100103
-176.125,-176.1375,16525,D,100103
-176.75,-176.7625,16550,D,100103
-177.375,-177.3875,16575,D,100103
-178,-178.0125,16600,D,100103
-178.625,-178.6375,16625,D,100103
-179.25,-179.2625,16650,D,100103
-179.875,-179.8875,16675,D,100103
-180.5,-180.5125,16700,D,100103
-181.125,-181.1375,16725,D,100103
-181.75,-181.7625,16750,D,100103
-182.375,-182.3875,16775,D,100103
-183,-183.0125,16800,D,100103
-183.625,-183.6375,16825,D,100103
-184.25,-184.2625,16850,D,100103
-184.875,-184.8875,16875,D,100103
-185.5,-185.5125,16900,D,100103
-186.125,-186.1375,16925,D,100103
-186.75,-186.7625,16950,D,100103
-187.375,-187.3875,16975,D,100103
-188,-188.0125,17000,D,100103
-188.625,-188.6375,17025,D,100103
-189.25,-189.2625,17050,D,100103
-189.875,-189.8875,17075,D,100103
-190.5,-190.5125,17100,D,100103
-191.125,-191.1375,17125,D,100103
-191.75,-191.7625,17150,D,100103
-192.375,-192.3875,17175,D,100103
-193,-193.0125,17200,D,100103
-193.625,-193.6375,17225,D,100103
-194.25,-194.2625,17250,D,100103
-194.875,-194.8875,17275,D,100103
-195.5,-195.5125,17300,D,100103
-196.125,-196.1375,17325,D,100103
-196.75,-196.7625,17350,D,100103
-197.375,-197.3875,17375,D,100103
-198,-198.0125,17400,D,100103
-198.625,-198.6375,17425,D,100103
-199.25,-199.2625,17450,D,100103
-199.875,-199.8875,17475,D,100103
-200.5,-200.5125,17500,D,100103
-201.125,-201.1375,17525,D,100103
-201.75,-201.7625,17550,D,100103
-202.375,-202.3875,17575,D,100103
-203,-202.96,17600,D,100103
-203.625,-203.5225,17625,D,100103
-204.25,-204.085,17650,D,100103
-204.875,-204.6475,17675,D,100103
-205.5,-205.21,17700,D,100103
-206.125,-205.7725,17725,D,100103
-206.75,-206.335,17750,D,100103
-207.375,-206.8975,17775,D,100103
-207,-207.46,17800,D,100103
-207.625,-208.0225,17825,D,100103
-208.25,-208.585,17850,D,100103
-208.875,-209.1475,17875,D,100103
-209.5,-209.71,17900,D,100103
-210.125,-210.2725,17925,D,100103
-210.75,-210.835,17950,D,100103
-211.375,-211.3975,17975,D,100103
-212,-212.0125,18000,D,100103
-212.625,-212.6375,18025,D,100103
-213.25,-213.2625,18050,D,100103
-213.875,-213.8875,18075,D,100103
-214.5,-214.5125,18100,D,100103
-215.125,-215.1375,18125,D,100103
-215.75,-215.7625,18150,D,100103
-216.375,-216.3875,18175,D,100103
-217,-217.0125,18200,D,100103
-217.625,-217.6375,18225,D,100103
-218.25,-218.2625,18250,D,100103
-218.875,-218.8875,18275,D,100103
-219.5,-219.5125,18300,D,100103
-220.125,-220.1375,18325,D,100103
-220.75,-220.7625,18350,D,100103
-221.375,-221.3875,18375,D,100103
-222,-222.0125,18400,D,100103
-222.625,-222.6375,18425,D,100103
-223.25,-223.2625,18450,D,100103
-223.875,-223.8875,18475,D,100103
-224.5,-224.5125,18500,D,100103
-225.125,-225.1375,18525,D,100103
-225.75,-225.7625,18550,D,100103
-226.375,-226.3875,18575,D,100103
-227,-227.0125,18600,D,100103
-227.625,-227.6375,18625,D,100103
-228.25,-228.2625,18650,D,100103
-228.875,-228.8875,18675,D,100103
-229.5,-229.5125,18700,D,100103
-230.125,-230.1375,18725,D,100103
-230.75,-230.7625,18750,D,100103
-231.375,-231.3875,18775,D,100103
-232,-232.0125,18800,D,100103
-232.625,-232.6375,18825,D,100103
-233.25,-233.2625,18850,D,100103
-233.875,-233.8875,18875,D,100103
-234.5,-234.5125,18900,D,100103
-235.125,-235.1375,18925,D,100103
-235.75,-235.7625,18950,D,100103
-236.375,-236.3875,18975,D,100103
-237,-236.975,19000,D,100103
-237.625,-237.5375,19025,D,100103
-238.25,-238.1,19050,D,100103
-238.875,-238.6625,19075,D,100103
-239.5,-239.225,19100,D,100103
-240.125,-239.7875,19125,D,100103
-240.75,-240.35,19150,D,100103
-241.375,-240.9125,19175,D,100103
-241,-241.475,19200,D,100103
-241.625,-242.0375,19225,D,100103
-242.25,-242.6,19250,D,100103
-242.875,-243.1625,19275,D,100103
-243.5,-243.725,19300,D,100103
-244.125,-244.2875,19325,D,100103
-244.75,-244.85,19350,D,100103
-245.375,-245.4125,19375,D,100103
-246,-246.0125,19400,D,100103
-246.625,-246.6375,19425,D,100103
-247.25,-247.2625,19450,D,100103
-247.875,-247.8875,19475,D,100103
-248.5,-248.5125,19500,D,100103
-249.125,-249.1375,19525,D,100103
-249.75,-249.7625,19550,D,100103
-250.375,-250.3875,19575,D,100103
-251,-250.9875,19600,D,100103
-251.625,-251.55,19625,D,100103
-252.25,-252.1125,19650,D,100103
-252.875,-252.675,19675,D,100103
-253.5,-253.2375,19700,D,100103
-254.125,-253.8,19725,D,100103
-254.75,-254.3625,19750,D,100103
-255.375,-254.925,19775,D,100103
-255,-255.4875,19800,D,100103
-255.625,-256.05,19825,D,100103
-256.25,-256.6125,19850,D,100103
-256.875,-257.175,19875,D,100103
-257.5,-257.7375,19900,D,100103
-258.125,-258.3,19925,D,100103
-258.75,-258.8625,19950,D,100103
-259.375,-259.425,19975,D,100103
-260,-260.0125,20000,D,100103
3.375,,25,D,315967
2.75,,50,D,315967
4.125,,75,D,315967
8.5,,100,D,315967
12.875,,125,D,315967
18.25,,150,D,315967
21.625,,175,D,315967
26,23.29,200,D,315967
29.375,26.14,225,D,315967
31.75,29.155,250,D,315967
35.125,32.325,275,D,315967
35.5,35.6225,300,D,315967
36.875,38.7325,325,D,315967
40.25,41.655,350,D,315967
43.625,44.3075,375,D,315967
46,46.795,400,D,315967
47.375,49.1075,425,D,315967
53.75,51.365,450,D,315967
56.125,53.4475,475,D,315967
58.5,55.5025,500,D,315967
61.875,57.47,525,D,315967
63.25,59.285,550,D,315967
63.625,60.95,575,D,315967
63,62.5875,600,D,315967
66.375,64.1025,625,D,315967
65.75,65.5575,650,D,315967
67.125,66.9075,675,D,315967
68.5,68.2125,700,D,315967
67.875,69.405,725,D,315967
67.25,70.4925,750,D,315967
70.625,71.5825,775,D,315967
71,72.6625,800,D,315967
72.375,73.7025,825,D,315967
75.75,74.7,850,D,315967
77.125,75.6375,875,D,315967
78.5,76.51,900,D,315967
79.875,77.355,925,D,315967
80.25,78.23,950,D,315967
80.625,79.03,975,D,315967
81,79.6675,1000,D,315967
81.375,80.235,1025,D,315967
81.75,80.5775,1050,D,315967
81.125,80.91,1075,D,315967
81.5,81.1,1100,D,315967
81.875,81.27,1125,D,315967
81.25,81.395,1150,D,315967
81.625,81.48,1175,D,315967
81,81.71,1200,D,315967
80.375,81.9275,1225,D,315967
79.75,82.2575,1250,D,315967
82.125,82.655,1275,D,315967
81.5,83.085,1300,D,315967
81.875,83.4975,1325,D,315967
82.25,84.06,1350,D,315967
83.625,84.675,1375,D,315967
84,85.3825,1400,D,315967
86.375,86.1675,1425,D,315967
87.75,87.0275,1450,D,315967
88.125,87.88,1475,D,315967
88.5,88.755,1500,D,315967
89.875,89.605,1525,D,315967
90.25,90.45,1550,D,315967
92.625,91.2475,1575,D,315967
93,91.99,1600,D,315967
93.375,92.7975,1625,D,315967
93.75,93.5325,1650,D,315967
96.125,94.1975,1675,D,315967
95.5,94.77,1700,D,315967
95.875,95.325,1725,D,315967
95.25,95.72,1750,D,315967
94.625,96.1125,1775,D,315967
97,96.4575,1800,D,315967
98.375,96.7875,1825,D,315967
98.75,97.0725,1850,D,315967
98.125,97.335,1875,D,315967
97.5,97.5225,1900,D,315967
96.875,97.6875,1925,D,315967
97.25,97.8125,1950,D,315967
97.625,97.9375,1975,D,315967
98,97.9475,2000,D,315967
98.375,97.8625,2025,D,315967
98.75,97.7325,2050,D,315967
99.125,97.6075,2075,D,315967
98.5,97.49,2100,D,315967
97.875,97.4275,2125,D,315967
97.25,97.345,2150,D,315967
96.625,97.1975,2175,D,315967
96,97.0475,2200,D,315967
96.375,96.87,2225,D,315967
96.75,96.6625,2250,D,315967
96.125,96.3525,2275,D,315967
96.5,96.04,2300,D,315967
95.875,95.7275,2325,D,315967
95.25,95.4825,2350,D,315967
95.625,95.32,2375,D,315967
96,95.2575,2400,D,315967
95.375,95.2075,2425,D,315967
94.75,95.0875,2450,D,315967
94.125,94.9625,2475,D,315967
93.5,94.83,2500,D,315967
92.875,94.6425,2525,D,315967
94.25,94.485,2550,D,315967
95.625,94.325,2575,D,315967
95,94.11,2600,D,315967
95.375,93.86,2625,D,315967
94.75,93.61,2650,D,315967
94.125,93.36,2675,D,315967
93.5,93.11,2700,D,315967
92.875,92.915,2725,D,315967
93.25,92.7575,2750,D,315967
92.625,92.545,2775,D,315967
92,92.2325,2800,D,315967
91.375,91.885,2825,D,315967
90.75,91.5725,2850,D,315967
90.125,91.26,2875,D,315967
89.5,90.9475,2900,D,315967
89.875,90.635,2925,D,315967
91.25,90.335,2950,D,315967
90.625,90.04,2975,D,315967
90,89.79,3000,D,315967
90.375,89.54,3025,D,315967
89.75,89.29,3050,D,315967
89.125,89.04,3075,D,315967
88.5,88.8125,3100,D,315967
87.875,88.57,3125,D,315967
88.25,88.2225,3150,D,315967
88.625,87.8475,3175,D,315967
88,87.4725,3200,D,315967
87.375,87.07,3225,D,315967
86.75,86.6325,3250,D,315967
86.125,86.195,3275,D,315967
86.5,85.79,3300,D,315967
85.875,85.415,3325,D,315967
85.25,85.0225,3350,D,315967
84.625,84.67,3375,D,315967
84,84.3225,3400,D,315967
83.375,84.01,3425,D,315967
82.75,83.6975,3450,D,315967
82.125,83.385,3475,D,315967
82.5,83.06,3500,D,315967
81.875,82.7475,3525,D,315967
82.25,82.5525,3550,D,315967
82.625,82.405,3575,D,315967
83,82.3125,3600,D,315967
82.375,82.25,3625,D,315967
81.75,82.2275,3650,D,315967
81.125,82.2275,3675,D,315967
81.5,82.195,3700,D,315967
80.875,82.1325,3725,D,315967
82.25,82.045,3750,D,315967
82.625,81.9375,3775,D,315967
83,81.785,3800,D,315967
82.375,81.5975,3825,D,315967
82.75,81.41,3850,D,315967
82.125,81.2225,3875,D,315967
81.5,81.025,3900,D,315967
80.875,80.775,3925,D,315967
80.25,80.4625,3950,D,315967
80.625,80.11,3975,D,315967
80,79.7675,4000,D,315967
79.375,79.455,4025,D,315967
78.75,79.1025,4050,D,315967
78.125,78.7275,4075,D,315967
77.5,78.3525,4100,D,315967
76.875,78.005,4125,D,315967
77.25,77.695,4150,D,315967
76.625,77.3875,4175,D,315967
78,77.075,4200,D,315967
77.375,76.81,4225,D,315967
76.75,76.56,4250,D,315967
76.125,76.31,4275,D,315967
75.5,76.06,4300,D,315967
75.875,75.81,4325,D,315967
76.25,75.505,4350,D,315967
75.625,75.1925,4375,D,315967
75,74.815,4400,D,315967
75.375,74.435,4425,D,315967
74.75,74.06,4450,D,315967
74.125,73.775,4475,D,315967
73.5,73.5975,4500,D,315967
72.875,73.4825,4525,D,315967
72.25,73.3725,4550,D,315967
71.625,73.2475,4575,D,315967
71,73.1225,4600,D,315967
71.375,72.95,4625,D,315967
70.75,72.7625,4650,D,315967
73.125,72.6225,4675,D,315967
73.5,72.505,4700,D,315967
73.875,72.4425,4725,D,315967
74.25,72.38,4750,D,315967
73.625,72.3175,4775,D,315967
73,72.255,4800,D,315967
72.375,72.195,4825,D,315967
71.75,72.1325,4850,D,315967
72.125,72.0425,4875,D,315967
72.5,71.8575,4900,D,315967
71.875,71.6575,4925,D,315967
71.25,71.4525,4950,D,315967
70.625,71.2025,4975,D,315967
70,70.9525,5000,D,315967
70.375,70.755,5025,D,315967
69.75,70.5675,5050,D,315967
70.125,70.3325,5075,D,315967
70.5,70.125,5100,D,315967
70.875,69.875,5125,D,315967
70.25,69.625,5150,D,315967
69.625,69.3825,5175,D,315967
69,69.195,5200,D,315967
69.375,68.9475,5225,D,315967
68.75,68.6975,5250,D,315967
68.125,68.385,5275,D,315967
68.5,68.11,5300,D,315967
67.875,67.7725,5325,D,315967
67.25,67.3975,5350,D,315967
67.625,67.0225,5375,D,315967
67,66.6875,5400,D,315967
66.375,66.3225,5425,D,315967
65.75,65.9475,5450,D,315967
65.125,65.64,5475,D,315967
65.5,65.34,5500,D,315967
64.875,65.0275,5525,D,315967
64.25,64.715,5550,D,315967
63.625,64.395,5575,D,315967
64,64.02,5600,D,315967
63.375,63.645,5625,D,315967
62.75,63.27,5650,D,315967
64.125,62.895,5675,D,315967
63.5,62.47,5700,D,315967
62.875,62.0325,5725,D,315967
62.25,61.595,5750,D,315967
61.625,61.17,5775,D,315967
61,60.755,5800,D,315967
60.375,60.3175,5825,D,315967
59.75,59.93,5850,D,315967
59.125,59.5625,5875,D,315967
58.5,59.1875,5900,D,315967
57.875,58.8125,5925,D,315967
57.25,58.48,5950,D,315967
57.625,58.1675,5975,D,315967
57,57.855,6000,D,315967
56.375,57.6025,6025,D,315967
57.75,57.3525,6050,D,315967
58.125,57.105,6075,D,315967
57.5,56.9175,6100,D,315967
56.875,56.73,6125,D,315967
57.25,56.5425,6150,D,315967
56.625,56.3425,6175,D,315967
56,56.0925,6200,D,315967
56.375,55.8425,6225,D,315967
55.75,55.5425,6250,D,315967
56.125,55.155,6275,D,315967
55.5,54.7175,6300,D,315967
54.875,54.28,6325,D,315967
54.25,53.8,6350,D,315967
53.625,53.3425,6375,D,315967
53,52.905,6400,D,315967
52.375,52.4075,6425,D,315967
51.75,51.9075,6450,D,315967
51.125,51.405,6475,D,315967
50.5,50.8425,6500,D,315967
49.875,50.28,6525,D,315967
49.25,49.7175,6550,D,315967
49.625,49.155,6575,D,315967
49,48.5925,6600,D,315967
48.375,48.03,6625,D,315967
47.75,47.4675,6650,D,315967
47.125,46.905,6675,D,315967
46.5,46.3425,6700,D,315967
45.875,45.7925,6725,D,315967
45.25,45.2925,6750,D,315967
44.625,44.75,6775,D,315967
44,44.2025,6800,D,315967
43.375,43.7025,6825,D,315967
42.75,43.2025,6850,D,315967
42.125,42.7525,6875,D,315967
41.5,42.3775,6900,D,315967
41.875,42.0025,6925,D,315967
41.25,41.6275,6950,D,315967
40.625,41.2525,6975,D,315967
41,40.8775,7000,D,315967
40.375,40.5025,7025,D,315967
39.75,40.1275,7050,D,315967
41.125,39.7525,7075,D,315967
40.5,39.3775,7100,D,315967
39.875,38.99,7125,D,315967
39.25,38.5525,7150,D,315967
38.625,38.115,7175,D,315967
38,37.6625,7200,D,315967
37.375,37.1625,7225,D,315967
36.75,36.7475,7250,D,315967
36.125,36.3225,7275,D,315967
35.5,35.8225,7300,D,315967
34.875,35.3225,7325,D,315967
34.25,34.8225,7350,D,315967
33.625,34.3225,7375,D,315967
33,33.8225,7400,D,315967
32.375,33.3225,7425,D,315967
33.75,32.8225,7450,D,315967
33.125,32.3225,7475,D,315967
32.5,31.8225,7500,D,315967
31.875,31.3225,7525,D,315967
31.25,30.8225,7550,D,315967
30.625,30.3225,7575,D,315967
30,29.8275,7600,D,315967
29.375,29.39,7625,D,315967
28.75,28.8675,7650,D,315967
28.125,28.305,7675,D,315967
27.5,27.7425,7700,D,315967
26.875,27.18,7725,D,315967
26.25,26.6175,7750,D,315967
25.625,26.055,7775,D,315967
26,25.4925,7800,D,315967
25.375,24.93,7825,D,315967
24.75,24.3675,7850,D,315967
24.125,23.805,7875,D,315967
23.5,23.2425,7900,D,315967
22.875,22.68,7925,D,315967
22.25,22.1175,7950,D,315967
21.625,21.555,7975,D,315967
21,20.9875,8000,D,315967
20.375,20.3625,8025,D,315967
19.75,19.7375,8050,D,315967
19.125,19.1125,8075,D,315967
18.5,18.4875,8100,D,315967
17.875,17.8625,8125,D,315967
17.25,17.2375,8150,D,315967
16.625,16.6125,8175,D,315967
16,15.9875,8200,D,315967
15.375,15.3625,8225,D,315967
14.75,14.7625,8250,D,315967
14.125,14.2,8275,D,315967
13.5,13.6375,8300,D,315967
12.875,13.075,8325,D,315967
12.25,12.5125,8350,D,315967
11.625,11.95,8375,D,315967
11,11.3875,8400,D,315967
10.375,10.825,8425,D,315967
10.75,10.2625,8450,D,315967
10.125,9.69999999999998,8475,D,315967
9.49999999999998,9.13749999999998,8500,D,315967
8.87499999999998,8.61499999999998,8525,D,315967
8.24999999999998,8.11499999999998,8550,D,315967
7.62499999999998,7.61499999999998,8575,D,315967
6.99999999999998,7.11499999999998,8600,D,315967
6.37499999999998,6.62499999999998,8625,D,315967
5.74999999999998,6.16249999999998,8650,D,315967
5.12499999999998,5.66249999999998,8675,D,315967
4.49999999999998,5.19999999999998,8700,D,315967
4.87499999999998,4.76249999999998,8725,D,315967
4.24999999999998,4.32499999999998,8750,D,315967
3.62499999999998,3.88749999999998,8775,D,315967
2.99999999999998,3.44999999999998,8800,D,315967
3.37499999999998,3.01249999999998,8825,D,315967
2.74999999999998,2.57499999999998,8850,D,315967
2.12499999999998,2.13749999999998,8875,D,315967
2.49999999999998,1.69999999999998,8900,D,315967
1.87499999999998,1.22249999999998,8925,D,315967
1.24999999999998,0.722499999999983,8950,D,315967
0.624999999999983,0.222499999999983,8975,D,315967
-1.71737624121704e-14,-0.277500000000017,9000,D,315967
-0.625000000000017,-0.787500000000017,9025,D,315967
-1.25000000000002,-1.35000000000002,9050,D,315967
-1.87500000000002,-1.91250000000002,9075,D,315967
-2.50000000000002,-2.51250000000002,9100,D,315967
-3.12500000000002,-3.13750000000002,9125,D,315967
-3.75000000000002,-3.76250000000002,9150,D,315967
-4.37500000000002,-4.38750000000002,9175,D,315967
-5.00000000000002,-5.01250000000002,9200,D,315967
-5.62500000000002,-5.63750000000002,9225,D,315967
-6.25000000000002,-6.26250000000002,9250,D,315967
-6.87500000000002,-6.88750000000002,9275,D,315967
-7.50000000000002,-7.51250000000002,9300,D,315967
-8.12500000000002,-8.13750000000002,9325,D,315967
-8.75000000000002,-8.76250000000002,9350,D,315967
-9.37500000000002,-9.38750000000002,9375,D,315967
-10,-10.0125,9400,D,315967
-10.625,-10.5775,9425,D,315967
-11.25,-11.14,9450,D,315967
-11.875,-11.7025,9475,D,315967
-12.5,-12.265,9500,D,315967
-13.125,-12.8275,9525,D,315967
-13.75,-13.39,9550,D,315967
-14.375,-13.9525,9575,D,315967
-15,-14.515,9600,D,315967
-14.625,-15.0775,9625,D,315967
-15.25,-15.64,9650,D,315967
-15.875,-16.2025,9675,D,315967
-16.5,-16.725,9700,D,315967
-17.125,-17.225,9725,D,315967
-17.75,-17.725,9750,D,315967
-18.375,-18.225,9775,D,315967
-19,-18.725,9800,D,315967
-19.625,-19.285,9825,D,315967
-20.25,-19.8225,9850,D,315967
-20.875,-20.3225,9875,D,315967
-20.5,-20.8225,9900,D,315967
-21.125,-21.3225,9925,D,315967
-21.75,-21.8225,9950,D,315967
-22.375,-22.3225,9975,D,315967
-23,-22.8225,10000,D,315967
-23.625,-23.3225,10025,D,315967
-23.25,-23.8225,10050,D,315967
-23.875,-24.3225,10075,D,315967
-24.5,-24.8625,10100,D,315967
-25.125,-25.425,10125,D,315967
-25.75,-25.9875,10150,D,315967
-26.375,-26.55,10175,D,315967
-27,-27.1125,10200,D,315967
-27.625,-27.675,10225,D,315967
-28.25,-28.2425,10250,D,315967
-28.875,-28.805,10275,D,315967
-29.5,-29.3675,10300,D,315967
-30.125,-29.93,10325,D,315967
-30.75,-30.4925,10350,D,315967
-31.375,-31.055,10375,D,315967
-32,-31.6175,10400,D,315967
-32.625,-32.18,10425,D,315967
-32.25,-32.7425,10450,D,315967
-32.875,-33.305,10475,D,315967
-33.5,-33.8675,10500,D,315967
-34.125,-34.43,10525,D,315967
-34.75,-34.9925,10550,D,315967
-35.375,-35.555,10575,D,315967
-36,-36.1175,10600,D,315967
-36.625,-36.68,10625,D,315967
-37.25,-37.2625,10650,D,315967
-37.875,-37.8875,10675,D,315967
-38.5,-38.4825,10700,D,315967
-39.125,-39.045,10725,D,315967
-39.75,-39.6075,10750,D,315967
-40.375,-40.14,10775,D,315967
-41,-40.64,10800,D,315967
-41.625,-41.14,10825,D,315967
-42.25,-41.64,10850,D,315967
-42.875,-42.08,10875,D,315967
-42.5,-42.5175,10900,D,315967
-43.125,-42.955,10925,D,315967
-43.75,-43.3925,10950,D,315967
-43.375,-43.83,10975,D,315967
-44,-44.2675,11000,D,315967
-44.625,-44.705,11025,D,315967
-45.25,-45.1425,11050,D,315967
-44.875,-45.58,11075,D,315967
-45.5,-46.0475,11100,D,315967
-46.125,-46.5475,11125,D,315967
-46.75,-47.0475,11150,D,315967
-47.375,-47.5425,11175,D,315967
-48,-48.0425,11200,D,315967
-48.625,-48.5425,11225,D,315967
-49.25,-49.0425,11250,D,315967
-49.875,-49.6025,11275,D,315967
-50.5,-50.165,11300,D,315967
-51.125,-50.7275,11325,D,315967
-51.75,-51.29,11350,D,315967
-51.375,-51.8525,11375,D,315967
-52,-52.415,11400,D,315967
-52.625,-52.9775,11425,D,315967
-53.25,-53.54,11450,D,315967
-53.875,-54.1025,11475,D,315967
-54.5,-54.665,11500,D,315967
-55.125,-55.2275,11525,D,315967
-55.75,-55.79,11550,D,315967
-56.375,-56.3875,11575,D,315967
-57,-57.0125,11600,D,315967
-57.625,-57.6375,11625,D,315967
-58.25,-58.2625,11650,D,315967
-58.875,-58.8875,11675,D,315967
-59.5,-59.5125,11700,D,315967
-60.125,-60.1375,11725,D,315967
-60.75,-60.7625,11750,D,315967
-61.375,-61.3875,11775,D,315967
-62,-62.0125,11800,D,315967
-62.625,-62.6375,11825,D,315967
-63.25,-63.2625,11850,D,315967
-63.875,-63.8875,11875,D,315967
-64.5,-64.5125,11900,D,315967
-65.125,-65.1375,11925,D,315967
-65.75,-65.7625,11950,D,315967
-66.375,-66.3875,11975,D,315967
-67,-67.0125,12000,D,315967
-67.625,-67.6375,12025,D,315967
-68.25,-68.2625,12050,D,315967
-68.875,-68.8875,12075,D,315967
-69.5,-69.5125,12100,D,315967
-70.125,-70.1375,12125,D,315967
-70.75,-70.7625,12150,D,315967
-71.375,-71.3875,12175,D,315967
-72,-72.0125,12200,D,315967
-72.625,-72.6375,12225,D,315967
-73.25,-73.2625,12250,D,315967
-73.875,-73.83,12275,D,315967
-74.5,-74.3925,12300,D,315967
-75.125,-74.955,12325,D,315967
-75.75,-75.5175,12350,D,315967
-76.375,-76.08,12375,D,315967
-77,-76.6425,12400,D,315967
-77.625,-77.205,12425,D,315967
-78.25,-77.7675,12450,D,315967
-77.875,-78.33,12475,D,315967
-78.5,-78.8425,12500,D,315967
-79.125,-79.3425,12525,D,315967
-79.75,-79.8425,12550,D,315967
-80.375,-80.3425,12575,D,315967
-81,-80.8425,12600,D,315967
-81.625,-81.3425,12625,D,315967
-82.25,-81.8425,12650,D,315967
-82.875,-82.4,12675,D,315967
-82.5,-82.9625,12700,D,315967
-83.125,-83.525,12725,D,315967
-83.75,-84.0875,12750,D,315967
-84.375,-84.65,12775,D,315967
-85,-85.2125,12800,D,315967
-85.625,-85.775,12825,D,315967
-86.25,-86.3375,12850,D,315967
-86.875,-86.9,12875,D,315967
-87.5,-87.4925,12900,D,315967
-88.125,-88.055,12925,D,315967
-88.75,-88.6175,12950,D,315967
-89.375,-89.18,12975,D,315967
-90,-89.7425,13000,D,315967
-90.625,-90.305,13025,D,315967
-91.25,-90.8675,13050,D,315967
-91.875,-91.43,13075,D,315967
-91.5,-91.9925,13100,D,315967
-92.125,-92.555,13125,D,315967
-92.75,-93.1175,13150,D,315967
-93.375,-93.68,13175,D,315967
-94,-94.2425,13200,D,315967
-94.625,-94.805,13225,D,315967
-95.25,-95.3675,13250,D,315967
-95.875,-95.93,13275,D,315967
-96.5,-96.5125,13300,D,315967
-97.125,-97.1375,13325,D,315967
-97.75,-97.7625,13350,D,315967
-98.375,-98.3875,13375,D,315967
-99,-99.0125,13400,D,315967
-99.625,-99.6375,13425,D,315967
-100.25,-100.2625,13450,D,315967
-100.875,-100.8875,13475,D,315967
-101.5,-101.5125,13500,D,315967
-102.125,-102.1375,13525,D,315967
-102.75,-102.7625,13550,D,315967
-103.375,-103.3875,13575,D,315967
-104,-104.0125,13600,D,315967
-104.625,-104.6375,13625,D,315967
-105.25,-105.2625,13650,D,315967
-105.875,-105.8875,13675,D,315967
-106.5,-106.5125,13700,D,315967
-107.125,-107.1375,13725,D,315967
-107.75,-107.7625,13750,D,315967
-108.375,-108.3875,13775,D,315967
-109,-109.0125,13800,D,315967
-109.625,-109.6375,13825,D,315967
-110.25,-110.2625,13850,D,315967
-110.875,-110.8875,13875,D,315967
-111.5,-111.5125,13900,D,315967
-112.125,-112.1375,13925,D,315967
-112.75,-112.7625,13950,D,315967
-113.375,-113.3875,13975,D,315967
-114,-114.0125,14000,D,315967
-114.625,-114.6375,14025,D,315967
-115.25,-115.2,14050,D,315967
-115.875,-115.7625,14075,D,315967
-116.5,-116.325,14100,D,315967
-117.125,-116.8875,14125,D,315967
-117.75,-117.45,14150,D,315967
-118.375,-118.0125,14175,D,315967
-119,-118.575,14200,D,315967
-119.625,-119.1375,14225,D,315967
-119.25,-119.7,14250,D,315967
-119.875,-120.2625,14275,D,315967
-120.5,-120.825,14300,D,315967
-121.125,-121.3875,14325,D,315967
-121.75,-121.95,14350,D,315967
-122.375,-122.5125,14375,D,315967
-123,-123.075,14400,D,315967
-123.625,-123.6375,14425,D,315967
-124.25,-124.2625,14450,D,315967
-124.875,-124.8875,14475,D,315967
-125.5,-125.5125,14500,D,315967
-126.125,-126.1375,14525,D,315967
-126.75,-126.7625,14550,D,315967
-127.375,-127.3875,14575,D,315967
-128,-128.0125,14600,D,315967
-128.625,-128.6375,14625,D,315967
-129.25,-129.2625,14650,D,315967
-129.875,-129.8875,14675,D,315967
-130.5,-130.5125,14700,D,315967
-131.125,-131.1375,14725,D,315967
-131.75,-131.7625,14750,D,315967
-132.375,-132.3875,14775,D,315967
-133,-132.9575,14800,D,315967
-133.625,-133.52,14825,D,315967
-134.25,-134.0825,14850,D,315967
-134.875,-134.645,14875,D,315967
-135.5,-135.2075,14900,D,315967
-136.125,-135.77,14925,D,315967
-136.75,-136.3325,14950,D,315967
-137.375,-136.895,14975,D,315967
-137,-137.4575,15000,D,315967
-137.625,-138.02,15025,D,315967
-138.25,-138.5825,15050,D,315967
-138.875,-139.145,15075,D,315967
-139.5,-139.7075,15100,D,315967
-140.125,-140.27,15125,D,315967
-140.75,-140.8325,15150,D,315967
-141.375,-141.395,15175,D,315967
-142,-142.0125,15200,D,315967
-142.625,-142.6375,15225,D,315967
-143.25,-143.2625,15250,D,315967
-143.875,-143.8875,15275,D,315967
-144.5,-144.5125,15300,D,315967
-145.125,-145.1375,15325,D,315967
-145.75,-145.7625,15350,D,315967
-146.375,-146.3875,15375,D,315967
-147,-147.0125,15400,D,315967
-147.625,-147.6375,15425,D,315967
-148.25,-148.2625,15450,D,315967
-148.875,-148.8875,15475,D,315967
-149.5,-149.5125,15500,D,315967
-150.125,-150.1375,15525,D,315967
-150.75,-150.7625,15550,D,315967
-151.375,-151.3875,15575,D,315967
-152,-152.0125,15600,D,315967
-152.625,-152.6375,15625,D,315967
-153.25,-153.2625,15650,D,315967
-153.875,-153.8875,15675,D,315967
-154.5,-154.5125,15700,D,315967
-155.125,-155.1375,15725,D,315967
-155.75,-155.7625,15750,D,315967
-156.375,-156.34,15775,D,315967
-157,-156.9025,15800,D,315967
-157.625,-157.465,15825,D,315967
-158.25,-158.0275,15850,D,315967
-158.875,-158.59,15875,D,315967
-159.5,-159.1525,15900,D,315967
-160.125,-159.715,15925,D,315967
-160.75,-160.2775,15950,D,315967
-160.375,-160.84,15975,D,315967
-161,-161.4025,16000,D,315967
-161.625,-161.965,16025,D,315967
-162.25,-162.5275,16050,D,315967
-162.875,-163.09,16075,D,315967
-163.5,-163.6525,16100,D,315967
-164.125,-164.215,16125,D,315967
-164.75,-164.7775,16150,D,315967
-165.375,-165.3875,16175,D,315967
-166,-166.0125,16200,D,315967
-166.625,-166.6375,16225,D,315967
-167.25,-167.2625,16250,D,315967
-167.875,-167.8875,16275,D,315967
-168.5,-168.5125,16300,D,315967
-169.125,-169.1375,16325,D,315967
-169.75,-169.715,16350,D,315967
-170.375,-170.2775,16375,D,315967
-171,-170.84,16400,D,315967
-171.625,-171.4025,16425,D,315967
-172.25,-171.965,16450,D,315967
-172.875,-172.5275,16475,D,315967
-173.5,-173.09,16500,D,315967
-174.125,-173.6525,16525,D,315967
-173.75,-174.215,16550,D,315967
-174.375,-174.7775,16575,D,315967
-175,-175.34,16600,D,315967
-175.625,-175.9025,16625,D,315967
-176.25,-176.465,16650,D,315967
-176.875,-177.0275,16675,D,315967
-177.5,-177.59,16700,D,315967
-178.125,-178.1525,16725,D,315967
-178.75,-178.7625,16750,D,315967
-179.375,-179.3875,16775,D,315967
-180,-180.0125,16800,D,315967
-180.625,-180.6375,16825,D,315967
-181.25,-181.2625,16850,D,315967
-181.875,-181.8875,16875,D,315967
-182.5,-182.5125,16900,D,315967
-183.125,-183.1375,16925,D,315967
-183.75,-183.7625,16950,D,315967
-184.375,-184.3875,16975,D,315967
-185,-185.0125,17000,D,315967
-185.625,-185.6375,17025,D,315967
-186.25,-186.2625,17050,D,315967
-186.875,-186.8875,17075,D,315967
-187.5,-187.5125,17100,D,315967
-188.125,-188.1375,17125,D,315967
-188.75,-188.7625,17150,D,315967
-189.375,-189.3875,17175,D,315967
-190,-190.0125,17200,D,315967
-190.625,-190.6375,17225,D,315967
-191.25,-191.2625,17250,D,315967
-191.875,-191.8875,17275,D,315967
-192.5,-192.5125,17300,D,315967
-193.125,-193.1375,17325,D,315967
-193.75,-193.7625,17350,D,315967
-194.375,-194.3875,17375,D,315967
-195,-195.0125,17400,D,315967
-195.625,-195.6375,17425,D,315967
-196.25,-196.2625,17450,D,315967
-196.875,-196.8875,17475,D,315967
-197.5,-197.5125,17500,D,315967
-198.125,-198.1375,17525,D,315967
-198.75,-198.7625,17550,D,315967
-199.375,-199.3875,17575,D,315967
-200,-200.0125,17600,D,315967
-200.625,-200.6375,17625,D,315967
-201.25,-201.2625,17650,D,315967
-201.875,-201.8875,17675,D,315967
-202.5,-202.5125,17700,D,315967
-203.125,-203.1375,17725,D,315967
-203.75,-203.7625,17750,D,315967
-204.375,-204.3875,17775,D,315967
-205,-205.0125,17800,D,315967
-205.625,-205.6375,17825,D,315967
-206.25,-206.2625,17850,D,315967
-206.875,-206.8875,17875,D,315967
-207.5,-207.5125,17900,D,315967
-208.125,-208.1375,17925,D,315967
-208.75,-208.7625,17950,D,315967
-209.375,-209.3875,17975,D,315967
-210,-210.0125,18000,D,315967
-210.625,-210.6375,18025,D,315967
-211.25,-211.2625,18050,D,315967
-211.875,-211.8875,18075,D,315967
-212.5,-212.5125,18100,D,315967
-213.125,-213.1375,18125,D,315967
-213.75,-213.7625,18150,D,315967
-214.375,-214.3875,18175,D,315967
-215,-215.0125,18200,D,315967
-215.625,-215.6375,18225,D,315967
-216.25,-216.2625,18250,D,315967
-216.875,-216.8875,18275,D,315967
-217.5,-217.5125,18300,D,315967
-218.125,-218.1375,18325,D,315967
-218.75,-218.7625,18350,D,315967
-219.375,-219.3875,18375,D,315967
-220,-220.0125,18400,D,315967
-220.625,-220.6375,18425,D,315967
-221.25,-221.2625,18450,D,315967
-221.875,-221.8875,18475,D,315967
-222.5,-222.5125,18500,D,315967
-223.125,-223.1375,18525,D,315967
-223.75,-223.7625,18550,D,315967
-224.375,-224.3875,18575,D,315967
-225,-225.0125,18600,D,315967
-225.625,-225.6375,18625,D,315967
-226.25,-226.2625,18650,D,315967
-226.875,-226.8875,18675,D,315967
-227.5,-227.5125,18700,D,315967
-228.125,-228.1375,18725,D,315967
-228.75,-228.7625,18750,D,315967
-229.375,-229.3875,18775,D,315967
-230,-230.0125,18800,D,315967
-230.625,-230.6375,18825,D,315967
-231.25,-231.2625,18850,D,315967
-231.875,-231.8875,18875,D,315967
-232.5,-232.5125,18900,D,315967
-233.125,-233.1375,18925,D,315967
-233.75,-233.7625,18950,D,315967
-234.375,-234.3875,18975,D,315967
-235,-235.0125,19000,D,315967
-235.625,-235.6375,19025,D,315967
-236.25,-236.2625,19050,D,315967
-236.875,-236.8875,19075,D,315967
-237.5,-237.5125,19100,D,315967
-238.125,-238.1375,19125,D,315967
-238.75,-238.7625,19150,D,315967
-239.375,-239.3875,19175,D,315967
-240,-240.0125,19200,D,315967
-240.625,-240.6375,19225,D,315967
-241.25,-241.2625,19250,D,315967
-241.875,-241.825,19275,D,315967
-242.5,-242.3875,19300,D,315967
-243.125,-242.95,19325,D,315967
-243.75,-243.5125,19350,D,315967
-244.375,-244.075,19375,D,315967
-245,-244.6375,19400,D,315967
-245.625,-245.2,19425,D,315967
-246.25,-245.7625,19450,D,315967
-245.875,-246.325,19475,D,315967
-246.5,-246.8875,19500,D,315967
-247.125,-247.45,19525,D,315967
-247.75,-248.0125,19550,D,315967
-248.375,-248.575,19575,D,315967
-249,-249.1375,19600,D,315967
-249.625,-249.7,19625,D,315967
-250.25,-250.2625,19650,D,315967
-250.875,-250.8875,19675,D,315967
-251.5,-251.5125,19700,D,315967
-252.125,-252.1375,19725,D,315967
-252.75,-252.7625,19750,D,315967
-253.375,-253.3875,19775,D,315967
-254,-254.0125,19800,D,315967
-254.625,-254.6375,19825,D,315967
-255.25,-255.2625,19850,D,315967
-255.875,-255.8875,19875,D,315967
-256.5,-256.5125,19900,D,315967
-257.125,-257.1375,19925,D,315967
-257.75,-257.7625,19950,D,315967
-258.375,-258.3875,19975,D,315967
-259,-259.0125,20000,D,315967
1.375,,25,D,352357
2.75,,50,D,352357
4.125,,75,D,352357
4.5,,100,D,352357
4.875,,125,D,352357
9.25,,150,D,352357
11.625,,175,D,352357
15,16.32,200,D,352357
18.375,18.565,225,D,352357
20.75,20.9325,250,D,352357
24.125,23.3775,275,D,352357
25.5,26.0325,300,D,352357
27.875,28.7625,325,D,352357
31.25,31.3725,350,D,352357
35.625,34.015,375,D,352357
36,36.5,400,D,352357
38.375,38.9275,425,D,352357
41.75,41.29,450,D,352357
45.125,43.6225,475,D,352357
47.5,45.8825,500,D,352357
48.875,48.0275,525,D,352357
51.25,50.155,550,D,352357
53.625,52.095,575,D,352357
55,53.9625,600,D,352357
58.375,55.7525,625,D,352357
57.75,57.4225,650,D,352357
61.125,58.885,675,D,352357
61.5,60.2125,700,D,352357
61.875,61.4975,725,D,352357
64.25,62.8175,750,D,352357
64.625,64.1925,775,D,352357
66,65.4375,800,D,352357
66.375,66.6675,825,D,352357
66.75,67.8675,850,D,352357
67.125,69.0575,875,D,352357
68.5,70.2325,900,D,352357
69.875,71.465,925,D,352357
74.25,72.645,950,D,352357
74.625,73.91,975,D,352357
75,75.11,1000,D,352357
77.375,76.28,1025,D,352357
78.75,77.4575,1050,D,352357
79.125,78.76,1075,D,352357
79.5,80.0275,1100,D,352357
81.875,81.2675,1125,D,352357
83.25,82.325,1150,D,352357
85.625,83.2425,1175,D,352357
85,84.1725,1200,D,352357
84.375,84.9525,1225,D,352357
86.75,85.6275,1250,D,352357
88.125,86.1875,1275,D,352357
88.5,86.745,1300,D,352357
88.875,87.1875,1325,D,352357
88.25,87.5125,1350,D,352357
89.625,87.64,1375,D,352357
89,87.7025,1400,D,352357
88.375,87.9625,1425,D,352357
87.75,88.1975,1450,D,352357
88.125,88.395,1475,D,352357
88.5,88.5475,1500,D,352357
87.875,88.6925,1525,D,352357
87.25,88.88,1550,D,352357
86.625,89.0275,1575,D,352357
86,89.1525,1600,D,352357
89.375,89.2775,1625,D,352357
90.75,89.4025,1650,D,352357
91.125,89.64,1675,D,352357
90.5,89.8725,1700,D,352357
91.875,90.2625,1725,D,352357
91.25,90.735,1750,D,352357
91.625,91.235,1775,D,352357
91,91.78,1800,D,352357
90.375,92.1925,1825,D,352357
89.75,92.62,1850,D,352357
91.125,92.9275,1875,D,352357
94.5,93.2625,1900,D,352357
94.875,93.675,1925,D,352357
95.25,94.1475,1950,D,352357
94.625,94.6325,1975,D,352357
95,95.0925,2000,D,352357
96.375,95.6375,2025,D,352357
95.75,96.2,2050,D,352357
95.125,96.6475,2075,D,352357
97.5,97.04,2100,D,352357
98.875,97.32,2125,D,352357
99.25,97.5975,2150,D,352357
98.625,97.8475,2175,D,352357
99,98.0525,2200,D,352357
99.375,98.2825,2225,D,352357
98.75,98.47,2250,D,352357
98.125,98.6575,2275,D,352357
98.5,98.76,2300,D,352357
99.875,98.7175,2325,D,352357
99.25,98.5575,2350,D,352357
98.625,98.37,2375,D,352357
98,98.16,2400,D,352357
99.375,97.865,2425,D,352357
98.75,97.5525,2450,D,352357
98.125,97.24,2475,D,352357
97.5,96.8725,2500,D,352357
96.875,96.4525,2525,D,352357
96.25,95.9525,2550,D,352357
95.625,95.4525,2575,D,352357
95,95.0375,2600,D,352357
94.375,94.6675,2625,D,352357
93.75,94.2925,2650,D,352357
93.125,94.0225,2675,D,352357
92.5,93.7725,2700,D,352357
91.875,93.5225,2725,D,352357
91.25,93.2725,2750,D,352357
90.625,93.0225,2775,D,352357
92,92.825,2800,D,352357
93.375,92.7,2825,D,352357
92.75,92.6125,2850,D,352357
94.125,92.55,2875,D,352357
93.5,92.4875,2900,D,352357
92.875,92.425,2925,D,352357
92.25,92.3625,2950,D,352357
91.625,92.3,2975,D,352357
93,92.1525,3000,D,352357
92.375,91.9275,3025,D,352357
92.75,91.685,3050,D,352357
92.125,91.3925,3075,D,352357
91.5,91.08,3100,D,352357
90.875,90.7675,3125,D,352357
90.25,90.455,3150,D,352357
89.625,90.1425,3175,D,352357
89,89.8375,3200,D,352357
89.375,89.525,3225,D,352357
89.75,89.175,3250,D,352357
89.125,88.8,3275,D,352357
88.5,88.425,3300,D,352357
87.875,88.05,3325,D,352357
87.25,87.675,3350,D,352357
86.625,87.33,3375,D,352357
88,87.0175,3400,D,352357
87.375,86.65,3425,D,352357
86.75,86.33,3450,D,352357
86.125,85.955,3475,D,352357
85.5,85.58,3500,D,352357
84.875,85.205,3525,D,352357
84.25,84.83,3550,D,352357
84.625,84.455,3575,D,352357
84,84.07,3600,D,352357
84.375,83.69,3625,D,352357
83.75,83.315,3650,D,352357
83.125,82.94,3675,D,352357
82.5,82.565,3700,D,352357
81.875,82.2275,3725,D,352357
81.25,81.945,3750,D,352357
80.625,81.665,3775,D,352357
81,81.4025,3800,D,352357
81.375,81.17,3825,D,352357
80.75,80.9325,3850,D,352357
80.125,80.8075,3875,D,352357
79.5,80.6825,3900,D,352357
79.875,80.5775,3925,D,352357
80.25,80.535,3950,D,352357
79.625,80.565,3975,D,352357
80,80.6325,4000,D,352357
80.375,80.6825,4025,D,352357
80.75,80.745,4050,D,352357
81.125,80.8075,4075,D,352357
80.5,80.87,4100,D,352357
80.875,80.8975,4125,D,352357
81.25,80.93,4150,D,352357
81.625,80.93,4175,D,352357
82,80.88,4200,D,352357
82.375,80.7975,4225,D,352357
81.75,80.66,4250,D,352357
81.125,80.41,4275,D,352357
80.5,80.16,4300,D,352357
80.875,79.89,4325,D,352357
80.25,79.5575,4350,D,352357
79.625,79.1525,4375,D,352357
79,78.66,4400,D,352357
78.375,78.115,4425,D,352357
77.75,77.5525,4450,D,352357
77.125,76.99,4475,D,352357
76.5,76.4275,4500,D,352357
75.875,75.8625,4525,D,352357
75.25,75.2375,4550,D,352357
74.625,74.6125,4575,D,352357
74,74.035,4600,D,352357
73.375,73.625,4625,D,352357
72.75,73.27,4650,D,352357
72.125,72.9575,4675,D,352357
71.5,72.645,4700,D,352357
70.875,72.3325,4725,D,352357
70.25,72.02,4750,D,352357
69.625,71.7075,4775,D,352357
71,71.415,4800,D,352357
72.375,71.165,4825,D,352357
72.75,70.9225,4850,D,352357
72.125,70.735,4875,D,352357
71.5,70.5475,4900,D,352357
70.875,70.36,4925,D,352357
70.25,70.1725,4950,D,352357
69.625,69.985,4975,D,352357
70,69.75,5000,D,352357
69.375,69.3475,5025,D,352357
69.75,68.935,5050,D,352357
69.125,68.4975,5075,D,352357
68.5,68.07,5100,D,352357
67.875,67.695,5125,D,352357
67.25,67.32,5150,D,352357
66.625,66.945,5175,D,352357
66,66.595,5200,D,352357
65.375,66.22,5225,D,352357
65.75,65.8425,5250,D,352357
65.125,65.525,5275,D,352357
65.5,65.2725,5300,D,352357
64.875,65.0225,5325,D,352357
64.25,64.7725,5350,D,352357
63.625,64.5225,5375,D,352357
64,64.2725,5400,D,352357
63.375,64.035,5425,D,352357
63.75,63.8025,5450,D,352357
64.125,63.61,5475,D,352357
64.5,63.5025,5500,D,352357
63.875,63.3775,5525,D,352357
63.25,63.2525,5550,D,352357
62.625,63.1275,5575,D,352357
62,62.9575,5600,D,352357
62.375,62.82,5625,D,352357
61.75,62.69,5650,D,352357
63.125,62.445,5675,D,352357
63.5,62.135,5700,D,352357
62.875,61.8225,5725,D,352357
62.25,61.51,5750,D,352357
61.625,61.2025,5775,D,352357
61,60.9525,5800,D,352357
61.375,60.7275,5825,D,352357
60.75,60.49,5850,D,352357
60.125,60.245,5875,D,352357
59.5,59.905,5900,D,352357
58.875,59.53,5925,D,352357
58.25,59.155,5950,D,352357
58.625,58.78,5975,D,352357
58,58.4525,6000,D,352357
58.375,58.14,6025,D,352357
58.75,57.8275,6050,D,352357
58.125,57.515,6075,D,352357
57.5,57.2025,6100,D,352357
56.875,56.89,6125,D,352357
56.25,56.61,6150,D,352357
55.625,56.355,6175,D,352357
56,56.0425,6200,D,352357
56.375,55.6925,6225,D,352357
55.75,55.305,6250,D,352357
55.125,54.8675,6275,D,352357
54.5,54.43,6300,D,352357
53.875,53.9925,6325,D,352357
54.25,53.555,6350,D,352357
53.625,53.1175,6375,D,352357
53,52.6325,6400,D,352357
52.375,52.0825,6425,D,352357
51.75,51.52,6450,D,352357
51.125,50.9575,6475,D,352357
50.5,50.395,6500,D,352357
49.875,49.8325,6525,D,352357
49.25,49.24,6550,D,352357
48.625,48.7375,6575,D,352357
48,48.24,6600,D,352357
47.375,47.8025,6625,D,352357
46.75,47.365,6650,D,352357
46.125,46.9275,6675,D,352357
45.5,46.49,6700,D,352357
44.875,46.0525,6725,D,352357
45.25,45.615,6750,D,352357
45.625,45.1775,6775,D,352357
46,44.74,6800,D,352357
45.375,44.3025,6825,D,352357
44.75,43.865,6850,D,352357
44.125,43.4275,6875,D,352357
43.5,42.99,6900,D,352357
42.875,42.6025,6925,D,352357
42.25,42.27,6950,D,352357
41.625,41.835,6975,D,352357
41,41.395,7000,D,352357
40.375,40.895,7025,D,352357
39.75,40.395,7050,D,352357
39.125,39.895,7075,D,352357
38.5,39.45,7100,D,352357
38.875,39.05,7125,D,352357
39.25,38.675,7150,D,352357
38.625,38.3,7175,D,352357
38,37.925,7200,D,352357
37.375,37.55,7225,D,352357
36.75,37.175,7250,D,352357
36.125,36.8,7275,D,352357
36.5,36.425,7300,D,352357
36.875,36,7325,D,352357
36.25,35.5175,7350,D,352357
35.625,35.0175,7375,D,352357
35,34.5175,7400,D,352357
34.375,34.0175,7425,D,352357
33.75,33.5175,7450,D,352357
33.125,33.0175,7475,D,352357
32.5,32.505,7500,D,352357
31.875,31.9675,7525,D,352357
31.25,31.405,7550,D,352357
30.625,30.8425,7575,D,352357
30,30.28,7600,D,352357
29.375,29.7175,7625,D,352357
28.75,29.165,7650,D,352357
28.125,28.665,7675,D,352357
28.5,28.165,7700,D,352357
27.875,27.665,7725,D,352357
27.25,27.165,7750,D,352357
26.625,26.665,7775,D,352357
26,26.165,7800,D,352357
25.375,25.665,7825,D,352357
25.75,25.165,7850,D,352357
25.125,24.665,7875,D,352357
24.5,24.1225,7900,D,352357
23.875,23.56,7925,D,352357
23.25,22.9975,7950,D,352357
22.625,22.435,7975,D,352357
22,21.8725,8000,D,352357
21.375,21.31,8025,D,352357
20.75,20.7375,8050,D,352357
20.125,20.1125,8075,D,352357
19.5,19.4875,8100,D,352357
18.875,18.8625,8125,D,352357
18.25,18.2375,8150,D,352357
17.625,17.6125,8175,D,352357
17,16.9875,8200,D,352357
16.375,16.3625,8225,D,352357
15.75,15.7375,8250,D,352357
15.125,15.1125,8275,D,352357
14.5,14.4875,8300,D,352357
13.875,13.8625,8325,D,352357
13.25,13.2375,8350,D,352357
12.625,12.6125,8375,D,352357
12,11.9875,8400,D,352357
11.375,11.3625,8425,D,352357
10.75,10.765,8450,D,352357
10.125,10.2025,8475,D,352357
9.49999999999998,9.63999999999998,8500,D,352357
8.87499999999998,9.07749999999998,8525,D,352357
8.24999999999998,8.51499999999998,8550,D,352357
7.62499999999998,7.95249999999998,8575,D,352357
6.99999999999998,7.38999999999998,8600,D,352357
6.37499999999998,6.82749999999998,8625,D,352357
6.74999999999998,6.26499999999998,8650,D,352357
6.12499999999998,5.74249999999998,8675,D,352357
5.49999999999998,5.24249999999998,8700,D,352357
4.87499999999998,4.74249999999998,8725,D,352357
4.24999999999998,4.24249999999998,8750,D,352357
3.62499999999998,3.74249999999998,8775,D,352357
2.99999999999998,3.24999999999998,8800,D,352357
2.37499999999998,2.82749999999998,8825,D,352357
1.74999999999998,2.42499999999998,8850,D,352357
2.12499999999998,1.98749999999998,8875,D,352357
1.49999999999998,1.54999999999998,8900,D,352357
0.874999999999983,1.11249999999998,8925,D,352357
0.249999999999983,0.674999999999983,8950,D,352357
-0.375000000000017,0.237499999999983,8975,D,352357
-1.71737624121704e-14,-0.200000000000017,9000,D,352357
0.374999999999983,-0.637500000000017,9025,D,352357
-0.250000000000017,-1.07500000000002,9050,D,352357
-0.875000000000017,-1.55250000000002,9075,D,352357
-1.50000000000002,-2.05250000000002,9100,D,352357
-2.12500000000002,-2.55250000000002,9125,D,352357
-2.75000000000002,-3.05250000000002,9150,D,352357
-3.37500000000002,-3.55250000000002,9175,D,352357
-4.00000000000002,-4.06000000000002,9200,D,352357
-4.62500000000002,-4.63750000000002,9225,D,352357
-5.25000000000002,-5.26250000000002,9250,D,352357
-5.87500000000002,-5.88750000000002,9275,D,352357
-6.50000000000002,-6.51250000000002,9300,D,352357
-7.12500000000002,-7.13750000000002,9325,D,352357
-7.75000000000002,-7.76250000000002,9350,D,352357
-8.37500000000002,-8.38750000000002,9375,D,352357
-9.00000000000002,-9.01250000000002,9400,D,352357
-9.62500000000002,-9.63750000000002,9425,D,352357
-10.25,-10.2625,9450,D,352357
-10.875,-10.8875,9475,D,352357
-11.5,-11.5125,9500,D,352357
-12.125,-12.1375,9525,D,352357
-12.75,-12.7625,9550,D,352357
-13.375,-13.3875,9575,D,352357
-14,-14.0125,9600,D,352357
-14.625,-14.6375,9625,D,352357
-15.25,-15.2625,9650,D,352357
-15.875,-15.8875,9675,D,352357
-16.5,-16.5125,9700,D,352357
-17.125,-17.1375,9725,D,352357
-17.75,-17.7625,9750,D,352357
-18.375,-18.3875,9775,D,352357
-19,-19.0125,9800,D,352357
-19.625,-19.6375,9825,D,352357
-20.25,-20.2625,9850,D,352357
-20.875,-20.8875,9875,D,352357
-21.5,-21.5125,9900,D,352357
-22.125,-22.1375,9925,D,352357
-22.75,-22.7625,9950,D,352357
-23.375,-23.3875,9975,D,352357
-24,-24.0125,10000,D,352357
-24.625,-24.6375,10025,D,352357
-25.25,-25.2625,10050,D,352357
-25.875,-25.8875,10075,D,352357
-26.5,-26.5125,10100,D,352357
-27.125,-27.1375,10125,D,352357
-27.75,-27.7625,10150,D,352357
-28.375,-28.3875,10175,D,352357
-29,-29.0125,10200,D,352357
-29.625,-29.6375,10225,D,352357
-30.25,-30.2625,10250,D,352357
-30.875,-30.8875,10275,D,352357
-31.5,-31.5125,10300,D,352357
-32.125,-32.1375,10325,D,352357
-32.75,-32.7625,10350,D,352357
-33.375,-33.3875,10375,D,352357
-34,-34.0125,10400,D,352357
-34.625,-34.6375,10425,D,352357
-35.25,-35.2625,10450,D,352357
-35.875,-35.8325,10475,D,352357
-36.5,-36.395,10500,D,352357
-37.125,-36.9575,10525,D,352357
-37.75,-37.52,10550,D,352357
-38.375,-38.0825,10575,D,352357
-39,-38.645,10600,D,352357
-39.625,-39.2075,10625,D,352357
-40.25,-39.77,10650,D,352357
-39.875,-40.3325,10675,D,352357
-40.5,-40.87,10700,D,352357
-41.125,-41.37,10725,D,352357
-41.75,-41.87,10750,D,352357
-42.375,-42.37,10775,D,352357
-43,-42.87,10800,D,352357
-43.625,-43.37,10825,D,352357
-44.25,-43.87,10850,D,352357
-44.875,-44.3625,10875,D,352357
-44.5,-44.8225,10900,D,352357
-45.125,-45.26,10925,D,352357
-45.75,-45.6975,10950,D,352357
-46.375,-46.135,10975,D,352357
-47,-46.5725,11000,D,352357
-47.625,-47.01,11025,D,352357
-48.25,-47.4475,11050,D,352357
-47.875,-47.885,11075,D,352357
-47.5,-48.3475,11100,D,352357
-48.125,-48.8475,11125,D,352357
-48.75,-49.3475,11150,D,352357
-49.375,-49.8475,11175,D,352357
-50,-50.3475,11200,D,352357
-50.625,-50.8475,11225,D,352357
-51.25,-51.3475,11250,D,352357
-51.875,-51.91,11275,D,352357
-52.5,-52.5125,11300,D,352357
-53.125,-53.1375,11325,D,352357
-53.75,-53.7625,11350,D,352357
-54.375,-54.3875,11375,D,352357
-55,-54.9625,11400,D,352357
-55.625,-55.525,11425,D,352357
-56.25,-56.0875,11450,D,352357
-56.875,-56.65,11475,D,352357
-57.5,-57.2125,11500,D,352357
-58.125,-57.775,11525,D,352357
-58.75,-58.3375,11550,D,352357
-59.375,-58.9,11575,D,352357
-59,-59.4625,11600,D,352357
-59.625,-60.025,11625,D,352357
-60.25,-60.5875,11650,D,352357
-60.875,-61.15,11675,D,352357
-61.5,-61.7125,11700,D,352357
-62.125,-62.275,11725,D,352357
-62.75,-62.8375,11750,D,352357
-63.375,-63.4,11775,D,352357
-64,-64.0125,11800,D,352357
-64.625,-64.6375,11825,D,352357
-65.25,-65.2625,11850,D,352357
-65.875,-65.8875,11875,D,352357
-66.5,-66.5125,11900,D,352357
-67.125,-67.1375,11925,D,352357
-67.75,-67.7625,11950,D,352357
-68.375,-68.3875,11975,D,352357
-69,-69.0125,12000,D,352357
-69.625,-69.6375,12025,D,352357
-70.25,-70.2625,12050,D,352357
-70.875,-70.8875,12075,D,352357
-71.5,-71.5125,12100,D,352357
-72.125,-72.1375,12125,D,352357
-72.75,-72.7625,12150,D,352357
-73.375,-73.3875,12175,D,352357
-74,-73.9525,12200,D,352357
-74.625,-74.515,12225,D,352357
-75.25,-75.0775,12250,D,352357
-75.875,-75.64,12275,D,352357
-76.5,-76.2025,12300,D,352357
-77.125,-76.765,12325,D,352357
-77.75,-77.3275,12350,D,352357
-78.375,-77.89,12375,D,352357
-78,-78.4525,12400,D,352357
-78.625,-79.015,12425,D,352357
-79.25,-79.5775,12450,D,352357
-79.875,-80.14,12475,D,352357
-80.5,-80.7025,12500,D,352357
-81.125,-81.265,12525,D,352357
-81.75,-81.8275,12550,D,352357
-82.375,-82.39,12575,D,352357
-83,-83.0125,12600,D,352357
-83.625,-83.6375,12625,D,352357
-84.25,-84.2625,12650,D,352357
-84.875,-84.8875,12675,D,352357
-85.5,-85.5125,12700,D,352357
-86.125,-86.0875,12725,D,352357
-86.75,-86.65,12750,D,352357
-87.375,-87.2125,12775,D,352357
-88,-87.775,12800,D,352357
-88.625,-88.3375,12825,D,352357
-89.25,-88.9,12850,D,352357
-89.875,-89.4625,12875,D,352357
-90.5,-90.025,12900,D,352357
-90.125,-90.5875,12925,D,352357
-90.75,-91.15,12950,D,352357
-91.375,-91.7125,12975,D,352357
-92,-92.275,13000,D,352357
-92.625,-92.8375,13025,D,352357
-93.25,-93.4,13050,D,352357
-93.875,-93.9625,13075,D,352357
-94.5,-94.525,13100,D,352357
-95.125,-95.1375,13125,D,352357
-95.75,-95.7625,13150,D,352357
-96.375,-96.3875,13175,D,352357
-97,-97.0125,13200,D,352357
-97.625,-97.6375,13225,D,352357
-98.25,-98.2625,13250,D,352357
-98.875,-98.8875,13275,D,352357
-99.5,-99.5125,13300,D,352357
-100.125,-100.1375,13325,D,352357
-100.75,-100.7625,13350,D,352357
-101.375,-101.3875,13375,D,352357
-102,-102.0125,13400,D,352357
-102.625,-102.6375,13425,D,352357
-103.25,-103.2625,13450,D,352357
-103.875,-103.8875,13475,D,352357
-104.5,-104.5125,13500,D,352357
-105.125,-105.08,13525,D,352357
-105.75,-105.6425,13550,D,352357
-106.375,-106.205,13575,D,352357
-107,-106.7675,13600,D,352357
-107.625,-107.33,13625,D,352357
-108.25,-107.8925,13650,D,352357
-108.875,-108.455,13675,D,352357
-109.5,-109.0175,13700,D,352357
-109.125,-109.58,13725,D,352357
-109.75,-110.1425,13750,D,352357
-110.375,-110.705,13775,D,352357
-111,-111.2675,13800,D,352357
-111.625,-111.83,13825,D,352357
-112.25,-112.3925,13850,D,352357
-112.875,-112.955,13875,D,352357
-113.5,-113.5175,13900,D,352357
-114.125,-114.1375,13925,D,352357
-114.75,-114.7625,13950,D,352357
-115.375,-115.3875,13975,D,352357
-116,-116.0125,14000,D,352357
-116.625,-116.6375,14025,D,352357
-117.25,-117.2625,14050,D,352357
-117.875,-117.8875,14075,D,352357
-118.5,-118.5125,14100,D,352357
-119.125,-119.1375,14125,D,352357
-119.75,-119.7625,14150,D,352357
-120.375,-120.3875,14175,D,352357
-121,-121.0125,14200,D,352357
-121.625,-121.6375,14225,D,352357
-122.25,-122.2625,14250,D,352357
-122.875,-122.8875,14275,D,352357
-123.5,-123.5125,14300,D,352357
-124.125,-124.1375,14325,D,352357
-124.75,-124.7625,14350,D,352357
-125.375,-125.3875,14375,D,352357
-126,-126.0125,14400,D,352357
-126.625,-126.6375,14425,D,352357
-127.25,-127.2625,14450,D,352357
-127.875,-127.8875,14475,D,352357
-128.5,-128.5125,14500,D,352357
-129.125,-129.1375,14525,D,352357
-129.75,-129.7625,14550,D,352357
-130.375,-130.3875,14575,D,352357
-131,-131.0125,14600,D,352357
-131.625,-131.6375,14625,D,352357
-132.25,-132.2625,14650,D,352357
-132.875,-132.8875,14675,D,352357
-133.5,-133.5125,14700,D,352357
-134.125,-134.1375,14725,D,352357
-134.75,-134.7625,14750,D,352357
-135.375,-135.3875,14775,D,352357
-136,-136,14800,D,352357
-136.625,-136.5625,14825,D,352357
-137.25,-137.125,14850,D,352357
-137.875,-137.6875,14875,D,352357
-138.5,-138.25,14900,D,352357
-139.125,-138.8125,14925,D,352357
-139.75,-139.375,14950,D,352357
-140.375,-139.9375,14975,D,352357
-140,-140.5,15000,D,352357
-140.625,-141.0625,15025,D,352357
-141.25,-141.625,15050,D,352357
-141.875,-142.1875,15075,D,352357
-142.5,-142.75,15100,D,352357
-143.125,-143.3125,15125,D,352357
-143.75,-143.875,15150,D,352357
-144.375,-144.4375,15175,D,352357
-145,-144.95,15200,D,352357
-145.625,-145.5125,15225,D,352357
-146.25,-146.075,15250,D,352357
-146.875,-146.6375,15275,D,352357
-147.5,-147.2,15300,D,352357
-148.125,-147.7625,15325,D,352357
-148.75,-148.325,15350,D,352357
-149.375,-148.8875,15375,D,352357
-149,-149.45,15400,D,352357
-149.625,-150.0125,15425,D,352357
-150.25,-150.575,15450,D,352357
-150.875,-151.1375,15475,D,352357
-151.5,-151.7,15500,D,352357
-152.125,-152.2625,15525,D,352357
-152.75,-152.825,15550,D,352357
-153.375,-153.3875,15575,D,352357
-154,-154.0125,15600,D,352357
-154.625,-154.6375,15625,D,352357
-155.25,-155.2625,15650,D,352357
-155.875,-155.8875,15675,D,352357
-156.5,-156.5125,15700,D,352357
-157.125,-157.1375,15725,D,352357
-157.75,-157.7625,15750,D,352357
-158.375,-158.3875,15775,D,352357
-159,-159.0125,15800,D,352357
-159.625,-159.6375,15825,D,352357
-160.25,-160.2625,15850,D,352357
-160.875,-160.8875,15875,D,352357
-161.5,-161.5125,15900,D,352357
-162.125,-162.1375,15925,D,352357
-162.75,-162.7125,15950,D,352357
-163.375,-163.275,15975,D,352357
-164,-163.8375,16000,D,352357
-164.625,-164.4,16025,D,352357
-165.25,-164.9625,16050,D,352357
-165.875,-165.525,16075,D,352357
-166.5,-166.0875,16100,D,352357
-167.125,-166.65,16125,D,352357
-166.75,-167.2125,16150,D,352357
-167.375,-167.775,16175,D,352357
-168,-168.3375,16200,D,352357
-168.625,-168.9,16225,D,352357
-169.25,-169.4625,16250,D,352357
-169.875,-170.025,16275,D,352357
-170.5,-170.5875,16300,D,352357
-171.125,-171.15,16325,D,352357
-171.75,-171.7625,16350,D,352357
-172.375,-172.3875,16375,D,352357
-173,-173.0125,16400,D,352357
-173.625,-173.6375,16425,D,352357
-174.25,-174.2625,16450,D,352357
-174.875,-174.8875,16475,D,352357
-175.5,-175.5125,16500,D,352357
-176.125,-176.1375,16525,D,352357
-176.75,-176.7625,16550,D,352357
-177.375,-177.3875,16575,D,352357
-178,-178.0125,16600,D,352357
-178.625,-178.6375,16625,D,352357
-179.25,-179.2625,16650,D,352357
-179.875,-179.8875,16675,D,352357
-180.5,-180.5125,16700,D,352357
-181.125,-181.1375,16725,D,352357
-181.75,-181.7625,16750,D,352357
-182.375,-182.3875,16775,D,352357
-183,-183.0125,16800,D,352357
-183.625,-183.6375,16825,D,352357
-184.25,-184.2625,16850,D,352357
-184.875,-184.8875,16875,D,352357
-185.5,-185.5125,16900,D,352357
-186.125,-186.1375,16925,D,352357
-186.75,-186.7625,16950,D,352357
-187.375,-187.3875,16975,D,352357
-188,-188.0125,17000,D,352357
-188.625,-188.6375,17025,D,352357
-189.25,-189.2625,17050,D,352357
-189.875,-189.8875,17075,D,352357
-190.5,-190.5125,17100,D,352357
-191.125,-191.1375,17125,D,352357
-191.75,-191.7625,17150,D,352357
-192.375,-192.3875,17175,D,352357
-193,-193.0125,17200,D,352357
-193.625,-193.6375,17225,D,352357
-194.25,-194.2625,17250,D,352357
-194.875,-194.8875,17275,D,352357
-195.5,-195.5125,17300,D,352357
-196.125,-196.1375,17325,D,352357
-196.75,-196.7625,17350,D,352357
-197.375,-197.3875,17375,D,352357
-198,-198.0125,17400,D,352357
-198.625,-198.6375,17425,D,352357
-199.25,-199.2625,17450,D,352357
-199.875,-199.8875,17475,D,352357
-200.5,-200.5125,17500,D,352357
-201.125,-201.1375,17525,D,352357
-201.75,-201.7625,17550,D,352357
-202.375,-202.3875,17575,D,352357
-203,-203.0125,17600,D,352357
-203.625,-203.6375,17625,D,352357
-204.25,-204.2625,17650,D,352357
-204.875,-204.8875,17675,D,352357
-205.5,-205.5125,17700,D,352357
-206.125,-206.1375,17725,D,352357
-206.75,-206.7625,17750,D,352357
-207.375,-207.3875,17775,D,352357
-208,-208.0125,17800,D,352357
-208.625,-208.6375,17825,D,352357
-209.25,-209.2625,17850,D,352357
-209.875,-209.8725,17875,D,352357
-210.5,-210.435,17900,D,352357
-211.125,-210.9975,17925,D,352357
-211.75,-211.56,17950,D,352357
-212.375,-212.1225,17975,D,352357
-213,-212.685,18000,D,352357
-213.625,-213.2125,18025,D,352357
-214.25,-213.7125,18050,D,352357
-213.875,-214.2125,18075,D,352357
-214.5,-214.7125,18100,D,352357
-215.125,-215.2125,18125,D,352357
-215.75,-215.7125,18150,D,352357
-216.375,-216.2125,18175,D,352357
-217,-216.7125,18200,D,352357
-216.625,-217.2125,18225,D,352357
-217.25,-217.7125,18250,D,352357
-217.875,-218.2275,18275,D,352357
-218.5,-218.79,18300,D,352357
-219.125,-219.3525,18325,D,352357
-219.75,-219.915,18350,D,352357
-220.375,-220.4775,18375,D,352357
-221,-221.04,18400,D,352357
-221.625,-221.6375,18425,D,352357
-222.25,-222.2625,18450,D,352357
-222.875,-222.8875,18475,D,352357
-223.5,-223.5125,18500,D,352357
-224.125,-224.1375,18525,D,352357
-224.75,-224.7625,18550,D,352357
-225.375,-225.3875,18575,D,352357
-226,-225.9625,18600,D,352357
-226.625,-226.525,18625,D,352357
-227.25,-227.0875,18650,D,352357
-227.875,-227.65,18675,D,352357
-228.5,-228.2125,18700,D,352357
-229.125,-228.775,18725,D,352357
-229.75,-229.3375,18750,D,352357
-230.375,-229.9,18775,D,352357
-230,-230.4625,18800,D,352357
-230.625,-231.025,18825,D,352357
-231.25,-231.5875,18850,D,352357
-231.875,-232.15,18875,D,352357
-232.5,-232.7125,18900,D,352357
-233.125,-233.275,18925,D,352357
-233.75,-233.8375,18950,D,352357
-234.375,-234.4,18975,D,352357
-235,-235.0125,19000,D,352357
-235.625,-235.6375,19025,D,352357
-236.25,-236.2625,19050,D,352357
-236.875,-236.8875,19075,D,352357
-237.5,-237.5125,19100,D,352357
-238.125,-238.1375,19125,D,352357
-238.75,-238.7625,19150,D,352357
-239.375,-239.3875,19175,D,352357
-240,-240.0125,19200,D,352357
-240.625,-240.6375,19225,D,352357
-241.25,-241.2625,19250,D,352357
-241.875,-241.8875,19275,D,352357
-242.5,-242.5125,19300,D,352357
-243.125,-243.1375,19325,D,352357
-243.75,-243.7625,19350,D,352357
-244.375,-244.3875,19375,D,352357
-245,-245.0125,19400,D,352357
-245.625,-245.6375,19425,D,352357
-246.25,-246.2625,19450,D,352357
-246.875,-246.8875,19475,D,352357
-247.5,-247.5125,19500,D,352357
-248.125,-248.1375,19525,D,352357
-248.75,-248.7625,19550,D,352357
-249.375,-249.3875,19575,D,352357
-250,-250.0125,19600,D,352357
-250.625,-250.6375,19625,D,352357
-251.25,-251.2625,19650,D,352357
-251.875,-251.8875,19675,D,352357
-252.5,-252.5125,19700,D,352357
-253.125,-253.1375,19725,D,352357
-253.75,-253.7625,19750,D,352357
-254.375,-254.3875,19775,D,352357
-255,-255.0125,19800,D,352357
-255.625,-255.6375,19825,D,352357
-256.25,-256.2625,19850,D,352357
-256.875,-256.8875,19875,D,352357
-257.5,-257.5125,19900,D,352357
-258.125,-258.1375,19925,D,352357
-258.75,-258.7625,19950,D,352357
-259.375,-259.3875,19975,D,352357
-260,-260.0125,20000,D,352357
2.375,,25,D,403681
2.75,,50,D,403681
4.125,,75,D,403681
7.5,,100,D,403681
6.875,,125,D,403681
11.25,,150,D,403681
14.625,,175,D,403681
19,20.365,200,D,403681
22.375,23.2625,225,D,403681
25.75,26.3975,250,D,403681
29.125,29.6225,275,D,403681
33.5,32.9175,300,D,403681
35.875,36.2875,325,D,403681
39.25,39.7,350,D,403681
44.625,42.9575,375,D,403681
46,46.135,400,D,403681
50.375,49.21,425,D,403681
53.75,52.225,450,D,403681
59.125,55.11,475,D,403681
59.5,57.7925,500,D,403681
62.875,60.19,525,D,403681
63.25,62.49,550,D,403681
68.625,64.54,575,D,403681
69,66.3725,600,D,403681
71.375,68.0275,625,D,403681
73.75,69.6075,650,D,403681
74.125,71.065,675,D,403681
73.5,72.305,700,D,403681
74.875,73.4375,725,D,403681
74.25,74.51,750,D,403681
73.625,75.4875,775,D,403681
74,76.3625,800,D,403681
75.375,77.1325,825,D,403681
78.75,77.76,850,D,403681
79.125,78.355,875,D,403681
79.5,79.07,900,D,403681
79.875,79.8725,925,D,403681
81.25,80.6225,950,D,403681
82.625,81.3725,975,D,403681
83,82.11,1000,D,403681
83.375,82.7875,1025,D,403681
82.75,83.3275,1050,D,403681
84.125,83.8475,1075,D,403681
85.5,84.3175,1100,D,403681
86.875,84.7625,1125,D,403681
86.25,85.23,1150,D,403681
85.625,85.645,1175,D,403681
86,85.9975,1200,D,403681
85.375,86.3375,1225,D,403681
86.75,86.69,1250,D,403681
87.125,87.03,1275,D,403681
86.5,87.3425,1300,D,403681
86.875,87.585,1325,D,403681
88.25,87.7725,1350,D,403681
87.625,87.9675,1375,D,403681
88,88.1875,1400,D,403681
88.375,88.4575,1425,D,403681
88.75,88.7875,1450,D,403681
89.125,89.105,1475,D,403681
90.5,89.4175,1500,D,403681
89.875,89.825,1525,D,403681
89.25,90.205,1550,D,403681
89.625,90.58,1575,D,403681
90,90.905,1600,D,403681
90.375,91.185,1625,D,403681
91.75,91.395,1650,D,403681
92.125,91.5425,1675,D,403681
91.5,91.5775,1700,D,403681
92.875,91.61,1725,D,403681
94.25,91.77,1750,D,403681
93.625,92.0125,1775,D,403681
93,92.2375,1800,D,403681
92.375,92.5,1825,D,403681
91.75,92.6425,1850,D,403681
91.125,92.7275,1875,D,403681
90.5,92.8525,1900,D,403681
90.875,92.8725,1925,D,403681
93.25,92.8425,1950,D,403681
92.625,92.815,1975,D,403681
94,92.895,2000,D,403681
94.375,93.145,2025,D,403681
93.75,93.445,2050,D,403681
94.125,93.765,2075,D,403681
93.5,94.14,2100,D,403681
92.875,94.5375,2125,D,403681
93.25,94.825,2150,D,403681
93.625,95.0925,2175,D,403681
97,95.35,2200,D,403681
96.375,95.565,2225,D,403681
96.75,95.7525,2250,D,403681
97.125,95.9175,2275,D,403681
96.5,96.08,2300,D,403681
96.875,96.2675,2325,D,403681
97.25,96.4025,2350,D,403681
97.625,96.4925,2375,D,403681
97,96.475,2400,D,403681
97.375,96.3825,2425,D,403681
96.75,96.3,2450,D,403681
96.125,96.2925,2475,D,403681
96.5,96.2925,2500,D,403681
95.875,96.275,2525,D,403681
95.25,96.265,2550,D,403681
94.625,96.2325,2575,D,403681
94,96.17,2600,D,403681
95.375,96.085,2625,D,403681
95.75,96.0225,2650,D,403681
97.125,95.96,2675,D,403681
96.5,95.86,2700,D,403681
96.875,95.735,2725,D,403681
96.25,95.61,2750,D,403681
96.625,95.5475,2775,D,403681
96,95.485,2800,D,403681
96.375,95.3575,2825,D,403681
95.75,95.285,2850,D,403681
95.125,95.16,2875,D,403681
94.5,94.9725,2900,D,403681
93.875,94.7475,2925,D,403681
93.25,94.4975,2950,D,403681
93.625,94.2,2975,D,403681
93,93.8875,3000,D,403681
94.375,93.57,3025,D,403681
94.75,93.2575,3050,D,403681
94.125,93.0325,3075,D,403681
93.5,92.845,3100,D,403681
92.875,92.6575,3125,D,403681
92.25,92.5275,3150,D,403681
91.625,92.3475,3175,D,403681
91,92.2225,3200,D,403681
91.375,92.0675,3225,D,403681
90.75,91.7975,3250,D,403681
92.125,91.485,3275,D,403681
91.5,91.1725,3300,D,403681
90.875,90.86,3325,D,403681
91.25,90.5475,3350,D,403681
91.625,90.235,3375,D,403681
91,89.9225,3400,D,403681
90.375,89.5775,3425,D,403681
89.75,89.26,3450,D,403681
89.125,88.8875,3475,D,403681
88.5,88.5125,3500,D,403681
87.875,88.195,3525,D,403681
87.25,87.825,3550,D,403681
86.625,87.4425,3575,D,403681
86,87.005,3600,D,403681
85.375,86.5675,3625,D,403681
85.75,86.13,3650,D,403681
86.125,85.6925,3675,D,403681
85.5,85.255,3700,D,403681
85.875,84.86,3725,D,403681
85.25,84.5325,3750,D,403681
84.625,84.255,3775,D,403681
84,84.0275,3800,D,403681
83.375,83.8775,3825,D,403681
82.75,83.695,3850,D,403681
82.125,83.4925,3875,D,403681
81.5,83.305,3900,D,403681
81.875,83.06,3925,D,403681
82.25,82.81,3950,D,403681
82.625,82.5675,3975,D,403681
83,82.38,4000,D,403681
83.375,82.1925,4025,D,403681
82.75,82.06,4050,D,403681
83.125,81.9975,4075,D,403681
82.5,81.935,4100,D,403681
81.875,81.8775,4125,D,403681
81.25,81.7675,4150,D,403681
81.625,81.6425,4175,D,403681
81,81.495,4200,D,403681
80.375,81.27,4225,D,403681
80.75,81.0575,4250,D,403681
81.125,80.8575,4275,D,403681
80.5,80.62,4300,D,403681
80.875,80.4325,4325,D,403681
80.25,80.245,4350,D,403681
80.625,80.05,4375,D,403681
80,79.8,4400,D,403681
79.375,79.55,4425,D,403681
79.75,79.245,4450,D,403681
79.125,78.915,4475,D,403681
79.5,78.6025,4500,D,403681
78.875,78.2425,4525,D,403681
78.25,77.8675,4550,D,403681
77.625,77.4575,4575,D,403681
77,77.0225,4600,D,403681
76.375,76.6475,4625,D,403681
75.75,76.2475,4650,D,403681
76.125,75.9125,4675,D,403681
75.5,75.5875,4700,D,403681
74.875,75.2125,4725,D,403681
74.25,74.8375,4750,D,403681
73.625,74.5175,4775,D,403681
74,74.205,4800,D,403681
73.375,73.8925,4825,D,403681
73.75,73.6225,4850,D,403681
74.125,73.375,4875,D,403681
73.5,73.145,4900,D,403681
72.875,72.9575,4925,D,403681
72.25,72.77,4950,D,403681
72.625,72.5825,4975,D,403681
72,72.415,5000,D,403681
71.375,72.2275,5025,D,403681
71.75,72.0275,5050,D,403681
72.125,71.7375,5075,D,403681
72.5,71.425,5100,D,403681
71.875,71.1125,5125,D,403681
71.25,70.8,5150,D,403681
70.625,70.4325,5175,D,403681
71,70.095,5200,D,403681
70.375,69.7825,5225,D,403681
69.75,69.4275,5250,D,403681
69.125,69.005,5275,D,403681
68.5,68.5475,5300,D,403681
67.875,68.0475,5325,D,403681
67.25,67.5475,5350,D,403681
66.625,67.0475,5375,D,403681
67,66.545,5400,D,403681
66.375,66.045,5425,D,403681
65.75,65.5475,5450,D,403681
65.125,65.11,5475,D,403681
64.5,64.7225,5500,D,403681
63.875,64.365,5525,D,403681
63.25,64.11,5550,D,403681
62.625,63.86,5575,D,403681
63,63.5725,5600,D,403681
62.375,63.26,5625,D,403681
62.75,62.9475,5650,D,403681
62.125,62.635,5675,D,403681
62.5,62.3225,5700,D,403681
62.875,62.01,5725,D,403681
63.25,61.6975,5750,D,403681
62.625,61.385,5775,D,403681
62,61.0525,5800,D,403681
61.375,60.6775,5825,D,403681
60.75,60.35,5850,D,403681
60.125,59.975,5875,D,403681
59.5,59.55,5900,D,403681
58.875,59.095,5925,D,403681
58.25,58.5375,5950,D,403681
57.625,58.035,5975,D,403681
57,57.535,6000,D,403681
56.375,57.035,6025,D,403681
56.75,56.535,6050,D,403681
56.125,56.035,6075,D,403681
55.5,55.535,6100,D,403681
54.875,55.0825,6125,D,403681
54.25,54.645,6150,D,403681
54.625,54.2075,6175,D,403681
54,53.77,6200,D,403681
53.375,53.3325,6225,D,403681
52.75,52.845,6250,D,403681
52.125,52.345,6275,D,403681
51.5,51.845,6300,D,403681
51.875,51.385,6325,D,403681
51.25,50.9475,6350,D,403681
50.625,50.45,6375,D,403681
50,49.95,6400,D,403681
49.375,49.45,6425,D,403681
48.75,48.95,6450,D,403681
48.125,48.45,6475,D,403681
47.5,47.975,6500,D,403681
47.875,47.49,6525,D,403681
47.25,46.99,6550,D,403681
46.625,46.49,6575,D,403681
46,46.0375,6600,D,403681
45.375,45.6,6625,D,403681
44.75,45.1625,6650,D,403681
44.125,44.725,6675,D,403681
44.5,44.2875,6700,D,403681
43.875,43.81,6725,D,403681
43.25,43.31,6750,D,403681
42.625,42.81,6775,D,403681
43,42.31,6800,D,403681
42.375,41.81,6825,D,403681
41.75,41.31,6850,D,403681
41.125,40.8725,6875,D,403681
40.5,40.41,6900,D,403681
39.875,39.92,6925,D,403681
39.25,39.4825,6950,D,403681
38.625,39.045,6975,D,403681
38,38.56,7000,D,403681
37.375,38.1225,7025,D,403681
36.75,37.685,7050,D,403681
37.125,37.2775,7075,D,403681
36.5,36.9025,7100,D,403681
36.875,36.5275,7125,D,403681
36.25,36.2025,7150,D,403681
35.625,35.89,7175,D,403681
35,35.5775,7200,D,403681
35.375,35.265,7225,D,403681
34.75,34.9525,7250,D,403681
35.125,34.5775,7275,D,403681
34.5,34.2025,7300,D,403681
33.875,33.8175,7325,D,403681
34.25,33.38,7350,D,403681
33.625,32.9425,7375,D,403681
33,32.505,7400,D,403681
32.375,32.005,7425,D,403681
31.75,31.505,7450,D,403681
31.125,30.9925,7475,D,403681
30.5,30.4925,7500,D,403681
29.875,29.9925,7525,D,403681
29.25,29.4425,7550,D,403681
28.625,28.88,7575,D,403681
28,28.3175,7600,D,403681
27.375,27.755,7625,D,403681
26.75,27.1925,7650,D,403681
27.125,26.63,7675,D,403681
26.5,26.0675,7700,D,403681
25.875,25.505,7725,D,403681
25.25,24.9425,7750,D,403681
24.625,24.38,7775,D,403681
24,23.8175,7800,D,403681
23.375,23.255,7825,D,403681
22.75,22.6925,7850,D,403681
22.125,22.1125,7875,D,403681
21.5,21.4925,7900,D,403681
20.875,20.93,7925,D,403681
20.25,20.4125,7950,D,403681
19.625,19.9125,7975,D,403681
19,19.4125,8000,D,403681
18.375,18.9125,8025,D,403681
17.75,18.4125,8050,D,403681
17.125,17.9125,8075,D,403681
17.5,17.4125,8100,D,403681
16.875,16.9125,8125,D,403681
17.25,16.4125,8150,D,403681
16.625,15.9125,8175,D,403681
16,15.4125,8200,D,403681
15.375,14.9125,8225,D,403681
14.75,14.4125,8250,D,403681
14.125,13.9125,8275,D,403681
13.5,13.4075,8300,D,403681
12.875,12.845,8325,D,403681
12.25,12.2375,8350,D,403681
11.625,11.6125,8375,D,403681
11,10.9875,8400,D,403681
10.375,10.3625,8425,D,403681
9.74999999999998,9.73749999999998,8450,D,403681
9.12499999999998,9.11249999999998,8475,D,403681
8.49999999999998,8.48749999999998,8500,D,403681
7.87499999999998,7.86249999999998,8525,D,403681
7.24999999999998,7.23749999999998,8550,D,403681
6.62499999999998,6.61249999999998,8575,D,403681
5.99999999999998,5.98749999999998,8600,D,403681
5.37499999999998,5.37499999999998,8625,D,403681
4.74999999999998,4.81249999999998,8650,D,403681
4.12499999999998,4.24999999999998,8675,D,403681
3.49999999999998,3.68749999999998,8700,D,403681
2.87499999999998,3.12499999999998,8725,D,403681
2.24999999999998,2.56249999999998,8750,D,403681
1.62499999999998,1.99999999999998,8775,D,403681
0.999999999999983,1.43749999999998,8800,D,403681
1.37499999999998,0.874999999999983,8825,D,403681
0.749999999999983,0.312499999999983,8850,D,403681
0.124999999999983,-0.250000000000017,8875,D,403681
-0.500000000000017,-0.812500000000017,8900,D,403681
-1.12500000000002,-1.37500000000002,8925,D,403681
-1.75000000000002,-1.92250000000002,8950,D,403681
-2.37500000000002,-2.42250000000002,8975,D,403681
-3.00000000000002,-2.92250000000002,9000,D,403681
-3.62500000000002,-3.43500000000002,9025,D,403681
-4.25000000000002,-3.99750000000002,9050,D,403681
-4.87500000000002,-4.56000000000002,9075,D,403681
-5.50000000000002,-5.12250000000002,9100,D,403681
-6.12500000000002,-5.60750000000002,9125,D,403681
-5.75000000000002,-6.04500000000002,9150,D,403681
-6.37500000000002,-6.48250000000002,9175,D,403681
-7.00000000000002,-6.92000000000002,9200,D,403681
-7.62500000000002,-7.35750000000002,9225,D,403681
-8.25000000000002,-7.76500000000002,9250,D,403681
-8.87500000000002,-8.14000000000002,9275,D,403681
-9.50000000000002,-8.51500000000002,9300,D,403681
-8.12500000000002,-8.89000000000002,9325,D,403681
-8.75000000000002,-9.28000000000002,9350,D,403681
-9.37500000000002,-9.71750000000002,9375,D,403681
-10,-10.1125,9400,D,403681
-10.625,-10.4875,9425,D,403681
-10.25,-10.8525,9450,D,403681
-10.875,-11.165,9475,D,403681
-11.5,-11.4775,9500,D,403681
-12.125,-11.8675,9525,D,403681
-12.75,-12.305,9550,D,403681
-13.375,-12.7425,9575,D,403681
-13,-13.18,9600,D,403681
-13.625,-13.6175,9625,D,403681
-13.25,-14.085,9650,D,403681
-13.875,-14.585,9675,D,403681
-14.5,-15.085,9700,D,403681
-15.125,-15.585,9725,D,403681
-15.75,-16.085,9750,D,403681
-16.375,-16.585,9775,D,403681
-17,-17.1275,9800,D,403681
-17.625,-17.69,9825,D,403681
-18.25,-18.2625,9850,D,403681
-18.875,-18.8875,9875,D,403681
-19.5,-19.5125,9900,D,403681
-20.125,-20.1375,9925,D,403681
-20.75,-20.7625,9950,D,403681
-21.375,-21.3875,9975,D,403681
-22,-22.0125,10000,D,403681
-22.625,-22.6375,10025,D,403681
-23.25,-23.2625,10050,D,403681
-23.875,-23.8875,10075,D,403681
-24.5,-24.5125,10100,D,403681
-25.125,-25.1375,10125,D,403681
-25.75,-25.7625,10150,D,403681
-26.375,-26.3875,10175,D,403681
-27,-27.0125,10200,D,403681
-27.625,-27.6375,10225,D,403681
-28.25,-28.2625,10250,D,403681
-28.875,-28.8875,10275,D,403681
-29.5,-29.5125,10300,D,403681
-30.125,-30.0775,10325,D,403681
-30.75,-30.64,10350,D,403681
-31.375,-31.1825,10375,D,403681
-32,-31.6825,10400,D,403681
-32.625,-32.1825,10425,D,403681
-33.25,-32.6825,10450,D,403681
-33.875,-33.1825,10475,D,403681
-34.5,-33.6825,10500,D,403681
-34.125,-34.1825,10525,D,403681
-34.75,-34.6825,10550,D,403681
-34.375,-35.1825,10575,D,403681
-35,-35.6825,10600,D,403681
-35.625,-36.1825,10625,D,403681
-36.25,-36.6825,10650,D,403681
-36.875,-37.1825,10675,D,403681
-37.5,-37.6825,10700,D,403681
-38.125,-38.2425,10725,D,403681
-38.75,-38.805,10750,D,403681
-39.375,-39.3875,10775,D,403681
-40,-40.0125,10800,D,403681
-40.625,-40.6375,10825,D,403681
-41.25,-41.2625,10850,D,403681
-41.875,-41.8875,10875,D,403681
-42.5,-42.5125,10900,D,403681
-43.125,-43.1375,10925,D,403681
-43.75,-43.7625,10950,D,403681
-44.375,-44.3875,10975,D,403681
-45,-45.0125,11000,D,403681
-45.625,-45.6375,11025,D,403681
-46.25,-46.2625,11050,D,403681
-46.875,-46.8875,11075,D,403681
-47.5,-47.5125,11100,D,403681
-48.125,-48.1375,11125,D,403681
-48.75,-48.7625,11150,D,403681
-49.375,-49.3875,11175,D,403681
-50,-50.0125,11200,D,403681
-50.625,-50.6375,11225,D,403681
-51.25,-51.25,11250,D,403681
-51.875,-51.8125,11275,D,403681
-52.5,-52.375,11300,D,403681
-53.125,-52.9375,11325,D,403681
-53.75,-53.5,11350,D,403681
-54.375,-54.0625,11375,D,403681
-55,-54.625,11400,D,403681
-55.625,-55.1875,11425,D,403681
-55.25,-55.75,11450,D,403681
-55.875,-56.3125,11475,D,403681
-56.5,-56.875,11500,D,403681
-57.125,-57.4375,11525,D,403681
-57.75,-58,11550,D,403681
-58.375,-58.5625,11575,D,403681
-59,-59.125,11600,D,403681
-59.625,-59.6825,11625,D,403681
-60.25,-60.195,11650,D,403681
-60.875,-60.7575,11675,D,403681
-61.5,-61.32,11700,D,403681
-62.125,-61.8825,11725,D,403681
-62.75,-62.445,11750,D,403681
-63.375,-63.0075,11775,D,403681
-64,-63.57,11800,D,403681
-63.625,-64.1325,11825,D,403681
-64.25,-64.695,11850,D,403681
-64.875,-65.2575,11875,D,403681
-65.5,-65.82,11900,D,403681
-66.125,-66.3825,11925,D,403681
-66.75,-66.945,11950,D,403681
-67.375,-67.5075,11975,D,403681
-68,-68.07,12000,D,403681
-68.625,-68.6375,12025,D,403681
-69.25,-69.2625,12050,D,403681
-69.875,-69.8875,12075,D,403681
-70.5,-70.5125,12100,D,403681
-71.125,-71.1025,12125,D,403681
-71.75,-71.665,12150,D,403681
-72.375,-72.2275,12175,D,403681
-73,-72.75,12200,D,403681
-73.625,-73.25,12225,D,403681
-74.25,-73.72,12250,D,403681
-74.875,-74.1575,12275,D,403681
-75.5,-74.595,12300,D,403681
-75.125,-75.0325,12325,D,403681
-75.75,-75.47,12350,D,403681
-76.375,-75.9075,12375,D,403681
-76,-76.345,12400,D,403681
-76.625,-76.7825,12425,D,403681
-76.25,-77.22,12450,D,403681
-76.875,-77.6575,12475,D,403681
-77.5,-78.095,12500,D,403681
-78.125,-78.5675,12525,D,403681
-78.75,-79.0675,12550,D,403681
-79.375,-79.5675,12575,D,403681
-80,-80.1075,12600,D,403681
-80.625,-80.67,12625,D,403681
-81.25,-81.2625,12650,D,403681
-81.875,-81.8875,12675,D,403681
-82.5,-82.5125,12700,D,403681
-83.125,-83.1375,12725,D,403681
-83.75,-83.7625,12750,D,403681
-84.375,-84.3875,12775,D,403681
-85,-85.0125,12800,D,403681
-85.625,-85.6375,12825,D,403681
-86.25,-86.2625,12850,D,403681
-86.875,-86.8875,12875,D,403681
-87.5,-87.5125,12900,D,403681
-88.125,-88.1375,12925,D,403681
-88.75,-88.7625,12950,D,403681
-89.375,-89.3875,12975,D,403681
-90,-90.0125,13000,D,403681
-90.625,-90.6375,13025,D,403681
-91.25,-91.2625,13050,D,403681
-91.875,-91.8875,13075,D,403681
-92.5,-92.5125,13100,D,403681
-93.125,-93.1375,13125,D,403681
-93.75,-93.7125,13150,D,403681
-94.375,-94.275,13175,D,403681
-95,-94.8375,13200,D,403681
-95.625,-95.4,13225,D,403681
-96.25,-95.9625,13250,D,403681
-96.875,-96.525,13275,D,403681
-97.5,-97.0875,13300,D,403681
-98.125,-97.65,13325,D,403681
-97.75,-98.2125,13350,D,403681
-98.375,-98.775,13375,D,403681
-99,-99.3375,13400,D,403681
-99.625,-99.9,13425,D,403681
-100.25,-100.4625,13450,D,403681
-100.875,-101.025,13475,D,403681
-101.5,-101.5875,13500,D,403681
-102.125,-102.15,13525,D,403681
-102.75,-102.7625,13550,D,403681
-103.375,-103.3875,13575,D,403681
-104,-104.0125,13600,D,403681
-104.625,-104.6375,13625,D,403681
-105.25,-105.2625,13650,D,403681
-105.875,-105.8875,13675,D,403681
-106.5,-106.5125,13700,D,403681
-107.125,-107.1375,13725,D,403681
-107.75,-107.7625,13750,D,403681
-108.375,-108.3875,13775,D,403681
-109,-109.0125,13800,D,403681
-109.625,-109.6375,13825,D,403681
-110.25,-110.2625,13850,D,403681
-110.875,-110.8875,13875,D,403681
-111.5,-111.5125,13900,D,403681
-112.125,-112.1375,13925,D,403681
-112.75,-112.7625,13950,D,403681
-113.375,-113.3875,13975,D,403681
-114,-114.0125,14000,D,403681
-114.625,-114.6375,14025,D,403681
-115.25,-115.2625,14050,D,403681
-115.875,-115.8875,14075,D,403681
-116.5,-116.5125,14100,D,403681
-117.125,-117.1375,14125,D,403681
-117.75,-117.7625,14150,D,403681
-118.375,-118.3875,14175,D,403681
-119,-119.0125,14200,D,403681
-119.625,-119.6375,14225,D,403681
-120.25,-120.2625,14250,D,403681
-120.875,-120.8875,14275,D,403681
-121.5,-121.5125,14300,D,403681
-122.125,-122.1375,14325,D,403681
-122.75,-122.7625,14350,D,403681
-123.375,-123.3875,14375,D,403681
-124,-124.0125,14400,D,403681
-124.625,-124.6375,14425,D,403681
-125.25,-125.2325,14450,D,403681
-125.875,-125.795,14475,D,403681
-126.5,-126.3575,14500,D,403681
-127.125,-126.92,14525,D,403681
-127.75,-127.4825,14550,D,403681
-128.375,-128.045,14575,D,403681
-129,-128.6075,14600,D,403681
-129.625,-129.17,14625,D,403681
-129.25,-129.7325,14650,D,403681
-129.875,-130.295,14675,D,403681
-130.5,-130.8575,14700,D,403681
-131.125,-131.42,14725,D,403681
-131.75,-131.9825,14750,D,403681
-132.375,-132.545,14775,D,403681
-133,-133.1075,14800,D,403681
-133.625,-133.67,14825,D,403681
-134.25,-134.2625,14850,D,403681
-134.875,-134.8875,14875,D,403681
-135.5,-135.5125,14900,D,403681
-136.125,-136.1375,14925,D,403681
-136.75,-136.7625,14950,D,403681
-137.375,-137.3875,14975,D,403681
-138,-138.0125,15000,D,403681
-138.625,-138.6375,15025,D,403681
-139.25,-139.2625,15050,D,403681
-139.875,-139.8875,15075,D,403681
-140.5,-140.5125,15100,D,403681
-141.125,-141.1175,15125,D,403681
-141.75,-141.68,15150,D,403681
-142.375,-142.2425,15175,D,403681
-143,-142.805,15200,D,403681
-143.625,-143.3675,15225,D,403681
-144.25,-143.93,15250,D,403681
-144.875,-144.4925,15275,D,403681
-145.5,-145.055,15300,D,403681
-145.125,-145.6175,15325,D,403681
-145.75,-146.1625,15350,D,403681
-146.375,-146.6625,15375,D,403681
-147,-147.1625,15400,D,403681
-147.625,-147.6625,15425,D,403681
-148.25,-148.1625,15450,D,403681
-148.875,-148.6625,15475,D,403681
-149.5,-149.1625,15500,D,403681
-150.125,-149.6825,15525,D,403681
-149.75,-150.245,15550,D,403681
-150.375,-150.8075,15575,D,403681
-151,-151.37,15600,D,403681
-151.625,-151.9325,15625,D,403681
-152.25,-152.495,15650,D,403681
-152.875,-153.0575,15675,D,403681
-153.5,-153.62,15700,D,403681
-154.125,-154.1825,15725,D,403681
-154.75,-154.7625,15750,D,403681
-155.375,-155.3875,15775,D,403681
-156,-156.0125,15800,D,403681
-156.625,-156.6375,15825,D,403681
-157.25,-157.2625,15850,D,403681
-157.875,-157.8875,15875,D,403681
-158.5,-158.5125,15900,D,403681
-159.125,-159.1375,15925,D,403681
-159.75,-159.7625,15950,D,403681
-160.375,-160.3875,15975,D,403681
-161,-161.0125,16000,D,403681
-161.625,-161.6375,16025,D,403681
-162.25,-162.2625,16050,D,403681
-162.875,-162.8875,16075,D,403681
-163.5,-163.5125,16100,D,403681
-164.125,-164.1375,16125,D,403681
-164.75,-164.7625,16150,D,403681
-165.375,-165.3875,16175,D,403681
-166,-166.0125,16200,D,403681
-166.625,-166.6375,16225,D,403681
-167.25,-167.2625,16250,D,403681
-167.875,-167.8875,16275,D,403681
-168.5,-168.5125,16300,D,403681
-169.125,-169.1375,16325,D,403681
-169.75,-169.7625,16350,D,403681
-170.375,-170.3875,16375,D,403681
-171,-171.0125,16400,D,403681
-171.625,-171.6375,16425,D,403681
-172.25,-172.2625,16450,D,403681
-172.875,-172.8875,16475,D,403681
-173.5,-173.5125,16500,D,403681
-174.125,-174.1375,16525,D,403681
-174.75,-174.7625,16550,D,403681
-175.375,-175.3775,16575,D,403681
-176,-175.94,16600,D,403681
-176.625,-176.5025,16625,D,403681
-177.25,-177.065,16650,D,403681
-177.875,-177.6275,16675,D,403681
-178.5,-178.19,16700,D,403681
-179.125,-178.7525,16725,D,403681
-179.75,-179.315,16750,D,403681
-179.375,-179.8775,16775,D,403681
-180,-180.44,16800,D,403681
-180.625,-181.0025,16825,D,403681
-181.25,-181.565,16850,D,403681
-181.875,-182.1275,16875,D,403681
-182.5,-182.69,16900,D,403681
-183.125,-183.2525,16925,D,403681
-183.75,-183.815,16950,D,403681
-184.375,-184.3875,16975,D,403681
-185,-185.0125,17000,D,403681
-185.625,-185.6375,17025,D,403681
-186.25,-186.2625,17050,D,403681
-186.875,-186.8875,17075,D,403681
-187.5,-187.5125,17100,D,403681
-188.125,-188.1375,17125,D,403681
-188.75,-188.7625,17150,D,403681
-189.375,-189.3875,17175,D,403681
-190,-190.0125,17200,D,403681
-190.625,-190.6375,17225,D,403681
-191.25,-191.2625,17250,D,403681
-191.875,-191.8875,17275,D,403681
-192.5,-192.5125,17300,D,403681
-193.125,-193.1375,17325,D,403681
-193.75,-193.7625,17350,D,403681
-194.375,-194.3875,17375,D,403681
-195,-194.9875,17400,D,403681
-195.625,-195.55,17425,D,403681
-196.25,-196.1125,17450,D,403681
-196.875,-196.675,17475,D,403681
-197.5,-197.2375,17500,D,403681
-198.125,-197.8,17525,D,403681
-198.75,-198.3625,17550,D,403681
-199.375,-198.925,17575,D,403681
-199,-199.4875,17600,D,403681
-199.625,-200.05,17625,D,403681
-200.25,-200.6125,17650,D,403681
-200.875,-201.175,17675,D,403681
-201.5,-201.7375,17700,D,403681
-202.125,-202.3,17725,D,403681
-202.75,-202.8625,17750,D,403681
-203.375,-203.425,17775,D,403681
-204,-204.0125,17800,D,403681
-204.625,-204.6375,17825,D,403681
-205.25,-205.2625,17850,D,403681
-205.875,-205.8875,17875,D,403681
-206.5,-206.5125,17900,D,403681
-207.125,-207.1375,17925,D,403681
-207.75,-207.7625,17950,D,403681
-208.375,-208.3875,17975,D,403681
-209,-209.0125,18000,D,403681
-209.625,-209.6375,18025,D,403681
-210.25,-210.2625,18050,D,403681
-210.875,-210.8875,18075,D,403681
-211.5,-211.5125,18100,D,403681
-212.125,-212.1375,18125,D,403681
-212.75,-212.7625,18150,D,403681
-213.375,-213.3875,18175,D,403681
-214,-214.0125,18200,D,403681
-214.625,-214.6375,18225,D,403681
-215.25,-215.2625,18250,D,403681
-215.875,-215.8875,18275,D,403681
-216.5,-216.5125,18300,D,403681
-217.125,-217.1375,18325,D,403681
-217.75,-217.7625,18350,D,403681
-218.375,-218.3875,18375,D,403681
-219,-219.0125,18400,D,403681
-219.625,-219.6375,18425,D,403681
-220.25,-220.2625,18450,D,403681
-220.875,-220.8875,18475,D,403681
-221.5,-221.5125,18500,D,403681
-222.125,-222.1375,18525,D,403681
-222.75,-222.7625,18550,D,403681
-223.375,-223.3875,18575,D,403681
-224,-224.0125,18600,D,403681
-224.625,-224.6375,18625,D,403681
-225.25,-225.2625,18650,D,403681
-225.875,-225.8875,18675,D,403681
-226.5,-226.5125,18700,D,403681
-227.125,-227.1375,18725,D,403681
-227.75,-227.7625,18750,D,403681
-228.375,-228.3875,18775,D,403681
-229,-229.0125,18800,D,403681
-229.625,-229.6375,18825,D,403681
-230.25,-230.2625,18850,D,403681
-230.875,-230.8875,18875,D,403681
-231.5,-231.5125,18900,D,403681
-232.125,-232.1375,18925,D,403681
-232.75,-232.7625,18950,D,403681
-233.375,-233.3875,18975,D,403681
-234,-234.0125,19000,D,403681
-234.625,-234.6375,19025,D,403681
-235.25,-235.2625,19050,D,403681
-235.875,-235.8875,19075,D,403681
-236.5,-236.5125,19100,D,403681
-237.125,-237.1375,19125,D,403681
-237.75,-237.7625,19150,D,403681
-238.375,-238.3875,19175,D,403681
-239,-239.0125,19200,D,403681
-239.625,-239.6375,19225,D,403681
-240.25,-240.2625,19250,D,403681
-240.875,-240.8875,19275,D,403681
-241.5,-241.5125,19300,D,403681
-242.125,-242.1375,19325,D,403681
-242.75,-242.7625,19350,D,403681
-243.375,-243.3875,19375,D,403681
-244,-244.0125,19400,D,403681
-244.625,-244.6375,19425,D,403681
-245.25,-245.2625,19450,D,403681
-245.875,-245.8875,19475,D,403681
-246.5,-246.5125,19500,D,403681
-247.125,-247.1375,19525,D,403681
-247.75,-247.7625,19550,D,403681
-248.375,-248.3875,19575,D,403681
-249,-249.0125,19600,D,403681
-249.625,-249.6375,19625,D,403681
-250.25,-250.2625,19650,D,403681
-250.875,-250.8875,19675,D,403681
-251.5,-251.5125,19700,D,403681
-252.125,-252.1375,19725,D,403681
-252.75,-252.7625,19750,D,403681
-253.375,-253.3875,19775,D,403681
-254,-254.0125,19800,D,403681
-254.625,-254.6375,19825,D,403681
-255.25,-255.2625,19850,D,403681
-255.875,-255.8875,19875,D,403681
-256.5,-256.5125,19900,D,403681
-257.125,-257.1375,19925,D,403681
-257.75,-257.7625,19950,D,403681
-258.375,-258.3875,19975,D,403681
-259,-259.0125,20000,D,403681
4.375,,25,D,439567
6.75,,50,D,439567
10.125,,75,D,439567
12.5,,100,D,439567
17.875,,125,D,439567
18.25,,150,D,439567
21.625,,175,D,439567
25,23.845,200,D,439567
24.375,26.765,225,D,439567
27.75,29.68,250,D,439567
32.125,32.485,275,D,439567
32.5,35.155,300,D,439567
35.875,37.6275,325,D,439567
41.25,40.085,350,D,439567
45.625,42.625,375,D,439567
48,44.9525,400,D,439567
49.375,47.445,425,D,439567
52.75,49.9225,450,D,439567
54.125,52.3,475,D,439567
54.5,54.59,500,D,439567
55.875,56.8275,525,D,439567
58.25,58.9075,550,D,439567
60.625,60.73,575,D,439567
63,62.3875,600,D,439567
66.375,64.0325,625,D,439567
67.75,65.6325,650,D,439567
69.125,67.185,675,D,439567
69.5,68.765,700,D,439567
70.875,70.2975,725,D,439567
71.25,71.7275,750,D,439567
72.625,73.1025,775,D,439567
74,74.49,800,D,439567
75.375,75.78,825,D,439567
77.75,77.01,850,D,439567
78.125,78.135,875,D,439567
80.5,79.3175,900,D,439567
79.875,80.58,925,D,439567
81.25,81.705,950,D,439567
81.625,82.8625,975,D,439567
85,83.9025,1000,D,439567
85.375,84.7975,1025,D,439567
86.75,85.535,1050,D,439567
87.125,86.1925,1075,D,439567
89.5,86.81,1100,D,439567
89.875,87.4125,1125,D,439567
89.25,88.0175,1150,D,439567
90.625,88.59,1175,D,439567
90,89.17,1200,D,439567
89.375,89.73,1225,D,439567
88.75,90.2375,1250,D,439567
89.125,90.7325,1275,D,439567
89.5,91.115,1300,D,439567
89.875,91.4025,1325,D,439567
90.25,91.6525,1350,D,439567
90.625,91.835,1375,D,439567
94,92.115,1400,D,439567
94.375,92.49,1425,D,439567
94.75,92.9075,1450,D,439567
94.125,93.34,1475,D,439567
94.5,93.8025,1500,D,439567
93.875,94.2,1525,D,439567
93.25,94.5375,1550,D,439567
94.625,94.8575,1575,D,439567
96,95.11,1600,D,439567
95.375,95.2675,1625,D,439567
95.75,95.3675,1650,D,439567
96.125,95.43,1675,D,439567
96.5,95.47,1700,D,439567
95.875,95.47,1725,D,439567
96.25,95.47,1750,D,439567
95.625,95.495,1775,D,439567
97,95.465,1800,D,439567
96.375,95.34,1825,D,439567
95.75,95.2475,1850,D,439567
95.125,95.165,1875,D,439567
94.5,95.04,1900,D,439567
93.875,94.9475,1925,D,439567
93.25,94.9325,1950,D,439567
94.625,94.895,1975,D,439567
94,94.815,2000,D,439567
93.375,94.69,2025,D,439567
94.75,94.74,2050,D,439567
94.125,94.8775,2075,D,439567
94.5,95.14,2100,D,439567
94.875,95.5475,2125,D,439567
95.25,96.1,2150,D,439567
95.625,96.5825,2175,D,439567
95,97.02,2200,D,439567
94.375,97.4575,2225,D,439567
97.75,97.82,2250,D,439567
98.125,98.1325,2275,D,439567
99.5,98.3875,2300,D,439567
101.875,98.71,2325,D,439567
102.25,99.0275,2350,D,439567
101.625,99.315,2375,D,439567
101,99.565,2400,D,439567
100.375,99.8725,2425,D,439567
99.75,100.0175,2450,D,439567
99.125,100.13,2475,D,439567
98.5,100.12,2500,D,439567
100.875,100.025,2525,D,439567
100.25,99.785,2550,D,439567
99.625,99.5625,2575,D,439567
99,99.375,2600,D,439567
99.375,99.1875,2625,D,439567
99.75,99,2650,D,439567
99.125,98.8125,2675,D,439567
99.5,98.625,2700,D,439567
98.875,98.3325,2725,D,439567
98.25,97.9575,2750,D,439567
98.625,97.5875,2775,D,439567
98,97.295,2800,D,439567
97.375,96.9875,2825,D,439567
96.75,96.6675,2850,D,439567
96.125,96.2925,2875,D,439567
95.5,95.93,2900,D,439567
94.875,95.555,2925,D,439567
94.25,95.18,2950,D,439567
94.625,94.82,2975,D,439567
95,94.5075,3000,D,439567
94.375,94.2475,3025,D,439567
93.75,93.9975,3050,D,439567
93.125,93.7475,3075,D,439567
93.5,93.4975,3100,D,439567
92.875,93.2475,3125,D,439567
92.25,92.9975,3150,D,439567
93.625,92.7425,3175,D,439567
93,92.41,3200,D,439567
93.375,92.035,3225,D,439567
92.75,91.66,3250,D,439567
92.125,91.285,3275,D,439567
91.5,90.895,3300,D,439567
90.875,90.4575,3325,D,439567
90.25,90.02,3350,D,439567
89.625,89.54,3375,D,439567
89,88.99,3400,D,439567
88.375,88.4375,3425,D,439567
87.75,87.875,3450,D,439567
87.125,87.3125,3475,D,439567
86.5,86.75,3500,D,439567
85.875,86.1875,3525,D,439567
85.25,85.625,3550,D,439567
84.625,85.0775,3575,D,439567
85,84.585,3600,D,439567
84.375,84.1475,3625,D,439567
83.75,83.7275,3650,D,439567
83.125,83.4025,3675,D,439567
82.5,83.09,3700,D,439567
81.875,82.785,3725,D,439567
81.25,82.535,3750,D,439567
81.625,82.335,3775,D,439567
82,82.135,3800,D,439567
81.375,81.885,3825,D,439567
81.75,81.6375,3850,D,439567
82.125,81.45,3875,D,439567
81.5,81.275,3900,D,439567
81.875,81.15,3925,D,439567
81.25,81.125,3950,D,439567
81.625,81.14,3975,D,439567
81,81.1325,4000,D,439567
80.375,81.1025,4025,D,439567
80.75,81.1675,4050,D,439567
80.125,81.18,4075,D,439567
80.5,81.18,4100,D,439567
79.875,81.1725,4125,D,439567
81.25,81.1975,4150,D,439567
81.625,81.21,4175,D,439567
81,81.21,4200,D,439567
81.375,81.2725,4225,D,439567
82.75,81.3575,4250,D,439567
82.125,81.42,4275,D,439567
81.5,81.47,4300,D,439567
80.875,81.47,4325,D,439567
82.25,81.37,4350,D,439567
81.625,81.215,4375,D,439567
81,81.0275,4400,D,439567
81.375,80.8075,4425,D,439567
81.75,80.475,4450,D,439567
81.125,80.135,4475,D,439567
80.5,79.8225,4500,D,439567
79.875,79.51,4525,D,439567
79.25,79.11,4550,D,439567
78.625,78.6725,4575,D,439567
78,78.235,4600,D,439567
77.375,77.735,4625,D,439567
76.75,77.265,4650,D,439567
77.125,76.765,4675,D,439567
76.5,76.265,4700,D,439567
75.875,75.7775,4725,D,439567
75.25,75.34,4750,D,439567
74.625,74.9025,4775,D,439567
74,74.465,4800,D,439567
73.375,74.0275,4825,D,439567
73.75,73.59,4850,D,439567
73.125,73.1175,4875,D,439567
72.5,72.635,4900,D,439567
72.875,72.1975,4925,D,439567
72.25,71.76,4950,D,439567
71.625,71.3225,4975,D,439567
71,70.9375,5000,D,439567
70.375,70.5625,5025,D,439567
69.75,70.1325,5050,D,439567
69.125,69.695,5075,D,439567
69.5,69.2675,5100,D,439567
68.875,68.88,5125,D,439567
68.25,68.4425,5150,D,439567
67.625,68.005,5175,D,439567
68,67.5675,5200,D,439567
67.375,67.1425,5225,D,439567
66.75,66.8225,5250,D,439567
66.125,66.51,5275,D,439567
66.5,66.18,5300,D,439567
65.875,65.805,5325,D,439567
65.25,65.5075,5350,D,439567
64.625,65.2575,5375,D,439567
64,64.955,5400,D,439567
64.375,64.6425,5425,D,439567
64.75,64.33,5450,D,439567
64.125,64.025,5475,D,439567
63.5,63.8225,5500,D,439567
62.875,63.5725,5525,D,439567
64.25,63.3225,5550,D,439567
63.625,63.0725,5575,D,439567
63,62.8225,5600,D,439567
62.375,62.56,5625,D,439567
61.75,62.1925,5650,D,439567
62.125,61.8175,5675,D,439567
62.5,61.4425,5700,D,439567
61.875,61.0675,5725,D,439567
61.25,60.6475,5750,D,439567
60.625,60.2575,5775,D,439567
60,59.8825,5800,D,439567
59.375,59.5075,5825,D,439567
58.75,59.1325,5850,D,439567
58.125,58.8,5875,D,439567
57.5,58.3675,5900,D,439567
56.875,57.93,5925,D,439567
57.25,57.56,5950,D,439567
57.625,57.2975,5975,D,439567
57,57.0475,6000,D,439567
56.375,56.7975,6025,D,439567
55.75,56.58,6050,D,439567
56.125,56.3975,6075,D,439567
55.5,56.2725,6100,D,439567
54.875,56.1475,6125,D,439567
56.25,55.99,6150,D,439567
56.625,55.755,6175,D,439567
56,55.505,6200,D,439567
55.375,55.255,6225,D,439567
55.75,55.005,6250,D,439567
56.125,54.705,6275,D,439567
55.5,54.3925,6300,D,439567
54.875,54.08,6325,D,439567
54.25,53.7,6350,D,439567
53.625,53.2125,6375,D,439567
53,52.77,6400,D,439567
52.375,52.34,6425,D,439567
51.75,51.9325,6450,D,439567
51.125,51.49,6475,D,439567
50.5,50.99,6500,D,439567
49.875,50.49,6525,D,439567
49.25,49.99,6550,D,439567
48.625,49.49,6575,D,439567
49,48.99,6600,D,439567
49.375,48.49,6625,D,439567
48.75,47.99,6650,D,439567
48.125,47.49,6675,D,439567
47.5,46.99,6700,D,439567
46.875,46.49,6725,D,439567
46.25,45.99,6750,D,439567
45.625,45.49,6775,D,439567
45,44.9325,6800,D,439567
44.375,44.3625,6825,D,439567
43.75,43.7375,6850,D,439567
43.125,43.1125,6875,D,439567
42.5,42.4875,6900,D,439567
41.875,41.8975,6925,D,439567
41.25,41.3975,6950,D,439567
40.625,40.8975,6975,D,439567
40,40.3975,7000,D,439567
39.375,39.9325,7025,D,439567
38.75,39.495,7050,D,439567
38.125,39.0575,7075,D,439567
37.5,38.62,7100,D,439567
38.875,38.1825,7125,D,439567
38.25,37.745,7150,D,439567
37.625,37.3075,7175,D,439567
37,36.87,7200,D,439567
37.375,36.4325,7225,D,439567
36.75,35.995,7250,D,439567
36.125,35.5575,7275,D,439567
35.5,35.12,7300,D,439567
34.875,34.6925,7325,D,439567
34.25,34.1925,7350,D,439567
33.625,33.6925,7375,D,439567
33,33.1925,7400,D,439567
32.375,32.6575,7425,D,439567
31.75,32.095,7450,D,439567
31.125,31.5725,7475,D,439567
30.5,31.13,7500,D,439567
30.875,30.6925,7525,D,439567
30.25,30.255,7550,D,439567
29.625,29.8175,7575,D,439567
29,29.38,7600,D,439567
28.375,28.9425,7625,D,439567
27.75,28.505,7650,D,439567
28.125,28.0675,7675,D,439567
28.5,27.63,7700,D,439567
27.875,27.1475,7725,D,439567
27.25,26.6475,7750,D,439567
26.625,26.2075,7775,D,439567
26,25.77,7800,D,439567
25.375,25.3325,7825,D,439567
24.75,24.895,7850,D,439567
24.125,24.4175,7875,D,439567
23.5,23.86,7900,D,439567
22.875,23.2975,7925,D,439567
22.25,22.735,7950,D,439567
22.625,22.1725,7975,D,439567
22,21.61,8000,D,439567
21.375,21.0475,8025,D,439567
20.75,20.485,8050,D,439567
20.125,19.96,8075,D,439567
19.5,19.46,8100,D,439567
18.875,18.96,8125,D,439567
18.25,18.46,8150,D,439567
17.625,17.9,8175,D,439567
17,17.3375,8200,D,439567
16.375,16.775,8225,D,439567
15.75,16.2125,8250,D,439567
16.125,15.65,8275,D,439567
15.5,15.0875,8300,D,439567
14.875,14.525,8325,D,439567
14.25,13.9625,8350,D,439567
13.625,13.4,8375,D,439567
13,12.8375,8400,D,439567
12.375,12.275,8425,D,439567
11.75,11.7725,8450,D,439567
11.125,11.235,8475,D,439567
10.5,10.6725,8500,D,439567
9.87499999999998,10.1725,8525,D,439567
9.24999999999998,9.67249999999998,8550,D,439567
8.62499999999998,9.17249999999998,8575,D,439567
7.99999999999998,8.67249999999998,8600,D,439567
7.37499999999998,8.17249999999998,8625,D,439567
7.74999999999998,7.67249999999998,8650,D,439567
7.12499999999998,7.17249999999998,8675,D,439567
6.49999999999998,6.67249999999998,8700,D,439567
6.87499999999998,6.17249999999998,8725,D,439567
6.24999999999998,5.67249999999998,8750,D,439567
5.62499999999998,5.17249999999998,8775,D,439567
4.99999999999998,4.67249999999998,8800,D,439567
4.37499999999998,4.17249999999998,8825,D,439567
3.74999999999998,3.61249999999998,8850,D,439567
3.12499999999998,3.04999999999998,8875,D,439567
2.49999999999998,2.48749999999998,8900,D,439567
1.87499999999998,1.86249999999998,8925,D,439567
1.24999999999998,1.24499999999998,8950,D,439567
0.624999999999983,0.682499999999983,8975,D,439567
-1.71737624121704e-14,0.119999999999983,9000,D,439567
-0.625000000000017,-0.442500000000017,9025,D,439567
-1.25000000000002,-1.00500000000002,9050,D,439567
-1.87500000000002,-1.56000000000002,9075,D,439567
-2.50000000000002,-2.06000000000002,9100,D,439567
-3.12500000000002,-2.56000000000002,9125,D,439567
-2.75000000000002,-3.06000000000002,9150,D,439567
-3.37500000000002,-3.56000000000002,9175,D,439567
-4.00000000000002,-4.06000000000002,9200,D,439567
-4.62500000000002,-4.56000000000002,9225,D,439567
-5.25000000000002,-5.06000000000002,9250,D,439567
-4.87500000000002,-5.54500000000002,9275,D,439567
-5.50000000000002,-5.98250000000002,9300,D,439567
-6.12500000000002,-6.42000000000002,9325,D,439567
-6.75000000000002,-6.86500000000002,9350,D,439567
-7.37500000000002,-7.36500000000002,9375,D,439567
-8.00000000000002,-7.86500000000002,9400,D,439567
-8.62500000000002,-8.36500000000002,9425,D,439567
-9.25000000000002,-8.86500000000002,9450,D,439567
-8.87500000000002,-9.37250000000002,9475,D,439567
-9.50000000000002,-9.93500000000002,9500,D,439567
-10.125,-10.4975,9525,D,439567
-10.75,-11.06,9550,D,439567
-11.375,-11.6225,9575,D,439567
-12,-12.185,9600,D,439567
-12.625,-12.7475,9625,D,439567
-13.25,-13.31,9650,D,439567
-13.875,-13.8875,9675,D,439567
-14.5,-14.5125,9700,D,439567
-15.125,-15.1375,9725,D,439567
-15.75,-15.7625,9750,D,439567
-16.375,-16.3875,9775,D,439567
-17,-17.0125,9800,D,439567
-17.625,-17.5975,9825,D,439567
-18.25,-18.16,9850,D,439567
-18.875,-18.7225,9875,D,439567
-19.5,-19.285,9900,D,439567
-20.125,-19.8475,9925,D,439567
-20.75,-20.41,9950,D,439567
-21.375,-20.9725,9975,D,439567
-22,-21.535,10000,D,439567
-21.625,-22.0975,10025,D,439567
-22.25,-22.66,10050,D,439567
-22.875,-23.2225,10075,D,439567
-23.5,-23.785,10100,D,439567
-24.125,-24.3475,10125,D,439567
-24.75,-24.91,10150,D,439567
-25.375,-25.4725,10175,D,439567
-26,-26.035,10200,D,439567
-26.625,-26.6375,10225,D,439567
-27.25,-27.2625,10250,D,439567
-27.875,-27.8875,10275,D,439567
-28.5,-28.5125,10300,D,439567
-29.125,-29.1375,10325,D,439567
-29.75,-29.7625,10350,D,439567
-30.375,-30.3875,10375,D,439567
-31,-31.0125,10400,D,439567
-31.625,-31.6375,10425,D,439567
-32.25,-32.2625,10450,D,439567
-32.875,-32.8875,10475,D,439567
-33.5,-33.5125,10500,D,439567
-34.125,-34.1375,10525,D,439567
-34.75,-34.7625,10550,D,439567
-35.375,-35.3875,10575,D,439567
-36,-36.0125,10600,D,439567
-36.625,-36.6375,10625,D,439567
-37.25,-37.2625,10650,D,439567
-37.875,-37.8875,10675,D,439567
-38.5,-38.5125,10700,D,439567
-39.125,-39.1375,10725,D,439567
-39.75,-39.7625,10750,D,439567
-40.375,-40.3875,10775,D,439567
-41,-41.0125,10800,D,439567
-41.625,-41.6375,10825,D,439567
-42.25,-42.2625,10850,D,439567
-42.875,-42.8875,10875,D,439567
-43.5,-43.5125,10900,D,439567
-44.125,-44.1375,10925,D,439567
-44.75,-44.7625,10950,D,439567
-45.375,-45.3875,10975,D,439567
-46,-45.9775,11000,D,439567
-46.625,-46.54,11025,D,439567
-47.25,-47.1025,11050,D,439567
-47.875,-47.665,11075,D,439567
-48.5,-48.2275,11100,D,439567
-49.125,-48.79,11125,D,439567
-49.75,-49.3525,11150,D,439567
-50.375,-49.915,11175,D,439567
-50,-50.475,11200,D,439567
-50.625,-50.975,11225,D,439567
-51.25,-51.475,11250,D,439567
-51.875,-51.975,11275,D,439567
-52.5,-52.475,11300,D,439567
-53.125,-52.975,11325,D,439567
-53.75,-53.475,11350,D,439567
-54.375,-53.975,11375,D,439567
-54,-54.51,11400,D,439567
-54.625,-55.0725,11425,D,439567
-55.25,-55.635,11450,D,439567
-55.875,-56.1975,11475,D,439567
-56.5,-56.76,11500,D,439567
-57.125,-57.3225,11525,D,439567
-57.75,-57.885,11550,D,439567
-58.375,-58.4475,11575,D,439567
-59,-59.0125,11600,D,439567
-59.625,-59.6375,11625,D,439567
-60.25,-60.2625,11650,D,439567
-60.875,-60.8875,11675,D,439567
-61.5,-61.455,11700,D,439567
-62.125,-62.0175,11725,D,439567
-62.75,-62.58,11750,D,439567
-63.375,-63.1425,11775,D,439567
-64,-63.705,11800,D,439567
-64.625,-64.2675,11825,D,439567
-65.25,-64.83,11850,D,439567
-65.875,-65.3925,11875,D,439567
-65.5,-65.955,11900,D,439567
-66.125,-66.5175,11925,D,439567
-66.75,-67.08,11950,D,439567
-67.375,-67.6425,11975,D,439567
-68,-68.205,12000,D,439567
-68.625,-68.7675,12025,D,439567
-69.25,-69.33,12050,D,439567
-69.875,-69.8925,12075,D,439567
-70.5,-70.5125,12100,D,439567
-71.125,-71.1375,12125,D,439567
-71.75,-71.7625,12150,D,439567
-72.375,-72.3875,12175,D,439567
-73,-73.0125,12200,D,439567
-73.625,-73.6375,12225,D,439567
-74.25,-74.2625,12250,D,439567
-74.875,-74.8875,12275,D,439567
-75.5,-75.5125,12300,D,439567
-76.125,-76.1375,12325,D,439567
-76.75,-76.7125,12350,D,439567
-77.375,-77.275,12375,D,439567
-78,-77.8375,12400,D,439567
-78.625,-78.4,12425,D,439567
-79.25,-78.9625,12450,D,439567
-79.875,-79.525,12475,D,439567
-80.5,-80.0875,12500,D,439567
-81.125,-80.65,12525,D,439567
-80.75,-81.2125,12550,D,439567
-81.375,-81.775,12575,D,439567
-82,-82.3375,12600,D,439567
-82.625,-82.9,12625,D,439567
-83.25,-83.4625,12650,D,439567
-83.875,-84.025,12675,D,439567
-84.5,-84.5875,12700,D,439567
-85.125,-85.15,12725,D,439567
-85.75,-85.7625,12750,D,439567
-86.375,-86.3875,12775,D,439567
-87,-87.0125,12800,D,439567
-87.625,-87.6375,12825,D,439567
-88.25,-88.2625,12850,D,439567
-88.875,-88.8875,12875,D,439567
-89.5,-89.5125,12900,D,439567
-90.125,-90.1375,12925,D,439567
-90.75,-90.7625,12950,D,439567
-91.375,-91.3875,12975,D,439567
-92,-92.0125,13000,D,439567
-92.625,-92.6375,13025,D,439567
-93.25,-93.2625,13050,D,439567
-93.875,-93.8875,13075,D,439567
-94.5,-94.5125,13100,D,439567
-95.125,-95.1375,13125,D,439567
-95.75,-95.7625,13150,D,439567
-96.375,-96.3875,13175,D,439567
-97,-97.0125,13200,D,439567
-97.625,-97.6375,13225,D,439567
-98.25,-98.2625,13250,D,439567
-98.875,-98.8875,13275,D,439567
-99.5,-99.5125,13300,D,439567
-100.125,-100.1375,13325,D,439567
-100.75,-100.7625,13350,D,439567
-101.375,-101.3875,13375,D,439567
-102,-102.0125,13400,D,439567
-102.625,-102.6375,13425,D,439567
-103.25,-103.2625,13450,D,439567
-103.875,-103.8875,13475,D,439567
-104.5,-104.5075,13500,D,439567
-105.125,-105.07,13525,D,439567
-105.75,-105.6325,13550,D,439567
-106.375,-106.195,13575,D,439567
-107,-106.7575,13600,D,439567
-107.625,-107.32,13625,D,439567
-108.25,-107.8825,13650,D,439567
-108.875,-108.445,13675,D,439567
-108.5,-109.0075,13700,D,439567
-109.125,-109.57,13725,D,439567
-109.75,-110.1325,13750,D,439567
-110.375,-110.6675,13775,D,439567
-111,-111.1675,13800,D,439567
-111.625,-111.6675,13825,D,439567
-112.25,-112.1675,13850,D,439567
-112.875,-112.6675,13875,D,439567
-113.5,-113.1725,13900,D,439567
-114.125,-113.735,13925,D,439567
-114.75,-114.2975,13950,D,439567
-114.375,-114.86,13975,D,439567
-115,-115.4225,14000,D,439567
-115.625,-115.985,14025,D,439567
-116.25,-116.5475,14050,D,439567
-116.875,-117.11,14075,D,439567
-117.5,-117.6725,14100,D,439567
-118.125,-118.235,14125,D,439567
-118.75,-118.7975,14150,D,439567
-119.375,-119.3875,14175,D,439567
-120,-120.0125,14200,D,439567
-120.625,-120.6375,14225,D,439567
-121.25,-121.2625,14250,D,439567
-121.875,-121.8875,14275,D,439567
-122.5,-122.5125,14300,D,439567
-123.125,-123.1375,14325,D,439567
-123.75,-123.7625,14350,D,439567
-124.375,-124.3875,14375,D,439567
-125,-125.0125,14400,D,439567
-125.625,-125.6375,14425,D,439567
-126.25,-126.2625,14450,D,439567
-126.875,-126.8875,14475,D,439567
-127.5,-127.5125,14500,D,439567
-128.125,-128.1375,14525,D,439567
-128.75,-128.7625,14550,D,439567
-129.375,-129.3875,14575,D,439567
-130,-130.0125,14600,D,439567
-130.625,-130.6375,14625,D,439567
-131.25,-131.2625,14650,D,439567
-131.875,-131.8875,14675,D,439567
-132.5,-132.5125,14700,D,439567
-133.125,-133.1375,14725,D,439567
-133.75,-133.7625,14750,D,439567
-134.375,-134.3875,14775,D,439567
-135,-135.0125,14800,D,439567
-135.625,-135.6375,14825,D,439567
-136.25,-136.2625,14850,D,439567
-136.875,-136.8875,14875,D,439567
-137.5,-137.5125,14900,D,439567
-138.125,-138.1375,14925,D,439567
-138.75,-138.7625,14950,D,439567
-139.375,-139.3875,14975,D,439567
-140,-140.0125,15000,D,439567
-140.625,-140.6375,15025,D,439567
-141.25,-141.2625,15050,D,439567
-141.875,-141.8875,15075,D,439567
-142.5,-142.5125,15100,D,439567
-143.125,-143.1375,15125,D,439567
-143.75,-143.7625,15150,D,439567
-144.375,-144.3875,15175,D,439567
-145,-145.0125,15200,D,439567
-145.625,-145.6375,15225,D,439567
-146.25,-146.2625,15250,D,439567
-146.875,-146.8875,15275,D,439567
-147.5,-147.5125,15300,D,439567
-148.125,-148.1375,15325,D,439567
-148.75,-148.7625,15350,D,439567
-149.375,-149.3875,15375,D,439567
-150,-150.0125,15400,D,439567
-150.625,-150.6375,15425,D,439567
-151.25,-151.2625,15450,D,439567
-151.875,-151.8875,15475,D,439567
-152.5,-152.5125,15500,D,439567
-153.125,-153.1375,15525,D,439567
-153.75,-153.7625,15550,D,439567
-154.375,-154.3875,15575,D,439567
-155,-155.0125,15600,D,439567
-155.625,-155.6225,15625,D,439567
-156.25,-156.185,15650,D,439567
-156.875,-156.7475,15675,D,439567
-157.5,-157.2775,15700,D,439567
-158.125,-157.7775,15725,D,439567
-158.75,-158.2775,15750,D,439567
-159.375,-158.7775,15775,D,439567
-160,-159.2775,15800,D,439567
-159.625,-159.7775,15825,D,439567
-160.25,-160.2775,15850,D,439567
-160.875,-160.7775,15875,D,439567
-160.5,-161.2775,15900,D,439567
-161.125,-161.7775,15925,D,439567
-161.75,-162.2775,15950,D,439567
-162.375,-162.765,15975,D,439567
-163,-163.2025,16000,D,439567
-163.625,-163.655,16025,D,439567
-164.25,-164.155,16050,D,439567
-164.875,-164.655,16075,D,439567
-165.5,-165.1875,16100,D,439567
-166.125,-165.75,16125,D,439567
-166.75,-166.3125,16150,D,439567
-166.375,-166.875,16175,D,439567
-167,-167.4375,16200,D,439567
-167.625,-168,16225,D,439567
-168.25,-168.5625,16250,D,439567
-168.875,-169.125,16275,D,439567
-169.5,-169.6875,16300,D,439567
-170.125,-170.25,16325,D,439567
-170.75,-170.8125,16350,D,439567
-171.375,-171.3875,16375,D,439567
-172,-172.0125,16400,D,439567
-172.625,-172.6375,16425,D,439567
-173.25,-173.2625,16450,D,439567
-173.875,-173.8875,16475,D,439567
-174.5,-174.5125,16500,D,439567
-175.125,-175.1375,16525,D,439567
-175.75,-175.7625,16550,D,439567
-176.375,-176.3875,16575,D,439567
-177,-177.0125,16600,D,439567
-177.625,-177.635,16625,D,439567
-178.25,-178.1975,16650,D,439567
-178.875,-178.76,16675,D,439567
-179.5,-179.3225,16700,D,439567
-180.125,-179.885,16725,D,439567
-180.75,-180.4475,16750,D,439567
-181.375,-181.01,16775,D,439567
-182,-181.5725,16800,D,439567
-181.625,-182.135,16825,D,439567
-182.25,-182.6975,16850,D,439567
-182.875,-183.26,16875,D,439567
-183.5,-183.8225,16900,D,439567
-184.125,-184.385,16925,D,439567
-184.75,-184.9475,16950,D,439567
-185.375,-185.51,16975,D,439567
-186,-186.0725,17000,D,439567
-186.625,-186.6375,17025,D,439567
-187.25,-187.2625,17050,D,439567
-187.875,-187.8875,17075,D,439567
-188.5,-188.5125,17100,D,439567
-189.125,-189.075,17125,D,439567
-189.75,-189.6375,17150,D,439567
-190.375,-190.2,17175,D,439567
-191,-190.7625,17200,D,439567
-191.625,-191.325,17225,D,439567
-192.25,-191.8875,17250,D,439567
-192.875,-192.45,17275,D,439567
-193.5,-193.0125,17300,D,439567
-193.125,-193.575,17325,D,439567
-193.75,-194.1375,17350,D,439567
-194.375,-194.7,17375,D,439567
-195,-195.2625,17400,D,439567
-195.625,-195.825,17425,D,439567
-196.25,-196.3875,17450,D,439567
-196.875,-196.95,17475,D,439567
-197.5,-197.5125,17500,D,439567
-198.125,-198.1375,17525,D,439567
-198.75,-198.7625,17550,D,439567
-199.375,-199.3875,17575,D,439567
-200,-200.0125,17600,D,439567
-200.625,-200.6375,17625,D,439567
-201.25,-201.2625,17650,D,439567
-201.875,-201.8875,17675,D,439567
-202.5,-202.5125,17700,D,439567
-203.125,-203.1375,17725,D,439567
-203.75,-203.7625,17750,D,439567
-204.375,-204.3875,17775,D,439567
-205,-205.0125,17800,D,439567
-205.625,-205.6375,17825,D,439567
-206.25,-206.2625,17850,D,439567
-206.875,-206.8875,17875,D,439567
-207.5,-207.5125,17900,D,439567
-208.125,-208.1375,17925,D,439567
-208.75,-208.7625,17950,D,439567
-209.375,-209.3875,17975,D,439567
-210,-210.0125,18000,D,439567
-210.625,-210.6375,18025,D,439567
-211.25,-211.2625,18050,D,439567
-211.875,-211.8875,18075,D,439567
-212.5,-212.5125,18100,D,439567
-213.125,-213.1375,18125,D,439567
-213.75,-213.7625,18150,D,439567
-214.375,-214.3875,18175,D,439567
-215,-215.0125,18200,D,439567
-215.625,-215.6375,18225,D,439567
-216.25,-216.2625,18250,D,439567
-216.875,-216.8875,18275,D,439567
-217.5,-217.5125,18300,D,439567
-218.125,-218.1375,18325,D,439567
-218.75,-218.7625,18350,D,439567
-219.375,-219.3875,18375,D,439567
-220,-220.0125,18400,D,439567
-220.625,-220.6375,18425,D,439567
-221.25,-221.2625,18450,D,439567
-221.875,-221.8875,18475,D,439567
-222.5,-222.5125,18500,D,439567
-223.125,-223.1375,18525,D,439567
-223.75,-223.7625,18550,D,439567
-224.375,-224.3875,18575,D,439567
-225,-225.0125,18600,D,439567
-225.625,-225.6375,18625,D,439567
-226.25,-226.2625,18650,D,439567
-226.875,-226.8875,18675,D,439567
-227.5,-227.5125,18700,D,439567
-228.125,-228.1375,18725,D,439567
-228.75,-228.7625,18750,D,439567
-229.375,-229.3875,18775,D,439567
-230,-230.0125,18800,D,439567
-230.625,-230.6375,18825,D,439567
-231.25,-231.2625,18850,D,439567
-231.875,-231.8875,18875,D,439567
-232.5,-232.5125,18900,D,439567
-233.125,-233.1375,18925,D,439567
-233.75,-233.7625,18950,D,439567
-234.375,-234.3875,18975,D,439567
-235,-235.0125,19000,D,439567
-235.625,-235.6375,19025,D,439567
-236.25,-236.2625,19050,D,439567
-236.875,-236.8875,19075,D,439567
-237.5,-237.5125,19100,D,439567
-238.125,-238.1375,19125,D,439567
-238.75,-238.7625,19150,D,439567
-239.375,-239.3875,19175,D,439567
-240,-240.0125,19200,D,439567
-240.625,-240.6375,19225,D,439567
-241.25,-241.2625,19250,D,439567
-241.875,-241.8875,19275,D,439567
-242.5,-242.5125,19300,D,439567
-243.125,-243.1375,19325,D,439567
-243.75,-243.7625,19350,D,439567
-244.375,-244.3875,19375,D,439567
-245,-245.0125,19400,D,439567
-245.625,-245.6375,19425,D,439567
-246.25,-246.2625,19450,D,439567
-246.875,-246.8875,19475,D,439567
-247.5,-247.5125,19500,D,439567
-248.125,-248.1375,19525,D,439567
-248.75,-248.7625,19550,D,439567
-249.375,-249.3875,19575,D,439567
-250,-250.0125,19600,D,439567
-250.625,-250.6375,19625,D,439567
-251.25,-251.2625,19650,D,439567
-251.875,-251.8875,19675,D,439567
-252.5,-252.5125,19700,D,439567
-253.125,-253.1375,19725,D,439567
-253.75,-253.7625,19750,D,439567
-254.375,-254.3875,19775,D,439567
-255,-255.0125,19800,D,439567
-255.625,-255.6375,19825,D,439567
-256.25,-256.2625,19850,D,439567
-256.875,-256.8875,19875,D,439567
-257.5,-257.5125,19900,D,439567
-258.125,-258.1375,19925,D,439567
-258.75,-258.7625,19950,D,439567
-259.375,-259.3875,19975,D,439567
-260,-260.0125,20000,D,439567
1.375,,25,D,539503
2.75,,50,D,539503
4.125,,75,D,539503
6.5,,100,D,539503
9.875,,125,D,539503
12.25,,150,D,539503
14.625,,175,D,539503
19,19.6975,200,D,539503
23.375,22.275,225,D,539503
26.75,25.065,250,D,539503
29.125,28.0575,275,D,539503
29.5,31.165,300,D,539503
33.875,34.2725,325,D,539503
39.25,37.295,350,D,539503
40.625,40.2975,375,D,539503
41,43.1475,400,D,539503
43.375,45.7325,425,D,539503
49.75,48.2275,450,D,539503
53.125,50.8725,475,D,539503
57.5,53.4125,500,D,539503
59.875,55.7025,525,D,539503
59.25,57.765,550,D,539503
62.625,59.62,575,D,539503
62,61.485,600,D,539503
64.375,63.205,625,D,539503
66.75,64.6375,650,D,539503
70.125,65.8575,675,D,539503
69.5,66.9925,700,D,539503
68.875,67.9125,725,D,539503
69.25,68.895,750,D,539503
69.625,69.925,775,D,539503
70,71.1025,800,D,539503
69.375,72.2875,825,D,539503
70.75,73.34,850,D,539503
71.125,74.1625,875,D,539503
73.5,75.035,900,D,539503
73.875,76.035,925,D,539503
76.25,77.1225,950,D,539503
79.625,78.14,975,D,539503
82,79.08,1000,D,539503
81.375,80.0225,1025,D,539503
82.75,80.955,1050,D,539503
83.125,81.8725,1075,D,539503
84.5,82.6325,1100,D,539503
86.875,83.3575,1125,D,539503
86.25,83.9775,1150,D,539503
85.625,84.4575,1175,D,539503
85,84.7525,1200,D,539503
85.375,85.0525,1225,D,539503
84.75,85.41,1250,D,539503
85.125,85.7425,1275,D,539503
85.5,86.0575,1300,D,539503
84.875,86.31,1325,D,539503
86.25,86.5475,1350,D,539503
85.625,86.825,1375,D,539503
86,87.21,1400,D,539503
87.375,87.6425,1425,D,539503
88.75,88.0175,1450,D,539503
88.125,88.3375,1475,D,539503
89.5,88.655,1500,D,539503
89.875,88.9675,1525,D,539503
90.25,89.24,1550,D,539503
90.625,89.4275,1575,D,539503
92,89.605,1600,D,539503
91.375,89.7575,1625,D,539503
90.75,89.8775,1650,D,539503
90.125,89.9575,1675,D,539503
90.5,90.075,1700,D,539503
89.875,90.21,1725,D,539503
89.25,90.285,1750,D,539503
88.625,90.32,1775,D,539503
89,90.2575,1800,D,539503
89.375,90.25,1825,D,539503
89.75,90.25,1850,D,539503
90.125,90.25,1875,D,539503
91.5,90.2125,1900,D,539503
91.875,90.15,1925,D,539503
91.25,90.105,1950,D,539503
90.625,90.16,1975,D,539503
91,90.2075,2000,D,539503
91.375,90.455,2025,D,539503
90.75,90.7025,2050,D,539503
90.125,90.96,2075,D,539503
89.5,91.245,2100,D,539503
88.875,91.495,2125,D,539503
89.25,91.745,2150,D,539503
89.625,92.05,2175,D,539503
91,92.3525,2200,D,539503
93.375,92.5475,2225,D,539503
93.75,92.7375,2250,D,539503
95.125,93.0275,2275,D,539503
95.5,93.545,2300,D,539503
95.875,94.1075,2325,D,539503
95.25,94.655,2350,D,539503
95.625,95.1925,2375,D,539503
95,95.745,2400,D,539503
94.375,96.05,2425,D,539503
94.75,96.33,2450,D,539503
97.125,96.555,2475,D,539503
98.5,96.6525,2500,D,539503
97.875,96.7425,2525,D,539503
98.25,96.815,2550,D,539503
98.625,96.885,2575,D,539503
98,97.01,2600,D,539503
98.375,97.1475,2625,D,539503
97.75,97.3325,2650,D,539503
97.125,97.4175,2675,D,539503
96.5,97.275,2700,D,539503
96.875,97.0875,2725,D,539503
97.25,96.905,2750,D,539503
96.625,96.735,2775,D,539503
97,96.5475,2800,D,539503
97.375,96.355,2825,D,539503
96.75,96.105,2850,D,539503
96.125,95.855,2875,D,539503
95.5,95.665,2900,D,539503
94.875,95.495,2925,D,539503
95.25,95.36,2950,D,539503
95.625,95.1725,2975,D,539503
95,94.9775,3000,D,539503
94.375,94.805,3025,D,539503
93.75,94.625,3050,D,539503
93.125,94.5,3075,D,539503
93.5,94.375,3100,D,539503
94.875,94.25,3125,D,539503
94.25,94.14,3150,D,539503
93.625,93.9825,3175,D,539503
94,93.8575,3200,D,539503
94.375,93.7525,3225,D,539503
94.75,93.69,3250,D,539503
94.125,93.67,3275,D,539503
93.5,93.61,3300,D,539503
92.875,93.49,3325,D,539503
93.25,93.3325,3350,D,539503
93.625,93.2075,3375,D,539503
93,93.0275,3400,D,539503
93.375,92.8125,3425,D,539503
92.75,92.555,3450,D,539503
93.125,92.2425,3475,D,539503
92.5,91.93,3500,D,539503
91.875,91.6175,3525,D,539503
92.25,91.2825,3550,D,539503
91.625,90.8925,3575,D,539503
91,90.455,3600,D,539503
90.375,89.9975,3625,D,539503
89.75,89.4975,3650,D,539503
89.125,88.955,3675,D,539503
88.5,88.3925,3700,D,539503
87.875,87.87,3725,D,539503
87.25,87.34,3750,D,539503
86.625,86.7775,3775,D,539503
86,86.2175,3800,D,539503
85.375,85.7175,3825,D,539503
84.75,85.2175,3850,D,539503
84.125,84.7175,3875,D,539503
83.5,84.2175,3900,D,539503
83.875,83.7175,3925,D,539503
83.25,83.28,3950,D,539503
82.625,82.9475,3975,D,539503
83,82.635,4000,D,539503
82.375,82.3225,4025,D,539503
81.75,82.01,4050,D,539503
81.125,81.755,4075,D,539503
80.5,81.505,4100,D,539503
79.875,81.215,4125,D,539503
81.25,80.9025,4150,D,539503
81.625,80.63,4175,D,539503
81,80.4125,4200,D,539503
80.375,80.1625,4225,D,539503
79.75,79.9125,4250,D,539503
80.125,79.6625,4275,D,539503
79.5,79.455,4300,D,539503
78.875,79.305,4325,D,539503
78.25,79.1175,4350,D,539503
78.625,78.825,4375,D,539503
79,78.5125,4400,D,539503
78.375,78.22,4425,D,539503
77.75,77.97,4450,D,539503
77.125,77.6925,4475,D,539503
77.5,77.46,4500,D,539503
77.875,77.3675,4525,D,539503
77.25,77.305,4550,D,539503
76.625,77.2025,4575,D,539503
76,77.0425,4600,D,539503
76.375,76.855,4625,D,539503
75.75,76.6675,4650,D,539503
76.125,76.48,4675,D,539503
76.5,76.25,4700,D,539503
77.875,75.9625,4725,D,539503
77.25,75.65,4750,D,539503
76.625,75.3375,4775,D,539503
76,75.08,4800,D,539503
75.375,74.81,4825,D,539503
74.75,74.555,4850,D,539503
74.125,74.275,4875,D,539503
73.5,73.945,4900,D,539503
72.875,73.475,4925,D,539503
72.25,73.02,4950,D,539503
71.625,72.645,4975,D,539503
72,72.27,5000,D,539503
71.375,71.895,5025,D,539503
71.75,71.52,5050,D,539503
71.125,71.145,5075,D,539503
70.5,70.77,5100,D,539503
69.875,70.395,5125,D,539503
71.25,70.02,5150,D,539503
70.625,69.645,5175,D,539503
70,69.215,5200,D,539503
69.375,68.7775,5225,D,539503
68.75,68.2825,5250,D,539503
68.125,67.7825,5275,D,539503
67.5,67.2825,5300,D,539503
66.875,66.79,5325,D,539503
66.25,66.3325,5350,D,539503
65.625,65.8775,5375,D,539503
65,65.44,5400,D,539503
64.375,65.0025,5425,D,539503
63.75,64.565,5450,D,539503
63.125,64.1275,5475,D,539503
62.5,63.69,5500,D,539503
62.875,63.2525,5525,D,539503
63.25,62.815,5550,D,539503
63.625,62.3775,5575,D,539503
63,61.98,5600,D,539503
62.375,61.605,5625,D,539503
61.75,61.235,5650,D,539503
61.125,60.9225,5675,D,539503
60.5,60.61,5700,D,539503
59.875,60.29,5725,D,539503
59.25,59.89,5750,D,539503
58.625,59.42,5775,D,539503
59,58.9825,5800,D,539503
58.375,58.545,5825,D,539503
58.75,58.1075,5850,D,539503
58.125,57.7,5875,D,539503
57.5,57.325,5900,D,539503
56.875,56.95,5925,D,539503
56.25,56.575,5950,D,539503
56.625,56.2,5975,D,539503
56,55.785,6000,D,539503
55.375,55.3475,6025,D,539503
54.75,54.905,6050,D,539503
55.125,54.405,6075,D,539503
54.5,53.905,6100,D,539503
53.875,53.405,6125,D,539503
53.25,52.95,6150,D,539503
52.625,52.5,6175,D,539503
52,52,6200,D,539503
51.375,51.5,6225,D,539503
50.75,51.0125,6250,D,539503
50.125,50.545,6275,D,539503
49.5,50.045,6300,D,539503
48.875,49.6075,6325,D,539503
49.25,49.17,6350,D,539503
48.625,48.74,6375,D,539503
48,48.3825,6400,D,539503
47.375,48.07,6425,D,539503
47.75,47.785,6450,D,539503
47.125,47.5825,6475,D,539503
46.5,47.395,6500,D,539503
46.875,47.2075,6525,D,539503
46.25,46.975,6550,D,539503
46.625,46.725,6575,D,539503
47,46.475,6600,D,539503
46.375,46.225,6625,D,539503
46.75,45.9625,6650,D,539503
47.125,45.65,6675,D,539503
46.5,45.34,6700,D,539503
45.875,45.0275,6725,D,539503
45.25,44.715,6750,D,539503
44.625,44.395,6775,D,539503
44,44.0025,6800,D,539503
43.375,43.565,6825,D,539503
42.75,43.1,6850,D,539503
42.125,42.5525,6875,D,539503
42.5,41.99,6900,D,539503
41.875,41.4275,6925,D,539503
41.25,40.865,6950,D,539503
40.625,40.3025,6975,D,539503
40,39.74,7000,D,539503
39.375,39.21,7025,D,539503
38.75,38.71,7050,D,539503
38.125,38.2375,7075,D,539503
37.5,37.7975,7100,D,539503
36.875,37.2975,7125,D,539503
36.25,36.7975,7150,D,539503
35.625,36.2975,7175,D,539503
35,35.82,7200,D,539503
35.375,35.3825,7225,D,539503
34.75,34.945,7250,D,539503
35.125,34.5075,7275,D,539503
34.5,34.07,7300,D,539503
33.875,33.6325,7325,D,539503
33.25,33.195,7350,D,539503
32.625,32.7575,7375,D,539503
33,32.32,7400,D,539503
32.375,31.8675,7425,D,539503
31.75,31.43,7450,D,539503
31.125,30.965,7475,D,539503
30.5,30.465,7500,D,539503
29.875,29.965,7525,D,539503
29.25,29.465,7550,D,539503
28.625,28.965,7575,D,539503
28,28.4425,7600,D,539503
28.375,27.88,7625,D,539503
27.75,27.3175,7650,D,539503
27.125,26.755,7675,D,539503
26.5,26.2325,7700,D,539503
25.875,25.7325,7725,D,539503
25.25,25.2325,7750,D,539503
24.625,24.7325,7775,D,539503
24,24.2325,7800,D,539503
23.375,23.715,7825,D,539503
22.75,23.1525,7850,D,539503
22.125,22.59,7875,D,539503
22.5,22.075,7900,D,539503
21.875,21.61,7925,D,539503
21.25,21.1725,7950,D,539503
20.625,20.735,7975,D,539503
20,20.2975,8000,D,539503
19.375,19.86,8025,D,539503
18.75,19.4225,8050,D,539503
18.125,18.985,8075,D,539503
18.5,18.5075,8100,D,539503
18.875,18.0075,8125,D,539503
18.25,17.5075,8150,D,539503
17.625,17.0075,8175,D,539503
17,16.5075,8200,D,539503
16.375,16.0075,8225,D,539503
15.75,15.5075,8250,D,539503
15.125,15.0075,8275,D,539503
14.5,14.46,8300,D,539503
13.875,13.9025,8325,D,539503
13.25,13.38,8350,D,539503
12.625,12.88,8375,D,539503
12,12.38,8400,D,539503
11.375,11.88,8425,D,539503
10.75,11.38,8450,D,539503
10.125,10.88,8475,D,539503
9.49999999999998,10.38,8500,D,539503
9.87499999999998,9.87999999999998,8525,D,539503
10.25,9.37999999999998,8550,D,539503
9.62499999999998,8.87999999999998,8575,D,539503
8.99999999999998,8.37999999999998,8600,D,539503
8.37499999999998,7.87999999999998,8625,D,539503
7.74999999999998,7.37999999999998,8650,D,539503
7.12499999999998,6.87999999999998,8675,D,539503
6.49999999999998,6.37999999999998,8700,D,539503
5.87499999999998,5.83999999999998,8725,D,539503
5.24999999999998,5.23749999999998,8750,D,539503
4.62499999999998,4.61249999999998,8775,D,539503
3.99999999999998,3.98749999999998,8800,D,539503
3.37499999999998,3.36249999999998,8825,D,539503
2.74999999999998,2.73749999999998,8850,D,539503
2.12499999999998,2.11249999999998,8875,D,539503
1.49999999999998,1.48749999999998,8900,D,539503
0.874999999999983,0.862499999999983,8925,D,539503
0.249999999999983,0.237499999999983,8950,D,539503
-0.375000000000017,-0.387500000000017,8975,D,539503
-1.00000000000002,-1.01250000000002,9000,D,539503
-1.62500000000002,-1.63750000000002,9025,D,539503
-2.25000000000002,-2.26250000000002,9050,D,539503
-2.87500000000002,-2.88750000000002,9075,D,539503
-3.50000000000002,-3.51250000000002,9100,D,539503
-4.12500000000002,-4.13750000000002,9125,D,539503
-4.75000000000002,-4.76250000000002,9150,D,539503
-5.37500000000002,-5.38750000000002,9175,D,539503
-6.00000000000002,-5.98000000000002,9200,D,539503
-6.62500000000002,-6.54250000000002,9225,D,539503
-7.25000000000002,-7.10500000000002,9250,D,539503
-7.87500000000002,-7.66750000000002,9275,D,539503
-8.50000000000002,-8.23000000000002,9300,D,539503
-9.12500000000002,-8.75250000000002,9325,D,539503
-9.75000000000002,-9.25000000000002,9350,D,539503
-10.375,-9.68750000000002,9375,D,539503
-10,-10.125,9400,D,539503
-10.625,-10.5625,9425,D,539503
-11.25,-11,9450,D,539503
-11.875,-11.4375,9475,D,539503
-12.5,-11.875,9500,D,539503
-12.125,-12.3125,9525,D,539503
-11.75,-12.75,9550,D,539503
-12.375,-13.1875,9575,D,539503
-13,-13.6575,9600,D,539503
-13.625,-14.1575,9625,D,539503
-14.25,-14.6575,9650,D,539503
-14.875,-15.1575,9675,D,539503
-15.5,-15.6575,9700,D,539503
-16.125,-16.1975,9725,D,539503
-16.75,-16.7625,9750,D,539503
-17.375,-17.3875,9775,D,539503
-18,-18.0125,9800,D,539503
-18.625,-18.6325,9825,D,539503
-19.25,-19.195,9850,D,539503
-19.875,-19.7575,9875,D,539503
-20.5,-20.32,9900,D,539503
-21.125,-20.8825,9925,D,539503
-21.75,-21.445,9950,D,539503
-22.375,-22.0075,9975,D,539503
-23,-22.57,10000,D,539503
-22.625,-23.1325,10025,D,539503
-23.25,-23.695,10050,D,539503
-23.875,-24.2575,10075,D,539503
-24.5,-24.82,10100,D,539503
-25.125,-25.3825,10125,D,539503
-25.75,-25.9,10150,D,539503
-26.375,-26.4,10175,D,539503
-27,-26.9,10200,D,539503
-27.625,-27.405,10225,D,539503
-28.25,-27.9675,10250,D,539503
-28.875,-28.53,10275,D,539503
-29.5,-29.0925,10300,D,539503
-30.125,-29.655,10325,D,539503
-29.75,-30.2175,10350,D,539503
-30.375,-30.78,10375,D,539503
-31,-31.3425,10400,D,539503
-31.625,-31.905,10425,D,539503
-32.25,-32.4675,10450,D,539503
-32.875,-33.03,10475,D,539503
-33.5,-33.5925,10500,D,539503
-34.125,-34.155,10525,D,539503
-34.75,-34.7625,10550,D,539503
-35.375,-35.3875,10575,D,539503
-36,-36.0125,10600,D,539503
-36.625,-36.6375,10625,D,539503
-37.25,-37.2625,10650,D,539503
-37.875,-37.8875,10675,D,539503
-38.5,-38.5125,10700,D,539503
-39.125,-39.1375,10725,D,539503
-39.75,-39.7625,10750,D,539503
-40.375,-40.3875,10775,D,539503
-41,-41.0125,10800,D,539503
-41.625,-41.6375,10825,D,539503
-42.25,-42.2625,10850,D,539503
-42.875,-42.8875,10875,D,539503
-43.5,-43.505,10900,D,539503
-44.125,-44.0675,10925,D,539503
-44.75,-44.63,10950,D,539503
-45.375,-45.1925,10975,D,539503
-46,-45.755,11000,D,539503
-46.625,-46.3175,11025,D,539503
-47.25,-46.88,11050,D,539503
-47.875,-47.4425,11075,D,539503
-47.5,-48.005,11100,D,539503
-48.125,-48.5675,11125,D,539503
-48.75,-49.13,11150,D,539503
-49.375,-49.6925,11175,D,539503
-50,-50.255,11200,D,539503
-50.625,-50.8175,11225,D,539503
-51.25,-51.38,11250,D,539503
-51.875,-51.9425,11275,D,539503
-52.5,-52.5125,11300,D,539503
-53.125,-53.1375,11325,D,539503
-53.75,-53.7625,11350,D,539503
-54.375,-54.3875,11375,D,539503
-55,-55.0125,11400,D,539503
-55.625,-55.6375,11425,D,539503
-56.25,-56.2625,11450,D,539503
-56.875,-56.8875,11475,D,539503
-57.5,-57.5125,11500,D,539503
-58.125,-58.1375,11525,D,539503
-58.75,-58.7625,11550,D,539503
-59.375,-59.3875,11575,D,539503
-60,-60.0125,11600,D,539503
-60.625,-60.6375,11625,D,539503
-61.25,-61.2625,11650,D,539503
-61.875,-61.8875,11675,D,539503
-62.5,-62.5125,11700,D,539503
-63.125,-63.1375,11725,D,539503
-63.75,-63.7625,11750,D,539503
-64.375,-64.3875,11775,D,539503
-65,-65.0125,11800,D,539503
-65.625,-65.6375,11825,D,539503
-66.25,-66.2625,11850,D,539503
-66.875,-66.8875,11875,D,539503
-67.5,-67.5125,11900,D,539503
-68.125,-68.1375,11925,D,539503
-68.75,-68.7625,11950,D,539503
-69.375,-69.38,11975,D,539503
-70,-69.9425,12000,D,539503
-70.625,-70.505,12025,D,539503
-71.25,-71.0675,12050,D,539503
-71.875,-71.63,12075,D,539503
-72.5,-72.1925,12100,D,539503
-73.125,-72.755,12125,D,539503
-73.75,-73.3175,12150,D,539503
-73.375,-73.88,12175,D,539503
-74,-74.4425,12200,D,539503
-74.625,-75.005,12225,D,539503
-75.25,-75.5675,12250,D,539503
-75.875,-76.13,12275,D,539503
-76.5,-76.6925,12300,D,539503
-77.125,-77.255,12325,D,539503
-77.75,-77.8175,12350,D,539503
-78.375,-78.3875,12375,D,539503
-79,-79.0125,12400,D,539503
-79.625,-79.6375,12425,D,539503
-80.25,-80.2625,12450,D,539503
-80.875,-80.8875,12475,D,539503
-81.5,-81.5125,12500,D,539503
-82.125,-82.1375,12525,D,539503
-82.75,-82.7625,12550,D,539503
-83.375,-83.3875,12575,D,539503
-84,-84.0125,12600,D,539503
-84.625,-84.6375,12625,D,539503
-85.25,-85.245,12650,D,539503
-85.875,-85.8075,12675,D,539503
-86.5,-86.37,12700,D,539503
-87.125,-86.9325,12725,D,539503
-87.75,-87.49,12750,D,539503
-88.375,-87.99,12775,D,539503
-89,-88.49,12800,D,539503
-89.625,-88.99,12825,D,539503
-89.25,-89.49,12850,D,539503
-89.875,-89.99,12875,D,539503
-90.5,-90.49,12900,D,539503
-91.125,-90.99,12925,D,539503
-90.75,-91.49,12950,D,539503
-91.375,-91.99,12975,D,539503
-92,-92.49,13000,D,539503
-92.625,-92.99,13025,D,539503
-93.25,-93.5075,13050,D,539503
-93.875,-94.07,13075,D,539503
-94.5,-94.6325,13100,D,539503
-95.125,-95.195,13125,D,539503
-95.75,-95.7625,13150,D,539503
-96.375,-96.3875,13175,D,539503
-97,-97.0125,13200,D,539503
-97.625,-97.6375,13225,D,539503
-98.25,-98.2625,13250,D,539503
-98.875,-98.8875,13275,D,539503
-99.5,-99.5125,13300,D,539503
-100.125,-100.1375,13325,D,539503
-100.75,-100.7625,13350,D,539503
-101.375,-101.3875,13375,D,539503
-102,-102.0125,13400,D,539503
-102.625,-102.6375,13425,D,539503
-103.25,-103.2625,13450,D,539503
-103.875,-103.8875,13475,D,539503
-104.5,-104.5125,13500,D,539503
-105.125,-105.1375,13525,D,539503
-105.75,-105.7625,13550,D,539503
-106.375,-106.3875,13575,D,539503
-107,-107.0125,13600,D,539503
-107.625,-107.6375,13625,D,539503
-108.25,-108.2625,13650,D,539503
-108.875,-108.8875,13675,D,539503
-109.5,-109.5125,13700,D,539503
-110.125,-110.1375,13725,D,539503
-110.75,-110.7625,13750,D,539503
-111.375,-111.3875,13775,D,539503
-112,-112.0125,13800,D,539503
-112.625,-112.6375,13825,D,539503
-113.25,-113.2625,13850,D,539503
-113.875,-113.8875,13875,D,539503
-114.5,-114.5125,13900,D,539503
-115.125,-115.1375,13925,D,539503
-115.75,-115.7625,13950,D,539503
-116.375,-116.3875,13975,D,539503
-117,-117.0125,14000,D,539503
-117.625,-117.6375,14025,D,539503
-118.25,-118.2625,14050,D,539503
-118.875,-118.8875,14075,D,539503
-119.5,-119.5125,14100,D,539503
-120.125,-120.1375,14125,D,539503
-120.75,-120.7625,14150,D,539503
-121.375,-121.3875,14175,D,539503
-122,-121.9875,14200,D,539503
-122.625,-122.55,14225,D,539503
-123.25,-123.1125,14250,D,539503
-123.875,-123.675,14275,D,539503
-124.5,-124.2375,14300,D,539503
-125.125,-124.7575,14325,D,539503
-125.75,-125.2575,14350,D,539503
-126.375,-125.7575,14375,D,539503
-126,-126.2575,14400,D,539503
-126.625,-126.7575,14425,D,539503
-127.25,-127.2575,14450,D,539503
-127.875,-127.7575,14475,D,539503
-128.5,-128.2575,14500,D,539503
-128.125,-128.7575,14525,D,539503
-128.75,-129.2575,14550,D,539503
-129.375,-129.7575,14575,D,539503
-130,-130.2825,14600,D,539503
-130.625,-130.845,14625,D,539503
-131.25,-131.4075,14650,D,539503
-131.875,-131.97,14675,D,539503
-132.5,-132.5325,14700,D,539503
-133.125,-133.1375,14725,D,539503
-133.75,-133.7,14750,D,539503
-134.375,-134.2625,14775,D,539503
-135,-134.825,14800,D,539503
-135.625,-135.3875,14825,D,539503
-136.25,-135.95,14850,D,539503
-136.875,-136.5125,14875,D,539503
-137.5,-137.075,14900,D,539503
-138.125,-137.6375,14925,D,539503
-137.75,-138.2,14950,D,539503
-138.375,-138.7625,14975,D,539503
-139,-139.325,15000,D,539503
-139.625,-139.8875,15025,D,539503
-140.25,-140.45,15050,D,539503
-140.875,-141.0125,15075,D,539503
-141.5,-141.575,15100,D,539503
-142.125,-142.1375,15125,D,539503
-142.75,-142.7625,15150,D,539503
-143.375,-143.3875,15175,D,539503
-144,-144.0125,15200,D,539503
-144.625,-144.6375,15225,D,539503
-145.25,-145.2625,15250,D,539503
-145.875,-145.8875,15275,D,539503
-146.5,-146.5125,15300,D,539503
-147.125,-147.1375,15325,D,539503
-147.75,-147.7625,15350,D,539503
-148.375,-148.3875,15375,D,539503
-149,-149.0125,15400,D,539503
-149.625,-149.6375,15425,D,539503
-150.25,-150.2625,15450,D,539503
-150.875,-150.8875,15475,D,539503
-151.5,-151.5125,15500,D,539503
-152.125,-152.1375,15525,D,539503
-152.75,-152.7625,15550,D,539503
-153.375,-153.3875,15575,D,539503
-154,-154.0125,15600,D,539503
-154.625,-154.6375,15625,D,539503
-155.25,-155.2625,15650,D,539503
-155.875,-155.8875,15675,D,539503
-156.5,-156.5125,15700,D,539503
-157.125,-157.1375,15725,D,539503
-157.75,-157.7625,15750,D,539503
-158.375,-158.3875,15775,D,539503
-159,-159.0125,15800,D,539503
-159.625,-159.6375,15825,D,539503
-160.25,-160.2625,15850,D,539503
-160.875,-160.8875,15875,D,539503
-161.5,-161.5125,15900,D,539503
-162.125,-162.1375,15925,D,539503
-162.75,-162.7625,15950,D,539503
-163.375,-163.3875,15975,D,539503
-164,-163.9575,16000,D,539503
-164.625,-164.52,16025,D,539503
-165.25,-165.0825,16050,D,539503
-165.875,-165.645,16075,D,539503
-166.5,-166.1475,16100,D,539503
-167.125,-166.6475,16125,D,539503
-167.75,-167.1475,16150,D,539503
-168.375,-167.6475,16175,D,539503
-168,-168.1475,16200,D,539503
-168.625,-168.6475,16225,D,539503
-169.25,-169.1475,16250,D,539503
-169.875,-169.6475,16275,D,539503
-169.5,-170.1475,16300,D,539503
-170.125,-170.6475,16325,D,539503
-170.75,-171.1475,16350,D,539503
-171.375,-171.62,16375,D,539503
-172,-172.1125,16400,D,539503
-172.625,-172.6125,16425,D,539503
-173.25,-173.1125,16450,D,539503
-173.875,-173.6125,16475,D,539503
-174.5,-174.1725,16500,D,539503
-175.125,-174.735,16525,D,539503
-175.75,-175.2975,16550,D,539503
-175.375,-175.86,16575,D,539503
-176,-176.4225,16600,D,539503
-176.625,-176.985,16625,D,539503
-177.25,-177.5475,16650,D,539503
-177.875,-178.11,16675,D,539503
-178.5,-178.6725,16700,D,539503
-179.125,-179.235,16725,D,539503
-179.75,-179.7975,16750,D,539503
-180.375,-180.3875,16775,D,539503
-181,-181.0125,16800,D,539503
-181.625,-181.6375,16825,D,539503
-182.25,-182.2625,16850,D,539503
-182.875,-182.8875,16875,D,539503
-183.5,-183.5125,16900,D,539503
-184.125,-184.1375,16925,D,539503
-184.75,-184.7625,16950,D,539503
-185.375,-185.3875,16975,D,539503
-186,-186.0125,17000,D,539503
-186.625,-186.6375,17025,D,539503
-187.25,-187.2625,17050,D,539503
-187.875,-187.8875,17075,D,539503
-188.5,-188.5125,17100,D,539503
-189.125,-189.1375,17125,D,539503
-189.75,-189.7625,17150,D,539503
-190.375,-190.3875,17175,D,539503
-191,-191.0125,17200,D,539503
-191.625,-191.6375,17225,D,539503
-192.25,-192.2625,17250,D,539503
-192.875,-192.8875,17275,D,539503
-193.5,-193.4675,17300,D,539503
-194.125,-194.03,17325,D,539503
-194.75,-194.5925,17350,D,539503
-195.375,-195.155,17375,D,539503
-196,-195.7175,17400,D,539503
-196.625,-196.28,17425,D,539503
-197.25,-196.8425,17450,D,539503
-197.875,-197.405,17475,D,539503
-197.5,-197.9675,17500,D,539503
-198.125,-198.53,17525,D,539503
-198.75,-199.0925,17550,D,539503
-199.375,-199.655,17575,D,539503
-200,-200.2175,17600,D,539503
-200.625,-200.78,17625,D,539503
-201.25,-201.3425,17650,D,539503
-201.875,-201.905,17675,D,539503
-202.5,-202.5125,17700,D,539503
-203.125,-203.1375,17725,D,539503
-203.75,-203.7625,17750,D,539503
-204.375,-204.3875,17775,D,539503
-205,-205.0125,17800,D,539503
-205.625,-205.6375,17825,D,539503
-206.25,-206.2625,17850,D,539503
-206.875,-206.8875,17875,D,539503
-207.5,-207.5125,17900,D,539503
-208.125,-208.1375,17925,D,539503
-208.75,-208.7625,17950,D,539503
-209.375,-209.3875,17975,D,539503
-210,-210.0125,18000,D,539503
-210.625,-210.6375,18025,D,539503
-211.25,-211.2625,18050,D,539503
-211.875,-211.8875,18075,D,539503
-212.5,-212.5125,18100,D,539503
-213.125,-213.1375,18125,D,539503
-213.75,-213.7625,18150,D,539503
-214.375,-214.3875,18175,D,539503
-215,-215.0125,18200,D,539503
-215.625,-215.6375,18225,D,539503
-216.25,-216.2625,18250,D,539503
-216.875,-216.8875,18275,D,539503
-217.5,-217.5125,18300,D,539503
-218.125,-218.1375,18325,D,539503
-218.75,-218.7625,18350,D,539503
-219.375,-219.3875,18375,D,539503
-220,-220.0125,18400,D,539503
-220.625,-220.6375,18425,D,539503
-221.25,-221.2625,18450,D,539503
-221.875,-221.8875,18475,D,539503
-222.5,-222.5125,18500,D,539503
-223.125,-223.1375,18525,D,539503
-223.75,-223.7625,18550,D,539503
-224.375,-224.3875,18575,D,539503
-225,-225.0125,18600,D,539503
-225.625,-225.6375,18625,D,539503
-226.25,-226.2625,18650,D,539503
-226.875,-226.8875,18675,D,539503
-227.5,-227.5125,18700,D,539503
-228.125,-228.1375,18725,D,539503
-228.75,-228.7625,18750,D,539503
-229.375,-229.3875,18775,D,539503
-230,-230.0125,18800,D,539503
-230.625,-230.6375,18825,D,539503
-231.25,-231.2625,18850,D,539503
-231.875,-231.8875,18875,D,539503
-232.5,-232.5125,18900,D,539503
-233.125,-233.1375,18925,D,539503
-233.75,-233.7625,18950,D,539503
-234.375,-234.3875,18975,D,539503
-235,-235.0125,19000,D,539503
-235.625,-235.6375,19025,D,539503
-236.25,-236.2625,19050,D,539503
-236.875,-236.8875,19075,D,539503
-237.5,-237.5125,19100,D,539503
-238.125,-238.1375,19125,D,539503
-238.75,-238.7625,19150,D,539503
-239.375,-239.3875,19175,D,539503
-240,-240.0125,19200,D,539503
-240.625,-240.6375,19225,D,539503
-241.25,-241.2625,19250,D,539503
-241.875,-241.8875,19275,D,539503
-242.5,-242.5125,19300,D,539503
-243.125,-243.1375,19325,D,539503
-243.75,-243.7625,19350,D,539503
-244.375,-244.3875,19375,D,539503
-245,-245.0125,19400,D,539503
-245.625,-245.6375,19425,D,539503
-246.25,-246.2625,19450,D,539503
-246.875,-246.8875,19475,D,539503
-247.5,-247.5125,19500,D,539503
-248.125,-248.1375,19525,D,539503
-248.75,-248.7625,19550,D,539503
-249.375,-249.3875,19575,D,539503
-250,-250.0125,19600,D,539503
-250.625,-250.6375,19625,D,539503
-251.25,-251.2625,19650,D,539503
-251.875,-251.8875,19675,D,539503
-252.5,-252.5125,19700,D,539503
-253.125,-253.1375,19725,D,539503
-253.75,-253.7625,19750,D,539503
-254.375,-254.3875,19775,D,539503
-255,-255.0125,19800,D,539503
-255.625,-255.6375,19825,D,539503
-256.25,-256.2625,19850,D,539503
-256.875,-256.8875,19875,D,539503
-257.5,-257.5125,19900,D,539503
-258.125,-258.1375,19925,D,539503
-258.75,-258.7625,19950,D,539503
-259.375,-259.3875,19975,D,539503
-260,-260.0125,20000,D,539503
1.375,,25,D,691787
2.75,,50,D,691787
4.125,,75,D,691787
8.5,,100,D,691787
11.875,,125,D,691787
13.25,,150,D,691787
17.625,,175,D,691787
22,23.115,200,D,691787
28.375,26.27,225,D,691787
31.75,29.53,250,D,691787
33.125,32.8525,275,D,691787
36.5,36.065,300,D,691787
38.875,39.16,325,D,691787
43.25,42.205,350,D,691787
47.625,45.2675,375,D,691787
50,48.1275,400,D,691787
54.375,50.8075,425,D,691787
54.75,53.2375,450,D,691787
57.125,55.6725,475,D,691787
59.5,58.035,500,D,691787
59.875,60.1975,525,D,691787
62.25,62.1075,550,D,691787
65.625,63.8225,575,D,691787
68,65.3725,600,D,691787
69.375,66.74,625,D,691787
69.75,67.98,650,D,691787
72.125,69.1525,675,D,691787
72.5,70.3175,700,D,691787
72.875,71.3975,725,D,691787
72.25,72.3575,750,D,691787
74.625,73.1475,775,D,691787
74,73.8325,800,D,691787
73.375,74.51,825,D,691787
74.75,75.28,850,D,691787
75.125,75.95,875,D,691787
77.5,76.6275,900,D,691787
76.875,77.4,925,D,691787
76.25,78.2125,950,D,691787
76.625,78.92,975,D,691787
77,79.6225,1000,D,691787
80.375,80.48,1025,D,691787
81.75,81.355,1050,D,691787
82.125,82.115,1075,D,691787
83.5,82.7525,1100,D,691787
85.875,83.4375,1125,D,691787
85.25,84.225,1150,D,691787
84.625,85.0675,1175,D,691787
87,85.8175,1200,D,691787
88.375,86.505,1225,D,691787
87.75,87.1,1250,D,691787
87.125,87.6725,1275,D,691787
86.5,88.1475,1300,D,691787
87.875,88.51,1325,D,691787
90.25,88.8225,1350,D,691787
89.625,89.135,1375,D,691787
89,89.37,1400,D,691787
91.375,89.5325,1425,D,691787
90.75,89.6575,1450,D,691787
91.125,89.805,1475,D,691787
90.5,90.04,1500,D,691787
90.875,90.2275,1525,D,691787
90.25,90.315,1550,D,691787
89.625,90.3375,1575,D,691787
89,90.4275,1600,D,691787
90.375,90.445,1625,D,691787
89.75,90.3825,1650,D,691787
90.125,90.3375,1675,D,691787
90.5,90.4,1700,D,691787
90.875,90.57,1725,D,691787
90.25,90.8025,1750,D,691787
90.625,91.115,1775,D,691787
91,91.4525,1800,D,691787
90.375,91.745,1825,D,691787
89.75,91.995,1850,D,691787
91.125,92.2225,1875,D,691787
92.5,92.3625,1900,D,691787
93.875,92.45,1925,D,691787
95.25,92.6675,1950,D,691787
94.625,92.9175,1975,D,691787
95,93.14,2000,D,691787
94.375,93.3275,2025,D,691787
93.75,93.515,2050,D,691787
93.125,93.6325,2075,D,691787
92.5,93.6325,2100,D,691787
92.875,93.53,2125,D,691787
94.25,93.4175,2150,D,691787
94.625,93.2925,2175,D,691787
94,93.2225,2200,D,691787
93.375,93.2225,2225,D,691787
92.75,93.4075,2250,D,691787
92.125,93.6575,2275,D,691787
91.5,93.955,2300,D,691787
91.875,94.3,2325,D,691787
93.25,94.59,2350,D,691787
92.625,94.92,2375,D,691787
95,95.2325,2400,D,691787
94.375,95.545,2425,D,691787
97.75,95.8575,2450,D,691787
97.125,96.26,2475,D,691787
97.5,96.6975,2500,D,691787
97.875,97.125,2525,D,691787
99.25,97.5575,2550,D,691787
99.625,97.9625,2575,D,691787
99,98.32,2600,D,691787
98.375,98.57,2625,D,691787
97.75,98.635,2650,D,691787
99.125,98.6675,2675,D,691787
98.5,98.6825,2700,D,691787
98.875,98.6275,2725,D,691787
99.25,98.575,2750,D,691787
99.625,98.4725,2775,D,691787
99,98.3475,2800,D,691787
98.375,98.2225,2825,D,691787
97.75,98.0975,2850,D,691787
98.125,97.8825,2875,D,691787
97.5,97.6325,2900,D,691787
96.875,97.37,2925,D,691787
98.25,97.12,2950,D,691787
97.625,96.84,2975,D,691787
97,96.53,3000,D,691787
96.375,96.28,3025,D,691787
95.75,96.095,3050,D,691787
95.125,95.9375,3075,D,691787
94.5,95.75,3100,D,691787
93.875,95.59,3125,D,691787
95.25,95.385,3150,D,691787
94.625,95.135,3175,D,691787
95,94.885,3200,D,691787
94.375,94.635,3225,D,691787
95.75,94.385,3250,D,691787
95.125,94.135,3275,D,691787
94.5,93.9125,3300,D,691787
94.875,93.725,3325,D,691787
94.25,93.4225,3350,D,691787
93.625,93.215,3375,D,691787
93,93.0675,3400,D,691787
92.375,92.9025,3425,D,691787
91.75,92.7125,3450,D,691787
91.125,92.4625,3475,D,691787
91.5,92.2125,3500,D,691787
90.875,91.955,3525,D,691787
90.25,91.705,3550,D,691787
91.625,91.455,3575,D,691787
92,91.205,3600,D,691787
92.375,90.96,3625,D,691787
91.75,90.7725,3650,D,691787
91.125,90.625,3675,D,691787
90.5,90.4725,3700,D,691787
90.875,90.3375,3725,D,691787
90.25,90.2125,3750,D,691787
89.625,89.9825,3775,D,691787
89,89.69,3800,D,691787
89.375,89.355,3825,D,691787
88.75,88.98,3850,D,691787
89.125,88.605,3875,D,691787
88.5,88.255,3900,D,691787
88.875,87.9225,3925,D,691787
88.25,87.6,3950,D,691787
87.625,87.2875,3975,D,691787
87,86.975,4000,D,691787
86.375,86.6575,4025,D,691787
85.75,86.2825,4050,D,691787
85.125,85.8675,4075,D,691787
85.5,85.43,4100,D,691787
84.875,84.9675,4125,D,691787
85.25,84.53,4150,D,691787
84.625,84.135,4175,D,691787
84,83.76,4200,D,691787
83.375,83.415,4225,D,691787
82.75,83.1025,4250,D,691787
82.125,82.845,4275,D,691787
81.5,82.57,4300,D,691787
81.875,82.2575,4325,D,691787
81.25,81.8925,4350,D,691787
81.625,81.565,4375,D,691787
81,81.2725,4400,D,691787
81.375,81.0225,4425,D,691787
80.75,80.8275,4450,D,691787
81.125,80.64,4475,D,691787
80.5,80.4675,4500,D,691787
79.875,80.3775,4525,D,691787
79.25,80.2525,4550,D,691787
79.625,80.085,4575,D,691787
80,79.8975,4600,D,691787
79.375,79.725,4625,D,691787
79.75,79.5375,4650,D,691787
79.125,79.33,4675,D,691787
80.5,79.1425,4700,D,691787
79.875,78.955,4725,D,691787
79.25,78.7675,4750,D,691787
78.625,78.54,4775,D,691787
78,78.3325,4800,D,691787
78.375,78.0825,4825,D,691787
77.75,77.7775,4850,D,691787
78.125,77.465,4875,D,691787
77.5,77.1375,4900,D,691787
76.875,76.7,4925,D,691787
76.25,76.325,4950,D,691787
76.625,75.9675,4975,D,691787
76,75.655,5000,D,691787
75.375,75.2975,5025,D,691787
74.75,74.9225,5050,D,691787
74.125,74.5125,5075,D,691787
73.5,74.075,5100,D,691787
72.875,73.6375,5125,D,691787
73.25,73.2,5150,D,691787
73.625,72.755,5175,D,691787
73,72.255,5200,D,691787
72.375,71.755,5225,D,691787
71.75,71.2875,5250,D,691787
71.125,70.85,5275,D,691787
70.5,70.4125,5300,D,691787
69.875,69.99,5325,D,691787
69.25,69.5525,5350,D,691787
68.625,69.0975,5375,D,691787
68,68.5975,5400,D,691787
67.375,68.0975,5425,D,691787
67.75,67.5975,5450,D,691787
67.125,67.0975,5475,D,691787
66.5,66.615,5500,D,691787
66.875,66.1775,5525,D,691787
66.25,65.74,5550,D,691787
65.625,65.3025,5575,D,691787
65,64.9175,5600,D,691787
64.375,64.5425,5625,D,691787
63.75,64.1975,5650,D,691787
63.125,63.8225,5675,D,691787
63.5,63.4475,5700,D,691787
62.875,63.0575,5725,D,691787
62.25,62.62,5750,D,691787
61.625,62.1825,5775,D,691787
62,61.745,5800,D,691787
61.375,61.3075,5825,D,691787
61.75,60.87,5850,D,691787
61.125,60.4325,5875,D,691787
60.5,59.9775,5900,D,691787
59.875,59.4775,5925,D,691787
59.25,58.9775,5950,D,691787
58.625,58.4775,5975,D,691787
58,57.935,6000,D,691787
57.375,57.4975,6025,D,691787
56.75,57.04,6050,D,691787
56.125,56.6525,6075,D,691787
55.5,56.2775,6100,D,691787
54.875,55.9025,6125,D,691787
54.25,55.5275,6150,D,691787
53.625,55.1525,6175,D,691787
55,54.7775,6200,D,691787
54.375,54.4025,6225,D,691787
54.75,54.0825,6250,D,691787
55.125,53.77,6275,D,691787
54.5,53.4575,6300,D,691787
53.875,53.145,6325,D,691787
53.25,52.8325,6350,D,691787
52.625,52.57,6375,D,691787
52,52.31,6400,D,691787
51.375,51.935,6425,D,691787
51.75,51.5575,6450,D,691787
51.125,51.1325,6475,D,691787
50.5,50.695,6500,D,691787
49.875,50.2575,6525,D,691787
49.25,49.885,6550,D,691787
49.625,49.5725,6575,D,691787
49,49.28,6600,D,691787
48.375,49.03,6625,D,691787
48.75,48.725,6650,D,691787
48.125,48.4125,6675,D,691787
47.5,48.1,6700,D,691787
46.875,47.7875,6725,D,691787
48.25,47.475,6750,D,691787
47.625,47.1125,6775,D,691787
48,46.7375,6800,D,691787
47.375,46.3625,6825,D,691787
46.75,45.9475,6850,D,691787
46.125,45.51,6875,D,691787
45.5,45.0725,6900,D,691787
44.875,44.635,6925,D,691787
44.25,44.1325,6950,D,691787
43.625,43.57,6975,D,691787
43,42.9875,7000,D,691787
42.375,42.3625,7025,D,691787
41.75,41.7375,7050,D,691787
41.125,41.1425,7075,D,691787
40.5,40.58,7100,D,691787
39.875,40.0175,7125,D,691787
39.25,39.455,7150,D,691787
38.625,38.8925,7175,D,691787
38,38.33,7200,D,691787
37.375,37.7675,7225,D,691787
36.75,37.205,7250,D,691787
37.125,36.6425,7275,D,691787
36.5,36.1275,7300,D,691787
35.875,35.6275,7325,D,691787
35.25,35.1275,7350,D,691787
34.625,34.6275,7375,D,691787
34,34.1275,7400,D,691787
33.375,33.74,7425,D,691787
32.75,33.365,7450,D,691787
32.125,32.96,7475,D,691787
32.5,32.5225,7500,D,691787
31.875,32.085,7525,D,691787
31.25,31.6475,7550,D,691787
30.625,31.21,7575,D,691787
30,30.7725,7600,D,691787
31.375,30.335,7625,D,691787
30.75,29.8975,7650,D,691787
30.125,29.46,7675,D,691787
29.5,28.975,7700,D,691787
28.875,28.475,7725,D,691787
28.25,27.975,7750,D,691787
27.625,27.475,7775,D,691787
27,26.975,7800,D,691787
26.375,26.4,7825,D,691787
25.75,25.8375,7850,D,691787
25.125,25.275,7875,D,691787
24.5,24.735,7900,D,691787
23.875,24.235,7925,D,691787
23.25,23.735,7950,D,691787
22.625,23.2375,7975,D,691787
22,22.8,8000,D,691787
22.375,22.3625,8025,D,691787
21.75,21.925,8050,D,691787
21.125,21.505,8075,D,691787
21.5,21.13,8100,D,691787
20.875,20.755,8125,D,691787
20.25,20.38,8150,D,691787
20.625,20.005,8175,D,691787
20,19.63,8200,D,691787
19.375,19.2175,8225,D,691787
18.75,18.78,8250,D,691787
19.125,18.3425,8275,D,691787
18.5,17.8825,8300,D,691787
17.875,17.3825,8325,D,691787
17.25,16.8825,8350,D,691787
16.625,16.38,8375,D,691787
16,15.8175,8400,D,691787
15.375,15.255,8425,D,691787
14.75,14.6925,8450,D,691787
14.125,14.1125,8475,D,691787
13.5,13.4875,8500,D,691787
12.875,12.8625,8525,D,691787
12.25,12.2375,8550,D,691787
11.625,11.615,8575,D,691787
11,11.0525,8600,D,691787
10.375,10.49,8625,D,691787
9.74999999999998,9.92749999999998,8650,D,691787
9.12499999999998,9.36499999999998,8675,D,691787
8.49999999999998,8.80249999999998,8700,D,691787
7.87499999999998,8.23999999999998,8725,D,691787
7.24999999999998,7.67749999999998,8750,D,691787
7.62499999999998,7.11499999999998,8775,D,691787
6.99999999999998,6.55249999999998,8800,D,691787
6.37499999999998,5.98999999999998,8825,D,691787
5.74999999999998,5.42749999999998,8850,D,691787
5.12499999999998,4.86499999999998,8875,D,691787
4.49999999999998,4.30249999999998,8900,D,691787
3.87499999999998,3.73999999999998,8925,D,691787
3.24999999999998,3.17749999999998,8950,D,691787
2.62499999999998,2.61249999999998,8975,D,691787
1.99999999999998,2.01499999999998,9000,D,691787
1.37499999999998,1.45249999999998,9025,D,691787
0.749999999999983,0.889999999999983,9050,D,691787
0.124999999999983,0.327499999999983,9075,D,691787
-0.500000000000017,-0.235000000000017,9100,D,691787
-1.12500000000002,-0.797500000000017,9125,D,691787
-1.75000000000002,-1.36000000000002,9150,D,691787
-2.37500000000002,-1.92250000000002,9175,D,691787
-2.00000000000002,-2.48500000000002,9200,D,691787
-2.62500000000002,-3.04750000000002,9225,D,691787
-3.25000000000002,-3.61000000000002,9250,D,691787
-3.87500000000002,-4.17250000000002,9275,D,691787
-4.50000000000002,-4.73500000000002,9300,D,691787
-5.12500000000002,-5.29750000000002,9325,D,691787
-5.75000000000002,-5.86000000000002,9350,D,691787
-6.37500000000002,-6.42250000000002,9375,D,691787
-7.00000000000002,-7.01250000000002,9400,D,691787
-7.62500000000002,-7.63750000000002,9425,D,691787
-8.25000000000002,-8.26250000000002,9450,D,691787
-8.87500000000002,-8.88750000000002,9475,D,691787
-9.50000000000002,-9.51250000000002,9500,D,691787
-10.125,-10.1375,9525,D,691787
-10.75,-10.7625,9550,D,691787
-11.375,-11.3875,9575,D,691787
-12,-12.0125,9600,D,691787
-12.625,-12.6375,9625,D,691787
-13.25,-13.2625,9650,D,691787
-13.875,-13.8875,9675,D,691787
-14.5,-14.5125,9700,D,691787
-15.125,-15.1375,9725,D,691787
-15.75,-15.7625,9750,D,691787
-16.375,-16.3875,9775,D,691787
-17,-17.0125,9800,D,691787
-17.625,-17.6375,9825,D,691787
-18.25,-18.2625,9850,D,691787
-18.875,-18.8875,9875,D,691787
-19.5,-19.5125,9900,D,691787
-20.125,-20.1375,9925,D,691787
-20.75,-20.7625,9950,D,691787
-21.375,-21.325,9975,D,691787
-22,-21.8875,10000,D,691787
-22.625,-22.45,10025,D,691787
-23.25,-23.0125,10050,D,691787
-23.875,-23.575,10075,D,691787
-24.5,-24.1375,10100,D,691787
-25.125,-24.7,10125,D,691787
-25.75,-25.2625,10150,D,691787
-25.375,-25.825,10175,D,691787
-26,-26.3875,10200,D,691787
-26.625,-26.95,10225,D,691787
-27.25,-27.5125,10250,D,691787
-27.875,-28.075,10275,D,691787
-28.5,-28.6375,10300,D,691787
-29.125,-29.2,10325,D,691787
-29.75,-29.705,10350,D,691787
-30.375,-30.2675,10375,D,691787
-31,-30.83,10400,D,691787
-31.625,-31.3925,10425,D,691787
-32.25,-31.955,10450,D,691787
-32.875,-32.5175,10475,D,691787
-33.5,-33.08,10500,D,691787
-34.125,-33.6425,10525,D,691787
-33.75,-34.205,10550,D,691787
-34.375,-34.7675,10575,D,691787
-35,-35.33,10600,D,691787
-35.625,-35.8925,10625,D,691787
-36.25,-36.4,10650,D,691787
-36.875,-36.9,10675,D,691787
-37.5,-37.4,10700,D,691787
-38.125,-37.9,10725,D,691787
-38.75,-38.4575,10750,D,691787
-39.375,-39.02,10775,D,691787
-40,-39.5825,10800,D,691787
-40.625,-40.145,10825,D,691787
-40.25,-40.7075,10850,D,691787
-40.875,-41.27,10875,D,691787
-41.5,-41.8325,10900,D,691787
-42.125,-42.395,10925,D,691787
-42.75,-42.9575,10950,D,691787
-43.375,-43.52,10975,D,691787
-44,-44.0825,11000,D,691787
-44.625,-44.645,11025,D,691787
-45.25,-45.2625,11050,D,691787
-45.875,-45.8875,11075,D,691787
-46.5,-46.5125,11100,D,691787
-47.125,-47.1375,11125,D,691787
-47.75,-47.7625,11150,D,691787
-48.375,-48.3875,11175,D,691787
-49,-49.0125,11200,D,691787
-49.625,-49.6375,11225,D,691787
-50.25,-50.2625,11250,D,691787
-50.875,-50.8875,11275,D,691787
-51.5,-51.5125,11300,D,691787
-52.125,-52.1375,11325,D,691787
-52.75,-52.7625,11350,D,691787
-53.375,-53.3875,11375,D,691787
-54,-54.0125,11400,D,691787
-54.625,-54.6375,11425,D,691787
-55.25,-55.2625,11450,D,691787
-55.875,-55.8875,11475,D,691787
-56.5,-56.5125,11500,D,691787
-57.125,-57.1375,11525,D,691787
-57.75,-57.7625,11550,D,691787
-58.375,-58.3875,11575,D,691787
-59,-59.0125,11600,D,691787
-59.625,-59.6375,11625,D,691787
-60.25,-60.2625,11650,D,691787
-60.875,-60.8875,11675,D,691787
-61.5,-61.5125,11700,D,691787
-62.125,-62.1375,11725,D,691787
-62.75,-62.7625,11750,D,691787
-63.375,-63.3875,11775,D,691787
-64,-64.0125,11800,D,691787
-64.625,-64.6375,11825,D,691787
-65.25,-65.2625,11850,D,691787
-65.875,-65.8875,11875,D,691787
-66.5,-66.5125,11900,D,691787
-67.125,-67.1375,11925,D,691787
-67.75,-67.7625,11950,D,691787
-68.375,-68.3875,11975,D,691787
-69,-69.0125,12000,D,691787
-69.625,-69.6375,12025,D,691787
-70.25,-70.2625,12050,D,691787
-70.875,-70.8875,12075,D,691787
-71.5,-71.5125,12100,D,691787
-72.125,-72.1375,12125,D,691787
-72.75,-72.7625,12150,D,691787
-73.375,-73.3875,12175,D,691787
-74,-74.0125,12200,D,691787
-74.625,-74.6375,12225,D,691787
-75.25,-75.2625,12250,D,691787
-75.875,-75.83,12275,D,691787
-76.5,-76.3925,12300,D,691787
-77.125,-76.955,12325,D,691787
-77.75,-77.5175,12350,D,691787
-78.375,-78.08,12375,D,691787
-79,-78.6425,12400,D,691787
-79.625,-79.205,12425,D,691787
-80.25,-79.7675,12450,D,691787
-79.875,-80.33,12475,D,691787
-80.5,-80.8925,12500,D,691787
-81.125,-81.455,12525,D,691787
-81.75,-81.995,12550,D,691787
-82.375,-82.495,12575,D,691787
-83,-82.995,12600,D,691787
-83.625,-83.495,12625,D,691787
-84.25,-83.995,12650,D,691787
-84.875,-84.5525,12675,D,691787
-85.5,-85.115,12700,D,691787
-86.125,-85.6775,12725,D,691787
-85.75,-86.24,12750,D,691787
-86.375,-86.8025,12775,D,691787
-87,-87.365,12800,D,691787
-87.625,-87.9275,12825,D,691787
-88.25,-88.49,12850,D,691787
-88.875,-89.0525,12875,D,691787
-89.5,-89.615,12900,D,691787
-90.125,-90.1775,12925,D,691787
-90.75,-90.7625,12950,D,691787
-91.375,-91.3875,12975,D,691787
-92,-92.0125,13000,D,691787
-92.625,-92.6375,13025,D,691787
-93.25,-93.2625,13050,D,691787
-93.875,-93.8875,13075,D,691787
-94.5,-94.5125,13100,D,691787
-95.125,-95.1375,13125,D,691787
-95.75,-95.7625,13150,D,691787
-96.375,-96.3875,13175,D,691787
-97,-97.0125,13200,D,691787
-97.625,-97.6375,13225,D,691787
-98.25,-98.2625,13250,D,691787
-98.875,-98.8875,13275,D,691787
-99.5,-99.5125,13300,D,691787
-100.125,-100.1375,13325,D,691787
-100.75,-100.7625,13350,D,691787
-101.375,-101.3875,13375,D,691787
-102,-102.0125,13400,D,691787
-102.625,-102.6375,13425,D,691787
-103.25,-103.2625,13450,D,691787
-103.875,-103.8875,13475,D,691787
-104.5,-104.5125,13500,D,691787
-105.125,-105.1375,13525,D,691787
-105.75,-105.7625,13550,D,691787
-106.375,-106.3875,13575,D,691787
-107,-107.0125,13600,D,691787
-107.625,-107.6375,13625,D,691787
-108.25,-108.2625,13650,D,691787
-108.875,-108.8875,13675,D,691787
-109.5,-109.5125,13700,D,691787
-110.125,-110.1375,13725,D,691787
-110.75,-110.7625,13750,D,691787
-111.375,-111.3875,13775,D,691787
-112,-112.0125,13800,D,691787
-112.625,-112.6375,13825,D,691787
-113.25,-113.2625,13850,D,691787
-113.875,-113.8875,13875,D,691787
-114.5,-114.5125,13900,D,691787
-115.125,-115.1375,13925,D,691787
-115.75,-115.7625,13950,D,691787
-116.375,-116.3875,13975,D,691787
-117,-117.0125,14000,D,691787
-117.625,-117.6375,14025,D,691787
-118.25,-118.2625,14050,D,691787
-118.875,-118.8875,14075,D,691787
-119.5,-119.5125,14100,D,691787
-120.125,-120.1375,14125,D,691787
-120.75,-120.7625,14150,D,691787
-121.375,-121.3875,14175,D,691787
-122,-122.0125,14200,D,691787
-122.625,-122.6375,14225,D,691787
-123.25,-123.2625,14250,D,691787
-123.875,-123.8875,14275,D,691787
-124.5,-124.5125,14300,D,691787
-125.125,-125.1375,14325,D,691787
-125.75,-125.7625,14350,D,691787
-126.375,-126.3875,14375,D,691787
-127,-127.0125,14400,D,691787
-127.625,-127.6375,14425,D,691787
-128.25,-128.2625,14450,D,691787
-128.875,-128.8875,14475,D,691787
-129.5,-129.5125,14500,D,691787
-130.125,-130.1375,14525,D,691787
-130.75,-130.7625,14550,D,691787
-131.375,-131.3875,14575,D,691787
-132,-132.0125,14600,D,691787
-132.625,-132.6375,14625,D,691787
-133.25,-133.2625,14650,D,691787
-133.875,-133.8875,14675,D,691787
-134.5,-134.5125,14700,D,691787
-135.125,-135.1375,14725,D,691787
-135.75,-135.7625,14750,D,691787
-136.375,-136.3875,14775,D,691787
-137,-137.0125,14800,D,691787
-137.625,-137.6375,14825,D,691787
-138.25,-138.2625,14850,D,691787
-138.875,-138.8875,14875,D,691787
-139.5,-139.5125,14900,D,691787
-140.125,-140.1375,14925,D,691787
-140.75,-140.7625,14950,D,691787
-141.375,-141.3875,14975,D,691787
-142,-142.0125,15000,D,691787
-142.625,-142.6375,15025,D,691787
-143.25,-143.2625,15050,D,691787
-143.875,-143.8875,15075,D,691787
-144.5,-144.5125,15100,D,691787
-145.125,-145.1375,15125,D,691787
-145.75,-145.7625,15150,D,691787
-146.375,-146.3875,15175,D,691787
-147,-147.0125,15200,D,691787
-147.625,-147.6375,15225,D,691787
-148.25,-148.215,15250,D,691787
-148.875,-148.7775,15275,D,691787
-149.5,-149.3,15300,D,691787
-150.125,-149.8,15325,D,691787
-150.75,-150.3,15350,D,691787
-151.375,-150.8,15375,D,691787
-152,-151.3,15400,D,691787
-152.625,-151.8,15425,D,691787
-152.25,-152.3,15450,D,691787
-152.875,-152.8,15475,D,691787
-152.5,-153.3,15500,D,691787
-153.125,-153.8,15525,D,691787
-153.75,-154.3,15550,D,691787
-154.375,-154.8,15575,D,691787
-155,-155.3,15600,D,691787
-155.625,-155.8,15625,D,691787
-156.25,-156.3475,15650,D,691787
-156.875,-156.91,15675,D,691787
-157.5,-157.5125,15700,D,691787
-158.125,-158.1375,15725,D,691787
-158.75,-158.7625,15750,D,691787
-159.375,-159.3875,15775,D,691787
-160,-160.0125,15800,D,691787
-160.625,-160.6375,15825,D,691787
-161.25,-161.2625,15850,D,691787
-161.875,-161.8875,15875,D,691787
-162.5,-162.5125,15900,D,691787
-163.125,-163.1375,15925,D,691787
-163.75,-163.7625,15950,D,691787
-164.375,-164.3875,15975,D,691787
-165,-165.0125,16000,D,691787
-165.625,-165.6375,16025,D,691787
-166.25,-166.2625,16050,D,691787
-166.875,-166.8875,16075,D,691787
-167.5,-167.5125,16100,D,691787
-168.125,-168.1375,16125,D,691787
-168.75,-168.7625,16150,D,691787
-169.375,-169.3875,16175,D,691787
-170,-169.985,16200,D,691787
-170.625,-170.5475,16225,D,691787
-171.25,-171.11,16250,D,691787
-171.875,-171.6725,16275,D,691787
-172.5,-172.235,16300,D,691787
-173.125,-172.7975,16325,D,691787
-173.75,-173.36,16350,D,691787
-174.375,-173.9225,16375,D,691787
-174,-174.485,16400,D,691787
-174.625,-175.0475,16425,D,691787
-175.25,-175.61,16450,D,691787
-175.875,-176.1725,16475,D,691787
-176.5,-176.735,16500,D,691787
-177.125,-177.2975,16525,D,691787
-177.75,-177.86,16550,D,691787
-178.375,-178.4225,16575,D,691787
-179,-179.0125,16600,D,691787
-179.625,-179.6375,16625,D,691787
-180.25,-180.2625,16650,D,691787
-180.875,-180.8525,16675,D,691787
-181.5,-181.415,16700,D,691787
-182.125,-181.95,16725,D,691787
-182.75,-182.45,16750,D,691787
-183.375,-182.95,16775,D,691787
-184,-183.45,16800,D,691787
-184.625,-183.95,16825,D,691787
-185.25,-184.45,16850,D,691787
-184.875,-184.95,16875,D,691787
-185.5,-185.45,16900,D,691787
-185.125,-185.95,16925,D,691787
-185.75,-186.4075,16950,D,691787
-186.375,-186.845,16975,D,691787
-187,-187.2825,17000,D,691787
-187.625,-187.72,17025,D,691787
-188.25,-188.1575,17050,D,691787
-188.875,-188.63,17075,D,691787
-189.5,-189.13,17100,D,691787
-190.125,-189.6575,17125,D,691787
-189.75,-190.22,17150,D,691787
-190.375,-190.7825,17175,D,691787
-191,-191.345,17200,D,691787
-191.625,-191.9075,17225,D,691787
-192.25,-192.47,17250,D,691787
-192.875,-193.0325,17275,D,691787
-193.5,-193.595,17300,D,691787
-194.125,-194.1575,17325,D,691787
-194.75,-194.7625,17350,D,691787
-195.375,-195.3875,17375,D,691787
-196,-196.0125,17400,D,691787
-196.625,-196.6375,17425,D,691787
-197.25,-197.2625,17450,D,691787
-197.875,-197.8875,17475,D,691787
-198.5,-198.5125,17500,D,691787
-199.125,-199.1375,17525,D,691787
-199.75,-199.7625,17550,D,691787
-200.375,-200.3325,17575,D,691787
-201,-200.895,17600,D,691787
-201.625,-201.4575,17625,D,691787
-202.25,-202.02,17650,D,691787
-202.875,-202.5825,17675,D,691787
-203.5,-203.145,17700,D,691787
-204.125,-203.7075,17725,D,691787
-204.75,-204.27,17750,D,691787
-204.375,-204.8325,17775,D,691787
-205,-205.395,17800,D,691787
-205.625,-205.9575,17825,D,691787
-206.25,-206.52,17850,D,691787
-206.875,-207.0825,17875,D,691787
-207.5,-207.645,17900,D,691787
-208.125,-208.2075,17925,D,691787
-208.75,-208.77,17950,D,691787
-209.375,-209.3875,17975,D,691787
-210,-210.0125,18000,D,691787
-210.625,-210.6375,18025,D,691787
-211.25,-211.2625,18050,D,691787
-211.875,-211.8875,18075,D,691787
-212.5,-212.5125,18100,D,691787
-213.125,-213.1375,18125,D,691787
-213.75,-213.7625,18150,D,691787
-214.375,-214.3875,18175,D,691787
-215,-215.0125,18200,D,691787
-215.625,-215.6375,18225,D,691787
-216.25,-216.2625,18250,D,691787
-216.875,-216.8875,18275,D,691787
-217.5,-217.5125,18300,D,691787
-218.125,-218.1375,18325,D,691787
-218.75,-218.7625,18350,D,691787
-219.375,-219.3875,18375,D,691787
-220,-220.0125,18400,D,691787
-220.625,-220.6375,18425,D,691787
-221.25,-221.2625,18450,D,691787
-221.875,-221.8875,18475,D,691787
-222.5,-222.5125,18500,D,691787
-223.125,-223.1375,18525,D,691787
-223.75,-223.7625,18550,D,691787
-224.375,-224.3875,18575,D,691787
-225,-225.0125,18600,D,691787
-225.625,-225.6375,18625,D,691787
-226.25,-226.2625,18650,D,691787
-226.875,-226.8875,18675,D,691787
-227.5,-227.5125,18700,D,691787
-228.125,-228.1375,18725,D,691787
-228.75,-228.7625,18750,D,691787
-229.375,-229.3875,18775,D,691787
-230,-230.0125,18800,D,691787
-230.625,-230.6375,18825,D,691787
-231.25,-231.2625,18850,D,691787
-231.875,-231.8875,18875,D,691787
-232.5,-232.5125,18900,D,691787
-233.125,-233.1375,18925,D,691787
-233.75,-233.7625,18950,D,691787
-234.375,-234.3875,18975,D,691787
-235,-235.0125,19000,D,691787
-235.625,-235.6375,19025,D,691787
-236.25,-236.2625,19050,D,691787
-236.875,-236.8525,19075,D,691787
-237.5,-237.415,19100,D,691787
-238.125,-237.9775,19125,D,691787
-238.75,-238.54,19150,D,691787
-239.375,-239.1025,19175,D,691787
-240,-239.665,19200,D,691787
-240.625,-240.2275,19225,D,691787
-241.25,-240.79,19250,D,691787
-240.875,-241.3525,19275,D,691787
-241.5,-241.915,19300,D,691787
-242.125,-242.4775,19325,D,691787
-242.75,-243.04,19350,D,691787
-243.375,-243.6025,19375,D,691787
-244,-244.165,19400,D,691787
-244.625,-244.7275,19425,D,691787
-245.25,-245.29,19450,D,691787
-245.875,-245.8875,19475,D,691787
-246.5,-246.5125,19500,D,691787
-247.125,-247.1375,19525,D,691787
-247.75,-247.7625,19550,D,691787
-248.375,-248.3875,19575,D,691787
-249,-249.0125,19600,D,691787
-249.625,-249.6375,19625,D,691787
-250.25,-250.2625,19650,D,691787
-250.875,-250.8875,19675,D,691787
-251.5,-251.5125,19700,D,691787
-252.125,-252.1375,19725,D,691787
-252.75,-252.7625,19750,D,691787
-253.375,-253.3875,19775,D,691787
-254,-254.0125,19800,D,691787
-254.625,-254.6375,19825,D,691787
-255.25,-255.2625,19850,D,691787
-255.875,-255.8875,19875,D,691787
-256.5,-256.5125,19900,D,691787
-257.125,-257.1375,19925,D,691787
-257.75,-257.7625,19950,D,691787
-258.375,-258.3875,19975,D,691787
-259,-259.0125,20000,D,691787
1.375,,25,D,761263
2.75,,50,D,761263
3.125,,75,D,761263
7.5,,100,D,761263
6.875,,125,D,761263
8.25,,150,D,761263
13.625,,175,D,761263
15,18.11,200,D,761263
20.375,20.7725,225,D,761263
24.75,23.605,250,D,761263
26.125,26.5025,275,D,761263
31.5,29.385,300,D,761263
31.875,32.355,325,D,761263
36.25,35.5025,350,D,761263
39.625,38.5825,375,D,761263
42,41.515,400,D,761263
44.375,44.14,425,D,761263
47.75,46.55,450,D,761263
50.125,48.805,475,D,761263
53.5,51.0325,500,D,761263
55.875,53.075,525,D,761263
58.25,55.03,550,D,761263
61.625,56.885,575,D,761263
61,58.805,600,D,761263
60.375,60.725,625,D,761263
61.75,62.4275,650,D,761263
63.125,63.9975,675,D,761263
64.5,65.3925,700,D,761263
64.875,66.6675,725,D,761263
65.25,67.805,750,D,761263
68.625,68.8575,775,D,761263
74,69.945,800,D,761263
73.375,71.1175,825,D,761263
74.75,72.365,850,D,761263
74.125,73.6875,875,D,761263
74.5,74.9025,900,D,761263
74.875,76.1575,925,D,761263
76.25,77.485,950,D,761263
76.625,78.81,975,D,761263
79,79.905,1000,D,761263
80.375,80.8425,1025,D,761263
81.75,81.7125,1050,D,761263
83.125,82.65,1075,D,761263
84.5,83.685,1100,D,761263
84.875,84.69,1125,D,761263
87.25,85.72,1150,D,761263
89.625,86.6575,1175,D,761263
89,87.49,1200,D,761263
88.375,88.255,1225,D,761263
89.75,88.895,1250,D,761263
89.125,89.3775,1275,D,761263
90.5,89.7825,1300,D,761263
91.875,90.1425,1325,D,761263
92.25,90.37,1350,D,761263
91.625,90.4375,1375,D,761263
92,90.505,1400,D,761263
91.375,90.63,1425,D,761263
90.75,90.7375,1450,D,761263
90.125,90.7375,1475,D,761263
90.5,90.7375,1500,D,761263
89.875,90.83,1525,D,761263
90.25,90.9275,1550,D,761263
89.625,91.0525,1575,D,761263
91,91.1325,1600,D,761263
90.375,91.2075,1625,D,761263
89.75,91.495,1650,D,761263
89.125,91.8075,1675,D,761263
91.5,92.1625,1700,D,761263
92.875,92.515,1725,D,761263
94.25,92.8575,1750,D,761263
93.625,93.17,1775,D,761263
93,93.435,1800,D,761263
94.375,93.7475,1825,D,761263
95.75,94.135,1850,D,761263
95.125,94.6925,1875,D,761263
95.5,95.155,1900,D,761263
95.875,95.49,1925,D,761263
95.25,95.74,1950,D,761263
94.625,95.99,1975,D,761263
95,96.24,2000,D,761263
96.375,96.4775,2025,D,761263
96.75,96.5025,2050,D,761263
98.125,96.59,2075,D,761263
97.5,96.665,2100,D,761263
97.875,96.6875,2125,D,761263
98.25,96.6875,2150,D,761263
97.625,96.6875,2175,D,761263
97,96.6675,2200,D,761263
96.375,96.665,2225,D,761263
95.75,96.64,2250,D,761263
97.125,96.4575,2275,D,761263
96.5,96.27,2300,D,761263
95.875,96.0825,2325,D,761263
95.25,95.87,2350,D,761263
94.625,95.7825,2375,D,761263
94,95.72,2400,D,761263
95.375,95.7075,2425,D,761263
95.75,95.7075,2450,D,761263
95.125,95.6425,2475,D,761263
94.5,95.58,2500,D,761263
94.875,95.5575,2525,D,761263
95.25,95.5725,2550,D,761263
96.625,95.635,2575,D,761263
96,95.7125,2600,D,761263
96.375,95.715,2625,D,761263
95.75,95.665,2650,D,761263
96.125,95.6025,2675,D,761263
95.5,95.54,2700,D,761263
95.875,95.46,2725,D,761263
96.25,95.4525,2750,D,761263
95.625,95.325,2775,D,761263
96,95.26,2800,D,761263
95.375,95.1475,2825,D,761263
94.75,95.0225,2850,D,761263
94.125,94.875,2875,D,761263
93.5,94.6875,2900,D,761263
94.875,94.46,2925,D,761263
94.25,94.195,2950,D,761263
94.625,93.9425,2975,D,761263
95,93.6775,3000,D,761263
94.375,93.365,3025,D,761263
93.75,93.0525,3050,D,761263
93.125,92.74,3075,D,761263
92.5,92.4275,3100,D,761263
91.875,92.08,3125,D,761263
91.25,91.6425,3150,D,761263
91.625,91.22,3175,D,761263
91,90.7225,3200,D,761263
90.375,90.2225,3225,D,761263
89.75,89.7225,3250,D,761263
89.125,89.2225,3275,D,761263
88.5,88.7225,3300,D,761263
87.875,88.2225,3325,D,761263
87.25,87.7225,3350,D,761263
87.625,87.1625,3375,D,761263
87,86.6,3400,D,761263
86.375,86.0375,3425,D,761263
85.75,85.475,3450,D,761263
85.125,84.945,3475,D,761263
84.5,84.445,3500,D,761263
83.875,83.9575,3525,D,761263
83.25,83.52,3550,D,761263
82.625,83.0325,3575,D,761263
82,82.565,3600,D,761263
81.375,82.1275,3625,D,761263
80.75,81.69,3650,D,761263
81.125,81.305,3675,D,761263
80.5,80.93,3700,D,761263
80.875,80.555,3725,D,761263
80.25,80.2275,3750,D,761263
79.625,79.915,3775,D,761263
80,79.6025,3800,D,761263
79.375,79.29,3825,D,761263
78.75,79.0675,3850,D,761263
79.125,78.885,3875,D,761263
78.5,78.6975,3900,D,761263
77.875,78.4975,3925,D,761263
78.25,78.2475,3950,D,761263
77.625,77.9975,3975,D,761263
77,77.74,4000,D,761263
76.375,77.5625,4025,D,761263
77.75,77.4375,4050,D,761263
78.125,77.26,4075,D,761263
77.5,77.1,4100,D,761263
76.875,76.9775,4125,D,761263
76.25,76.8675,4150,D,761263
75.625,76.7625,4175,D,761263
76,76.7,4200,D,761263
77.375,76.6425,4225,D,761263
76.75,76.5525,4250,D,761263
76.125,76.44,4275,D,761263
76.5,76.375,4300,D,761263
76.875,76.3125,4325,D,761263
76.25,76.25,4350,D,761263
76.625,76.1875,4375,D,761263
76,76.105,4400,D,761263
76.375,76.0225,4425,D,761263
75.75,75.8975,4450,D,761263
76.125,75.7725,4475,D,761263
76.5,75.62,4500,D,761263
75.875,75.43,4525,D,761263
75.25,75.2325,4550,D,761263
74.625,75.025,4575,D,761263
75,74.775,4600,D,761263
75.375,74.52,4625,D,761263
74.75,74.2075,4650,D,761263
74.125,73.8525,4675,D,761263
73.5,73.48,4700,D,761263
72.875,73.105,4725,D,761263
73.25,72.73,4750,D,761263
72.625,72.355,4775,D,761263
72,71.975,4800,D,761263
71.375,71.485,4825,D,761263
70.75,71.025,4850,D,761263
71.125,70.5875,4875,D,761263
70.5,70.1825,4900,D,761263
69.875,69.8575,4925,D,761263
69.25,69.4925,4950,D,761263
68.625,69.1725,4975,D,761263
68,68.86,5000,D,761263
67.375,68.565,5025,D,761263
67.75,68.315,5050,D,761263
67.125,68.0575,5075,D,761263
67.5,67.745,5100,D,761263
67.875,67.445,5125,D,761263
67.25,67.195,5150,D,761263
67.625,67.02,5175,D,761263
67,66.935,5200,D,761263
67.375,66.8725,5225,D,761263
66.75,66.77,5250,D,761263
66.125,66.645,5275,D,761263
65.5,66.5125,5300,D,761263
65.875,66.3375,5325,D,761263
65.25,66.15,5350,D,761263
66.625,65.9075,5375,D,761263
67,65.6575,5400,D,761263
66.375,65.39,5425,D,761263
65.75,65.0775,5450,D,761263
65.125,64.765,5475,D,761263
65.5,64.4525,5500,D,761263
64.875,64.1275,5525,D,761263
64.25,63.7675,5550,D,761263
63.625,63.4075,5575,D,761263
63,62.9925,5600,D,761263
62.375,62.555,5625,D,761263
61.75,62.1175,5650,D,761263
61.125,61.7375,5675,D,761263
60.5,61.3375,5700,D,761263
59.875,60.9,5725,D,761263
60.25,60.4625,5750,D,761263
60.625,60.0725,5775,D,761263
60,59.7225,5800,D,761263
59.375,59.41,5825,D,761263
58.75,59.0975,5850,D,761263
59.125,58.785,5875,D,761263
58.5,58.4725,5900,D,761263
57.875,58.16,5925,D,761263
57.25,57.8325,5950,D,761263
57.625,57.43,5975,D,761263
58,56.9925,6000,D,761263
57.375,56.555,6025,D,761263
56.75,56.1175,6050,D,761263
56.125,55.6225,6075,D,761263
55.5,55.1225,6100,D,761263
54.875,54.6225,6125,D,761263
54.25,54.1225,6150,D,761263
53.625,53.575,6175,D,761263
53,52.9875,6200,D,761263
52.375,52.3625,6225,D,761263
51.75,51.79,6250,D,761263
51.125,51.2275,6275,D,761263
50.5,50.665,6300,D,761263
49.875,50.165,6325,D,761263
49.25,49.665,6350,D,761263
48.625,49.165,6375,D,761263
48,48.665,6400,D,761263
47.375,48.2075,6425,D,761263
47.75,47.7725,6450,D,761263
47.125,47.3975,6475,D,761263
46.5,47.0225,6500,D,761263
46.875,46.6475,6525,D,761263
46.25,46.2725,6550,D,761263
45.625,45.8975,6575,D,761263
45,45.5225,6600,D,761263
45.375,45.1475,6625,D,761263
45.75,44.72,6650,D,761263
45.125,44.3075,6675,D,761263
44.5,43.9325,6700,D,761263
43.875,43.495,6725,D,761263
43.25,43.115,6750,D,761263
42.625,42.74,6775,D,761263
42,42.4075,6800,D,761263
41.375,42.0525,6825,D,761263
40.75,41.675,6850,D,761263
41.125,41.2375,6875,D,761263
40.5,40.8325,6900,D,761263
39.875,40.505,6925,D,761263
40.25,40.1925,6950,D,761263
39.625,39.88,6975,D,761263
40,39.5725,7000,D,761263
39.375,39.3225,7025,D,761263
38.75,39.0725,7050,D,761263
38.125,38.7975,7075,D,761263
38.5,38.485,7100,D,761263
38.875,38.1725,7125,D,761263
38.25,37.8025,7150,D,761263
37.625,37.4275,7175,D,761263
38,37.01,7200,D,761263
37.375,36.5725,7225,D,761263
36.75,36.135,7250,D,761263
36.125,35.6975,7275,D,761263
35.5,35.2275,7300,D,761263
34.875,34.68,7325,D,761263
34.25,34.1175,7350,D,761263
33.625,33.555,7375,D,761263
33,32.9875,7400,D,761263
32.375,32.3625,7425,D,761263
31.75,31.7375,7450,D,761263
31.125,31.1125,7475,D,761263
30.5,30.4875,7500,D,761263
29.875,29.8625,7525,D,761263
29.25,29.2375,7550,D,761263
28.625,28.655,7575,D,761263
28,28.0925,7600,D,761263
27.375,27.5375,7625,D,761263
26.75,27.0375,7650,D,761263
26.125,26.5375,7675,D,761263
25.5,26.0375,7700,D,761263
24.875,25.5375,7725,D,761263
24.25,25.0375,7750,D,761263
24.625,24.5375,7775,D,761263
24,24.0375,7800,D,761263
24.375,23.5675,7825,D,761263
23.75,23.13,7850,D,761263
23.125,22.6925,7875,D,761263
22.5,22.255,7900,D,761263
21.875,21.8175,7925,D,761263
21.25,21.38,7950,D,761263
20.625,20.9,7975,D,761263
20,20.4,8000,D,761263
20.375,19.8925,8025,D,761263
19.75,19.33,8050,D,761263
19.125,18.7675,8075,D,761263
18.5,18.205,8100,D,761263
17.875,17.6425,8125,D,761263
17.25,17.08,8150,D,761263
16.625,16.5175,8175,D,761263
16,15.955,8200,D,761263
15.375,15.3625,8225,D,761263
14.75,14.75,8250,D,761263
14.125,14.1875,8275,D,761263
13.5,13.6425,8300,D,761263
12.875,13.1425,8325,D,761263
12.25,12.6425,8350,D,761263
11.625,12.1425,8375,D,761263
11,11.6925,8400,D,761263
10.375,11.255,8425,D,761263
10.75,10.8175,8450,D,761263
10.125,10.38,8475,D,761263
10.5,9.94249999999998,8500,D,761263
9.87499999999998,9.50499999999998,8525,D,761263
9.24999999999998,9.06749999999998,8550,D,761263
8.62499999999998,8.62999999999998,8575,D,761263
8.99999999999998,8.19249999999998,8600,D,761263
8.37499999999998,7.75499999999998,8625,D,761263
7.74999999999998,7.30499999999998,8650,D,761263
7.12499999999998,6.80499999999998,8675,D,761263
6.49999999999998,6.28749999999998,8700,D,761263
5.87499999999998,5.72499999999998,8725,D,761263
5.24999999999998,5.16249999999998,8750,D,761263
4.62499999999998,4.59999999999998,8775,D,761263
3.99999999999998,3.98749999999998,8800,D,761263
3.37499999999998,3.36249999999998,8825,D,761263
2.74999999999998,2.73749999999998,8850,D,761263
2.12499999999998,2.17249999999998,8875,D,761263
1.49999999999998,1.60999999999998,8900,D,761263
0.874999999999983,1.04749999999998,8925,D,761263
0.249999999999983,0.484999999999983,8950,D,761263
-0.375000000000017,-0.0775000000000171,8975,D,761263
-1.00000000000002,-0.640000000000017,9000,D,761263
-1.62500000000002,-1.20250000000002,9025,D,761263
-2.25000000000002,-1.76500000000002,9050,D,761263
-1.87500000000002,-2.28500000000002,9075,D,761263
-2.50000000000002,-2.78500000000002,9100,D,761263
-3.12500000000002,-3.23500000000002,9125,D,761263
-3.75000000000002,-3.67250000000002,9150,D,761263
-4.37500000000002,-4.11000000000002,9175,D,761263
-5.00000000000002,-4.54750000000002,9200,D,761263
-5.62500000000002,-4.98500000000002,9225,D,761263
-6.25000000000002,-5.42250000000002,9250,D,761263
-5.87500000000002,-5.92000000000002,9275,D,761263
-6.50000000000002,-6.42000000000002,9300,D,761263
-6.12500000000002,-6.92000000000002,9325,D,761263
-6.75000000000002,-7.42000000000002,9350,D,761263
-7.37500000000002,-7.92000000000002,9375,D,761263
-8.00000000000002,-8.42000000000002,9400,D,761263
-8.62500000000002,-8.92000000000002,9425,D,761263
-9.25000000000002,-9.42000000000002,9450,D,761263
-9.87500000000002,-9.96250000000002,9475,D,761263
-10.5,-10.465,9500,D,761263
-11.125,-11.015,9525,D,761263
-11.75,-11.5775,9550,D,761263
-12.375,-12.14,9575,D,761263
-13,-12.7025,9600,D,761263
-13.625,-13.265,9625,D,761263
-14.25,-13.8275,9650,D,761263
-14.875,-14.39,9675,D,761263
-14.5,-14.9525,9700,D,761263
-15.125,-15.515,9725,D,761263
-15.75,-16.0775,9750,D,761263
-16.375,-16.64,9775,D,761263
-17,-17.2025,9800,D,761263
-17.625,-17.765,9825,D,761263
-18.25,-18.3275,9850,D,761263
-18.875,-18.8275,9875,D,761263
-19.5,-19.3875,9900,D,761263
-20.125,-19.95,9925,D,761263
-20.75,-20.5125,9950,D,761263
-21.375,-21.075,9975,D,761263
-22,-21.6375,10000,D,761263
-22.625,-22.2,10025,D,761263
-23.25,-22.7625,10050,D,761263
-22.875,-23.325,10075,D,761263
-23.5,-23.8875,10100,D,761263
-24.125,-24.45,10125,D,761263
-24.75,-25.0125,10150,D,761263
-25.375,-25.575,10175,D,761263
-26,-26.1375,10200,D,761263
-26.625,-26.7,10225,D,761263
-27.25,-27.2625,10250,D,761263
-27.875,-27.885,10275,D,761263
-28.5,-28.4475,10300,D,761263
-29.125,-29.01,10325,D,761263
-29.75,-29.5725,10350,D,761263
-30.375,-30.135,10375,D,761263
-31,-30.6975,10400,D,761263
-31.625,-31.26,10425,D,761263
-32.25,-31.8225,10450,D,761263
-31.875,-32.385,10475,D,761263
-32.5,-32.9475,10500,D,761263
-33.125,-33.51,10525,D,761263
-33.75,-34.0725,10550,D,761263
-34.375,-34.635,10575,D,761263
-35,-35.1975,10600,D,761263
-35.625,-35.76,10625,D,761263
-36.25,-36.3225,10650,D,761263
-36.875,-36.8875,10675,D,761263
-37.5,-37.5125,10700,D,761263
-38.125,-38.1375,10725,D,761263
-38.75,-38.7625,10750,D,761263
-39.375,-39.3875,10775,D,761263
-40,-40.0125,10800,D,761263
-40.625,-40.6375,10825,D,761263
-41.25,-41.2625,10850,D,761263
-41.875,-41.8875,10875,D,761263
-42.5,-42.5125,10900,D,761263
-43.125,-43.1375,10925,D,761263
-43.75,-43.7625,10950,D,761263
-44.375,-44.3875,10975,D,761263
-45,-45.0125,11000,D,761263
-45.625,-45.6375,11025,D,761263
-46.25,-46.2625,11050,D,761263
-46.875,-46.8875,11075,D,761263
-47.5,-47.5125,11100,D,761263
-48.125,-48.1375,11125,D,761263
-48.75,-48.7625,11150,D,761263
-49.375,-49.3875,11175,D,761263
-50,-50.0125,11200,D,761263
-50.625,-50.6375,11225,D,761263
-51.25,-51.2625,11250,D,761263
-51.875,-51.8275,11275,D,761263
-52.5,-52.39,11300,D,761263
-53.125,-52.9525,11325,D,761263
-53.75,-53.515,11350,D,761263
-54.375,-54.0775,11375,D,761263
-55,-54.64,11400,D,761263
-55.625,-55.2025,11425,D,761263
-56.25,-55.765,11450,D,761263
-55.875,-56.3275,11475,D,761263
-56.5,-56.89,11500,D,761263
-57.125,-57.4525,11525,D,761263
-57.75,-58.015,11550,D,761263
-58.375,-58.5775,11575,D,761263
-59,-59.14,11600,D,761263
-59.625,-59.7025,11625,D,761263
-60.25,-60.265,11650,D,761263
-60.875,-60.8825,11675,D,761263
-61.5,-61.445,11700,D,761263
-62.125,-62.0075,11725,D,761263
-62.75,-62.57,11750,D,761263
-63.375,-63.1325,11775,D,761263
-64,-63.695,11800,D,761263
-64.625,-64.2575,11825,D,761263
-65.25,-64.81,11850,D,761263
-64.875,-65.31,11875,D,761263
-65.5,-65.81,11900,D,761263
-66.125,-66.31,11925,D,761263
-66.75,-66.81,11950,D,761263
-67.375,-67.31,11975,D,761263
-68,-67.81,12000,D,761263
-68.625,-68.31,12025,D,761263
-68.25,-68.81,12050,D,761263
-68.875,-69.315,12075,D,761263
-69.5,-69.8775,12100,D,761263
-70.125,-70.44,12125,D,761263
-70.75,-70.9525,12150,D,761263
-71.375,-71.4525,12175,D,761263
-72,-71.9525,12200,D,761263
-72.625,-72.4525,12225,D,761263
-73.25,-72.9625,12250,D,761263
-73.875,-73.525,12275,D,761263
-74.5,-74.0875,12300,D,761263
-75.125,-74.65,12325,D,761263
-74.75,-75.2125,12350,D,761263
-75.375,-75.775,12375,D,761263
-76,-76.3375,12400,D,761263
-76.625,-76.9,12425,D,761263
-77.25,-77.4625,12450,D,761263
-77.875,-78.025,12475,D,761263
-78.5,-78.5875,12500,D,761263
-79.125,-79.15,12525,D,761263
-79.75,-79.7625,12550,D,761263
-80.375,-80.3875,12575,D,761263
-81,-81.0125,12600,D,761263
-81.625,-81.6375,12625,D,761263
-82.25,-82.2625,12650,D,761263
-82.875,-82.8875,12675,D,761263
-83.5,-83.5125,12700,D,761263
-84.125,-84.1375,12725,D,761263
-84.75,-84.7625,12750,D,761263
-85.375,-85.3875,12775,D,761263
-86,-86.0125,12800,D,761263
-86.625,-86.6375,12825,D,761263
-87.25,-87.2625,12850,D,761263
-87.875,-87.8875,12875,D,761263
-88.5,-88.5125,12900,D,761263
-89.125,-89.1375,12925,D,761263
-89.75,-89.7625,12950,D,761263
-90.375,-90.3875,12975,D,761263
-91,-91.0125,13000,D,761263
-91.625,-91.6375,13025,D,761263
-92.25,-92.2625,13050,D,761263
-92.875,-92.8875,13075,D,761263
-93.5,-93.5125,13100,D,761263
-94.125,-94.1375,13125,D,761263
-94.75,-94.7625,13150,D,761263
-95.375,-95.3875,13175,D,761263
-96,-96.0125,13200,D,761263
-96.625,-96.5875,13225,D,761263
-97.25,-97.15,13250,D,761263
-97.875,-97.7125,13275,D,761263
-98.5,-98.275,13300,D,761263
-99.125,-98.8375,13325,D,761263
-99.75,-99.4,13350,D,761263
-100.375,-99.9625,13375,D,761263
-101,-100.4775,13400,D,761263
-100.625,-100.9775,13425,D,761263
-101.25,-101.4775,13450,D,761263
-101.875,-101.9775,13475,D,761263
-102.5,-102.4775,13500,D,761263
-103.125,-102.9775,13525,D,761263
-103.75,-103.4775,13550,D,761263
-104.375,-103.9775,13575,D,761263
-104,-104.4775,13600,D,761263
-104.625,-105.0275,13625,D,761263
-105.25,-105.59,13650,D,761263
-105.875,-106.1525,13675,D,761263
-106.5,-106.715,13700,D,761263
-107.125,-107.2775,13725,D,761263
-107.75,-107.84,13750,D,761263
-108.375,-108.4025,13775,D,761263
-109,-109.0125,13800,D,761263
-109.625,-109.6375,13825,D,761263
-110.25,-110.2625,13850,D,761263
-110.875,-110.8875,13875,D,761263
-111.5,-111.5125,13900,D,761263
-112.125,-112.1,13925,D,761263
-112.75,-112.6625,13950,D,761263
-113.375,-113.225,13975,D,761263
-114,-113.7875,14000,D,761263
-114.625,-114.35,14025,D,761263
-115.25,-114.9125,14050,D,761263
-115.875,-115.475,14075,D,761263
-116.5,-116.0375,14100,D,761263
-116.125,-116.6,14125,D,761263
-116.75,-117.1625,14150,D,761263
-117.375,-117.725,14175,D,761263
-118,-118.2875,14200,D,761263
-118.625,-118.85,14225,D,761263
-119.25,-119.4125,14250,D,761263
-119.875,-119.975,14275,D,761263
-120.5,-120.5375,14300,D,761263
-121.125,-121.1375,14325,D,761263
-121.75,-121.7625,14350,D,761263
-122.375,-122.3875,14375,D,761263
-123,-123.0125,14400,D,761263
-123.625,-123.6375,14425,D,761263
-124.25,-124.2625,14450,D,761263
-124.875,-124.8875,14475,D,761263
-125.5,-125.5125,14500,D,761263
-126.125,-126.1375,14525,D,761263
-126.75,-126.7625,14550,D,761263
-127.375,-127.3875,14575,D,761263
-128,-128.0125,14600,D,761263
-128.625,-128.6375,14625,D,761263
-129.25,-129.2625,14650,D,761263
-129.875,-129.8875,14675,D,761263
-130.5,-130.5125,14700,D,761263
-131.125,-131.1375,14725,D,761263
-131.75,-131.7625,14750,D,761263
-132.375,-132.3875,14775,D,761263
-133,-133.0125,14800,D,761263
-133.625,-133.6375,14825,D,761263
-134.25,-134.2625,14850,D,761263
-134.875,-134.8875,14875,D,761263
-135.5,-135.5125,14900,D,761263
-136.125,-136.1375,14925,D,761263
-136.75,-136.7625,14950,D,761263
-137.375,-137.3875,14975,D,761263
-138,-138.0125,15000,D,761263
-138.625,-138.6375,15025,D,761263
-139.25,-139.2625,15050,D,761263
-139.875,-139.8875,15075,D,761263
-140.5,-140.5125,15100,D,761263
-141.125,-141.1375,15125,D,761263
-141.75,-141.7625,15150,D,761263
-142.375,-142.3875,15175,D,761263
-143,-143.0125,15200,D,761263
-143.625,-143.6375,15225,D,761263
-144.25,-144.2625,15250,D,761263
-144.875,-144.8875,15275,D,761263
-145.5,-145.5125,15300,D,761263
-146.125,-146.1375,15325,D,761263
-146.75,-146.7625,15350,D,761263
-147.375,-147.3875,15375,D,761263
-148,-148.0125,15400,D,761263
-148.625,-148.6375,15425,D,761263
-149.25,-149.25,15450,D,761263
-149.875,-149.8125,15475,D,761263
-150.5,-150.375,15500,D,761263
-151.125,-150.9375,15525,D,761263
-151.75,-151.5,15550,D,761263
-152.375,-152.0625,15575,D,761263
-153,-152.625,15600,D,761263
-153.625,-153.1875,15625,D,761263
-153.25,-153.75,15650,D,761263
-153.875,-154.3125,15675,D,761263
-154.5,-154.875,15700,D,761263
-155.125,-155.4375,15725,D,761263
-155.75,-156,15750,D,761263
-156.375,-156.5625,15775,D,761263
-157,-157.125,15800,D,761263
-157.625,-157.6875,15825,D,761263
-158.25,-158.2625,15850,D,761263
-158.875,-158.8875,15875,D,761263
-159.5,-159.5125,15900,D,761263
-160.125,-160.1375,15925,D,761263
-160.75,-160.7625,15950,D,761263
-161.375,-161.3875,15975,D,761263
-162,-162.0125,16000,D,761263
-162.625,-162.6375,16025,D,761263
-163.25,-163.2625,16050,D,761263
-163.875,-163.8875,16075,D,761263
-164.5,-164.5125,16100,D,761263
-165.125,-165.1375,16125,D,761263
-165.75,-165.7625,16150,D,761263
-166.375,-166.3875,16175,D,761263
-167,-167.0125,16200,D,761263
-167.625,-167.6375,16225,D,761263
-168.25,-168.2625,16250,D,761263
-168.875,-168.8875,16275,D,761263
-169.5,-169.5125,16300,D,761263
-170.125,-170.1375,16325,D,761263
-170.75,-170.7625,16350,D,761263
-171.375,-171.3875,16375,D,761263
-172,-172.0125,16400,D,761263
-172.625,-172.6375,16425,D,761263
-173.25,-173.2625,16450,D,761263
-173.875,-173.8875,16475,D,761263
-174.5,-174.5125,16500,D,761263
-175.125,-175.1375,16525,D,761263
-175.75,-175.7625,16550,D,761263
-176.375,-176.3875,16575,D,761263
-177,-177.0125,16600,D,761263
-177.625,-177.6375,16625,D,761263
-178.25,-178.2625,16650,D,761263
-178.875,-178.8875,16675,D,761263
-179.5,-179.5125,16700,D,761263
-180.125,-180.1375,16725,D,761263
-180.75,-180.7625,16750,D,761263
-181.375,-181.3875,16775,D,761263
-182,-182.0125,16800,D,761263
-182.625,-182.6375,16825,D,761263
-183.25,-183.2625,16850,D,761263
-183.875,-183.8875,16875,D,761263
-184.5,-184.5125,16900,D,761263
-185.125,-185.1375,16925,D,761263
-185.75,-185.7625,16950,D,761263
-186.375,-186.3875,16975,D,761263
-187,-187.0125,17000,D,761263
-187.625,-187.6375,17025,D,761263
-188.25,-188.2625,17050,D,761263
-188.875,-188.8875,17075,D,761263
-189.5,-189.5125,17100,D,761263
-190.125,-190.1375,17125,D,761263
-190.75,-190.7625,17150,D,761263
-191.375,-191.3675,17175,D,761263
-192,-191.93,17200,D,761263
-192.625,-192.4925,17225,D,761263
-193.25,-193.055,17250,D,761263
-193.875,-193.6175,17275,D,761263
-194.5,-194.18,17300,D,761263
-195.125,-194.7425,17325,D,761263
-195.75,-195.305,17350,D,761263
-195.375,-195.8675,17375,D,761263
-196,-196.43,17400,D,761263
-196.625,-196.9925,17425,D,761263
-197.25,-197.555,17450,D,761263
-197.875,-198.1175,17475,D,761263
-198.5,-198.68,17500,D,761263
-199.125,-199.2425,17525,D,761263
-199.75,-199.805,17550,D,761263
-200.375,-200.3875,17575,D,761263
-201,-201.0125,17600,D,761263
-201.625,-201.6375,17625,D,761263
-202.25,-202.2625,17650,D,761263
-202.875,-202.8875,17675,D,761263
-203.5,-203.5125,17700,D,761263
-204.125,-204.1375,17725,D,761263
-204.75,-204.7625,17750,D,761263
-205.375,-205.3875,17775,D,761263
-206,-206.0125,17800,D,761263
-206.625,-206.6375,17825,D,761263
-207.25,-207.2625,17850,D,761263
-207.875,-207.8875,17875,D,761263
-208.5,-208.5125,17900,D,761263
-209.125,-209.1375,17925,D,761263
-209.75,-209.7625,17950,D,761263
-210.375,-210.3875,17975,D,761263
-211,-211.0125,18000,D,761263
-211.625,-211.6375,18025,D,761263
-212.25,-212.2125,18050,D,761263
-212.875,-212.775,18075,D,761263
-213.5,-213.3375,18100,D,761263
-214.125,-213.9,18125,D,761263
-214.75,-214.4625,18150,D,761263
-215.375,-215.025,18175,D,761263
-216,-215.5875,18200,D,761263
-216.625,-216.15,18225,D,761263
-216.25,-216.7125,18250,D,761263
-216.875,-217.275,18275,D,761263
-217.5,-217.8375,18300,D,761263
-218.125,-218.4,18325,D,761263
-218.75,-218.9625,18350,D,761263
-219.375,-219.525,18375,D,761263
-220,-220.0875,18400,D,761263
-220.625,-220.65,18425,D,761263
-221.25,-221.2625,18450,D,761263
-221.875,-221.8875,18475,D,761263
-222.5,-222.5125,18500,D,761263
-223.125,-223.1375,18525,D,761263
-223.75,-223.7625,18550,D,761263
-224.375,-224.3875,18575,D,761263
-225,-225.0125,18600,D,761263
-225.625,-225.6375,18625,D,761263
-226.25,-226.2625,18650,D,761263
-226.875,-226.8875,18675,D,761263
-227.5,-227.5125,18700,D,761263
-228.125,-228.1375,18725,D,761263
-228.75,-228.7625,18750,D,761263
-229.375,-229.3875,18775,D,761263
-230,-230.0125,18800,D,761263
-230.625,-230.6375,18825,D,761263
-231.25,-231.2625,18850,D,761263
-231.875,-231.8875,18875,D,761263
-232.5,-232.5125,18900,D,761263
-233.125,-233.1375,18925,D,761263
-233.75,-233.7625,18950,D,761263
-234.375,-234.3875,18975,D,761263
-235,-235.0125,19000,D,761263
-235.625,-235.6375,19025,D,761263
-236.25,-236.2625,19050,D,761263
-236.875,-236.8875,19075,D,761263
-237.5,-237.5125,19100,D,761263
-238.125,-238.1375,19125,D,761263
-238.75,-238.7625,19150,D,761263
-239.375,-239.3875,19175,D,761263
-240,-240.0125,19200,D,761263
-240.625,-240.6375,19225,D,761263
-241.25,-241.2625,19250,D,761263
-241.875,-241.8875,19275,D,761263
-242.5,-242.5125,19300,D,761263
-243.125,-243.1375,19325,D,761263
-243.75,-243.7625,19350,D,761263
-244.375,-244.3875,19375,D,761263
-245,-245.0125,19400,D,761263
-245.625,-245.6375,19425,D,761263
-246.25,-246.2625,19450,D,761263
-246.875,-246.8875,19475,D,761263
-247.5,-247.5125,19500,D,761263
-248.125,-248.1375,19525,D,761263
-248.75,-248.7625,19550,D,761263
-249.375,-249.3875,19575,D,761263
-250,-250.0125,19600,D,761263
-250.625,-250.6375,19625,D,761263
-251.25,-251.2625,19650,D,761263
-251.875,-251.8875,19675,D,761263
-252.5,-252.5125,19700,D,761263
-253.125,-253.1375,19725,D,761263
-253.75,-253.7625,19750,D,761263
-254.375,-254.3875,19775,D,761263
-255,-255.0125,19800,D,761263
-255.625,-255.6375,19825,D,761263
-256.25,-256.2625,19850,D,761263
-256.875,-256.8875,19875,D,761263
-257.5,-257.5125,19900,D,761263
-258.125,-258.1375,19925,D,761263
-258.75,-258.7625,19950,D,761263
-259.375,-259.3875,19975,D,761263
-260,-260.0125,20000,D,761263
2.375,,25,D,778567
2.75,,50,D,778567
5.125,,75,D,778567
8.5,,100,D,778567
12.875,,125,D,778567
14.25,,150,D,778567
18.625,,175,D,778567
23,23.2975,200,D,778567
25.375,26.1975,225,D,778567
30.75,29.2125,250,D,778567
34.125,32.28,275,D,778567
39.5,35.265,300,D,778567
40.875,38.22,325,D,778567
43.25,41.1525,350,D,778567
44.625,44.155,375,D,778567
47,46.8625,400,D,778567
49.375,49.49,425,D,778567
51.75,51.9375,450,D,778567
53.125,54.3925,475,D,778567
57.5,56.57,500,D,778567
58.875,58.6125,525,D,778567
64.25,60.6525,550,D,778567
63.625,62.7475,575,D,778567
66,64.6825,600,D,778567
67.375,66.6325,625,D,778567
68.75,68.6,650,D,778567
73.125,70.45,675,D,778567
72.5,72.155,700,D,778567
72.875,73.635,725,D,778567
75.25,74.8925,750,D,778567
77.625,76.0125,775,D,778567
78,77.1525,800,D,778567
82.375,78.2775,825,D,778567
82.75,79.325,850,D,778567
82.125,80.17,875,D,778567
81.5,80.9925,900,D,778567
81.875,81.8275,925,D,778567
81.25,82.625,950,D,778567
81.625,83.2625,975,D,778567
83,84.0275,1000,D,778567
84.375,84.6675,1025,D,778567
84.75,85.1625,1050,D,778567
86.125,85.675,1075,D,778567
86.5,86.245,1100,D,778567
86.875,86.8625,1125,D,778567
87.25,87.52,1150,D,778567
87.625,88.2225,1175,D,778567
90,88.87,1200,D,778567
90.375,89.42,1225,D,778567
89.75,89.94,1250,D,778567
91.125,90.4125,1275,D,778567
91.5,90.84,1300,D,778567
91.875,91.195,1325,D,778567
93.25,91.5975,1350,D,778567
93.625,91.9525,1375,D,778567
93,92.1675,1400,D,778567
93.375,92.35,1425,D,778567
92.75,92.515,1450,D,778567
93.125,92.69,1475,D,778567
92.5,92.8075,1500,D,778567
91.875,92.8625,1525,D,778567
93.25,92.945,1550,D,778567
92.625,92.9975,1575,D,778567
93,93.0025,1600,D,778567
92.375,93.0575,1625,D,778567
93.75,93.0575,1650,D,778567
93.125,93.0675,1675,D,778567
92.5,93.195,1700,D,778567
92.875,93.44,1725,D,778567
94.25,93.6475,1750,D,778567
93.625,93.8375,1775,D,778567
94,94.155,1800,D,778567
93.375,94.5925,1825,D,778567
92.75,94.99,1850,D,778567
94.125,95.3025,1875,D,778567
95.5,95.615,1900,D,778567
95.875,95.8825,1925,D,778567
96.25,96.11,1950,D,778567
96.625,96.355,1975,D,778567
100,96.6225,2000,D,778567
99.375,96.8725,2025,D,778567
98.75,97.1225,2050,D,778567
98.125,97.3575,2075,D,778567
97.5,97.48,2100,D,778567
96.875,97.485,2125,D,778567
97.25,97.435,2150,D,778567
97.625,97.37,2175,D,778567
98,97.13,2200,D,778567
97.375,96.8125,2225,D,778567
96.75,96.5,2250,D,778567
97.125,96.2425,2275,D,778567
96.5,95.9925,2300,D,778567
95.875,95.7425,2325,D,778567
95.25,95.4775,2350,D,778567
94.625,95.17,2375,D,778567
94,94.835,2400,D,778567
94.375,94.5025,2425,D,778567
93.75,94.245,2450,D,778567
94.125,93.9625,2475,D,778567
93.5,93.65,2500,D,778567
92.875,93.38,2525,D,778567
93.25,93.13,2550,D,778567
92.625,92.92,2575,D,778567
92,92.7625,2600,D,778567
92.375,92.5975,2625,D,778567
92.75,92.5225,2650,D,778567
92.125,92.405,2675,D,778567
91.5,92.28,2700,D,778567
91.875,92.1725,2725,D,778567
91.25,92.095,2750,D,778567
91.625,92.0425,2775,D,778567
92,92.085,2800,D,778567
92.375,92.105,2825,D,778567
92.75,92.07,2850,D,778567
92.125,92.1325,2875,D,778567
91.5,92.2175,2900,D,778567
91.875,92.3,2925,D,778567
91.25,92.3625,2950,D,778567
92.625,92.385,2975,D,778567
93,92.3725,3000,D,778567
92.375,92.355,3025,D,778567
93.75,92.2425,3050,D,778567
93.125,92.1175,3075,D,778567
93.5,92.0525,3100,D,778567
92.875,91.9725,3125,D,778567
92.25,91.8475,3150,D,778567
91.625,91.65,3175,D,778567
92,91.3575,3200,D,778567
91.375,91.045,3225,D,778567
90.75,90.7125,3250,D,778567
90.125,90.275,3275,D,778567
90.5,89.8375,3300,D,778567
89.875,89.4,3325,D,778567
89.25,88.9625,3350,D,778567
88.625,88.525,3375,D,778567
88,88.07,3400,D,778567
87.375,87.57,3425,D,778567
86.75,87.07,3450,D,778567
86.125,86.5975,3475,D,778567
86.5,86.1,3500,D,778567
85.875,85.6,3525,D,778567
85.25,85.1,3550,D,778567
84.625,84.6,3575,D,778567
84,84.1,3600,D,778567
83.375,83.6,3625,D,778567
82.75,83.195,3650,D,778567
83.125,82.8825,3675,D,778567
82.5,82.6025,3700,D,778567
81.875,82.3225,3725,D,778567
81.25,82.0725,3750,D,778567
80.625,81.8625,3775,D,778567
80,81.7,3800,D,778567
79.375,81.575,3825,D,778567
81.75,81.45,3850,D,778567
81.125,81.3,3875,D,778567
81.5,81.175,3900,D,778567
81.875,81.05,3925,D,778567
81.25,80.925,3950,D,778567
81.625,80.8,3975,D,778567
82,80.675,4000,D,778567
81.375,80.55,4025,D,778567
80.75,80.33,4050,D,778567
81.125,80.0175,4075,D,778567
80.5,79.6525,4100,D,778567
79.875,79.33,4125,D,778567
79.25,79.0175,4150,D,778567
78.625,78.665,4175,D,778567
78,78.265,4200,D,778567
77.375,77.8275,4225,D,778567
76.75,77.39,4250,D,778567
76.125,76.95,4275,D,778567
76.5,76.45,4300,D,778567
76.875,75.95,4325,D,778567
76.25,75.4975,4350,D,778567
75.625,75.06,4375,D,778567
75,74.725,4400,D,778567
74.375,74.4475,4425,D,778567
73.75,74.1975,4450,D,778567
73.125,73.9475,4475,D,778567
72.5,73.695,4500,D,778567
71.875,73.4075,4525,D,778567
72.25,73.1575,4550,D,778567
71.625,73.0125,4575,D,778567
73,72.99,4600,D,778567
73.375,72.99,4625,D,778567
72.75,72.99,4650,D,778567
72.125,73.0475,4675,D,778567
71.5,73.11,4700,D,778567
71.875,73.23,4725,D,778567
73.25,73.3625,4750,D,778567
73.625,73.4875,4775,D,778567
75,73.51,4800,D,778567
74.375,73.475,4825,D,778567
73.75,73.4625,4850,D,778567
74.125,73.4625,4875,D,778567
73.5,73.475,4900,D,778567
73.875,73.49,4925,D,778567
74.25,73.4275,4950,D,778567
73.625,73.26,4975,D,778567
73,72.97,5000,D,778567
72.375,72.6575,5025,D,778567
72.75,72.4,5050,D,778567
72.125,72.105,5075,D,778567
72.5,71.89,5100,D,778567
71.875,71.7075,5125,D,778567
71.25,71.465,5150,D,778567
70.625,71.215,5175,D,778567
70,70.965,5200,D,778567
69.375,70.715,5225,D,778567
69.75,70.47,5250,D,778567
70.125,70.22,5275,D,778567
70.5,69.9575,5300,D,778567
70.875,69.645,5325,D,778567
70.25,69.3325,5350,D,778567
69.625,69.02,5375,D,778567
69,68.7075,5400,D,778567
68.375,68.395,5425,D,778567
68.75,68.0275,5450,D,778567
68.125,67.64,5475,D,778567
67.5,67.1675,5500,D,778567
66.875,66.605,5525,D,778567
66.25,66.0975,5550,D,778567
65.625,65.5975,5575,D,778567
65,65.0975,5600,D,778567
64.375,64.5975,5625,D,778567
63.75,64.0425,5650,D,778567
63.125,63.48,5675,D,778567
62.5,62.9175,5700,D,778567
61.875,62.355,5725,D,778567
62.25,61.7925,5750,D,778567
61.625,61.23,5775,D,778567
61,60.6675,5800,D,778567
60.375,60.105,5825,D,778567
59.75,59.5425,5850,D,778567
59.125,58.98,5875,D,778567
58.5,58.4175,5900,D,778567
57.875,57.855,5925,D,778567
57.25,57.2375,5950,D,778567
56.625,56.67,5975,D,778567
56,56.1075,6000,D,778567
55.375,55.545,6025,D,778567
54.75,54.9825,6050,D,778567
54.125,54.44,6075,D,778567
53.5,53.94,6100,D,778567
52.875,53.495,6125,D,778567
52.25,53.0575,6150,D,778567
52.625,52.63,6175,D,778567
52,52.255,6200,D,778567
51.375,51.8825,6225,D,778567
50.75,51.57,6250,D,778567
51.125,51.28,6275,D,778567
50.5,51.03,6300,D,778567
50.875,50.78,6325,D,778567
50.25,50.53,6350,D,778567
50.625,50.2225,6375,D,778567
50,49.91,6400,D,778567
50.375,49.5975,6425,D,778567
49.75,49.285,6450,D,778567
50.125,48.9525,6475,D,778567
49.5,48.5775,6500,D,778567
48.875,48.1975,6525,D,778567
48.25,47.8225,6550,D,778567
47.625,47.495,6575,D,778567
47,47.12,6600,D,778567
46.375,46.7425,6625,D,778567
45.75,46.305,6650,D,778567
45.125,45.845,6675,D,778567
44.5,45.345,6700,D,778567
44.875,44.845,6725,D,778567
44.25,44.365,6750,D,778567
44.625,43.9275,6775,D,778567
44,43.49,6800,D,778567
43.375,43.0525,6825,D,778567
42.75,42.68,6850,D,778567
42.125,42.3675,6875,D,778567
41.5,42.055,6900,D,778567
40.875,41.6925,6925,D,778567
41.25,41.3175,6950,D,778567
40.625,40.885,6975,D,778567
40,40.4475,7000,D,778567
39.375,40.01,7025,D,778567
40.75,39.5725,7050,D,778567
40.125,39.135,7075,D,778567
39.5,38.7475,7100,D,778567
38.875,38.3875,7125,D,778567
38.25,38.055,7150,D,778567
37.625,37.68,7175,D,778567
37,37.365,7200,D,778567
36.375,37.0525,7225,D,778567
35.75,36.675,7250,D,778567
35.125,36.2375,7275,D,778567
35.5,35.8,7300,D,778567
35.875,35.3625,7325,D,778567
35.25,34.925,7350,D,778567
34.625,34.4875,7375,D,778567
35,34.05,7400,D,778567
34.375,33.6125,7425,D,778567
33.75,33.175,7450,D,778567
33.125,32.7375,7475,D,778567
32.5,32.25,7500,D,778567
31.875,31.735,7525,D,778567
31.25,31.1725,7550,D,778567
30.625,30.61,7575,D,778567
30,29.9875,7600,D,778567
29.375,29.3625,7625,D,778567
28.75,28.7375,7650,D,778567
28.125,28.1125,7675,D,778567
27.5,27.4875,7700,D,778567
26.875,26.8625,7725,D,778567
26.25,26.2375,7750,D,778567
25.625,25.6125,7775,D,778567
25,24.9875,7800,D,778567
24.375,24.3625,7825,D,778567
23.75,23.7375,7850,D,778567
23.125,23.1125,7875,D,778567
22.5,22.4875,7900,D,778567
21.875,21.8625,7925,D,778567
21.25,21.285,7950,D,778567
20.625,20.7575,7975,D,778567
20,20.2575,8000,D,778567
19.375,19.7575,8025,D,778567
18.75,19.2575,8050,D,778567
18.125,18.7575,8075,D,778567
17.5,18.2575,8100,D,778567
16.875,17.7575,8125,D,778567
17.25,17.2575,8150,D,778567
17.625,16.7575,8175,D,778567
17,16.2925,8200,D,778567
16.375,15.855,8225,D,778567
15.75,15.4175,8250,D,778567
15.125,14.98,8275,D,778567
14.5,14.5425,8300,D,778567
13.875,14.105,8325,D,778567
13.25,13.62,8350,D,778567
12.625,13.085,8375,D,778567
13,12.5225,8400,D,778567
12.375,11.96,8425,D,778567
11.75,11.3975,8450,D,778567
11.125,10.835,8475,D,778567
10.5,10.2725,8500,D,778567
9.87499999999998,9.70999999999998,8525,D,778567
9.24999999999998,9.14749999999998,8550,D,778567
8.62499999999998,8.58499999999998,8575,D,778567
7.99999999999998,7.98749999999998,8600,D,778567
7.37499999999998,7.36249999999998,8625,D,778567
6.74999999999998,6.73749999999998,8650,D,778567
6.12499999999998,6.11249999999998,8675,D,778567
5.49999999999998,5.51249999999998,8700,D,778567
4.87499999999998,4.94999999999998,8725,D,778567
4.24999999999998,4.38749999999998,8750,D,778567
3.62499999999998,3.82499999999998,8775,D,778567
2.99999999999998,3.26249999999998,8800,D,778567
2.37499999999998,2.69999999999998,8825,D,778567
1.74999999999998,2.13749999999998,8850,D,778567
1.12499999999998,1.59749999999998,8875,D,778567
1.49999999999998,1.09749999999998,8900,D,778567
0.874999999999983,0.597499999999983,8925,D,778567
0.249999999999983,0.0974999999999829,8950,D,778567
-0.375000000000017,-0.402500000000017,8975,D,778567
-1.00000000000002,-0.902500000000017,9000,D,778567
-1.62500000000002,-1.40250000000002,9025,D,778567
-2.25000000000002,-1.90250000000002,9050,D,778567
-1.87500000000002,-2.40250000000002,9075,D,778567
-2.50000000000002,-2.92750000000002,9100,D,778567
-3.12500000000002,-3.49000000000002,9125,D,778567
-3.75000000000002,-4.05250000000002,9150,D,778567
-4.37500000000002,-4.61500000000002,9175,D,778567
-5.00000000000002,-5.17750000000002,9200,D,778567
-5.62500000000002,-5.74000000000002,9225,D,778567
-6.25000000000002,-6.25500000000002,9250,D,778567
-6.87500000000002,-6.77750000000002,9275,D,778567
-7.50000000000002,-7.34000000000002,9300,D,778567
-8.12500000000002,-7.90250000000002,9325,D,778567
-8.75000000000002,-8.46500000000002,9350,D,778567
-9.37500000000002,-9.02750000000002,9375,D,778567
-10,-9.59000000000002,9400,D,778567
-10.625,-10.1525,9425,D,778567
-10.25,-10.715,9450,D,778567
-10.875,-11.2775,9475,D,778567
-11.5,-11.84,9500,D,778567
-12.125,-12.4025,9525,D,778567
-12.75,-12.9425,9550,D,778567
-13.375,-13.4425,9575,D,778567
-14,-13.9425,9600,D,778567
-14.625,-14.4425,9625,D,778567
-15.25,-14.99,9650,D,778567
-15.875,-15.5525,9675,D,778567
-16.5,-16.115,9700,D,778567
-17.125,-16.6775,9725,D,778567
-16.75,-17.24,9750,D,778567
-17.375,-17.8025,9775,D,778567
-18,-18.365,9800,D,778567
-18.625,-18.9275,9825,D,778567
-19.25,-19.49,9850,D,778567
-19.875,-20.0525,9875,D,778567
-20.5,-20.615,9900,D,778567
-21.125,-21.1775,9925,D,778567
-21.75,-21.7625,9950,D,778567
-22.375,-22.3875,9975,D,778567
-23,-23.0125,10000,D,778567
-23.625,-23.6375,10025,D,778567
-24.25,-24.2625,10050,D,778567
-24.875,-24.8875,10075,D,778567
-25.5,-25.5125,10100,D,778567
-26.125,-26.1375,10125,D,778567
-26.75,-26.7625,10150,D,778567
-27.375,-27.3875,10175,D,778567
-28,-28.0125,10200,D,778567
-28.625,-28.6375,10225,D,778567
-29.25,-29.2625,10250,D,778567
-29.875,-29.8875,10275,D,778567
-30.5,-30.5125,10300,D,778567
-31.125,-31.1375,10325,D,778567
-31.75,-31.7625,10350,D,778567
-32.375,-32.3875,10375,D,778567
-33,-33.0125,10400,D,778567
-33.625,-33.6375,10425,D,778567
-34.25,-34.2625,10450,D,778567
-34.875,-34.8875,10475,D,778567
-35.5,-35.5125,10500,D,778567
-36.125,-36.08,10525,D,778567
-36.75,-36.6425,10550,D,778567
-37.375,-37.205,10575,D,778567
-38,-37.7675,10600,D,778567
-38.625,-38.33,10625,D,778567
-39.25,-38.8925,10650,D,778567
-39.875,-39.455,10675,D,778567
-40.5,-40.0175,10700,D,778567
-40.125,-40.58,10725,D,778567
-40.75,-41.1425,10750,D,778567
-41.375,-41.705,10775,D,778567
-42,-42.2675,10800,D,778567
-42.625,-42.83,10825,D,778567
-43.25,-43.3325,10850,D,778567
-43.875,-43.8325,10875,D,778567
-44.5,-44.3325,10900,D,778567
-45.125,-44.89,10925,D,778567
-45.75,-45.4525,10950,D,778567
-46.375,-46.015,10975,D,778567
-47,-46.5775,11000,D,778567
-47.625,-47.14,11025,D,778567
-47.25,-47.7025,11050,D,778567
-47.875,-48.265,11075,D,778567
-48.5,-48.8275,11100,D,778567
-49.125,-49.39,11125,D,778567
-49.75,-49.9525,11150,D,778567
-50.375,-50.515,11175,D,778567
-51,-51.06,11200,D,778567
-51.625,-51.56,11225,D,778567
-52.25,-52.12,11250,D,778567
-52.875,-52.6825,11275,D,778567
-53.5,-53.245,11300,D,778567
-54.125,-53.8075,11325,D,778567
-54.75,-54.37,11350,D,778567
-55.375,-54.9325,11375,D,778567
-55,-55.495,11400,D,778567
-55.625,-56.0575,11425,D,778567
-56.25,-56.62,11450,D,778567
-56.875,-57.1825,11475,D,778567
-57.5,-57.745,11500,D,778567
-58.125,-58.3075,11525,D,778567
-58.75,-58.87,11550,D,778567
-59.375,-59.4325,11575,D,778567
-60,-60.0125,11600,D,778567
-60.625,-60.6375,11625,D,778567
-61.25,-61.2625,11650,D,778567
-61.875,-61.8875,11675,D,778567
-62.5,-62.5125,11700,D,778567
-63.125,-63.1375,11725,D,778567
-63.75,-63.7625,11750,D,778567
-64.375,-64.3875,11775,D,778567
-65,-65.0125,11800,D,778567
-65.625,-65.6375,11825,D,778567
-66.25,-66.2625,11850,D,778567
-66.875,-66.8875,11875,D,778567
-67.5,-67.5125,11900,D,778567
-68.125,-68.1375,11925,D,778567
-68.75,-68.7625,11950,D,778567
-69.375,-69.3875,11975,D,778567
-70,-70.0125,12000,D,778567
-70.625,-70.6375,12025,D,778567
-71.25,-71.2625,12050,D,778567
-71.875,-71.87,12075,D,778567
-72.5,-72.4325,12100,D,778567
-73.125,-72.995,12125,D,778567
-73.75,-73.5125,12150,D,778567
-74.375,-73.97,12175,D,778567
-75,-74.4075,12200,D,778567
-75.625,-74.8175,12225,D,778567
-76.25,-75.1925,12250,D,778567
-75.875,-75.5675,12275,D,778567
-76.5,-75.9425,12300,D,778567
-77.125,-76.3175,12325,D,778567
-76.75,-76.6925,12350,D,778567
-76.375,-77.0675,12375,D,778567
-77,-77.4425,12400,D,778567
-76.625,-77.8175,12425,D,778567
-77.25,-78.1925,12450,D,778567
-77.875,-78.585,12475,D,778567
-78.5,-79.0225,12500,D,778567
-79.125,-79.46,12525,D,778567
-79.75,-79.9425,12550,D,778567
-80.375,-80.485,12575,D,778567
-81,-81.0475,12600,D,778567
-81.625,-81.6375,12625,D,778567
-82.25,-82.2625,12650,D,778567
-82.875,-82.8875,12675,D,778567
-83.5,-83.5125,12700,D,778567
-84.125,-84.1375,12725,D,778567
-84.75,-84.7625,12750,D,778567
-85.375,-85.3875,12775,D,778567
-86,-86.0125,12800,D,778567
-86.625,-86.6375,12825,D,778567
-87.25,-87.2625,12850,D,778567
-87.875,-87.8875,12875,D,778567
-88.5,-88.5125,12900,D,778567
-89.125,-89.1375,12925,D,778567
-89.75,-89.7625,12950,D,778567
-90.375,-90.3875,12975,D,778567
-91,-91.0125,13000,D,778567
-91.625,-91.6375,13025,D,778567
-92.25,-92.2625,13050,D,778567
-92.875,-92.8875,13075,D,778567
-93.5,-93.5125,13100,D,778567
-94.125,-94.1375,13125,D,778567
-94.75,-94.7625,13150,D,778567
-95.375,-95.3875,13175,D,778567
-96,-96.0125,13200,D,778567
-96.625,-96.6375,13225,D,778567
-97.25,-97.2625,13250,D,778567
-97.875,-97.8875,13275,D,778567
-98.5,-98.5125,13300,D,778567
-99.125,-99.1375,13325,D,778567
-99.75,-99.7625,13350,D,778567
-100.375,-100.3875,13375,D,778567
-101,-101.0125,13400,D,778567
-101.625,-101.6375,13425,D,778567
-102.25,-102.2625,13450,D,778567
-102.875,-102.8875,13475,D,778567
-103.5,-103.5125,13500,D,778567
-104.125,-104.1375,13525,D,778567
-104.75,-104.7625,13550,D,778567
-105.375,-105.3875,13575,D,778567
-106,-106.0125,13600,D,778567
-106.625,-106.6375,13625,D,778567
-107.25,-107.2625,13650,D,778567
-107.875,-107.8875,13675,D,778567
-108.5,-108.5125,13700,D,778567
-109.125,-109.1375,13725,D,778567
-109.75,-109.7425,13750,D,778567
-110.375,-110.305,13775,D,778567
-111,-110.8675,13800,D,778567
-111.625,-111.43,13825,D,778567
-112.25,-111.9925,13850,D,778567
-112.875,-112.555,13875,D,778567
-113.5,-113.1175,13900,D,778567
-114.125,-113.68,13925,D,778567
-113.75,-114.2425,13950,D,778567
-114.375,-114.805,13975,D,778567
-115,-115.3675,14000,D,778567
-115.625,-115.93,14025,D,778567
-116.25,-116.4425,14050,D,778567
-116.875,-116.9425,14075,D,778567
-117.5,-117.4425,14100,D,778567
-118.125,-117.9425,14125,D,778567
-118.75,-118.405,14150,D,778567
-119.375,-118.905,14175,D,778567
-120,-119.405,14200,D,778567
-120.625,-119.905,14225,D,778567
-120.25,-120.405,14250,D,778567
-120.875,-120.905,14275,D,778567
-121.5,-121.405,14300,D,778567
-122.125,-121.905,14325,D,778567
-121.75,-122.405,14350,D,778567
-122.375,-122.905,14375,D,778567
-123,-123.405,14400,D,778567
-123.625,-123.905,14425,D,778567
-124.25,-124.455,14450,D,778567
-124.875,-125.0175,14475,D,778567
-125.5,-125.58,14500,D,778567
-126.125,-126.1425,14525,D,778567
-126.75,-126.7625,14550,D,778567
-127.375,-127.3875,14575,D,778567
-128,-128.0125,14600,D,778567
-128.625,-128.6375,14625,D,778567
-129.25,-129.2625,14650,D,778567
-129.875,-129.8875,14675,D,778567
-130.5,-130.5125,14700,D,778567
-131.125,-131.1375,14725,D,778567
-131.75,-131.7625,14750,D,778567
-132.375,-132.3875,14775,D,778567
-133,-133.0125,14800,D,778567
-133.625,-133.6375,14825,D,778567
-134.25,-134.2625,14850,D,778567
-134.875,-134.8875,14875,D,778567
-135.5,-135.5125,14900,D,778567
-136.125,-136.1375,14925,D,778567
-136.75,-136.7625,14950,D,778567
-137.375,-137.3875,14975,D,778567
-138,-138.0125,15000,D,778567
-138.625,-138.6375,15025,D,778567
-139.25,-139.2625,15050,D,778567
-139.875,-139.8875,15075,D,778567
-140.5,-140.5125,15100,D,778567
-141.125,-141.1375,15125,D,778567
-141.75,-141.7625,15150,D,778567
-142.375,-142.3875,15175,D,778567
-143,-143.0125,15200,D,778567
-143.625,-143.6375,15225,D,778567
-144.25,-144.2625,15250,D,778567
-144.875,-144.8875,15275,D,778567
-145.5,-145.5125,15300,D,778567
-146.125,-146.1375,15325,D,778567
-146.75,-146.7625,15350,D,778567
-147.375,-147.3875,15375,D,778567
-148,-148.0125,15400,D,778567
-148.625,-148.6375,15425,D,778567
-149.25,-149.2625,15450,D,778567
-149.875,-149.8875,15475,D,778567
-150.5,-150.5125,15500,D,778567
-151.125,-151.1375,15525,D,778567
-151.75,-151.7625,15550,D,778567
-152.375,-152.3875,15575,D,778567
-153,-153.0125,15600,D,778567
-153.625,-153.6375,15625,D,778567
-154.25,-154.2625,15650,D,778567
-154.875,-154.8875,15675,D,778567
-155.5,-155.5125,15700,D,778567
-156.125,-156.1375,15725,D,778567
-156.75,-156.7625,15750,D,778567
-157.375,-157.3875,15775,D,778567
-158,-158.0125,15800,D,778567
-158.625,-158.6375,15825,D,778567
-159.25,-159.2625,15850,D,778567
-159.875,-159.8875,15875,D,778567
-160.5,-160.5125,15900,D,778567
-161.125,-161.1375,15925,D,778567
-161.75,-161.7625,15950,D,778567
-162.375,-162.3875,15975,D,778567
-163,-163.0125,16000,D,778567
-163.625,-163.6375,16025,D,778567
-164.25,-164.2625,16050,D,778567
-164.875,-164.8875,16075,D,778567
-165.5,-165.5125,16100,D,778567
-166.125,-166.1375,16125,D,778567
-166.75,-166.7625,16150,D,778567
-167.375,-167.3875,16175,D,778567
-168,-168.0125,16200,D,778567
-168.625,-168.6375,16225,D,778567
-169.25,-169.2625,16250,D,778567
-169.875,-169.8875,16275,D,778567
-170.5,-170.5125,16300,D,778567
-171.125,-171.1375,16325,D,778567
-171.75,-171.7625,16350,D,778567
-172.375,-172.3875,16375,D,778567
-173,-173.0125,16400,D,778567
-173.625,-173.6375,16425,D,778567
-174.25,-174.2625,16450,D,778567
-174.875,-174.8875,16475,D,778567
-175.5,-175.5125,16500,D,778567
-176.125,-176.1375,16525,D,778567
-176.75,-176.7625,16550,D,778567
-177.375,-177.3875,16575,D,778567
-178,-178.0125,16600,D,778567
-178.625,-178.6375,16625,D,778567
-179.25,-179.2625,16650,D,778567
-179.875,-179.8875,16675,D,778567
-180.5,-180.5125,16700,D,778567
-181.125,-181.1375,16725,D,778567
-181.75,-181.7625,16750,D,778567
-182.375,-182.3875,16775,D,778567
-183,-183.0125,16800,D,778567
-183.625,-183.6375,16825,D,778567
-184.25,-184.2625,16850,D,778567
-184.875,-184.8875,16875,D,778567
-185.5,-185.5125,16900,D,778567
-186.125,-186.1375,16925,D,778567
-186.75,-186.7625,16950,D,778567
-187.375,-187.3875,16975,D,778567
-188,-188.0125,17000,D,778567
-188.625,-188.6375,17025,D,778567
-189.25,-189.2625,17050,D,778567
-189.875,-189.8875,17075,D,778567
-190.5,-190.5125,17100,D,778567
-191.125,-191.1375,17125,D,778567
-191.75,-191.7625,17150,D,778567
-192.375,-192.3875,17175,D,778567
-193,-193.0125,17200,D,778567
-193.625,-193.6375,17225,D,778567
-194.25,-194.2625,17250,D,778567
-194.875,-194.8875,17275,D,778567
-195.5,-195.5125,17300,D,778567
-196.125,-196.095,17325,D,778567
-196.75,-196.6575,17350,D,778567
-197.375,-197.22,17375,D,778567
-198,-197.7825,17400,D,778567
-198.625,-198.345,17425,D,778567
-199.25,-198.9075,17450,D,778567
-199.875,-199.47,17475,D,778567
-200.5,-200.0325,17500,D,778567
-200.125,-200.595,17525,D,778567
-200.75,-201.1575,17550,D,778567
-201.375,-201.72,17575,D,778567
-202,-202.2825,17600,D,778567
-202.625,-202.845,17625,D,778567
-203.25,-203.4075,17650,D,778567
-203.875,-203.97,17675,D,778567
-204.5,-204.5325,17700,D,778567
-205.125,-205.1375,17725,D,778567
-205.75,-205.7625,17750,D,778567
-206.375,-206.3875,17775,D,778567
-207,-207.0125,17800,D,778567
-207.625,-207.6375,17825,D,778567
-208.25,-208.2625,17850,D,778567
-208.875,-208.8875,17875,D,778567
-209.5,-209.5125,17900,D,778567
-210.125,-210.1375,17925,D,778567
-210.75,-210.7625,17950,D,778567
-211.375,-211.3875,17975,D,778567
-212,-212.0125,18000,D,778567
-212.625,-212.6375,18025,D,778567
-213.25,-213.2625,18050,D,778567
-213.875,-213.8875,18075,D,778567
-214.5,-214.4975,18100,D,778567
-215.125,-215.06,18125,D,778567
-215.75,-215.6225,18150,D,778567
-216.375,-216.185,18175,D,778567
-217,-216.7475,18200,D,778567
-217.625,-217.31,18225,D,778567
-218.25,-217.8725,18250,D,778567
-218.875,-218.435,18275,D,778567
-218.5,-218.9975,18300,D,778567
-219.125,-219.5225,18325,D,778567
-219.75,-220.0225,18350,D,778567
-220.375,-220.5225,18375,D,778567
-221,-221.0225,18400,D,778567
-221.625,-221.5225,18425,D,778567
-222.25,-222.0225,18450,D,778567
-222.875,-222.5225,18475,D,778567
-223.5,-223.0375,18500,D,778567
-223.125,-223.6,18525,D,778567
-223.75,-224.1625,18550,D,778567
-224.375,-224.725,18575,D,778567
-225,-225.2875,18600,D,778567
-225.625,-225.85,18625,D,778567
-226.25,-226.4125,18650,D,778567
-226.875,-226.975,18675,D,778567
-227.5,-227.5375,18700,D,778567
-228.125,-228.1375,18725,D,778567
-228.75,-228.7625,18750,D,778567
-229.375,-229.3875,18775,D,778567
-230,-230.0125,18800,D,778567
-230.625,-230.6375,18825,D,778567
-231.25,-231.2625,18850,D,778567
-231.875,-231.8875,18875,D,778567
-232.5,-232.5125,18900,D,778567
-233.125,-233.1375,18925,D,778567
-233.75,-233.705,18950,D,778567
-234.375,-234.2675,18975,D,778567
-235,-234.83,19000,D,778567
-235.625,-235.3925,19025,D,778567
-236.25,-235.955,19050,D,778567
-236.875,-236.5175,19075,D,778567
-237.5,-237.08,19100,D,778567
-238.125,-237.6425,19125,D,778567
-237.75,-238.205,19150,D,778567
-238.375,-238.7675,19175,D,778567
-239,-239.33,19200,D,778567
-239.625,-239.8925,19225,D,778567
-240.25,-240.455,19250,D,778567
-240.875,-241.0175,19275,D,778567
-241.5,-241.58,19300,D,778567
-242.125,-242.1425,19325,D,778567
-242.75,-242.7625,19350,D,778567
-243.375,-243.3875,19375,D,778567
-244,-244.0125,19400,D,778567
-244.625,-244.6375,19425,D,778567
-245.25,-245.2625,19450,D,778567
-245.875,-245.8875,19475,D,778567
-246.5,-246.5125,19500,D,778567
-247.125,-247.1375,19525,D,778567
-247.75,-247.7625,19550,D,778567
-248.375,-248.3875,19575,D,778567
-249,-249.0125,19600,D,778567
-249.625,-249.6375,19625,D,778567
-250.25,-250.2625,19650,D,778567
-250.875,-250.8875,19675,D,778567
-251.5,-251.5125,19700,D,778567
-252.125,-252.0975,19725,D,778567
-252.75,-252.66,19750,D,778567
-253.375,-253.2225,19775,D,778567
-254,-253.785,19800,D,778567
-254.625,-254.3475,19825,D,778567
-255.25,-254.91,19850,D,778567
-255.875,-255.4725,19875,D,778567
-256.5,-256.035,19900,D,778567
-256.125,-256.5975,19925,D,778567
-256.75,-257.16,19950,D,778567
-257.375,-257.7225,19975,D,778567
-258,-258.285,20000,D,778567
2.375,,25,D,801137
3.75,,50,D,801137
9.125,,75,D,801137
8.5,,100,D,801137
12.875,,125,D,801137
14.25,,150,D,801137
18.625,,175,D,801137
22,22.6725,200,D,801137
25.375,25.4875,225,D,801137
27.75,28.5075,250,D,801137
33.125,31.46,275,D,801137
36.5,34.36,300,D,801137
39.875,37.18,325,D,801137
41.25,40.0925,350,D,801137
41.625,42.885,375,D,801137
46,45.55,400,D,801137
49.375,48.1825,425,D,801137
52.75,50.6475,450,D,801137
53.125,52.89,475,D,801137
56.5,54.8475,500,D,801137
56.875,56.7175,525,D,801137
61.25,58.51,550,D,801137
62.625,60.4075,575,D,801137
64,62.2775,600,D,801137
66.375,63.9775,625,D,801137
66.75,65.42,650,D,801137
66.125,66.7775,675,D,801137
67.5,68.0475,700,D,801137
69.875,69.3725,725,D,801137
70.25,70.5325,750,D,801137
72.625,71.6175,775,D,801137
74,72.665,800,D,801137
74.375,73.62,825,D,801137
74.75,74.54,850,D,801137
75.125,75.54,875,D,801137
77.5,76.505,900,D,801137
77.875,77.42,925,D,801137
79.25,78.295,950,D,801137
79.625,79.1475,975,D,801137
80,80.0625,1000,D,801137
81.375,80.995,1025,D,801137
81.75,81.955,1050,D,801137
82.125,82.8525,1075,D,801137
82.5,83.72,1100,D,801137
83.875,84.5875,1125,D,801137
84.25,85.39,1150,D,801137
86.625,86.1425,1175,D,801137
89,87.025,1200,D,801137
89.375,87.835,1225,D,801137
89.75,88.6425,1250,D,801137
89.125,89.3875,1275,D,801137
90.5,90.1425,1300,D,801137
91.875,90.8675,1325,D,801137
91.25,91.475,1350,D,801137
92.625,91.9375,1375,D,801137
94,92.2675,1400,D,801137
94.375,92.595,1425,D,801137
93.75,92.86,1450,D,801137
94.125,93.135,1475,D,801137
94.5,93.4575,1500,D,801137
93.875,93.635,1525,D,801137
93.25,93.8225,1550,D,801137
92.625,94.045,1575,D,801137
95,94.19,1600,D,801137
94.375,94.365,1625,D,801137
93.75,94.515,1650,D,801137
94.125,94.76,1675,D,801137
94.5,94.995,1700,D,801137
94.875,95.215,1725,D,801137
94.25,95.5025,1750,D,801137
95.625,95.815,1775,D,801137
96,96.125,1800,D,801137
96.375,96.3125,1825,D,801137
96.75,96.5325,1850,D,801137
98.125,96.82,1875,D,801137
97.5,97.025,1900,D,801137
97.875,97.27,1925,D,801137
98.25,97.4575,1950,D,801137
97.625,97.5575,1975,D,801137
98,97.5825,2000,D,801137
97.375,97.5675,2025,D,801137
98.75,97.605,2050,D,801137
98.125,97.545,2075,D,801137
98.5,97.555,2100,D,801137
97.875,97.585,2125,D,801137
97.25,97.5475,2150,D,801137
96.625,97.4925,2175,D,801137
96,97.45,2200,D,801137
97.375,97.3875,2225,D,801137
96.75,97.355,2250,D,801137
98.125,97.325,2275,D,801137
98.5,97.3225,2300,D,801137
97.875,97.2975,2325,D,801137
97.25,97.2975,2350,D,801137
97.625,97.2975,2375,D,801137
97,97.395,2400,D,801137
96.375,97.4775,2425,D,801137
96.75,97.5325,2450,D,801137
98.125,97.54,2475,D,801137
97.5,97.4675,2500,D,801137
97.875,97.4025,2525,D,801137
97.25,97.375,2550,D,801137
96.625,97.3675,2575,D,801137
98,97.305,2600,D,801137
97.375,97.2425,2625,D,801137
97.75,97.1725,2650,D,801137
97.125,97.015,2675,D,801137
96.5,96.8275,2700,D,801137
96.875,96.6475,2725,D,801137
97.25,96.475,2750,D,801137
96.625,96.35,2775,D,801137
96,96.185,2800,D,801137
95.375,95.9975,2825,D,801137
95.75,95.755,2850,D,801137
95.125,95.505,2875,D,801137
94.5,95.255,2900,D,801137
94.875,94.9475,2925,D,801137
95.25,94.6675,2950,D,801137
94.625,94.4175,2975,D,801137
95,94.1675,3000,D,801137
94.375,93.9175,3025,D,801137
93.75,93.6125,3050,D,801137
93.125,93.3575,3075,D,801137
92.5,93.1075,3100,D,801137
92.875,92.8125,3125,D,801137
93.25,92.485,3150,D,801137
92.625,92.12,3175,D,801137
92,91.75,3200,D,801137
91.375,91.375,3225,D,801137
90.75,91.04,3250,D,801137
91.125,90.7275,3275,D,801137
90.5,90.415,3300,D,801137
89.875,90.1,3325,D,801137
89.25,89.7525,3350,D,801137
89.625,89.3775,3375,D,801137
89,89.0025,3400,D,801137
88.375,88.6275,3425,D,801137
88.75,88.2525,3450,D,801137
88.125,87.82,3475,D,801137
87.5,87.3825,3500,D,801137
86.875,86.945,3525,D,801137
87.25,86.5075,3550,D,801137
86.625,86.06,3575,D,801137
86,85.615,3600,D,801137
85.375,85.275,3625,D,801137
84.75,85.0425,3650,D,801137
84.125,84.82,3675,D,801137
83.5,84.6825,3700,D,801137
82.875,84.5575,3725,D,801137
82.25,84.4,3750,D,801137
81.625,84.2125,3775,D,801137
83,84.025,3800,D,801137
84.375,83.8375,3825,D,801137
84.75,83.65,3850,D,801137
85.125,83.4625,3875,D,801137
85.5,83.3125,3900,D,801137
84.875,83.1875,3925,D,801137
84.25,83.0625,3950,D,801137
83.625,82.9925,3975,D,801137
83,82.92,4000,D,801137
82.375,82.86,4025,D,801137
81.75,82.6775,4050,D,801137
81.125,82.4625,4075,D,801137
81.5,82.1625,4100,D,801137
80.875,81.91,4125,D,801137
80.25,81.695,4150,D,801137
80.625,81.5075,4175,D,801137
82,81.32,4200,D,801137
82.375,81.1325,4225,D,801137
81.75,80.9475,4250,D,801137
81.125,80.8225,4275,D,801137
80.5,80.66,4300,D,801137
80.875,80.4725,4325,D,801137
81.25,80.285,4350,D,801137
80.625,80.0425,4375,D,801137
80,79.7575,4400,D,801137
79.375,79.4075,4425,D,801137
79.75,79.0325,4450,D,801137
79.125,78.6575,4475,D,801137
78.5,78.2825,4500,D,801137
77.875,77.8475,4525,D,801137
77.25,77.375,4550,D,801137
76.625,76.875,4575,D,801137
77,76.42,4600,D,801137
76.375,75.9825,4625,D,801137
75.75,75.5425,4650,D,801137
75.125,75.1025,4675,D,801137
74.5,74.665,4700,D,801137
73.875,74.2375,4725,D,801137
73.25,73.92,4750,D,801137
72.625,73.6575,4775,D,801137
73,73.3975,4800,D,801137
72.375,73.085,4825,D,801137
71.75,72.7725,4850,D,801137
72.125,72.46,4875,D,801137
71.5,72.1475,4900,D,801137
71.875,71.835,4925,D,801137
72.25,71.5225,4950,D,801137
72.625,71.2525,4975,D,801137
72,70.9575,5000,D,801137
71.375,70.65,5025,D,801137
70.75,70.435,5050,D,801137
70.125,70.1875,5075,D,801137
69.5,69.9375,5100,D,801137
68.875,69.6775,5125,D,801137
68.25,69.34,5150,D,801137
68.625,68.9775,5175,D,801137
68,68.6025,5200,D,801137
68.375,68.2275,5225,D,801137
68.75,67.8525,5250,D,801137
68.125,67.4775,5275,D,801137
67.5,67.1025,5300,D,801137
66.875,66.7275,5325,D,801137
67.25,66.3525,5350,D,801137
66.625,65.935,5375,D,801137
66,65.4975,5400,D,801137
65.375,65.055,5425,D,801137
64.75,64.52,5450,D,801137
64.125,63.9575,5475,D,801137
63.5,63.395,5500,D,801137
62.875,62.8775,5525,D,801137
62.25,62.345,5550,D,801137
61.625,61.7825,5575,D,801137
61,61.22,5600,D,801137
60.375,60.6575,5625,D,801137
59.75,60.095,5650,D,801137
59.125,59.5325,5675,D,801137
58.5,58.97,5700,D,801137
58.875,58.4075,5725,D,801137
58.25,57.845,5750,D,801137
57.625,57.2825,5775,D,801137
57,56.72,5800,D,801137
56.375,56.1875,5825,D,801137
55.75,55.6875,5850,D,801137
55.125,55.1875,5875,D,801137
54.5,54.6875,5900,D,801137
53.875,54.1425,5925,D,801137
53.25,53.58,5950,D,801137
52.625,53.0175,5975,D,801137
52,52.455,6000,D,801137
52.375,51.8925,6025,D,801137
51.75,51.33,6050,D,801137
51.125,50.7675,6075,D,801137
50.5,50.235,6100,D,801137
49.875,49.735,6125,D,801137
49.25,49.235,6150,D,801137
48.625,48.8,6175,D,801137
48,48.425,6200,D,801137
47.375,48.065,6225,D,801137
46.75,47.69,6250,D,801137
46.125,47.315,6275,D,801137
46.5,46.995,6300,D,801137
45.875,46.6825,6325,D,801137
45.25,46.37,6350,D,801137
46.625,46.0575,6375,D,801137
46,45.7475,6400,D,801137
46.375,45.4975,6425,D,801137
45.75,45.2475,6450,D,801137
45.125,44.9975,6475,D,801137
45.5,44.7725,6500,D,801137
44.875,44.5225,6525,D,801137
44.25,44.2825,6550,D,801137
43.625,44.03,6575,D,801137
44,43.7725,6600,D,801137
43.375,43.535,6625,D,801137
42.75,43.345,6650,D,801137
42.125,43.1575,6675,D,801137
42.5,42.95,6700,D,801137
41.875,42.7625,6725,D,801137
42.25,42.575,6750,D,801137
41.625,42.3875,6775,D,801137
42,42.1975,6800,D,801137
42.375,41.9475,6825,D,801137
42.75,41.6975,6850,D,801137
42.125,41.495,6875,D,801137
42.5,41.2525,6900,D,801137
41.875,41.0025,6925,D,801137
41.25,40.7425,6950,D,801137
40.625,40.43,6975,D,801137
40,40.0625,7000,D,801137
39.375,39.63,7025,D,801137
38.75,39.1325,7050,D,801137
39.125,38.6325,7075,D,801137
38.5,38.0975,7100,D,801137
37.875,37.535,7125,D,801137
37.25,36.9725,7150,D,801137
36.625,36.41,7175,D,801137
36,35.8475,7200,D,801137
35.375,35.285,7225,D,801137
34.75,34.7225,7250,D,801137
34.125,34.15,7275,D,801137
33.5,33.5875,7300,D,801137
32.875,33.025,7325,D,801137
32.25,32.4625,7350,D,801137
31.625,31.9,7375,D,801137
31,31.3375,7400,D,801137
30.375,30.815,7425,D,801137
29.75,30.315,7450,D,801137
30.125,29.815,7475,D,801137
29.5,29.315,7500,D,801137
28.875,28.815,7525,D,801137
28.25,28.315,7550,D,801137
27.625,27.815,7575,D,801137
27,27.315,7600,D,801137
27.375,26.84,7625,D,801137
26.75,26.4275,7650,D,801137
26.125,26.015,7675,D,801137
25.5,25.5775,7700,D,801137
24.875,25.165,7725,D,801137
24.25,24.79,7750,D,801137
23.625,24.415,7775,D,801137
23,24.04,7800,D,801137
23.375,23.625,7825,D,801137
23.75,23.1875,7850,D,801137
23.125,22.75,7875,D,801137
22.5,22.365,7900,D,801137
22.875,21.99,7925,D,801137
22.25,21.615,7950,D,801137
21.625,21.24,7975,D,801137
21,20.865,8000,D,801137
20.375,20.465,8025,D,801137
19.75,20.0025,8050,D,801137
19.125,19.5025,8075,D,801137
19.5,19.0025,8100,D,801137
18.875,18.4775,8125,D,801137
18.25,17.915,8150,D,801137
17.625,17.3525,8175,D,801137
17,16.79,8200,D,801137
16.375,16.25,8225,D,801137
15.75,15.75,8250,D,801137
15.125,15.25,8275,D,801137
14.5,14.6975,8300,D,801137
13.875,14.135,8325,D,801137
13.25,13.5725,8350,D,801137
12.625,13.01,8375,D,801137
12,12.4475,8400,D,801137
12.375,11.885,8425,D,801137
11.75,11.3225,8450,D,801137
11.125,10.76,8475,D,801137
10.5,10.1975,8500,D,801137
9.87499999999998,9.63499999999998,8525,D,801137
9.24999999999998,9.07249999999998,8550,D,801137
8.62499999999998,8.50999999999998,8575,D,801137
7.99999999999998,7.94749999999998,8600,D,801137
7.37499999999998,7.36249999999998,8625,D,801137
6.74999999999998,6.73749999999998,8650,D,801137
6.12499999999998,6.11249999999998,8675,D,801137
5.49999999999998,5.48749999999998,8700,D,801137
4.87499999999998,4.88999999999998,8725,D,801137
4.24999999999998,4.32749999999998,8750,D,801137
3.62499999999998,3.76499999999998,8775,D,801137
2.99999999999998,3.20249999999998,8800,D,801137
2.37499999999998,2.63999999999998,8825,D,801137
1.74999999999998,2.07749999999998,8850,D,801137
1.12499999999998,1.51499999999998,8875,D,801137
0.499999999999983,0.952499999999983,8900,D,801137
0.874999999999983,0.389999999999983,8925,D,801137
0.249999999999983,-0.172500000000017,8950,D,801137
-0.375000000000017,-0.735000000000017,8975,D,801137
-1.00000000000002,-1.29750000000002,9000,D,801137
-1.62500000000002,-1.86000000000002,9025,D,801137
-2.25000000000002,-2.38750000000002,9050,D,801137
-2.87500000000002,-2.88750000000002,9075,D,801137
-3.50000000000002,-3.38750000000002,9100,D,801137
-4.12500000000002,-3.91500000000002,9125,D,801137
-4.75000000000002,-4.47750000000002,9150,D,801137
-5.37500000000002,-5.04000000000002,9175,D,801137
-6.00000000000002,-5.60250000000002,9200,D,801137
-6.62500000000002,-6.16500000000002,9225,D,801137
-6.25000000000002,-6.72750000000002,9250,D,801137
-6.87500000000002,-7.29000000000002,9275,D,801137
-7.50000000000002,-7.85250000000002,9300,D,801137
-8.12500000000002,-8.41500000000002,9325,D,801137
-8.75000000000002,-8.97750000000002,9350,D,801137
-9.37500000000002,-9.54000000000002,9375,D,801137
-10,-10.1025,9400,D,801137
-10.625,-10.665,9425,D,801137
-11.25,-11.2625,9450,D,801137
-11.875,-11.8875,9475,D,801137
-12.5,-12.5125,9500,D,801137
-13.125,-13.1375,9525,D,801137
-13.75,-13.7625,9550,D,801137
-14.375,-14.3875,9575,D,801137
-15,-15.0125,9600,D,801137
-15.625,-15.6375,9625,D,801137
-16.25,-16.2625,9650,D,801137
-16.875,-16.8875,9675,D,801137
-17.5,-17.5125,9700,D,801137
-18.125,-18.085,9725,D,801137
-18.75,-18.6475,9750,D,801137
-19.375,-19.21,9775,D,801137
-20,-19.7725,9800,D,801137
-20.625,-20.275,9825,D,801137
-21.25,-20.775,9850,D,801137
-21.875,-21.275,9875,D,801137
-22.5,-21.775,9900,D,801137
-22.125,-22.275,9925,D,801137
-22.75,-22.775,9950,D,801137
-23.375,-23.2425,9975,D,801137
-24,-23.68,10000,D,801137
-23.625,-24.1175,10025,D,801137
-24.25,-24.555,10050,D,801137
-24.875,-24.9925,10075,D,801137
-25.5,-25.43,10100,D,801137
-26.125,-25.92,10125,D,801137
-26.75,-26.42,10150,D,801137
-26.375,-26.92,10175,D,801137
-27,-27.42,10200,D,801137
-27.625,-27.98,10225,D,801137
-28.25,-28.5425,10250,D,801137
-28.875,-29.105,10275,D,801137
-29.5,-29.6675,10300,D,801137
-30.125,-30.23,10325,D,801137
-30.75,-30.7925,10350,D,801137
-31.375,-31.3875,10375,D,801137
-32,-32.0125,10400,D,801137
-32.625,-32.6375,10425,D,801137
-33.25,-33.2625,10450,D,801137
-33.875,-33.8875,10475,D,801137
-34.5,-34.5125,10500,D,801137
-35.125,-35.1375,10525,D,801137
-35.75,-35.7625,10550,D,801137
-36.375,-36.3875,10575,D,801137
-37,-37.0125,10600,D,801137
-37.625,-37.6375,10625,D,801137
-38.25,-38.2625,10650,D,801137
-38.875,-38.8875,10675,D,801137
-39.5,-39.5125,10700,D,801137
-40.125,-40.1375,10725,D,801137
-40.75,-40.7625,10750,D,801137
-41.375,-41.3875,10775,D,801137
-42,-42.0125,10800,D,801137
-42.625,-42.6375,10825,D,801137
-43.25,-43.2625,10850,D,801137
-43.875,-43.8875,10875,D,801137
-44.5,-44.5125,10900,D,801137
-45.125,-45.1375,10925,D,801137
-45.75,-45.7375,10950,D,801137
-46.375,-46.3,10975,D,801137
-47,-46.8475,11000,D,801137
-47.625,-47.3475,11025,D,801137
-48.25,-47.8475,11050,D,801137
-48.875,-48.3475,11075,D,801137
-49.5,-48.8475,11100,D,801137
-50.125,-49.3475,11125,D,801137
-49.75,-49.8475,11150,D,801137
-50.375,-50.3475,11175,D,801137
-50,-50.8475,11200,D,801137
-50.625,-51.3475,11225,D,801137
-51.25,-51.8475,11250,D,801137
-51.875,-52.3475,11275,D,801137
-52.5,-52.8475,11300,D,801137
-53.125,-53.3475,11325,D,801137
-53.75,-53.8725,11350,D,801137
-54.375,-54.435,11375,D,801137
-55,-55.0125,11400,D,801137
-55.625,-55.6375,11425,D,801137
-56.25,-56.2625,11450,D,801137
-56.875,-56.8875,11475,D,801137
-57.5,-57.5125,11500,D,801137
-58.125,-58.1375,11525,D,801137
-58.75,-58.7625,11550,D,801137
-59.375,-59.3875,11575,D,801137
-60,-60.0125,11600,D,801137
-60.625,-60.6375,11625,D,801137
-61.25,-61.2025,11650,D,801137
-61.875,-61.765,11675,D,801137
-62.5,-62.3275,11700,D,801137
-63.125,-62.89,11725,D,801137
-63.75,-63.4525,11750,D,801137
-64.375,-64.015,11775,D,801137
-65,-64.5775,11800,D,801137
-65.625,-65.14,11825,D,801137
-65.25,-65.7025,11850,D,801137
-65.875,-66.265,11875,D,801137
-66.5,-66.8275,11900,D,801137
-67.125,-67.39,11925,D,801137
-67.75,-67.9525,11950,D,801137
-68.375,-68.515,11975,D,801137
-69,-69.0775,12000,D,801137
-69.625,-69.59,12025,D,801137
-70.25,-70.15,12050,D,801137
-70.875,-70.69,12075,D,801137
-71.5,-71.19,12100,D,801137
-72.125,-71.69,12125,D,801137
-72.75,-72.19,12150,D,801137
-73.375,-72.69,12175,D,801137
-74,-73.19,12200,D,801137
-73.625,-73.69,12225,D,801137
-74.25,-74.19,12250,D,801137
-73.875,-74.69,12275,D,801137
-74.5,-75.19,12300,D,801137
-75.125,-75.69,12325,D,801137
-75.75,-76.19,12350,D,801137
-76.375,-76.69,12375,D,801137
-77,-77.19,12400,D,801137
-77.625,-77.74,12425,D,801137
-78.25,-78.3025,12450,D,801137
-78.875,-78.8875,12475,D,801137
-79.5,-79.5125,12500,D,801137
-80.125,-80.1375,12525,D,801137
-80.75,-80.7625,12550,D,801137
-81.375,-81.3875,12575,D,801137
-82,-82.0125,12600,D,801137
-82.625,-82.5825,12625,D,801137
-83.25,-83.145,12650,D,801137
-83.875,-83.7075,12675,D,801137
-84.5,-84.27,12700,D,801137
-85.125,-84.8325,12725,D,801137
-85.75,-85.395,12750,D,801137
-86.375,-85.9575,12775,D,801137
-87,-86.52,12800,D,801137
-86.625,-87.0825,12825,D,801137
-87.25,-87.645,12850,D,801137
-87.875,-88.2075,12875,D,801137
-88.5,-88.77,12900,D,801137
-89.125,-89.3325,12925,D,801137
-89.75,-89.895,12950,D,801137
-90.375,-90.4575,12975,D,801137
-91,-91.02,13000,D,801137
-91.625,-91.6375,13025,D,801137
-92.25,-92.2625,13050,D,801137
-92.875,-92.8875,13075,D,801137
-93.5,-93.5125,13100,D,801137
-94.125,-94.1375,13125,D,801137
-94.75,-94.7625,13150,D,801137
-95.375,-95.3875,13175,D,801137
-96,-96.0125,13200,D,801137
-96.625,-96.6375,13225,D,801137
-97.25,-97.2625,13250,D,801137
-97.875,-97.8875,13275,D,801137
-98.5,-98.4725,13300,D,801137
-99.125,-99.035,13325,D,801137
-99.75,-99.5975,13350,D,801137
-100.375,-100.16,13375,D,801137
-101,-100.7225,13400,D,801137
-101.625,-101.285,13425,D,801137
-102.25,-101.8475,13450,D,801137
-102.875,-102.41,13475,D,801137
-102.5,-102.9725,13500,D,801137
-103.125,-103.535,13525,D,801137
-103.75,-104.0975,13550,D,801137
-104.375,-104.66,13575,D,801137
-105,-105.2225,13600,D,801137
-105.625,-105.785,13625,D,801137
-106.25,-106.3475,13650,D,801137
-106.875,-106.91,13675,D,801137
-107.5,-107.5125,13700,D,801137
-108.125,-108.1375,13725,D,801137
-108.75,-108.7625,13750,D,801137
-109.375,-109.3875,13775,D,801137
-110,-110.0125,13800,D,801137
-110.625,-110.6375,13825,D,801137
-111.25,-111.2625,13850,D,801137
-111.875,-111.8875,13875,D,801137
-112.5,-112.5125,13900,D,801137
-113.125,-113.1375,13925,D,801137
-113.75,-113.7625,13950,D,801137
-114.375,-114.3875,13975,D,801137
-115,-115.0125,14000,D,801137
-115.625,-115.6075,14025,D,801137
-116.25,-116.17,14050,D,801137
-116.875,-116.7325,14075,D,801137
-117.5,-117.295,14100,D,801137
-118.125,-117.8575,14125,D,801137
-118.75,-118.42,14150,D,801137
-119.375,-118.9825,14175,D,801137
-120,-119.545,14200,D,801137
-119.625,-120.1075,14225,D,801137
-120.25,-120.67,14250,D,801137
-120.875,-121.2325,14275,D,801137
-121.5,-121.795,14300,D,801137
-122.125,-122.3575,14325,D,801137
-122.75,-122.92,14350,D,801137
-123.375,-123.4825,14375,D,801137
-124,-124.045,14400,D,801137
-124.625,-124.6375,14425,D,801137
-125.25,-125.2625,14450,D,801137
-125.875,-125.8875,14475,D,801137
-126.5,-126.5125,14500,D,801137
-127.125,-127.1375,14525,D,801137
-127.75,-127.7625,14550,D,801137
-128.375,-128.3875,14575,D,801137
-129,-129.0125,14600,D,801137
-129.625,-129.6375,14625,D,801137
-130.25,-130.2625,14650,D,801137
-130.875,-130.8875,14675,D,801137
-131.5,-131.5125,14700,D,801137
-132.125,-132.1375,14725,D,801137
-132.75,-132.7625,14750,D,801137
-133.375,-133.3875,14775,D,801137
-134,-134.0125,14800,D,801137
-134.625,-134.6375,14825,D,801137
-135.25,-135.2625,14850,D,801137
-135.875,-135.8875,14875,D,801137
-136.5,-136.455,14900,D,801137
-137.125,-137.0175,14925,D,801137
-137.75,-137.58,14950,D,801137
-138.375,-138.1425,14975,D,801137
-139,-138.705,15000,D,801137
-139.625,-139.2675,15025,D,801137
-140.25,-139.83,15050,D,801137
-140.875,-140.3925,15075,D,801137
-140.5,-140.955,15100,D,801137
-141.125,-141.5175,15125,D,801137
-141.75,-142.08,15150,D,801137
-142.375,-142.6425,15175,D,801137
-143,-143.205,15200,D,801137
-143.625,-143.7675,15225,D,801137
-144.25,-144.33,15250,D,801137
-144.875,-144.8925,15275,D,801137
-145.5,-145.5125,15300,D,801137
-146.125,-146.1375,15325,D,801137
-146.75,-146.7625,15350,D,801137
-147.375,-147.3875,15375,D,801137
-148,-148.0125,15400,D,801137
-148.625,-148.6375,15425,D,801137
-149.25,-149.2625,15450,D,801137
-149.875,-149.8875,15475,D,801137
-150.5,-150.5125,15500,D,801137
-151.125,-151.1375,15525,D,801137
-151.75,-151.7625,15550,D,801137
-152.375,-152.3875,15575,D,801137
-153,-153.0125,15600,D,801137
-153.625,-153.6375,15625,D,801137
-154.25,-154.2625,15650,D,801137
-154.875,-154.8875,15675,D,801137
-155.5,-155.5125,15700,D,801137
-156.125,-156.1375,15725,D,801137
-156.75,-156.7625,15750,D,801137
-157.375,-157.3875,15775,D,801137
-158,-158.0125,15800,D,801137
-158.625,-158.6375,15825,D,801137
-159.25,-159.2625,15850,D,801137
-159.875,-159.8875,15875,D,801137
-160.5,-160.5125,15900,D,801137
-161.125,-161.1375,15925,D,801137
-161.75,-161.7625,15950,D,801137
-162.375,-162.3875,15975,D,801137
-163,-163.0125,16000,D,801137
-163.625,-163.6375,16025,D,801137
-164.25,-164.2625,16050,D,801137
-164.875,-164.8875,16075,D,801137
-165.5,-165.5125,16100,D,801137
-166.125,-166.1375,16125,D,801137
-166.75,-166.7625,16150,D,801137
-167.375,-167.3875,16175,D,801137
-168,-168.0125,16200,D,801137
-168.625,-168.6375,16225,D,801137
-169.25,-169.2625,16250,D,801137
-169.875,-169.8875,16275,D,801137
-170.5,-170.5125,16300,D,801137
-171.125,-171.1375,16325,D,801137
-171.75,-171.7625,16350,D,801137
-172.375,-172.3875,16375,D,801137
-173,-173.0125,16400,D,801137
-173.625,-173.6375,16425,D,801137
-174.25,-174.2625,16450,D,801137
-174.875,-174.8875,16475,D,801137
-175.5,-175.5125,16500,D,801137
-176.125,-176.1375,16525,D,801137
-176.75,-176.7625,16550,D,801137
-177.375,-177.3875,16575,D,801137
-178,-178.0125,16600,D,801137
-178.625,-178.6375,16625,D,801137
-179.25,-179.2625,16650,D,801137
-179.875,-179.8875,16675,D,801137
-180.5,-180.4575,16700,D,801137
-181.125,-181.02,16725,D,801137
-181.75,-181.5825,16750,D,801137
-182.375,-182.145,16775,D,801137
-183,-182.7075,16800,D,801137
-183.625,-183.27,16825,D,801137
-184.25,-183.8325,16850,D,801137
-184.875,-184.395,16875,D,801137
-184.5,-184.9575,16900,D,801137
-185.125,-185.52,16925,D,801137
-185.75,-186.0825,16950,D,801137
-186.375,-186.645,16975,D,801137
-187,-187.2075,17000,D,801137
-187.625,-187.77,17025,D,801137
-188.25,-188.3325,17050,D,801137
-188.875,-188.895,17075,D,801137
-189.5,-189.5125,17100,D,801137
-190.125,-190.1375,17125,D,801137
-190.75,-190.7625,17150,D,801137
-191.375,-191.315,17175,D,801137
-192,-191.815,17200,D,801137
-192.625,-192.315,17225,D,801137
-193.25,-192.815,17250,D,801137
-193.875,-193.315,17275,D,801137
-194.5,-193.815,17300,D,801137
-195.125,-194.315,17325,D,801137
-195.75,-194.815,17350,D,801137
-194.375,-195.315,17375,D,801137
-195,-195.815,17400,D,801137
-195.625,-196.315,17425,D,801137
-196.25,-196.815,17450,D,801137
-196.875,-197.315,17475,D,801137
-197.5,-197.7575,17500,D,801137
-198.125,-198.195,17525,D,801137
-198.75,-198.6225,17550,D,801137
-199.375,-199.07,17575,D,801137
-200,-199.57,17600,D,801137
-200.625,-200.07,17625,D,801137
-201.25,-200.57,17650,D,801137
-201.875,-201.07,17675,D,801137
-201.5,-201.57,17700,D,801137
-202.125,-202.07,17725,D,801137
-201.75,-202.57,17750,D,801137
-202.375,-203.07,17775,D,801137
-203,-203.57,17800,D,801137
-203.625,-204.07,17825,D,801137
-204.25,-204.57,17850,D,801137
-204.875,-205.07,17875,D,801137
-205.5,-205.6275,17900,D,801137
-206.125,-206.19,17925,D,801137
-206.75,-206.7625,17950,D,801137
-207.375,-207.3875,17975,D,801137
-208,-208.0125,18000,D,801137
-208.625,-208.6375,18025,D,801137
-209.25,-209.2625,18050,D,801137
-209.875,-209.8875,18075,D,801137
-210.5,-210.5125,18100,D,801137
-211.125,-211.1375,18125,D,801137
-211.75,-211.7625,18150,D,801137
-212.375,-212.3875,18175,D,801137
-213,-213.0125,18200,D,801137
-213.625,-213.6375,18225,D,801137
-214.25,-214.2625,18250,D,801137
-214.875,-214.8875,18275,D,801137
-215.5,-215.5125,18300,D,801137
-216.125,-216.1375,18325,D,801137
-216.75,-216.7625,18350,D,801137
-217.375,-217.3875,18375,D,801137
-218,-218.0125,18400,D,801137
-218.625,-218.6375,18425,D,801137
-219.25,-219.2625,18450,D,801137
-219.875,-219.8875,18475,D,801137
-220.5,-220.5125,18500,D,801137
-221.125,-221.1375,18525,D,801137
-221.75,-221.7625,18550,D,801137
-222.375,-222.3875,18575,D,801137
-223,-223.0125,18600,D,801137
-223.625,-223.6375,18625,D,801137
-224.25,-224.2625,18650,D,801137
-224.875,-224.8875,18675,D,801137
-225.5,-225.5125,18700,D,801137
-226.125,-226.1375,18725,D,801137
-226.75,-226.7625,18750,D,801137
-227.375,-227.3875,18775,D,801137
-228,-228.0125,18800,D,801137
-228.625,-228.6375,18825,D,801137
-229.25,-229.2625,18850,D,801137
-229.875,-229.8875,18875,D,801137
-230.5,-230.5125,18900,D,801137
-231.125,-231.1375,18925,D,801137
-231.75,-231.7625,18950,D,801137
-232.375,-232.3875,18975,D,801137
-233,-233.0125,19000,D,801137
-233.625,-233.6375,19025,D,801137
-234.25,-234.2625,19050,D,801137
-234.875,-234.8875,19075,D,801137
-235.5,-235.5125,19100,D,801137
-236.125,-236.1375,19125,D,801137
-236.75,-236.7625,19150,D,801137
-237.375,-237.3875,19175,D,801137
-238,-238.0125,19200,D,801137
-238.625,-238.6375,19225,D,801137
-239.25,-239.2625,19250,D,801137
-239.875,-239.8875,19275,D,801137
-240.5,-240.5125,19300,D,801137
-241.125,-241.1375,19325,D,801137
-241.75,-241.7625,19350,D,801137
-242.375,-242.3875,19375,D,801137
-243,-243.0125,19400,D,801137
-243.625,-243.6375,19425,D,801137
-244.25,-244.2625,19450,D,801137
-244.875,-244.8875,19475,D,801137
-245.5,-245.5125,19500,D,801137
-246.125,-246.1375,19525,D,801137
-246.75,-246.7625,19550,D,801137
-247.375,-247.3875,19575,D,801137
-248,-248.0125,19600,D,801137
-248.625,-248.6375,19625,D,801137
-249.25,-249.2625,19650,D,801137
-249.875,-249.8875,19675,D,801137
-250.5,-250.5125,19700,D,801137
-251.125,-251.1375,19725,D,801137
-251.75,-251.7625,19750,D,801137
-252.375,-252.3875,19775,D,801137
-253,-253.0125,19800,D,801137
-253.625,-253.6375,19825,D,801137
-254.25,-254.2625,19850,D,801137
-254.875,-254.8875,19875,D,801137
-255.5,-255.5125,19900,D,801137
-256.125,-256.1375,19925,D,801137
-256.75,-256.7625,19950,D,801137
-257.375,-257.3875,19975,D,801137
-258,-258.0125,20000,D,801137
